{
    "bins": [
        -1.0,
        -0.75,
        -0.5,
        -0.25,
        0.0,
        0.25,
        0.5,
        0.75,
        1.0
    ],
    "yvals": [
        0.4541264,
        0.82613,
        1.2790084,
        1.2441716,
        1.3890104,
        1.167242,
        1.1089168,
        0.4398664
    ]
}