{
    "bins": [
        0.0,
        0.7853982,
        1.570796,
        2.356194,
        3.141593,
        3.926991,
        4.712389,
        5.497787,
        6.283185
    ],
    "yvals": [
        0.2186097447129367,
        0.19960025352757546,
        0.19326367013921608,
        0.24237145705558577,
        0.24712413324199953,
        0.21860980038146272,
        0.24395580329972835,
        0.24395580329972835
    ]
}