{
    "bins": [
        0.0,
        0.7853982,
        1.570796,
        2.356194,
        3.141593,
        3.926991,
        4.712389,
        5.497787,
        6.283185
    ],
    "yvals": [
        0.20276848100746855,
        0.22019402142455707,
        0.2328669031497407,
        0.20118411151529353,
        0.2439558032997282,
        0.2154414704391914,
        0.19484783511035175,
        0.2281145355603147
    ]
}