{
    "bins": [
        0.0,
        0.7853982,
        1.570796,
        2.356194,
        3.141593,
        3.926991,
        4.712389,
        5.497787,
        6.283185
    ],
    "yvals": [
        0.32157802246045375,
        0.3104892832651174,
        0.32330117978400763,
        0.33900310542794176,
        0.2914797338419501,
        0.283559036310253,
        0.30732100158136394,
        0.36276550233130217
    ]
}