{
    "bins": [
        0.0,
        0.7853982,
        1.570796,
        2.356194,
        3.141593,
        3.926991,
        4.712389,
        5.497787,
        6.283185
    ],
    "yvals": [
        0.18059068635502348,
        0.14257157328426434,
        0.15049223451040114,
        0.1837587009914706,
        0.16317574019796327,
        0.15049223451040114,
        0.15049223451040114,
        0.17583836475264775
    ]
}