{
    "bins": [
        0.0,
        0.7853982,
        1.570796,
        2.356194,
        3.141593,
        3.926991,
        4.712389,
        5.497787,
        6.283185
    ],
    "yvals": [
        0.3390034507336533,
        0.3215781862388715,
        0.2994003040496666,
        0.37226976352147123,
        0.3193713251115993,
        0.30732100158136394,
        0.33108296685247485,
        0.3168257367602159
    ]
}