{
    "bins": [
        -1.0,
        -0.75,
        -0.5,
        -0.25,
        0.0,
        0.25,
        0.5,
        0.75,
        1.0
    ],
    "yvals": [
        0.5125988,
        0.6768292,
        0.7863164,
        0.8758968,
        0.8659436,
        0.8460368,
        0.6618992,
        0.4528784
    ]
}