{
    "bins": [
        0.0,
        0.7853982,
        1.570796,
        2.356194,
        3.141593,
        3.926991,
        4.712389,
        5.497787,
        6.283185
    ],
    "yvals": [
        0.3374194134898704,
        0.3009845456659033,
        0.3374194994130365,
        0.28357357215886453,
        0.334251169470765,
        0.30732100158136394,
        0.2803908336919626,
        0.3188952607467807
    ]
}