{
    "bins": [
        -1.0,
        -0.75,
        -0.5,
        -0.25,
        0.0,
        0.25,
        0.5,
        0.75,
        1.0
    ],
    "yvals": [
        0.537482,
        0.9804072,
        1.2193512,
        1.4482156,
        1.3802096,
        1.1048244,
        1.140798,
        0.492692
    ]
}