{
    "bins": [
        0.0,
        0.7853982,
        1.570796,
        2.356194,
        3.141593,
        3.926991,
        4.712389,
        5.497787,
        6.283185
    ],
    "yvals": [
        0.24237170393311316,
        0.23761933124844506,
        0.2376192707391667,
        0.25187618013264595,
        0.25822525649415956,
        0.29147973384195025,
        0.26141383094940407,
        0.2328669031497407
    ]
}