{
    "bins": [
        [
            -1.0,
            -0.75,
            -0.5,
            -0.25,
            0.0,
            0.25,
            0.5,
            0.75,
            1.0
        ],
        [
            0.0,
            0.7853982,
            1.570796,
            2.356194,
            3.141593,
            3.926991,
            4.712389,
            5.497787,
            6.283185
        ]
    ],
    "zvals": [
        0.06336515668103135,
        0.03168258429040672,
        0.05069212297459378,
        0.03168253588303525,
        0.07603818700837026,
        0.0760381870083703,
        0.04435560569290985,
        0.05069212297459378,
        0.07603816764540586,
        0.0443556169879773,
        0.04435560569290985,
        0.050692058431446946,
        0.06336517281683934,
        0.05702861479148153,
        0.03168257622250121,
        0.09504770829566668,
        0.06336515668103135,
        0.07603820637134456,
        0.05069212297459378,
        0.06970159116576415,
        0.11405728051255537,
        0.05069212297459378,
        0.08237469410413577,
        0.08237469410413577,
        0.09504768409196761,
        0.05069213588324286,
        0.08871120119990122,
        0.10138413723470492,
        0.04435560569290982,
        0.05702861479148153,
        0.05069212297459378,
        0.09504770829566668,
        0.05069211006595126,
        0.06970169766200006,
        0.06336517281683937,
        0.0760380901936468,
        0.09504770829566662,
        0.06336517281683937,
        0.04435560569290985,
        0.08871120119990122,
        0.08237467312759311,
        0.05069213588324286,
        0.06336517281683937,
        0.10138413723470492,
        0.10138426632102447,
        0.03801909350418515,
        0.0760381870083703,
        0.1203937876083209,
        0.0697016621632186,
        0.03168258429040672,
        0.03801909350418515,
        0.057028542180471334,
        0.06970167991260479,
        0.03801909350418515,
        0.05702861479148153,
        0.05069212297459378,
        0.019009541911351464,
        0.06970169766200006,
        0.012673029470408636,
        0.06336509213788151,
        0.03801909350418513,
        0.04435560569290985,
        0.05069212297459378,
        0.03801909350418515
    ]
}