{
    "bins": [
        [
            -1.0,
            -0.75,
            -0.5,
            -0.25,
            0.0,
            0.25,
            0.5,
            0.75,
            1.0
        ],
        [
            0.0,
            0.7853982,
            1.570796,
            2.356194,
            3.141593,
            3.926991,
            4.712389,
            5.497787,
            6.283185
        ]
    ],
    "zvals": [
        0.08871117860978037,
        0.08237471508068905,
        0.0760381870083703,
        0.0760380901936468,
        0.06336517281683934,
        0.05702861479148153,
        0.10138426632102453,
        0.10772077341678998,
        0.12039375695029603,
        0.09504773249937802,
        0.10138426632102453,
        0.10138413723470492,
        0.10772077341678993,
        0.1203937876083209,
        0.0760381870083703,
        0.13940335982520966,
        0.14573982980862446,
        0.10138429213832786,
        0.08237469410413577,
        0.13306663237411814,
        0.15841288111250595,
        0.10138426632102453,
        0.14573986692097513,
        0.13306680179985184,
        0.10138424050373428,
        0.15207641274268913,
        0.10138426632102453,
        0.1140571352904702,
        0.17108589530403687,
        0.13940335982520966,
        0.1520763740167406,
        0.18375896042516027,
        0.09504768409196761,
        0.09504773249937802,
        0.10138426632102453,
        0.17108567747094153,
        0.19009546752092563,
        0.12673029470408637,
        0.16474938820827154,
        0.15841288111250604,
        0.1394033243264372,
        0.11405730955701683,
        0.1520763740167406,
        0.17108567747094153,
        0.11405728051255537,
        0.0760381870083703,
        0.16474938820827154,
        0.14573986692097513,
        0.12039375695029603,
        0.08237471508068905,
        0.06336517281683937,
        0.14573968135941096,
        0.10772077341678993,
        0.15841288111250604,
        0.13306680179985184,
        0.03168257622250121,
        0.06336515668103135,
        0.07603820637134456,
        0.09504770829566668,
        0.057028542180471334,
        0.07603818700837026,
        0.09504770829566668,
        0.03801909350418515,
        0.0760381870083703
    ]
}