{
    "bins": [
        -1.0,
        -0.75,
        -0.5,
        -0.25,
        0.0,
        0.25,
        0.5,
        0.75,
        1.0
    ],
    "yvals": [
        0.25987668,
        0.5526836,
        0.8959568,
        0.9325956,
        0.9984528,
        0.9356172,
        0.6718528,
        0.31850792
    ]
}