{
    "bins": [
        -1.0,
        -0.75,
        -0.5,
        -0.25,
        0.0,
        0.25,
        0.5,
        0.75,
        1.0
    ],
    "yvals": [
        0.20404416,
        0.19409076,
        0.20902084,
        0.28367112,
        0.27371776,
        0.253811,
        0.22395088,
        0.19409076
    ]
}