{
    "bins": [
        0.0,
        0.7853982,
        1.570796,
        2.356194,
        3.141593,
        3.926991,
        4.712389,
        5.497787,
        6.283185
    ],
    "yvals": [
        0.3305509230858945,
        0.3200909144385176,
        0.27088597118912966,
        0.32004649865864354,
        0.30256863399193773,
        0.2883968382909048,
        0.3374194994130365,
        0.3168257367602159
    ]
}