{
    "bins": [
        0.0,
        0.7853982,
        1.570796,
        2.356194,
        3.141593,
        3.926991,
        4.712389,
        5.497787,
        6.283185
    ],
    "yvals": [
        0.2962320259964945,
        0.2946480114917561,
        0.28672736625252426,
        0.3437554669664718,
        0.28039083369196244,
        0.30256863399193795,
        0.27405430113140095,
        0.2821477773052644
    ]
}