{
    "bins": [
        [
            -1.0,
            -0.75,
            -0.5,
            -0.25,
            0.0,
            0.25,
            0.5,
            0.75,
            1.0
        ],
        [
            0.0,
            0.7853982,
            1.570796,
            2.356194,
            3.141593,
            3.926991,
            4.712389,
            5.497787,
            6.283185
        ]
    ],
    "zvals": [
        0.07603816764540586,
        0.06970169766200006,
        0.09504770829566668,
        0.044355549217658795,
        0.08237469410413571,
        0.11405728051255544,
        0.10138426632102453,
        0.12673029470408637,
        0.11405725146810877,
        0.17742249850967243,
        0.16474938820827154,
        0.1520761803872936,
        0.15841288111250595,
        0.13306680179985184,
        0.18375896042516027,
        0.1203937876083209,
        0.14573982980862446,
        0.1647494301613781,
        0.16516385323110072,
        0.2534603176219985,
        0.13306680179985175,
        0.16474938820827154,
        0.1520763740167406,
        0.2534606403377651,
        0.25346057579454595,
        0.1837590072190169,
        0.21544154683357997,
        0.2407872686367057,
        0.24078757521664165,
        0.17108589530403698,
        0.20276848171245665,
        0.19009546752092574,
        0.20276843007788914,
        0.25979721359036145,
        0.31048925512924663,
        0.20910472256776494,
        0.19643197461669107,
        0.12673029470408637,
        0.1520763740167406,
        0.2534606403377651,
        0.22177799745403032,
        0.20276853334705036,
        0.18375896042516027,
        0.23445076960882305,
        0.15841288111250595,
        0.13306680179985184,
        0.17108589530403698,
        0.16474938820827154,
        0.1394033243264372,
        0.10772080084767234,
        0.08237469410413577,
        0.1520761803872936,
        0.1267302947040863,
        0.20276848171245665,
        0.15841288111250604,
        0.22811456102511088,
        0.13306676791467054,
        0.07603820637134456,
        0.07617931290886916,
        0.06970159116576415,
        0.06970167991260479,
        0.08871120119990122,
        0.10772077341678998,
        0.11405728051255544
    ]
}