{
    "bins": [
        [
            -1.0,
            -0.75,
            -0.5,
            -0.25,
            0.0,
            0.25,
            0.5,
            0.75,
            1.0
        ],
        [
            0.0,
            0.7853982,
            1.570796,
            2.356194,
            3.141593,
            3.926991,
            4.712389,
            5.497787,
            6.283185
        ]
    ],
    "zvals": [
        0.0697016621632186,
        0.025346070488101696,
        0.05069212297459378,
        0.03168253588303525,
        0.031682576222501195,
        0.06336517281683937,
        0.03801909350418515,
        0.03168257622250121,
        0.057028600269264686,
        0.05069213588324286,
        0.05069212297459378,
        0.050692058431446946,
        0.03801909350418513,
        0.04435560569290985,
        0.03168257622250121,
        0.06970167991260483,
        0.08237467312759311,
        0.03801910318567228,
        0.03168257622250121,
        0.0760380901936468,
        0.07603818700837026,
        0.03168257622250121,
        0.012673029470408636,
        0.03168257622250121,
        0.09504768409196761,
        0.0443556169879773,
        0.02534606403377651,
        0.050692058431446946,
        0.06336517281683934,
        0.06336517281683937,
        0.06970167991260483,
        0.06336517281683937,
        0.09504768409196761,
        0.01900955159283614,
        0.02534606403377651,
        0.06970159116576415,
        0.06336517281683934,
        0.06336517281683937,
        0.019009546752092574,
        0.05702861479148153,
        0.0697016621632186,
        0.03801910318567228,
        0.05069212297459378,
        0.02534603176219985,
        0.07603818700837026,
        0.012673029470408636,
        0.03168257622250121,
        0.0760381870083703,
        0.0697016621632186,
        0.0443556169879773,
        0.02534606403377651,
        0.06970159116576415,
        0.031682576222501195,
        0.019009546752092574,
        0.04435560569290985,
        0.06970167991260483,
        0.03168256815459979,
        0.03168258429040672,
        0.03168257622250121,
        0.044355549217658795,
        0.031682576222501195,
        0.03801909350418515,
        0.03168257622250121,
        0.04435560569290985
    ]
}