{
    "bins": [
        [
            -1.0,
            -0.75,
            -0.5,
            -0.25,
            0.0,
            0.25,
            0.5,
            0.75,
            1.0
        ],
        [
            0.0,
            0.7853982,
            1.570796,
            2.356194,
            3.141593,
            3.926991,
            4.712389,
            5.497787,
            6.283185
        ]
    ],
    "zvals": [
        0.057028600269264686,
        0.057028629313705746,
        0.012673029470408636,
        0.0760380901936468,
        0.006336517281683934,
        0.02534606403377651,
        0.03801909350418515,
        0.03168257622250121,
        0.05069211006595126,
        0.06336518895265558,
        0.03168257622250121,
        0.08237458922152945,
        0.07603818700837026,
        0.03168257622250121,
        0.0760381870083703,
        0.04435560569290985,
        0.06336515668103135,
        0.05069213588324286,
        0.06336517281683937,
        0.050692058431446946,
        0.08871120119990117,
        0.05702861479148153,
        0.05702861479148153,
        0.0760381870083703,
        0.05069211006595126,
        0.07603820637134456,
        0.04435560569290985,
        0.0760380901936468,
        0.06336517281683934,
        0.05069212297459378,
        0.02534606403377651,
        0.0760381870083703,
        0.08871117860978037,
        0.07603820637134456,
        0.03801909350418515,
        0.10138413723470492,
        0.10138426632102447,
        0.06970167991260483,
        0.05702861479148153,
        0.08871120119990122,
        0.10138424050373428,
        0.06970169766200006,
        0.06970167991260483,
        0.08237458922152945,
        0.10138426632102447,
        0.019009546752092574,
        0.05702861479148153,
        0.0760381870083703,
        0.09504768409196761,
        0.057028629313705746,
        0.05069212297459378,
        0.02534603176219985,
        0.057028614791481504,
        0.06336517281683937,
        0.03801909350418515,
        0.05702861479148153,
        0.03168256815459979,
        0.025346065395141164,
        0.03168257622250121,
        0.050692058431446946,
        0.05069212297459375,
        0.04435560569290985,
        0.03168257622250121,
        0.05069212297459378
    ]
}