{
    "bins": [
        [
            -1.0,
            -0.75,
            -0.5,
            -0.25,
            0.0,
            0.25,
            0.5,
            0.75,
            1.0
        ],
        [
            0.0,
            0.7853982,
            1.570796,
            2.356194,
            3.141593,
            3.926991,
            4.712389,
            5.497787,
            6.283185
        ]
    ],
    "zvals": [
        0.08237467312759311,
        0.05069213588324286,
        0.05702861479148153,
        0.08237458922152945,
        0.06336517281683934,
        0.0760381870083703,
        0.05069212297459378,
        0.09504770829566668,
        0.1394033243264372,
        0.1837590072190169,
        0.0760381870083703,
        0.1140571352904702,
        0.17108589530403687,
        0.17742245332939482,
        0.13306680179985184,
        0.13940335982520966,
        0.14573982980862446,
        0.15207641274268913,
        0.22811456102511088,
        0.22177777155305778,
        0.12039378760832083,
        0.18375896042516027,
        0.17742245332939482,
        0.10138426632102453,
        0.21544149197184306,
        0.15207641274268913,
        0.22177805392934544,
        0.19643172451199964,
        0.20276848171245654,
        0.17742245332939482,
        0.19643197461669118,
        0.21613276326142927,
        0.19643192459570188,
        0.1837590072190169,
        0.15841288111250604,
        0.27246981470564646,
        0.16474938820827142,
        0.18375896042516027,
        0.16474938820827154,
        0.24712408231240726,
        0.19643192459570188,
        0.1900955159283614,
        0.14573986692097513,
        0.18375872645623434,
        0.209104988808222,
        0.22177805392934544,
        0.15841288111250604,
        0.18375896042516027,
        0.12673026243248328,
        0.1584129214520336,
        0.13306680179985184,
        0.19643172451199964,
        0.10138426632102447,
        0.13940335982520966,
        0.12673029470408637,
        0.08237469410413577,
        0.08237467312759311,
        0.10772080084767234,
        0.12673029470408637,
        0.10772063626258756,
        0.08871120119990117,
        0.05069212297459378,
        0.08871120119990122,
        0.06336517281683937
    ]
}