{
    "bins": [
        0.0,
        0.7853982,
        1.570796,
        2.356194,
        3.141593,
        3.926991,
        4.712389,
        5.497787,
        6.283185
    ],
    "yvals": [
        0.45306075313134153,
        0.36751796350842847,
        0.35009243721017885,
        0.4609808517708833,
        0.4514767035312031,
        0.3675178699207282,
        0.3817751000129871,
        0.46256560368119104
    ]
}