{
    "bins": [
        -1.0,
        -0.75,
        -0.5,
        -0.25,
        0.0,
        0.25,
        0.5,
        0.75,
        1.0
    ],
    "yvals": [
        0.33841468,
        0.37822816,
        0.4578552,
        0.6171092,
        0.492692,
        0.4130648,
        0.4578552,
        0.35334476
    ]
}