{
    "bins": [
        [
            -1.0,
            -0.75,
            -0.5,
            -0.25,
            0.0,
            0.25,
            0.5,
            0.75,
            1.0
        ],
        [
            0.0,
            0.7853982,
            1.570796,
            2.356194,
            3.141593,
            3.926991,
            4.712389,
            5.497787,
            6.283185
        ]
    ],
    "zvals": [
        0.04435559439784812,
        0.03168258429040672,
        0.05069212297459378,
        0.03168253588303525,
        0.07603818700837026,
        0.03168257622250121,
        0.04435560569290985,
        0.05702861479148153,
        0.03801908382270293,
        0.08871122379003353,
        0.06336517281683937,
        0.057028542180471334,
        0.06970167991260479,
        0.08237469410413577,
        0.06336517281683937,
        0.06970167991260483,
        0.12039375695029603,
        0.05069213588324286,
        0.08237469410413577,
        0.06970159116576415,
        0.09504770829566662,
        0.10138426632102453,
        0.0760381870083703,
        0.10772077341678998,
        0.07603816764540586,
        0.05069213588324286,
        0.08237469410413577,
        0.10138413723470492,
        0.09504770829566662,
        0.10138426632102453,
        0.0760381870083703,
        0.08237469410413577,
        0.07603816764540586,
        0.06970169766200006,
        0.08871120119990122,
        0.06336509213788151,
        0.13306680179985175,
        0.08871120119990122,
        0.04435560569290985,
        0.05702861479148153,
        0.10138424050373428,
        0.057028629313705746,
        0.06970167991260483,
        0.1140571352904702,
        0.06336517281683934,
        0.0760381870083703,
        0.08237469410413577,
        0.05069212297459378,
        0.06336515668103135,
        0.057028629313705746,
        0.04435560569290985,
        0.10138413723470492,
        0.06970167991260479,
        0.08237469410413577,
        0.06336517281683937,
        0.06970167991260483,
        0.09504768409196761,
        0.06336518895265558,
        0.05702861479148153,
        0.050692058431446946,
        0.08237469410413571,
        0.02534606403377651,
        0.05702861479148153,
        0.05069212297459378
    ]
}