{
    "bins": [
        0.0,
        0.7853982,
        1.570796,
        2.356194,
        3.141593,
        3.926991,
        4.712389,
        5.497787,
        6.283185
    ],
    "yvals": [
        0.11564137783865559,
        0.10455253376059877,
        0.09980011408228696,
        0.14098731982088086,
        0.15841293204209836,
        0.11564140728649681,
        0.10930488745833325,
        0.11722553406043817
    ]
}