{
    "bins": [
        -1.0,
        -0.75,
        -0.5,
        -0.25,
        0.0,
        0.25,
        0.5,
        0.75,
        1.0
    ],
    "yvals": [
        0.4976688,
        0.9654772,
        1.2720756,
        1.3685888,
        1.3586356,
        1.204358,
        0.9754304,
        0.5474356
    ]
}