{
    "bins": [
        -1.0,
        -0.75,
        -0.5,
        -0.25,
        0.0,
        0.25,
        0.5,
        0.75,
        1.0
    ],
    "yvals": [
        0.4230184,
        0.8136552,
        1.159568,
        1.3357036,
        1.3088684,
        1.1297636,
        0.8062232,
        0.4279952
    ]
}