{
    "bins": [
        0.0,
        0.7853982,
        1.570796,
        2.356194,
        3.141593,
        3.926991,
        4.712389,
        5.497787,
        6.283185
    ],
    "yvals": [
        0.3691019409008067,
        0.283559108518002,
        0.283559036310253,
        0.38811101109117785,
        0.3786067700707156,
        0.2376192707391667,
        0.2613812360102777,
        0.35326076715245014
    ]
}