{
    "bins": [
        0.0,
        0.7853982,
        1.570796,
        2.356194,
        3.141593,
        3.926991,
        4.712389,
        5.497787,
        6.283185
    ],
    "yvals": [
        0.16316525808182397,
        0.13623516643413058,
        0.17583836475264775,
        0.14257135545117833,
        0.17900656737093798,
        0.15207639948153678,
        0.13781916938927782,
        0.1790065673709381
    ]
}