{
    "bins": [
        [
            -1.0,
            -0.75,
            -0.5,
            -0.25,
            0.0,
            0.25,
            0.5,
            0.75,
            1.0
        ],
        [
            0.0,
            0.7853982,
            1.570796,
            2.356194,
            3.141593,
            3.926991,
            4.712389,
            5.497787,
            6.283185
        ]
    ],
    "zvals": [
        -0.006244007180052105,
        0.0021328310316122605,
        0.0016241151619943012,
        -0.0033940628903270822,
        -0.0010076542084395423,
        0.003944272840012326,
        0.0051243369603691385,
        -0.004522861020781821,
        -0.01678636900364681,
        0.010907206513692806,
        0.0098638550136364,
        -0.020901865166622315,
        -0.004236454892933263,
        0.020960970106875757,
        0.007433362448083648,
        -0.007893618267426199,
        -0.014563705391736318,
        0.029064756738559745,
        0.0,
        -0.014865723027403906,
        -0.012788298416853616,
        0.017061357426425842,
        0.038068189631244295,
        -0.007150204100341485,
        -0.06893277830277686,
        0.01784747041562887,
        0.0878426479313673,
        -0.013642421240668756,
        -0.026146055885041715,
        0.009949574610579605,
        0.010751104535534852,
        -0.025462815031359904,
        -0.003780036165094343,
        0.050909849760210686,
        0.03905717610689104,
        -0.04479642576575728,
        -0.04430169162641105,
        0.032019388895820976,
        0.042815550841738846,
        -0.01102558448073461,
        -0.01788661598664219,
        0.00760740098839085,
        0.03955479387520723,
        -0.02542313906689466,
        -0.019542871257629883,
        0.044421427098108236,
        0.026187380156302925,
        -0.0518557979521211,
        -0.017936180653329737,
        0.005179749675896724,
        0.011951784954889116,
        -0.008573359528086999,
        -0.00865274930672092,
        0.006425323211925674,
        0.023986554587610363,
        -0.008216532254984098,
        -0.0003775770812818262,
        0.00236131753870459,
        0.004161514034922422,
        -0.0005839543977010412,
        -0.007960911537844504,
        0.00030434205332837625,
        0.004023346634445212,
        -0.002083661022819004
    ],
    "zerrs": [
        0.0024102118767006693,
        0.0014197481394111963,
        0.0009401426181979761,
        0.0015535214032080561,
        0.0005166133773704969,
        0.002043140750830322,
        0.0023171050398914164,
        0.002199705047375741,
        0.00775282538094715,
        0.006413384238428738,
        0.005991614921085841,
        0.008244990320844789,
        0.002819208495025317,
        0.006773492187209061,
        0.0035534095242698524,
        0.004292309365626232,
        0.010353724209591015,
        0.01606368114274351,
        0.0,
        0.008889115490472898,
        0.00680712250741979,
        0.007258933896261418,
        0.014210640409802003,
        0.007150202802158939,
        0.031912236312901535,
        0.017847466168796722,
        0.036220594748273265,
        0.013642420587960474,
        0.017317589231273176,
        0.007124647695975401,
        0.008894500091068501,
        0.01809805118991443,
        0.003780036134110954,
        0.02417778618311129,
        0.02120800201510605,
        0.021099624445326585,
        0.019011758299327552,
        0.015871451430726748,
        0.02474228055378892,
        0.011025583942678285,
        0.01105557298440472,
        0.005521868513861983,
        0.0166906927624171,
        0.0109218428212105,
        0.009778752297637909,
        0.0175382024613969,
        0.013877831720763604,
        0.02379714293011077,
        0.008794854165819188,
        0.0036627685565604772,
        0.00481880640293536,
        0.0047556120963976375,
        0.00437500998926301,
        0.004429736378355241,
        0.010094583108251742,
        0.0049352701267856335,
        0.00028969110087115183,
        0.001175840069288115,
        0.002098937583291383,
        0.000376277813721176,
        0.0029145026048239975,
        0.0002866371121413963,
        0.0019638895924232883,
        0.0011707251104453031
    ]
}