{
    "bins": [
        [
            -1.0,
            -0.75,
            -0.5,
            -0.25,
            0.0,
            0.25,
            0.5,
            0.75,
            1.0
        ],
        [
            0.0,
            0.7853982,
            1.570796,
            2.356194,
            3.141593,
            3.926991,
            4.712389,
            5.497787,
            6.283185
        ]
    ],
    "zvals": [
        1.4334379681542433,
        0.5582607947208408,
        0.7742530538656835,
        1.2758259177819173,
        1.286794211342529,
        1.2848879166995588,
        1.5839383344495406,
        0.8465985398485865,
        -0.0343556835246121,
        0.13611538000233767,
        0.241972452183479,
        0.3324873599278838,
        0.14550890121950905,
        0.5345957081632499,
        0.38228500709194585,
        0.21423757126959841,
        -0.3284082902150781,
        -1.4834434219194401,
        0.0,
        -0.4187184857632872,
        -0.5610215457640583,
        -0.7884888935291408,
        -1.2715423263109915,
        -0.1503258729968755,
        -3.5421929920389426,
        -0.6296875290457905,
        -3.8766133858247676,
        -0.5070038031624691,
        -1.2002235809105697,
        -0.7577330219837588,
        -1.517152322771385,
        -0.9310545736047204,
        -0.4402446555135981,
        -2.430374009196359,
        -2.157478883317758,
        -2.332831083309248,
        -2.2009880340922683,
        -1.840324014066754,
        -1.7026592886663836,
        -0.9205956725125352,
        -0.7994354965417542,
        -0.21020950147810447,
        -1.1830292412254682,
        -0.9087605153558893,
        -0.8749265977249748,
        -1.8710274281319794,
        -0.9126623699067227,
        -1.3039641048232873,
        0.1842857292008054,
        0.02414713664846018,
        0.3129426354536172,
        0.12106004718620728,
        0.2599844664743225,
        0.1517104448954543,
        0.3086132635937449,
        0.23245411880346023,
        0.36246673343534525,
        1.1519808178734394,
        0.7961680574689523,
        0.678194395460142,
        1.5298592560714437,
        0.38742981265549453,
        1.5982225572257636,
        0.6903603014013279
    ],
    "zerrs": [
        0.48280518704021386,
        0.3241198657841184,
        0.38893282810477664,
        0.4847738522394437,
        0.4902215738833744,
        0.46686779824359237,
        0.5101538741342709,
        0.3498309177101951,
        0.11424123384989478,
        0.11535250930473143,
        0.1358377299860191,
        0.17190424428226153,
        0.09674888111064357,
        0.18773306814132007,
        0.17163045942670072,
        0.11916681202903069,
        0.23590710927968864,
        0.6846611777565049,
        0.0,
        0.28667131282434516,
        0.2910469134236828,
        0.3208008897102936,
        0.4826493777487533,
        0.15032588513656225,
        1.465439066395437,
        0.629687675990068,
        1.5916437956529628,
        0.507003817563802,
        0.7012281759675655,
        0.5363749345056115,
        1.073884120131625,
        0.658420953445205,
        0.4402446348162194,
        1.0967210118181816,
        1.0798806734297426,
        1.0668208024289363,
        0.9056998589954212,
        0.8314344478720189,
        0.98573117602829,
        0.9205955975340325,
        0.4121184306760088,
        0.14964027235019678,
        0.5025747040456982,
        0.37309464675797976,
        0.4283959851373154,
        0.6740571476066277,
        0.5121803022649478,
        0.6231093577455608,
        0.15646838326514825,
        0.03551192137722812,
        0.14121357104801568,
        0.12017425035439153,
        0.13485132816908266,
        0.10627326854210563,
        0.22569993465876698,
        0.13806213116420077,
        0.2570107623211901,
        0.44011681208715747,
        0.33475665038271774,
        0.3395916966496497,
        0.46921978246917956,
        0.27395529081921405,
        0.5363006992239685,
        0.3473368329800387
    ]
}