{
    "bins": [
        0.0,
        0.7853982,
        1.570796,
        2.356194,
        3.141593,
        3.926991,
        4.712389,
        5.497787,
        6.283185
    ],
    "yvals": [
        -0.01519147866649045,
        -0.005045575630591274,
        0.00923408895871902,
        -0.013481580699746244,
        0.014415060899060089,
        -0.02106636380535729,
        0.013263364561661734,
        0.011510805986264291
    ],
    "yerrs": [
        0.015793733927116197,
        0.014089695111310587,
        0.015950056571725095,
        0.016352488082410646,
        0.014506755986161754,
        0.015816851963139276,
        0.01946336026609433,
        0.01583980943421629
    ]
}