{
    "bins": [
        -1.0,
        -0.75,
        -0.5,
        -0.25,
        0.0,
        0.25,
        0.5,
        0.75,
        1.0
    ],
    "yvals": [
        5.747244e-05,
        0.0004948932,
        -0.0009168976,
        -0.00011321892,
        -0.0009146744,
        0.00025579036,
        2.1109808e-05,
        8.677676e-05
    ],
    "yerrs": [
        0.00013246596544018392,
        0.0003673119437208652,
        0.0007571773900480653,
        0.0012678113424323036,
        0.001060775339079864,
        0.0006502931031465735,
        0.0003404077084908625,
        0.00012686244519163266
    ]
}