{
    "bins": [
        [
            -1.0,
            -0.75,
            -0.5,
            -0.25,
            0.0,
            0.25,
            0.5,
            0.75,
            1.0
        ],
        [
            0.0,
            0.7853982,
            1.570796,
            2.356194,
            3.141593,
            3.926991,
            4.712389,
            5.497787,
            6.283185
        ]
    ],
    "zvals": [
        -0.007481626517605974,
        -0.008592680040611266,
        -0.01068351078052147,
        -0.004387861456406235,
        -0.009416132966979796,
        -0.010769398445119547,
        -0.00993332807060879,
        -0.008891568351332702,
        -0.003657551035894913,
        -0.004097840355549761,
        -0.0039347189577768225,
        -0.005916371169303755,
        -0.006364268816574524,
        -0.004382246453390511,
        -0.0058293451218363185,
        -0.005246425379234478,
        -0.0034355999288004477,
        -0.005003270953903868,
        -0.0075752013628758936,
        -0.0029447177803893308,
        -0.002754470981591498,
        -0.0024601198373308823,
        -0.0045961222208358065,
        -0.0034978016241447017,
        -0.0019705728890134964,
        -0.000994347577749772,
        -0.0018766867244378014,
        -0.0020901457730402,
        -0.0007583411213168353,
        -0.002128756630396309,
        -0.0016692031301327483,
        -0.0019900906292096496,
        0.0015666753501599568,
        0.001313313075233977,
        0.0016978657954311066,
        0.0014851040044614268,
        0.0011795120435753588,
        0.0012042144237698596,
        0.0011091731835324258,
        0.0010950626306662355,
        0.003843563175978758,
        0.0044032096855886275,
        0.004054914323693211,
        0.004680803515155991,
        0.004157520645583512,
        0.0038672071994071805,
        0.0039903529166104325,
        0.0016189274737139646,
        0.00749818372387408,
        0.0028860279466023458,
        0.0052374261202600475,
        0.003926638052760444,
        0.005741700386300957,
        0.006154963470749864,
        0.004904061889640667,
        0.004117623421500947,
        0.00936604642078375,
        0.007378594643376897,
        0.00631021724017632,
        0.008370476662180625,
        0.008624193084270647,
        0.008510579349578178,
        0.010321467587134169,
        0.011389669950776553
    ],
    "zerrs": [
        0.001764024485810034,
        0.0018758266247039825,
        0.0021378626857000973,
        0.001389688103153233,
        0.0020098729827814493,
        0.002155827447315353,
        0.0020743092168480186,
        0.0019420289028142016,
        0.0012932694021632626,
        0.0013661332885452728,
        0.0013921203259481263,
        0.0017086048125422363,
        0.0017653220866522426,
        0.001460776131244797,
        0.001683072390187359,
        0.0015824604588599218,
        0.0012163121322461517,
        0.0015107356410717406,
        0.0019569758003304166,
        0.0012038561807162882,
        0.0011249111115342557,
        0.0010128067518589887,
        0.0014598669831939809,
        0.0012405665710971472,
        0.0006923613614381344,
        0.0005660508891299715,
        0.0007998920128793439,
        0.0008014043960308223,
        0.00042452285281548293,
        0.0007271500978221785,
        0.0005958592541319533,
        0.0007406369322552479,
        0.0005872887205906522,
        0.0006624070189252936,
        0.0007062689571710549,
        0.0006412195392340902,
        0.0004795717398760464,
        0.0005063636656803824,
        0.00046970041265913785,
        0.0005162070331322369,
        0.0012839307576525385,
        0.0014702879580745845,
        0.0014343998499777326,
        0.001413628557533391,
        0.0012107034291111568,
        0.0011200798794673808,
        0.0012057881892096622,
        0.0008117761655003668,
        0.001819041743077333,
        0.0011791680835494208,
        0.0015803430359479025,
        0.0013100847589902014,
        0.001483191802341126,
        0.0014928331443155478,
        0.0013603711700335228,
        0.0013026045505746932,
        0.001914627753388034,
        0.0016945152998316352,
        0.001581280680970526,
        0.0017871112431929413,
        0.0017610161349495817,
        0.001737355385588727,
        0.0019170158361588184,
        0.002046867857901606
    ]
}