{
    "bins": [
        -1.0,
        -0.75,
        -0.5,
        -0.25,
        0.0,
        0.25,
        0.5,
        0.75,
        1.0
    ],
    "yvals": [
        -4.763128e-05,
        8.014752e-05,
        -0.00015802452,
        9.704696e-05,
        0.00029402612,
        -5.43524e-06,
        -0.00013063656,
        -1.5773116e-05
    ],
    "yerrs": [
        6.765809338135387e-05,
        0.00011805501768243483,
        0.00018079137147552146,
        0.00020975944317241119,
        0.00020395069992525154,
        0.00016518246880344172,
        0.00011361376677146129,
        7.216639661227377e-05
    ]
}