{
    "bins": [
        0.0,
        0.7853982,
        1.570796,
        2.356194,
        3.141593,
        3.926991,
        4.712389,
        5.497787,
        6.283185
    ],
    "yvals": [
        -0.0249428888428825,
        -0.009164905987768236,
        0.008945802001023687,
        0.019975681150599885,
        0.020310581386761863,
        0.009849538705216975,
        -0.009521224907626455,
        -0.028043463314141374
    ],
    "yerrs": [
        0.0032441444996807833,
        0.001240891564766366,
        0.001014780355571696,
        0.0020337675548747925,
        0.0022516287573186486,
        0.0012323261175386426,
        0.0015465346431880063,
        0.003969785518851732
    ]
}