{
    "bins": [
        0.0,
        0.7853982,
        1.570796,
        2.356194,
        3.141593,
        3.926991,
        4.712389,
        5.497787,
        6.283185
    ],
    "yvals": [
        0.00705799682250354,
        0.011655074664074689,
        0.015535626523113126,
        0.004936205673804016,
        -0.005101377900121974,
        -0.01562053888601703,
        -0.020379018026529232,
        -0.005857903890766212
    ],
    "yerrs": [
        0.0007817445742276746,
        0.0013950720803733855,
        0.0016948868874858084,
        0.0006306555809263895,
        0.0006681317863639105,
        0.001904990580330705,
        0.0026536675831860027,
        0.0008951396552701238
    ]
}