{
    "bins": [
        -1.0,
        -0.75,
        -0.5,
        -0.25,
        0.0,
        0.25,
        0.5,
        0.75,
        1.0
    ],
    "yvals": [
        -6.021516e-05,
        -0.0004124816,
        0.0012900684,
        -0.005712972,
        -0.007743692,
        0.0013892236,
        -0.0021729536,
        -0.00021850304
    ],
    "yerrs": [
        0.0005355082819154154,
        0.0019128102885545132,
        0.004144777919261778,
        0.011244332972657827,
        0.00902351594446422,
        0.004544249993123178,
        0.0017997710965564483,
        0.0005379696645722694
    ]
}