{
    "bins": [
        0.0,
        0.7853982,
        1.570796,
        2.356194,
        3.141593,
        3.926991,
        4.712389,
        5.497787,
        6.283185
    ],
    "yvals": [
        0.006761999199896307,
        0.007009003590282529,
        -0.007614422241971589,
        -0.00684552310354355,
        0.007107148222939195,
        0.0062030384594816915,
        -0.007837973868026149,
        -0.006776464926062965
    ],
    "yerrs": [
        0.0007633723235576628,
        0.0007735332541869495,
        0.0009732449719467719,
        0.0008776842829636129,
        0.0009234454693725525,
        0.0008878843576473122,
        0.00110481770305519,
        0.0009398422048055903
    ]
}