{
    "bins": [
        0.0,
        0.7853982,
        1.570796,
        2.356194,
        3.141593,
        3.926991,
        4.712389,
        5.497787,
        6.283185
    ],
    "yvals": [
        -0.009261254991417093,
        -0.009678878652321154,
        0.008791187397981662,
        0.009239585229927719,
        -0.009113543706502941,
        -0.01047337528234093,
        0.009602736446998848,
        0.008487392379405092
    ],
    "yerrs": [
        0.001232742224318337,
        0.001307714315674131,
        0.0010108727079443432,
        0.001017519672012329,
        0.0012557286552712088,
        0.0013250028669299855,
        0.0011813921460007923,
        0.0010764546464855408
    ]
}