{
    "bins": [
        0.0,
        0.7853982,
        1.570796,
        2.356194,
        3.141593,
        3.926991,
        4.712389,
        5.497787,
        6.283185
    ],
    "yvals": [
        0.0023513422872626904,
        -0.0021730707674505836,
        -0.002299210082022109,
        0.002258587036652708,
        0.002463685927389679,
        -0.002301397508015045,
        -0.00259966921229746,
        0.002273349308248812
    ],
    "yerrs": [
        0.0003851772095961686,
        0.00039676945132244886,
        0.0003956749990861562,
        0.00037202451163257104,
        0.0003909765784672659,
        0.00039424130832665136,
        0.0004190651769674521,
        0.0003785471502771741
    ]
}