{
    "bins": [
        -1.0,
        -0.75,
        -0.5,
        -0.25,
        0.0,
        0.25,
        0.5,
        0.75,
        1.0
    ],
    "yvals": [
        0.9183728,
        0.6427128,
        0.5999872,
        0.7623676,
        0.6065992,
        0.7185612,
        0.6280532,
        0.9404488
    ],
    "yerrs": [
        0.056820615976949776,
        0.05299590927609413,
        0.06017720498660602,
        0.07952652890702573,
        0.07366471068293148,
        0.07100166758605041,
        0.05687039300022464,
        0.06080396039732938
    ]
}