{
    "bins": [
        -1.0,
        -0.75,
        -0.5,
        -0.25,
        0.0,
        0.25,
        0.5,
        0.75,
        1.0
    ],
    "yvals": [
        -0.0276068,
        -0.014005248,
        -0.014077244,
        -0.005330532,
        0.004939736,
        0.010139696,
        0.017256008,
        0.027711644
    ],
    "yerrs": [
        0.0026408692508338993,
        0.002024966172556964,
        0.0020751948342264156,
        0.0009770949595612497,
        0.0008873243375451842,
        0.0016101666994445016,
        0.002125941485554106,
        0.002521826639561094
    ]
}