{
    "bins": [
        0.0,
        0.7853982,
        1.570796,
        2.356194,
        3.141593,
        3.926991,
        4.712389,
        5.497787,
        6.283185
    ],
    "yvals": [
        0.23019953445271454,
        0.3029836600000662,
        0.2507323675384965,
        0.2376744813782549,
        0.2593784297897371,
        0.2561507668723374,
        0.2629106516695994,
        0.26654053104285985
    ],
    "yerrs": [
        0.02409990106135853,
        0.03258459075800952,
        0.026061981087986016,
        0.02388495070855086,
        0.026968538664089176,
        0.030212040981747217,
        0.028094055874488988,
        0.02596119736250192
    ]
}