{
    "bins": [
        [
            -1.0,
            -0.75,
            -0.5,
            -0.25,
            0.0,
            0.25,
            0.5,
            0.75,
            1.0
        ],
        [
            0.0,
            0.7853982,
            1.570796,
            2.356194,
            3.141593,
            3.926991,
            4.712389,
            5.497787,
            6.283185
        ]
    ],
    "zvals": [
        -0.0012432964577713571,
        -0.000284226209953733,
        0.0005669502596135973,
        0.0008853920109396625,
        0.0013301923356056414,
        0.0005162320250369877,
        -0.00028744661942098153,
        -0.001359332720480572,
        -0.0008701863589705195,
        -0.0013006178525073536,
        0.00075441292185618,
        0.0012980928165174644,
        0.0014244044420790472,
        0.0006833513708973031,
        -0.0006062210497098288,
        -0.002224072890432622,
        -0.0039271783408721846,
        -0.001405670858767366,
        0.0017127800172651322,
        0.002445252922399952,
        0.004601091421164809,
        0.0016844692754501545,
        -0.0008394643225472947,
        -0.003496173405076153,
        -0.00852069688980698,
        -0.0028988372516449623,
        0.00143206119699821,
        0.002851692451862047,
        0.0043498221283985936,
        0.0024676054688196306,
        -0.00193376759299107,
        -0.0016868054158528545,
        -0.003907521560400826,
        -0.0013268043276922852,
        0.0016380011153580738,
        0.005655224923892187,
        0.0024486326677684426,
        0.0011052108612448722,
        -0.0015119794040728397,
        -0.003405626701366696,
        -0.0011032187239542947,
        -0.0010015159197033655,
        0.001456173303216968,
        0.0022011797825054525,
        0.002260748817796836,
        0.0010608995693902965,
        -0.001279384464946435,
        -0.002142690966872847,
        -0.00086258053558055,
        -0.0007272105931541952,
        0.00038478188128821325,
        0.0013215341501580725,
        0.0018695418119221078,
        0.000827594162450121,
        -0.0010110114871695627,
        -0.0024381335322982748,
        -0.0017618135615793363,
        -0.0004474407745985537,
        0.0006143208920827404,
        0.0013238290346690028,
        0.0009267698669973691,
        0.0003588335086160139,
        -0.00042867957392303026,
        -0.0008068266025632866
    ],
    "zerrs": [
        0.00033960506518576644,
        0.00010924836031268177,
        0.00017997396713516443,
        0.00025235794171956266,
        0.00035382338703499,
        0.00015472983491051552,
        9.538435562489857e-05,
        0.0003669638469631419,
        0.0005092885366421605,
        0.0004559988977265261,
        0.00029451579726893855,
        0.0005461946672820471,
        0.0005139406586663437,
        0.0002668510414073205,
        0.0002287937894650468,
        0.0007224258109132036,
        0.0014084497609651587,
        0.0007112523157910484,
        0.0007692356470972014,
        0.0011020317769366008,
        0.0013557748297359984,
        0.0006001846644717782,
        0.0004297687851891547,
        0.0011905478251796665,
        0.002583071751975908,
        0.0010682315664538057,
        0.0007890433829824314,
        0.0014290503257484097,
        0.0015568762385816714,
        0.0008062772169250098,
        0.0008042048731440553,
        0.0009860090095389989,
        0.0017572963369466362,
        0.0006561249415466823,
        0.0008176185749255351,
        0.0019026551700237256,
        0.0011107176643549831,
        0.0005174697218004697,
        0.000709444834579302,
        0.0015523186033697632,
        0.0007868114004103891,
        0.0004998082892291501,
        0.0005349130020935659,
        0.0009136554258331478,
        0.0008714417882705497,
        0.00045224150293099376,
        0.0004894221474426936,
        0.0010057072939968926,
        0.0004411447143074008,
        0.00028715780799384177,
        0.00020001225245662086,
        0.0005140268040816139,
        0.0006077712306886167,
        0.00027710172959541623,
        0.0003495271247168956,
        0.0007597816153774102,
        0.0003978785180857338,
        0.00012630521591675746,
        0.00013863292312223826,
        0.00031127517271749424,
        0.00025125106707890864,
        0.00011137999113998044,
        0.00012366892212530164,
        0.0002697181398184924
    ]
}