{
    "bins": [
        [
            -1.0,
            -0.75,
            -0.5,
            -0.25,
            0.0,
            0.25,
            0.5,
            0.75,
            1.0
        ],
        [
            0.0,
            0.7853982,
            1.570796,
            2.356194,
            3.141593,
            3.926991,
            4.712389,
            5.497787,
            6.283185
        ]
    ],
    "zvals": [
        -0.009234480038278672,
        -0.010339743757876581,
        -0.00791881313677906,
        -0.00729833880613548,
        -0.0074475106888482,
        -0.009613816179822206,
        -0.006760088515631567,
        -0.0090683500594603,
        -0.00461342844941585,
        -0.005237692287908114,
        -0.004508172926337985,
        -0.0051902383374565035,
        -0.004974940603362879,
        -0.0031716128637964457,
        -0.006428842446759479,
        -0.005083498557419297,
        -0.005503409608017945,
        -0.003044918129386153,
        -0.004037561083679868,
        -0.004553698693275648,
        -0.004121198678886372,
        -0.004312697511325469,
        -0.004008301014262834,
        -0.002883229649171503,
        -0.0016090319534727735,
        -0.0025262000988543636,
        -0.0017146078803358302,
        -0.002392757311888607,
        -0.0026419400100331286,
        -0.0033238230807819736,
        -0.0019973969885332026,
        -0.002628606642746735,
        0.002094368945587092,
        0.002111469117942525,
        0.0011809314513151297,
        0.0024270395047612746,
        0.0015220064222215993,
        0.002910019633357865,
        0.0023325050483958454,
        0.002096481529110082,
        0.0036332667938378266,
        0.005796833146209475,
        0.0048549621975100534,
        0.004943647751015726,
        0.004729839393530412,
        0.0025858247665514816,
        0.003391836495636608,
        0.0034156542288113806,
        0.004820926760463673,
        0.004845209905095227,
        0.0040761259896256435,
        0.004182439244256741,
        0.004492245714911419,
        0.0055984252570034565,
        0.006028225180099773,
        0.004683594305052981,
        0.008473806026038765,
        0.009136256811516407,
        0.008217825866630678,
        0.008863005937109673,
        0.006858632183937314,
        0.00988423703650888,
        0.009276876182521475,
        0.006684982645741396
    ],
    "zerrs": [
        0.001333539177684414,
        0.0014218617304287853,
        0.0012541115075088904,
        0.0012377513002482811,
        0.0012636855271271356,
        0.0014565437815454245,
        0.0011987432650505808,
        0.0013547767458735821,
        0.0010324904282940593,
        0.0011188163262899537,
        0.0010654417167964157,
        0.0011936796998075789,
        0.0012580871155022798,
        0.001011888720550183,
        0.0014106787368005414,
        0.001141162273764167,
        0.001173496200377403,
        0.0009188635220639506,
        0.0011213273732464774,
        0.0012178028543574923,
        0.001306977383797471,
        0.0014454738898459702,
        0.0013447677022464188,
        0.0009663204023870084,
        0.0005372380258920178,
        0.0007408066056822293,
        0.0006866058977235473,
        0.0007348576684152278,
        0.000916541374058982,
        0.001332915491100357,
        0.0010022488303120794,
        0.0007609097567053347,
        0.0006804553949281766,
        0.0007628500080198148,
        0.0005327790398948869,
        0.0007477304576385534,
        0.0005744803840355903,
        0.0009047861040225154,
        0.0007880473594836336,
        0.0006655496202916271,
        0.0010499113958925015,
        0.0014526376096985429,
        0.0013007620295812507,
        0.001166087338387063,
        0.0011155504960747027,
        0.0008638266939219937,
        0.0010237329482074297,
        0.0009864663697581467,
        0.0011082350206836683,
        0.0011455471043546992,
        0.0010584506176238948,
        0.0009873162795042787,
        0.0010059105068361289,
        0.0011462467100655524,
        0.0012092297323071668,
        0.0010761607257153652,
        0.0012953436677642933,
        0.0013526435296565787,
        0.0012725052948963985,
        0.0012943102914665604,
        0.0011287897030206864,
        0.0013460135327484917,
        0.001327154820150223,
        0.0011323365383823433
    ]
}