{
    "bins": [
        [
            -1.0,
            -0.75,
            -0.5,
            -0.25,
            0.0,
            0.25,
            0.5,
            0.75,
            1.0
        ],
        [
            0.0,
            0.7853982,
            1.570796,
            2.356194,
            3.141593,
            3.926991,
            4.712389,
            5.497787,
            6.283185
        ]
    ],
    "zvals": [
        0.001836153940765334,
        0.004021915518479934,
        0.0038188989531422295,
        0.0018458169669174523,
        -0.0014441233616586744,
        -0.0038827076208495575,
        -0.004505021403161201,
        -0.0017457869767939316,
        0.0015012787144151846,
        0.005448326949731715,
        0.004655165915879594,
        0.0012627192038696254,
        -0.0025169796714531985,
        -0.0037421098602237347,
        -0.004963170774562707,
        -0.0019528391974514838,
        0.0014419503380578157,
        0.0028027356328219916,
        0.0036991858904657266,
        0.0015383146655394266,
        -0.001814798611659311,
        -0.0029654417250871536,
        -0.004939865393087327,
        -0.0012609326736253469,
        0.0006594560568129644,
        0.0014196973813779463,
        0.0014626775214604572,
        0.0009213981683195421,
        -0.0005730175019544229,
        -0.0022024532784651863,
        -0.001145506864035814,
        -0.0009778379878736642,
        -0.0007077469747193208,
        -0.001425932692961452,
        -0.002174711420197149,
        -0.0007402841103693792,
        0.0006213155623008969,
        0.0011892915439051285,
        0.0016462349025589578,
        0.0004582948263173577,
        -0.0013347221829640046,
        -0.004527905731337674,
        -0.0031153682591501383,
        -0.001393146158831371,
        0.0016534195401567099,
        0.004372662013399577,
        0.0035717473179203416,
        0.0015812171663284096,
        -0.001843809165847337,
        -0.004234373969471267,
        -0.003964404798586195,
        -0.0015070958837482605,
        0.002045949187545677,
        0.003301292847702694,
        0.0047634539430963675,
        0.0015087708397525843,
        -0.0016021936388446014,
        -0.004645130913277323,
        -0.003986307579087292,
        -0.0016056985048363954,
        0.0018820434989648552,
        0.004322241207642495,
        0.0044397067474070484,
        0.0020920017621638967
    ],
    "zerrs": [
        0.0002864664118547846,
        0.0005846348245457431,
        0.0005931688531603065,
        0.0003048225613883027,
        0.00023639473807985655,
        0.0005921736379526368,
        0.0006396783160377665,
        0.00030593177652642395,
        0.00034441178444702517,
        0.0008888503144598948,
        0.0008161112412813669,
        0.0003171234089599185,
        0.0004666770009174229,
        0.0007543425706086128,
        0.0008595558875999202,
        0.0004090600373556371,
        0.00035517048651156126,
        0.0006625440562336976,
        0.0007587326512860377,
        0.00035952498671148493,
        0.0003995018318434236,
        0.0006829210174095182,
        0.0008916659017569019,
        0.0003306890239889029,
        0.00017923066212391795,
        0.0003682907425272908,
        0.00035399950333945315,
        0.00022277212246861613,
        0.0001878487461107391,
        0.00046709472523808333,
        0.0003108820080954196,
        0.00024705803007058874,
        0.00021985344409751432,
        0.0003565220431352975,
        0.0004478063005258969,
        0.00019600061764029185,
        0.00018164380234224982,
        0.00031856633058548585,
        0.000375962892607372,
        0.0001554346962839522,
        0.00036933539665197736,
        0.0008311521229730893,
        0.0006840830164957113,
        0.00033613129352487046,
        0.00037391665985951736,
        0.000790917876750942,
        0.0007313180903255099,
        0.0003688486903884971,
        0.0004261031411225269,
        0.0008044735416322974,
        0.0007690440965439012,
        0.0003473723086947858,
        0.0004011421745946207,
        0.0006674573256115886,
        0.0008115618960739553,
        0.00034733238964251595,
        0.0002706099961856862,
        0.000650284909053382,
        0.0005859092687471785,
        0.00026217475058919003,
        0.00028250571903213874,
        0.0006197761023198183,
        0.0006444914039320565,
        0.0003186142843974881
    ]
}