{
    "bins": [
        0.0,
        0.7853982,
        1.570796,
        2.356194,
        3.141593,
        3.926991,
        4.712389,
        5.497787,
        6.283185
    ],
    "yvals": [
        0.00237947578693203,
        -0.002391377974320784,
        -0.0022747231340033976,
        0.002905684881187779,
        0.0026929009241174525,
        -0.0028585710684264545,
        -0.00279944435814708,
        0.0024968372723128914
    ],
    "yerrs": [
        0.00024429779753499636,
        0.00025444559662235634,
        0.00025269553970411337,
        0.00028870537650239485,
        0.00027852780729737704,
        0.00027148398885123455,
        0.00027947428200274097,
        0.000267717132071286
    ]
}