{
    "bins": [
        0.0,
        0.7853982,
        1.570796,
        2.356194,
        3.141593,
        3.926991,
        4.712389,
        5.497787,
        6.283185
    ],
    "yvals": [
        0.00011063605697084611,
        0.000318195951147304,
        0.0003225949136616086,
        0.00013658739061292414,
        -0.0001370685945215037,
        -0.00027008497602489445,
        -0.0003027675140502014,
        -0.00011644701157884287
    ],
    "yerrs": [
        1.3424702880352609e-05,
        3.59697165921469e-05,
        3.517834866794127e-05,
        1.6731149185168274e-05,
        1.8494192832504822e-05,
        3.0141418679497513e-05,
        3.448176947644142e-05,
        1.5121967495486945e-05
    ]
}