{
    "bins": [
        -1.0,
        -0.75,
        -0.5,
        -0.25,
        0.0,
        0.25,
        0.5,
        0.75,
        1.0
    ],
    "yvals": [
        0.4784988,
        0.2867256,
        0.2985148,
        0.30512044,
        0.3831352,
        0.3678502,
        0.29363316,
        0.4497396
    ],
    "yerrs": [
        0.04186624415922689,
        0.03665453860028796,
        0.04442123816374325,
        0.05075107880626776,
        0.06639171032591343,
        0.04993208187127791,
        0.037025416135406226,
        0.0411747689732438
    ]
}