{
    "bins": [
        -1.0,
        -0.75,
        -0.5,
        -0.25,
        0.0,
        0.25,
        0.5,
        0.75,
        1.0
    ],
    "yvals": [
        -0.0007337556,
        -0.0013229584,
        -0.0017818584,
        0.003092464,
        0.0030874936,
        7.674136e-06,
        -0.00037163132,
        -0.000478538
    ],
    "yerrs": [
        0.0007483522165397788,
        0.002177624026318593,
        0.003000499425095762,
        0.004139111015665079,
        0.004168449112079935,
        0.003204410959911353,
        0.0018370602603072117,
        0.0006839948537818103
    ]
}