{
    "bins": [
        [
            -1.0,
            -0.75,
            -0.5,
            -0.25,
            0.0,
            0.25,
            0.5,
            0.75,
            1.0
        ],
        [
            0.0,
            0.7853982,
            1.570796,
            2.356194,
            3.141593,
            3.926991,
            4.712389,
            5.497787,
            6.283185
        ]
    ],
    "zvals": [
        -0.0018469790228701822,
        -0.0005347160381656276,
        0.0005308304833982262,
        0.0017257730147351856,
        0.0014396690595086818,
        0.0004967943895961029,
        -0.0008646184482262499,
        -0.001295554101232751,
        -0.0019789457118694694,
        -0.0009184176477194105,
        0.000902004843404236,
        0.0026191828611953926,
        0.00323940167914866,
        0.0007309949859816299,
        -0.0012478600658519631,
        -0.003108583418852608,
        -0.003523986685989349,
        -0.0005841131716946494,
        0.0025180573416280667,
        0.004137756732565231,
        0.003506615499402849,
        0.001409695975798258,
        -0.0012126325760951776,
        -0.0034713946304930753,
        -0.006548194279029414,
        -0.0025141608494447017,
        0.0014399400049401707,
        0.004425737746037365,
        0.00599245223440854,
        0.0007147927547561875,
        -0.0013235872767692306,
        -0.005038821591091397,
        -0.003914995985475902,
        -0.0027548505992759337,
        0.002347604653946153,
        0.0029095896480642322,
        0.005105859704251855,
        0.001433134792805686,
        -0.0011326298258971888,
        -0.0045946992480245695,
        -0.004165934171990717,
        -0.0016683255287957262,
        0.0015675115037216802,
        0.0035467109074495897,
        0.0030098238090751433,
        0.0005532659874356696,
        -0.0009191991830893384,
        -0.0034630869953832335,
        -0.0013582536858373242,
        -0.000976782466159187,
        0.0014641987883849974,
        0.0023031569940883552,
        0.0023441765830827166,
        0.001359573108156629,
        -0.0008287533199728038,
        -0.0017881293306069028,
        -0.0019214146403696874,
        -0.00046501423864441687,
        0.00038707788917211413,
        0.0014717365313681326,
        0.0014768145577146868,
        0.0009364561661730743,
        -0.0005923259290194272,
        -0.0021419010488949557
    ],
    "zerrs": [
        0.0004257105722607508,
        0.00017053525680189096,
        0.00017034528807521483,
        0.00044311776820253715,
        0.00037821623156620356,
        0.00016942584537631844,
        0.00023106313219216503,
        0.0003181576161007862,
        0.0006728412345965214,
        0.00033059222436530454,
        0.00039324278143247827,
        0.0007717856973674336,
        0.0009279251535695639,
        0.00031645548018026913,
        0.00037691315310361967,
        0.0008135281446769959,
        0.001191724734396696,
        0.0003197288260764712,
        0.0007779821562787597,
        0.0013358524793509643,
        0.0011868318419171171,
        0.0005115002246655287,
        0.0004776438277285828,
        0.0011682612410930894,
        0.0020883885028844607,
        0.0010011877006640432,
        0.0006402905137921087,
        0.0015787502118721813,
        0.0018242124036589272,
        0.00035503201133910817,
        0.0005983223599767755,
        0.001705482173433248,
        0.0016041880546064933,
        0.0010098929803617368,
        0.0007446376671931517,
        0.0011925457459035346,
        0.001631341704705969,
        0.0006622846673992659,
        0.000501242129605106,
        0.0017527572939719004,
        0.001396987594413359,
        0.0006332516350538173,
        0.0005463736545546851,
        0.0011387283167046366,
        0.0010762148346134264,
        0.0003160541715910561,
        0.0003829131505087705,
        0.001240390719181312,
        0.0006209742347145596,
        0.00035459962201393703,
        0.00043740790803020887,
        0.0006432734010806257,
        0.0006551345294544633,
        0.00038916594255738557,
        0.00027308834962507824,
        0.0006817848109211491,
        0.0004374396395103348,
        0.00015538098432095232,
        0.00013004801358462446,
        0.00035959629562544584,
        0.00034425726024099823,
        0.00022517872925011836,
        0.0001601965211589297,
        0.00045542385162400747
    ]
}