{
    "bins": [
        -1.0,
        -0.75,
        -0.5,
        -0.25,
        0.0,
        0.25,
        0.5,
        0.75,
        1.0
    ],
    "yvals": [
        0.00038909152,
        0.0012043796,
        0.00039005116,
        -0.0023256452,
        0.0024276824,
        -0.004460296,
        0.00015552928,
        -4.441728e-05
    ],
    "yerrs": [
        0.0003588467082195404,
        0.0009409356194766994,
        0.001982881539578197,
        0.00294556425833829,
        0.0031738783845635925,
        0.002049470175435593,
        0.00101958328742678,
        0.0004062513507669851
    ]
}