{
    "bins": [
        [
            -1.0,
            -0.75,
            -0.5,
            -0.25,
            0.0,
            0.25,
            0.5,
            0.75,
            1.0
        ],
        [
            0.0,
            0.7853982,
            1.570796,
            2.356194,
            3.141593,
            3.926991,
            4.712389,
            5.497787,
            6.283185
        ]
    ],
    "zvals": [
        0.0029220581356056074,
        0.0012287770604908748,
        -0.0009639805550816276,
        -0.0027898971096219885,
        -0.002687095205233524,
        -0.0013103389619021188,
        0.0012535830241482667,
        0.003098367961212023,
        0.0028912151823113417,
        0.0015641505489320188,
        -0.0015495420156404782,
        -0.0024849830468335206,
        -0.004279095184861686,
        -0.001188043768891696,
        0.001597592558167961,
        0.003248735545545062,
        0.0030860554556911383,
        0.0009135788259147148,
        -0.0009259514284477426,
        -0.0025708140703005738,
        -0.0031610505756317167,
        -0.0009160690503413558,
        0.0011487531162544342,
        0.002426201747394315,
        0.0009842563937630618,
        0.0004411866190610669,
        -0.0004663686945981529,
        -0.0015177197831930014,
        -0.0009796383489644738,
        -0.0005742759721822567,
        0.0004337179366384942,
        0.0014354638030654526,
        -0.0012761154787469592,
        -0.0004520445562745401,
        0.000643440905120716,
        0.0011553989755525536,
        0.0012127288330247845,
        0.0004135351503314244,
        -0.0004890328215758126,
        -0.0008764499018332108,
        -0.0018436319309109697,
        -0.0017550871672928035,
        0.0011138393527867403,
        0.002678231574015246,
        0.002819700075630444,
        0.001323894891507236,
        -0.0010224283738945097,
        -0.0031866131566416016,
        -0.002734841510968576,
        -0.0013006647077442794,
        0.0009653576912597182,
        0.002465655291132278,
        0.0036810529183929665,
        0.0010552667564725149,
        -0.0013948168953829782,
        -0.0026646775265534166,
        -0.003351363932333942,
        -0.0013867846332138948,
        0.0012857756194948299,
        0.0026469725578973234,
        0.003344854965253285,
        0.001237717437528489,
        -0.0011116875775084736,
        -0.003995789141301609
    ],
    "zerrs": [
        0.0004220233125914927,
        0.0002021626290906607,
        0.00016160530264155233,
        0.0004225404708221399,
        0.00041971592804466735,
        0.00022446220462386498,
        0.0002072436445322127,
        0.00046389911927706596,
        0.0005741656765665201,
        0.000292892569349756,
        0.0003092907224212529,
        0.0005341337242468553,
        0.0007008172847454529,
        0.0002756904030763195,
        0.0003119427347646594,
        0.0005997769888696448,
        0.0006336832973102457,
        0.0002538186626672774,
        0.00023020141955171704,
        0.0005541067061592124,
        0.0006348988064388394,
        0.00024165530764329784,
        0.00025210863292492316,
        0.0005591749185363583,
        0.0002658231818547695,
        0.00012828477119142416,
        0.00013039424875020315,
        0.00034572248512717776,
        0.00027539175778314515,
        0.0001491690202300513,
        0.00013376077403957096,
        0.0003283475888741048,
        0.0003489137871393462,
        0.00013122116348602463,
        0.00015227683252866647,
        0.0002784268874536654,
        0.00030207220970534946,
        0.00012637460769672197,
        0.00012514941908028563,
        0.0002656707417436252,
        0.0004810318861832989,
        0.0003578482021407299,
        0.0002775807159613868,
        0.0005619426611768689,
        0.0005691354034526282,
        0.0002739713860375456,
        0.00023690561075536925,
        0.0006315287938227233,
        0.0005517939657142487,
        0.0002804004340695589,
        0.00023070329588607724,
        0.0005103131035271976,
        0.0006282852123626171,
        0.00023571946326119618,
        0.0002782738586331386,
        0.0005510080579207482,
        0.0004886392839640499,
        0.0002164019847414002,
        0.00021166678041406606,
        0.00038663123241843185,
        0.00046379703791035054,
        0.0001994195649198757,
        0.00018587208105740277,
        0.0005222729750973871
    ]
}