{
    "bins": [
        [
            -1.0,
            -0.75,
            -0.5,
            -0.25,
            0.0,
            0.25,
            0.5,
            0.75,
            1.0
        ],
        [
            0.0,
            0.7853982,
            1.570796,
            2.356194,
            3.141593,
            3.926991,
            4.712389,
            5.497787,
            6.283185
        ]
    ],
    "zvals": [
        0.0002828936964714205,
        0.0001285131687407324,
        -9.778002999752995e-05,
        -0.0002556388790920284,
        -0.00025110499390118123,
        -9.008365185549239e-05,
        9.406130395035387e-05,
        0.0003142271816327519,
        0.0003615753639364083,
        0.0001870799739953435,
        -9.05945265967064e-05,
        -0.00042704938508961686,
        -0.00027994031051772466,
        -0.00018057815273275462,
        7.650414184910073e-05,
        0.0003388731318388894,
        0.0008627353615019744,
        0.00019715354435675782,
        -0.00025929686604753263,
        -0.0007640992667421273,
        -0.0005231813679179218,
        -0.0003908530961372451,
        0.0003955416744122089,
        0.0005561323048950979,
        0.0008788250342310434,
        0.0005353445094956976,
        -0.0008009167326629303,
        -0.0014516993273482651,
        -0.0018692642456436092,
        -0.0003977236509387598,
        0.0005774152722568687,
        0.0011365997876236,
        0.0008371539430571651,
        0.0007232212771668063,
        -0.0006070135141673395,
        -0.0018590362350856063,
        -0.0012786958968573892,
        -0.0006603943478338373,
        0.0005098663352847857,
        0.0010429117466558358,
        0.0007640190670159416,
        0.00026178698234194186,
        -0.00035271136417459696,
        -0.0007644629035687594,
        -0.0006054194179256885,
        -0.00014119032643322243,
        0.00011846335233855958,
        0.0009773404057560628,
        0.0003284048270036779,
        0.0001180072569594669,
        -0.0001356061512761683,
        -0.0003394462177822992,
        -0.00029049414437011545,
        -0.0001572437413897158,
        0.00017121097838293455,
        0.00042849760248943856,
        0.0001918369560816411,
        0.00010533510534406895,
        -0.00010158844305689601,
        -0.0002128684146529344,
        -0.0001996318809062411,
        -0.00013015143914295684,
        0.00010858346978219963,
        0.0003216364696625151
    ],
    "zerrs": [
        4.35278880304879e-05,
        2.278079027217851e-05,
        1.978546166930652e-05,
        4.27254238693442e-05,
        4.520280065428169e-05,
        1.809463983835686e-05,
        1.7295752560962196e-05,
        4.7524143485655304e-05,
        8.419941092237346e-05,
        4.59736021238559e-05,
        2.8897461490402182e-05,
        9.82503321153886e-05,
        7.533717669907677e-05,
        4.527853871716732e-05,
        2.6904956921410853e-05,
        8.068637910462625e-05,
        0.00019415982893386245,
        6.772105621422486e-05,
        8.294857854683572e-05,
        0.0002136337365227303,
        0.0001557503377609735,
        0.00011076440522071439,
        0.00010859870693898347,
        0.0001646311973594906,
        0.0002718285373374811,
        0.00016555255572985552,
        0.00021063940062106073,
        0.00039257043431175975,
        0.0004476618754785109,
        0.0001542578998132896,
        0.00016827687613570297,
        0.00033265874883494013,
        0.00029948740669800186,
        0.00019629177735078145,
        0.00016831062945755183,
        0.0004360502454247651,
        0.00035022866519725964,
        0.0001765783392918052,
        0.00015027135049079093,
        0.0003181864343655074,
        0.00019946633334451516,
        8.31848852266351e-05,
        9.314114636600275e-05,
        0.00019583267598586316,
        0.00016748396045656387,
        5.359300945517284e-05,
        5.614321740698598e-05,
        0.00022019443281555106,
        8.029889304632597e-05,
        3.80811560886764e-05,
        3.85478006863287e-05,
        7.877005131878006e-05,
        7.276462916895798e-05,
        4.10393866177e-05,
        4.3092162851142605e-05,
        0.00010090066166164457,
        3.581033258430164e-05,
        2.0761502190893975e-05,
        1.7724815245674193e-05,
        3.767109496950234e-05,
        3.31188212062177e-05,
        2.1122461315707502e-05,
        2.0042829742454217e-05,
        4.814710842982161e-05
    ]
}