{
    "bins": [
        [
            -1.0,
            -0.75,
            -0.5,
            -0.25,
            0.0,
            0.25,
            0.5,
            0.75,
            1.0
        ],
        [
            0.0,
            0.7853982,
            1.570796,
            2.356194,
            3.141593,
            3.926991,
            4.712389,
            5.497787,
            6.283185
        ]
    ],
    "zvals": [
        -0.011370313810243008,
        -0.004506902362089632,
        0.006003870649021262,
        0.010484449305384906,
        0.011276081680880264,
        0.003909857677254081,
        -0.00453311671280039,
        -0.011468661748565697,
        -0.011664457596159503,
        -0.0028332689498238983,
        0.006074545644373937,
        0.010118484999344283,
        0.013211187194263285,
        0.005717666711654475,
        -0.003092675051375227,
        -0.010289957448325565,
        -0.014686129914736244,
        -0.003146091318310288,
        0.003906977099508785,
        0.012153313156752174,
        0.009676286417841651,
        0.007150779604735436,
        -0.006106035411345587,
        -0.013820671812253153,
        -0.010475251916798382,
        -0.0016324868748040801,
        0.0029350612046376494,
        0.00574001749429271,
        0.0058847972620251114,
        0.005071702754527006,
        -0.0045098225358353354,
        -0.007381103593337392,
        0.007169825446505988,
        0.00538335095922092,
        -0.003524215238643338,
        -0.012009009433421739,
        -0.011339723299524568,
        -0.0019327663172047807,
        0.002892221778003,
        0.00864115263853486,
        0.006978146881416331,
        0.005589035263404099,
        -0.005371151950985361,
        -0.011978446623945283,
        -0.009211558980287698,
        -0.0053182819411304845,
        0.006269967583314448,
        0.009587765693317275,
        0.010272735537209024,
        0.005537708407128209,
        -0.0027375547174808192,
        -0.011048672076231319,
        -0.010796391129083595,
        -0.004793945999353195,
        0.00564135381042478,
        0.009771473826009236,
        0.013362398844305984,
        0.004226405014121506,
        -0.00494233802479762,
        -0.008480988643988597,
        -0.013320023733190047,
        -0.0038083483787837514,
        0.0048359053626314315,
        0.00942011056814507
    ],
    "zerrs": [
        0.0016914732344978005,
        0.000849496657256499,
        0.000915018269389304,
        0.001961756215926253,
        0.0016495787569117215,
        0.0007480822090452559,
        0.0008885431886446798,
        0.0017962290350186465,
        0.0026515990430711366,
        0.0008311795851904812,
        0.0013350624129929173,
        0.0022964784155652435,
        0.002667843530707731,
        0.0013675348571817415,
        0.0009810870513668366,
        0.0025150206403875062,
        0.003468518988722187,
        0.0011027224003742273,
        0.001339356777617772,
        0.0029617147074182774,
        0.0025982808601670935,
        0.001757028126379207,
        0.0017834071440717112,
        0.003464807958126045,
        0.0025785445377037863,
        0.0006434128758255316,
        0.0012351264100499226,
        0.0020386931474093706,
        0.0019277822863106552,
        0.0014020818734997013,
        0.0014914144823775142,
        0.0021264120338661706,
        0.002061697061672217,
        0.0014108219562816732,
        0.0013540129018030755,
        0.0033366067083241122,
        0.002902152562323841,
        0.0008660340204233552,
        0.0010375261760957385,
        0.0021534137435343013,
        0.002209880755323439,
        0.0016186779489838485,
        0.001953504749246518,
        0.003618343114682804,
        0.0029547684280148987,
        0.0014932978578554295,
        0.0016360793670992314,
        0.0025685581417248895,
        0.002277963434712998,
        0.0012221332169497846,
        0.0009488036805063153,
        0.002635200257861176,
        0.0025852214268271656,
        0.001270536551087895,
        0.001374359845079906,
        0.0022652524307721703,
        0.0018689906649638675,
        0.0007475472039965056,
        0.0008588938659537616,
        0.0016388351195800474,
        0.0020240563141972943,
        0.0006888674989930905,
        0.0008052574147677578,
        0.001536007292461564
    ]
}