{
    "bins": [
        -1.0,
        -0.75,
        -0.5,
        -0.25,
        0.0,
        0.25,
        0.5,
        0.75,
        1.0
    ],
    "yvals": [
        -0.05660996,
        -0.04167064,
        -0.021065792,
        -0.00914402,
        0.008319164,
        0.022847848,
        0.03667786,
        0.05936216
    ],
    "yerrs": [
        0.0037520232408661865,
        0.003234425080288613,
        0.0020806206766251266,
        0.0009629596876297574,
        0.0008968358601215721,
        0.002041145560708496,
        0.0028821827839330383,
        0.0036719666665153703
    ]
}