{
    "bins": [
        [
            -1.0,
            -0.75,
            -0.5,
            -0.25,
            0.0,
            0.25,
            0.5,
            0.75,
            1.0
        ],
        [
            0.0,
            0.7853982,
            1.570796,
            2.356194,
            3.141593,
            3.926991,
            4.712389,
            5.497787,
            6.283185
        ]
    ],
    "zvals": [
        0.06791912688366232,
        0.10350734366712001,
        0.06117479290754498,
        0.07141323072731186,
        0.09968189376596322,
        0.07508458132055341,
        0.07757987669945685,
        0.08033526950667051,
        0.05679982459852849,
        0.08068558378951406,
        0.07975019034935156,
        0.052742618719911795,
        0.05289527093269907,
        0.05950521900997966,
        0.04617078729510389,
        0.0906749953526747,
        0.05065412169266494,
        0.0601178154560657,
        0.045074675514834524,
        0.07072486723308789,
        0.060802192009656225,
        0.05800065699174178,
        0.04068570584595327,
        0.05068489097247511,
        0.04292024606116999,
        0.014844584489541476,
        0.03798022403927691,
        0.03657493834344072,
        0.03199395975034312,
        0.056489066689754765,
        0.04803932783123971,
        0.04397824797109237,
        0.05558714038305664,
        0.036421232654331344,
        0.05572420607131672,
        0.048567594305569534,
        0.04173594534236144,
        0.05466721331095827,
        0.05375873124199452,
        0.03575429527449778,
        0.026207220744840005,
        0.059764211206091995,
        0.0854287889706875,
        0.03002281897481408,
        0.07939485458328131,
        0.03914290079679348,
        0.05804277576464418,
        0.0749280746831543,
        0.05584509870279814,
        0.04968710633006611,
        0.04990474129040309,
        0.04581285181162696,
        0.0545559830811894,
        0.05120649657880464,
        0.06837532053812209,
        0.04472388776136431,
        0.07889368730409618,
        0.11909720144365059,
        0.10661417523344854,
        0.10360084492086188,
        0.05624623439326302,
        0.07527989630734992,
        0.06575590974257639,
        0.07901395216183389
    ],
    "zerrs": [
        0.021478894243131163,
        0.02673211976934062,
        0.02039270739625528,
        0.02153636234331886,
        0.02492516833405388,
        0.02167687541369234,
        0.022397147436449123,
        0.023193439259969563,
        0.020082450856798384,
        0.024329648720616256,
        0.02405168536093907,
        0.01865643901714607,
        0.017634094649814486,
        0.018822525928716,
        0.017456974953704175,
        0.025151949295984577,
        0.01914563402175039,
        0.02125815393263424,
        0.018412924831754145,
        0.021342942014712728,
        0.018334992786074793,
        0.018348582869506514,
        0.01662376534698208,
        0.019157509911743576,
        0.017522699084386355,
        0.010496716453868125,
        0.01699145848608339,
        0.0149694097788304,
        0.013062956954152272,
        0.017881966633232584,
        0.018170055537951816,
        0.01795410078653489,
        0.019655987296696768,
        0.01629304064318591,
        0.019707495166372678,
        0.017204534144847728,
        0.014756437864407222,
        0.017298399307894424,
        0.019022267525586587,
        0.015990258610203603,
        0.013105311953489704,
        0.019925286296438336,
        0.023701403344220422,
        0.013434644649232035,
        0.02050054326300836,
        0.014803331503377409,
        0.019360950024040428,
        0.022595968475918847,
        0.01861577496351926,
        0.017568300060948765,
        0.01764531415323856,
        0.016202314902642886,
        0.017253168985105573,
        0.017072986504352416,
        0.020620611457550564,
        0.016905073033561414,
        0.021882182877131204,
        0.026632210210352104,
        0.02513067052912281,
        0.02442055710002778,
        0.01778769513010494,
        0.020880108049930582,
        0.019827486207616044,
        0.02191763159256964
    ]
}