{
    "bins": [
        [
            -1.0,
            -0.75,
            -0.5,
            -0.25,
            0.0,
            0.25,
            0.5,
            0.75,
            1.0
        ],
        [
            0.0,
            0.7853982,
            1.570796,
            2.356194,
            3.141593,
            3.926991,
            4.712389,
            5.497787,
            6.283185
        ]
    ],
    "zvals": [
        0.0008093209279063791,
        0.0012832208086144372,
        -0.0011011650144258072,
        -0.0010058668269249135,
        0.0010806072844595986,
        0.001034207879317238,
        -0.0008904621605860979,
        -0.0006264243097130374,
        0.002548643987215657,
        0.0018767579944838143,
        -0.002826849571809453,
        -0.002603043293918123,
        0.0018877567806386056,
        0.0025938421029847295,
        -0.002101281643192369,
        -0.0017058724366499536,
        0.00883226368484165,
        0.005414463855131757,
        -0.00482189514106224,
        -0.0025970901414440308,
        0.00429441786202664,
        0.004028437047204094,
        -0.007161922999549275,
        -0.003395406660062797,
        0.0088356250370831,
        0.0076014982471303075,
        -0.01457678272671945,
        -0.006497273360419354,
        0.005474773299651895,
        0.014135100929719712,
        -0.023714478519171175,
        -0.007217375139738071,
        0.013493853181736347,
        0.004931827412809152,
        -0.004524954736324769,
        -0.008112900576649576,
        0.0096753798710972,
        0.013183109709981438,
        -0.006429560554012108,
        -0.01446784432860792,
        0.003785320618254536,
        0.002457258729270696,
        -0.007115363166190901,
        -0.005475474249394257,
        0.004282020071352357,
        0.004161424908135748,
        -0.006295060593482542,
        -0.005724425068563965,
        0.0031756573926449024,
        0.00259492399902317,
        -0.0026648012854629125,
        -0.0027388504441691426,
        0.002683015235587561,
        0.00249676826271521,
        -0.000995802382995628,
        -0.002194718601269675,
        0.0013968374259070112,
        0.000554912173168807,
        -0.001324663419056326,
        -0.0009793345802579327,
        0.0012738132768354386,
        0.0007428625995991844,
        -0.0008807004856136635,
        -0.0011589843620686585
    ],
    "zerrs": [
        0.0001732729531020338,
        0.0002429483108576591,
        0.00022518725311460516,
        0.00020604100419638707,
        0.00020011655541449656,
        0.00022288898404087618,
        0.00017552424254084018,
        0.00016010656826411833,
        0.0006477403630809561,
        0.0006046545408511293,
        0.0007331174629004574,
        0.000689291597654247,
        0.0006120783589478577,
        0.0006891692252682864,
        0.0006109577245751503,
        0.0004573549422981024,
        0.0021152048250377394,
        0.0016285015071242459,
        0.0015179057286539477,
        0.0010574886960447547,
        0.0015080335725612649,
        0.0013043742748248294,
        0.0021048221473875003,
        0.0011854704768560517,
        0.0027310556609372164,
        0.0024107150902091456,
        0.0040404468198773314,
        0.0024945956371784576,
        0.0021176068861637073,
        0.003878097009617155,
        0.006251588275872582,
        0.0028873930417516,
        0.0031880956685459002,
        0.001965572018739841,
        0.00205758452671993,
        0.0025550258252259213,
        0.0031041363035856167,
        0.0037968654996045352,
        0.0029721150449682535,
        0.004272535077985051,
        0.0012483986868582824,
        0.0008764985081445352,
        0.0018935359443107023,
        0.0016722398404850414,
        0.0012186864040003057,
        0.0014476349395143805,
        0.0019001256911420127,
        0.002076069106205315,
        0.0006363575032123594,
        0.0006627423186223027,
        0.0007472081128364404,
        0.0006230740129743018,
        0.0006836468343233628,
        0.000627770600846454,
        0.00036268185355966035,
        0.0006738595199137617,
        0.00026103091314765036,
        0.00012621346808302464,
        0.0002294158524362683,
        0.00019849524462346537,
        0.0002458449025675589,
        0.00017754161095309972,
        0.0002143907188429455,
        0.00022947768906114236
    ]
}