{
    "bins": [
        [
            -1.0,
            -0.75,
            -0.5,
            -0.25,
            0.0,
            0.25,
            0.5,
            0.75,
            1.0
        ],
        [
            0.0,
            0.7853982,
            1.570796,
            2.356194,
            3.141593,
            3.926991,
            4.712389,
            5.497787,
            6.283185
        ]
    ],
    "zvals": [
        0.0016932771172635738,
        0.005102306117995237,
        0.005383940371633237,
        0.0021162099773490927,
        -0.0018438040331144204,
        -0.004100162720047671,
        -0.005244989164729222,
        -0.0019598231724552396,
        0.002685344071325857,
        0.006244203892600666,
        0.006234551144769914,
        0.003848293669841698,
        -0.0022545211472399973,
        -0.006840699874458556,
        -0.007384566805619573,
        -0.003703261276448375,
        0.004604042127929501,
        0.011120255238810191,
        0.008247492354194945,
        0.00714562152485552,
        -0.0053059366079363565,
        -0.013709034145745216,
        -0.011810648868471782,
        -0.0027642723816459942,
        0.0063488864629432555,
        0.011994711469780026,
        0.02428960603413811,
        0.010839677667020202,
        -0.005141388187899636,
        -0.019338607941451345,
        -0.02564877425203528,
        -0.007199829895161436,
        0.0062932000608099175,
        0.016682664504535153,
        0.018581086277275984,
        0.0021808375106156237,
        -0.009522468862920453,
        -0.0062855571315435,
        -0.025583940880929162,
        -0.008867203634335715,
        0.006983418092885875,
        0.016236867482949405,
        0.010537358129254215,
        0.0027485183963819665,
        -0.0058654745746742395,
        -0.004425492298172393,
        -0.005422473701231734,
        -0.004050621468351079,
        0.002245104712488518,
        0.006727790681359179,
        0.004812310701071305,
        0.0040664161782737185,
        -0.004080940873289719,
        -0.006190038681025418,
        -0.006545359168217899,
        -0.0032250858800251603,
        0.0015428591509377024,
        0.0038859849110858212,
        0.004808843414421734,
        0.0014567770012439538,
        -0.0016907794519466558,
        -0.005589100048637763,
        -0.005015951148334986,
        -0.0018183127535338775
    ],
    "zerrs": [
        0.00035971140470207407,
        0.000839987772541117,
        0.0009352638293965084,
        0.0004059528714200449,
        0.00038214360494668177,
        0.0008249506139165401,
        0.000930566162403311,
        0.00040997568990782854,
        0.0006507487026386033,
        0.0013991187600104129,
        0.0015603459061990833,
        0.0009763877170056813,
        0.0007653607911731867,
        0.0016840414782372975,
        0.0017550495674057921,
        0.0008682212459058394,
        0.0012480378387485802,
        0.002751100184014128,
        0.0024318525720637995,
        0.0018603706635859608,
        0.001732644643569541,
        0.003615949053391854,
        0.0034038133059733884,
        0.001159818456754155,
        0.0018104365914440707,
        0.0033692372546240824,
        0.005316134682534133,
        0.0029876026611025883,
        0.0021866346327795707,
        0.005442577015806105,
        0.0066954227909789285,
        0.0025039916207551228,
        0.0017535831506304798,
        0.004210672075993562,
        0.004671509747468473,
        0.0012251283898193819,
        0.0027920943107983924,
        0.0028480481978497437,
        0.006875717549554822,
        0.002746733065382166,
        0.0016991805260983042,
        0.0033795364176871434,
        0.002974676682471616,
        0.0011472428602294967,
        0.0015683872785878174,
        0.0016971066868105282,
        0.002082802403243295,
        0.0014856920698052623,
        0.0007204116376207464,
        0.0015847065677717519,
        0.0013268435416058974,
        0.0008862990452636414,
        0.0009504174271596305,
        0.0014998573862111003,
        0.001681326932656921,
        0.0008604154829119321,
        0.0003445330148712883,
        0.000769144626329255,
        0.0008692489400956589,
        0.0003202892755361175,
        0.000364795377693758,
        0.0009199311205058425,
        0.0009106016000181228,
        0.00040199808371533597
    ]
}