{
    "bins": [
        -1.0,
        -0.75,
        -0.5,
        -0.25,
        0.0,
        0.25,
        0.5,
        0.75,
        1.0
    ],
    "yvals": [
        -0.049661,
        -0.026696448,
        -0.025824504,
        -0.009269936,
        0.01005498,
        0.017403328,
        0.031333408,
        0.0495824
    ],
    "yerrs": [
        0.0036606690098942296,
        0.002894355057694201,
        0.0029003663216911066,
        0.0013464875788509897,
        0.001361773549456737,
        0.0022006409975277655,
        0.0029907146971919606,
        0.003452294773045894
    ]
}