{
    "bins": [
        [
            -1.0,
            -0.75,
            -0.5,
            -0.25,
            0.0,
            0.25,
            0.5,
            0.75,
            1.0
        ],
        [
            0.0,
            0.7853982,
            1.570796,
            2.356194,
            3.141593,
            3.926991,
            4.712389,
            5.497787,
            6.283185
        ]
    ],
    "zvals": [
        0.0008376973616695326,
        0.000336797989502899,
        -0.0002651214798102364,
        -0.0008516501803541894,
        -0.000823400619813139,
        -0.0002686424462501815,
        0.00032419889024418196,
        0.0008642675433347171,
        0.0003135838100978586,
        0.00034102147981570616,
        -0.0002780997150489307,
        -0.0008913594236814664,
        -0.0007098602237336991,
        -0.0001939291416581148,
        0.00037811387347561374,
        0.0012080560429234607,
        0.0007332316269632398,
        0.0003364697481963917,
        -0.00033598888716294164,
        -0.0007141073518046241,
        -0.0006524411826869941,
        -0.0004433143450836392,
        0.00020137245065559122,
        0.0005390729286298159,
        0.0003884464211911868,
        9.339379356550273e-05,
        -0.00012392147675446084,
        -0.0002802205757837736,
        -0.0003205237599280873,
        -0.000116558280005806,
        7.35244041874311e-05,
        0.00043003475944680285,
        -0.00020968838482186486,
        -0.00013173533208267197,
        0.00019973934234617357,
        0.0002751298129995073,
        0.00024100636874552767,
        0.00021144260616910157,
        -6.231108304324687e-05,
        -0.0002990954904392423,
        -0.0008139035714622213,
        -0.00039021693210752564,
        0.00016044018446698366,
        0.0009899747771514862,
        0.0008985640401427045,
        0.00035131528218813906,
        -0.0002893337136076232,
        -0.0008379287953368867,
        -0.0009547656208022885,
        -0.0002906031567697286,
        0.0004048314357816038,
        0.000871095583264048,
        0.0007685275490897606,
        0.00027931576092630746,
        -0.0003299037176055962,
        -0.0009726070094398002,
        -0.0008838553487899513,
        -0.0003482663180365415,
        0.00026439232083606026,
        0.000709374470810378,
        0.0006997374579512551,
        0.0001939273081927889,
        -0.0003778908018609674,
        -0.00029348885533194644
    ],
    "zerrs": [
        0.00020323869671325237,
        8.82415049092315e-05,
        7.727142085749377e-05,
        0.00019960437762685774,
        0.00018811663822544203,
        8.384548554580076e-05,
        8.855471389008765e-05,
        0.00018423170252746722,
        0.00015785697697923956,
        0.00011914759938608176,
        0.00011203159451578591,
        0.00025786259044951505,
        0.00022646242847039344,
        8.796230648732618e-05,
        0.0001265705709685383,
        0.0003036973913953537,
        0.00024538598615201,
        0.00012976129861284828,
        0.00011721734188990727,
        0.000238803933023941,
        0.00023124614932388797,
        0.00014813330497029964,
        7.947557588212585e-05,
        0.00020459387778315585,
        0.00015224419646828408,
        5.36543331976678e-05,
        6.320824088620924e-05,
        0.00011940555624999196,
        0.00011847856501603125,
        7.061642811207607e-05,
        3.34389330379904e-05,
        0.00013801052202557556,
        0.0001059763904036452,
        6.262258381199813e-05,
        6.889789441725496e-05,
        0.00011015801332092562,
        0.00011128776719226002,
        8.317995282287824e-05,
        3.966365788404644e-05,
        0.00012038872310758793,
        0.0002879118089754791,
        0.00015455308531358878,
        8.192418731572807e-05,
        0.00028680374570709007,
        0.0002853719631176107,
        0.0001245553961588799,
        0.00012363185563521735,
        0.00028124435035410206,
        0.0002774695182236942,
        0.0001315106454798401,
        0.0001286946358852817,
        0.00027576032424134005,
        0.0002578336456413924,
        0.00010208572233209459,
        0.0001311337909972881,
        0.0002945648045764862,
        0.00020978189890277194,
        9.29201961325533e-05,
        8.136070528448791e-05,
        0.00018505116104240713,
        0.00017104595745464987,
        6.512592626669165e-05,
        0.00011406389169137706,
        0.00012169521395355075
    ]
}