{
    "bins": [
        0.0,
        0.7853982,
        1.570796,
        2.356194,
        3.141593,
        3.926991,
        4.712389,
        5.497787,
        6.283185
    ],
    "yvals": [
        -0.006715999603767871,
        0.004387568949136348,
        0.004221233056361235,
        -0.004414512878167658,
        -0.0050541496158635485,
        0.005768115019391443,
        0.00453305330545787,
        -0.004299233000338683
    ],
    "yerrs": [
        0.0010392206107132675,
        0.0006565082205451105,
        0.0005891654964323647,
        0.0006528458506740337,
        0.0007096569727250994,
        0.0007658337946308376,
        0.0006269248453517869,
        0.0007270948501286422
    ]
}