{
    "bins": [
        -1.0,
        -0.75,
        -0.5,
        -0.25,
        0.0,
        0.25,
        0.5,
        0.75,
        1.0
    ],
    "yvals": [
        1.0733464,
        0.6502304,
        0.7899228,
        0.9168428,
        1.0569128,
        0.883252,
        0.6315356,
        1.0517712
    ],
    "yerrs": [
        0.058882309737305655,
        0.05357481497868192,
        0.07526925534373248,
        0.10697031363887834,
        0.12462141068050867,
        0.08634633518569274,
        0.055882004258974105,
        0.0607900518177111
    ]
}