{
    "bins": [
        0.0,
        0.7853982,
        1.570796,
        2.356194,
        3.141593,
        3.926991,
        4.712389,
        5.497787,
        6.283185
    ],
    "yvals": [
        -0.0006151640021583955,
        -0.00019723088096248805,
        -0.00020344271312124556,
        0.0014577609597160172,
        -0.0006280116577836967,
        2.500620067787288e-05,
        -0.0003736220362160332,
        3.681551264454456e-06
    ],
    "yerrs": [
        0.0008681559879440507,
        0.00038312878860830756,
        0.0003272215163676601,
        0.00077733584557589,
        0.0007757705030665145,
        0.0004889630451558253,
        0.00037522441996510806,
        0.0007895859915024953
    ]
}