{
    "bins": [
        [
            -1.0,
            -0.75,
            -0.5,
            -0.25,
            0.0,
            0.25,
            0.5,
            0.75,
            1.0
        ],
        [
            0.0,
            0.7853982,
            1.570796,
            2.356194,
            3.141593,
            3.926991,
            4.712389,
            5.497787,
            6.283185
        ]
    ],
    "zvals": [
        -0.00382007343536056,
        -0.000941283512635253,
        0.0010575708112320126,
        0.0018099508657383064,
        0.002178420622410548,
        0.0005726482624096319,
        -0.0013218561799240643,
        -0.0017543655573352623,
        -0.0019457783325706626,
        -0.001789042444478454,
        0.000701940162821907,
        0.0031150149159853784,
        0.003497505213917019,
        0.0011032032167130554,
        -0.0016366861132826927,
        -0.0028144431231044652,
        -0.003197094161916847,
        -0.0013782630916460421,
        0.0017051110392437977,
        0.0016623891805311697,
        0.0035905199656734534,
        0.0008340326815194336,
        -0.0007771463640090759,
        -0.0031523553663238262,
        -0.006760239582927488,
        -0.0011151536202418696,
        0.0022070659716474966,
        0.009386011441318362,
        0.009131207362381872,
        0.002281004535280202,
        -0.001985429552914574,
        -0.0028598855612059115,
        -0.006520692306144832,
        -0.0023919445661803483,
        0.002347555252241539,
        0.006780130863421013,
        0.0016653263695604005,
        0.0018241874820154882,
        -0.0017289430327044383,
        -0.004434509382504158,
        -0.0007955465138575566,
        -0.001042449062118585,
        0.0027267255582519956,
        0.0010902310799988286,
        0.0034482853279483765,
        0.0021616016338213244,
        -0.0015417676133629068,
        -0.003094111775176408,
        -0.002614365553677103,
        -0.001770940025551383,
        0.0010341696821229492,
        0.002986321602141077,
        0.003150218869923274,
        0.00026577516112849796,
        -0.0007924690411740291,
        -0.005951448819579374,
        -0.003299252786675599,
        -0.0008452944482401147,
        0.000780569851209196,
        0.0019967491682571534,
        0.002133195653668585,
        0.0010713100873697159,
        -0.0012662950504075644,
        -0.0018049080848181434
    ],
    "zerrs": [
        0.0011846411758644343,
        0.00039604057715232816,
        0.0004886087522513463,
        0.0007519601160996469,
        0.0008786550343307342,
        0.00030084701247600794,
        0.0005246996383820734,
        0.0006958494011315554,
        0.0009765794329608794,
        0.0007777832867023033,
        0.0004936991852226932,
        0.001406301856121646,
        0.0015748316925766385,
        0.000738521763835638,
        0.0007576830908112333,
        0.0012687157433698758,
        0.0016467345312714255,
        0.0006949476685577987,
        0.000935736290621186,
        0.0011859014579579672,
        0.0018062128061881492,
        0.0006397590032031254,
        0.000653759434073261,
        0.001589555658214931,
        0.002778180781471345,
        0.0006726358799603947,
        0.0010978239567104274,
        0.002969545669817989,
        0.0029011732847205375,
        0.0011046904482839067,
        0.0008951036328288018,
        0.0016559026836978968,
        0.0027013185271775736,
        0.0010940006426548693,
        0.0009673333014550917,
        0.002276214313871337,
        0.001183982679831454,
        0.0008258372781213587,
        0.0010748931483801712,
        0.0022257391451752594,
        0.000795546603404552,
        0.0007742305138154468,
        0.001129163735929481,
        0.0007715845273156538,
        0.001423179321764496,
        0.000801434383397096,
        0.0008542568872932014,
        0.0017928164190014776,
        0.0015116178868906857,
        0.0007770354106858597,
        0.0005352709851300101,
        0.0011340179536885114,
        0.0012007170680949722,
        0.00026577513973416884,
        0.0005241959067902669,
        0.00202655689368515,
        0.0010958536668652175,
        0.0004589521322906439,
        0.00031134459933966245,
        0.0006944912917608804,
        0.0007487043302156266,
        0.0004196432764464611,
        0.000435161374579342,
        0.0007589536332943134
    ]
}