{
    "bins": [
        0.0,
        0.7853982,
        1.570796,
        2.356194,
        3.141593,
        3.926991,
        4.712389,
        5.497787,
        6.283185
    ],
    "yvals": [
        0.00043218459120481813,
        0.00025448072301704946,
        -0.0003239451844797161,
        0.00022263944822949864,
        -0.0004661635247352297,
        -0.00029349221668504384,
        -0.000635631234100418,
        0.00033297245472995867
    ],
    "yerrs": [
        0.0006787203685898258,
        0.00023715850056117162,
        0.00030949427102442225,
        0.0006804384296333914,
        0.0006791182334149991,
        0.0003333698290231367,
        0.0003246507106269754,
        0.0006727605659307416
    ]
}