{
    "bins": [
        -1.0,
        -0.75,
        -0.5,
        -0.25,
        0.0,
        0.25,
        0.5,
        0.75,
        1.0
    ],
    "yvals": [
        0.000645418,
        -0.00024740644,
        -0.0004635704,
        6.248944e-05,
        -0.0052108,
        0.0012451504,
        -0.0007087232,
        -0.00026721424
    ],
    "yerrs": [
        0.0003466035891331767,
        0.00096940212502346,
        0.0021728631802301773,
        0.0040132998891186785,
        0.0035610793869275087,
        0.0025758959606319506,
        0.0010371618195826532,
        0.0003478553722454204
    ]
}