{
    "bins": [
        [
            -1.0,
            -0.75,
            -0.5,
            -0.25,
            0.0,
            0.25,
            0.5,
            0.75,
            1.0
        ],
        [
            0.0,
            0.7853982,
            1.570796,
            2.356194,
            3.141593,
            3.926991,
            4.712389,
            5.497787,
            6.283185
        ]
    ],
    "zvals": [
        0.0003941633683397797,
        0.0008309791547671765,
        0.0011831433235124107,
        0.0004190077145501841,
        -0.0004023689899897885,
        -0.000979819149017441,
        -0.0008319832747218609,
        -0.0004450958622252668,
        0.0007022868145101428,
        0.0013160612367388855,
        0.0018507538852912794,
        0.0007393663602831173,
        -0.0007006490976549468,
        -0.0018994726240708537,
        -0.001091444592423205,
        -0.0008044629601806983,
        0.000989806699327806,
        0.0039451381198164805,
        0.0018237316621636424,
        0.0008838101398142855,
        -0.001391366924794817,
        -0.002714191785566045,
        -0.0029640360683373277,
        -0.0014280224803220791,
        0.0017411855540285168,
        0.002211589082627937,
        0.0033235567190138004,
        0.0009026072098385662,
        -0.0010420754827488734,
        -0.004049422585746336,
        -0.0019885520462236987,
        -0.001713008181839017,
        0.001316394155219607,
        0.004854235140460032,
        0.003505563803320101,
        0.002760818895873308,
        -0.0014531226206331053,
        -0.005200924881397713,
        -0.003746745981018542,
        -0.002684988247996558,
        0.001274151124868888,
        0.002941775492622974,
        0.0026098523296468803,
        0.0010754961490910988,
        -0.0007434910707692148,
        -0.0021698089376341683,
        -0.0030486785044015904,
        -0.0008507691641689947,
        0.000610671121986274,
        0.0018481757906630245,
        0.001467406843409329,
        0.0008665806806476709,
        -0.000702631786686495,
        -0.0014734557510968965,
        -0.0017958767402005101,
        -0.0006128077738929818,
        0.00046151631108907554,
        0.0011661265157605482,
        0.0007717661618695235,
        0.0005315591183589488,
        -0.0003827817234064766,
        -0.0012670768196506742,
        -0.0010430619889533715,
        -0.0004613444903093719
    ],
    "zerrs": [
        8.217891261935716e-05,
        0.00017558700687133255,
        0.00021769329860787777,
        9.437552027377745e-05,
        9.47623045203249e-05,
        0.0001932436121621231,
        0.00017461780977522697,
        9.507053079593163e-05,
        0.0002001279103029046,
        0.00037684452849368126,
        0.0004257213736167055,
        0.00020878578294546715,
        0.00020689760621433323,
        0.00043597563556424626,
        0.0003276958152542724,
        0.00022097522030284985,
        0.0004100739550117634,
        0.0009003488554544217,
        0.0005616194843103008,
        0.0003107132798545773,
        0.0004204564053409224,
        0.0007476113752761012,
        0.0008045652226601574,
        0.0004450569204103538,
        0.000576424750711569,
        0.0008397969166920526,
        0.0009669764731897336,
        0.0003671476753929204,
        0.0004873826815739927,
        0.0011749566239471728,
        0.0008144194416764915,
        0.0005875096589259938,
        0.0005604901448202846,
        0.001218971245118286,
        0.0010147540759026083,
        0.0007257782901268225,
        0.0005421215287657118,
        0.0013486591689168123,
        0.0010883893404501804,
        0.0007511369023358165,
        0.0004008002908034514,
        0.0007734087769554804,
        0.0006923454282868393,
        0.0003161482573294895,
        0.00027734027402983316,
        0.000674786156262213,
        0.0008023905154434696,
        0.0003228984355202159,
        0.00018408489258567678,
        0.00044470823261861956,
        0.0003875345432177224,
        0.00022016405331459868,
        0.000204220489472546,
        0.0003763094495301396,
        0.00042546415045517796,
        0.00018813725072177914,
        0.00010016468132019061,
        0.000209279905566997,
        0.00017070760649506834,
        0.00011884400613449129,
        9.178190830270144e-05,
        0.0002250769939060819,
        0.00020464160455880935,
        9.972442061211931e-05
    ]
}