{
    "bins": [
        0.0,
        0.7853982,
        1.570796,
        2.356194,
        3.141593,
        3.926991,
        4.712389,
        5.497787,
        6.283185
    ],
    "yvals": [
        0.006197732564194825,
        0.003131047731480786,
        -0.0026953200797557426,
        -0.007345955367908541,
        -0.006925151324551372,
        -0.0029742843755650008,
        0.002904476456522681,
        0.006503617274299147
    ],
    "yerrs": [
        0.000669364412603934,
        0.0004153964230335831,
        0.0003891986917319356,
        0.0008327246413313971,
        0.0008722273534168858,
        0.0005126853099719168,
        0.000423792854723932,
        0.0007678501721846995
    ]
}