{
    "bins": [
        0.0,
        0.7853982,
        1.570796,
        2.356194,
        3.141593,
        3.926991,
        4.712389,
        5.497787,
        6.283185
    ],
    "yvals": [
        0.0026508909747946963,
        0.0028858318676217324,
        -0.0104966131821064,
        -0.015419232772132382,
        -0.009904065200064168,
        0.0069707918787672,
        -0.007531689665621763,
        -0.004153845566197012
    ],
    "yerrs": [
        0.00594899673040784,
        0.00531422885975785,
        0.00621826390657357,
        0.00642063354470482,
        0.006720900990334583,
        0.0056933256577678445,
        0.00628498434724811,
        0.006032271071991459
    ]
}