{
    "bins": [
        [
            -1.0,
            -0.75,
            -0.5,
            -0.25,
            0.0,
            0.25,
            0.5,
            0.75,
            1.0
        ],
        [
            0.0,
            0.7853982,
            1.570796,
            2.356194,
            3.141593,
            3.926991,
            4.712389,
            5.497787,
            6.283185
        ]
    ],
    "zvals": [
        0.0014586628795431413,
        0.0020486250407118533,
        0.0011422962625318631,
        0.0014538317466663443,
        0.0020138722023738276,
        0.0015703146684865512,
        0.001488603739759969,
        0.0015585529884211576,
        0.00023803054297807152,
        0.0002515707072263253,
        0.00017690668934731188,
        0.0002606607342255338,
        0.00017256713156896242,
        0.00022995749925515478,
        -4.777338368572368e-05,
        0.00024799233000338686,
        -0.0007904897159173524,
        -0.0007911364152025891,
        -0.0007061398170099747,
        -0.0008770069735255584,
        -0.0009028950926791255,
        -0.0004993745846055122,
        -0.0005312318085862201,
        -0.000812239908937889,
        -0.0010617146818009005,
        -0.00033675179635084284,
        -0.0008949388717567401,
        -0.0008709621479018946,
        -0.0007543813455089009,
        -0.0014510818718662388,
        -0.0011785678089325416,
        -0.0010884529881665095,
        -0.0014122375121307892,
        -0.0009187583667792295,
        -0.0013024810350930358,
        -0.0011488789774369461,
        -0.0010685675288197828,
        -0.0012829856964239792,
        -0.0012862905176738422,
        -0.0008930651720528957,
        -0.00033526580529469,
        -0.00079577610225035,
        -0.0010586026447737327,
        -0.00042316982832929506,
        -0.0010368704784071258,
        -0.0005585040960124676,
        -0.0006663240802752237,
        -0.0010805436224691177,
        0.00034757624858320274,
        0.0002991228648717885,
        0.00015301133947374454,
        0.00016539878456682528,
        0.00015721868403026232,
        0.00013710750473008593,
        0.00032892637872772795,
        0.00017053091553581758,
        0.0013618696859758527,
        0.002606891437689283,
        0.002108324696523292,
        0.0018834997243439323,
        0.0009588259710363404,
        0.0013709181841563135,
        0.0013205152037565671,
        0.0015151991729034202
    ],
    "zerrs": [
        0.0004633049591252475,
        0.0005392375050106605,
        0.000390434738967645,
        0.0004423561507825953,
        0.000514523249067806,
        0.0004625521920561087,
        0.0004359549011729153,
        0.00045877008190001184,
        0.00013702410023876037,
        0.0001283764530485568,
        0.0001438273510602499,
        0.0001278525815189984,
        0.00010671894752516421,
        0.00011705419792653188,
        7.807936727918884e-05,
        0.00014585435905746272,
        0.0003055960652264592,
        0.00028630969005963584,
        0.0002958658224420649,
        0.0002732314330318853,
        0.0002814051477240826,
        0.00017389357244458636,
        0.00022664355292058774,
        0.00031409572450751254,
        0.00043475121974890634,
        0.00023891723304181534,
        0.00040173558184088224,
        0.00035789625249608965,
        0.00030861210846006725,
        0.0004591931632998321,
        0.00044712275214378437,
        0.00044583295087845097,
        0.0005003391194089418,
        0.00041252071767828907,
        0.00046116117365614326,
        0.0004092090716674629,
        0.00037890559109198283,
        0.00040677453003609606,
        0.0004569901852712326,
        0.0003994787822904362,
        0.0001784178819714328,
        0.0002761051688627083,
        0.00030879448078149983,
        0.0001922137991445567,
        0.000283552626709063,
        0.0002154923678435205,
        0.00023643681358276783,
        0.00033963161548032747,
        0.00014147599152618555,
        0.00013032076962556295,
        8.483749627468667e-05,
        0.00010273673655002727,
        0.00010241681438899647,
        0.00010848630813277233,
        0.00014336622361166534,
        9.026453831353405e-05,
        0.00038421681119683426,
        0.0005904322986318777,
        0.0005090989155476743,
        0.00045356188534830026,
        0.00031254657223446237,
        0.0003925236893023695,
        0.0004032509156547758,
        0.0004300979501581498
    ]
}