{
    "bins": [
        0.0,
        0.7853982,
        1.570796,
        2.356194,
        3.141593,
        3.926991,
        4.712389,
        5.497787,
        6.283185
    ],
    "yvals": [
        0.2911992922825644,
        0.29208446980625613,
        0.2652954298330274,
        0.2687821094755659,
        0.25347034242511435,
        0.2945992986995129,
        0.2573141260863919,
        0.3225536606917767
    ],
    "yerrs": [
        0.0288748399051238,
        0.024588706526282436,
        0.021619799428314542,
        0.02119620382297895,
        0.022202958635662837,
        0.024879053751472473,
        0.027261943492279613,
        0.034425819264024084
    ]
}