{
    "bins": [
        0.0,
        0.7853982,
        1.570796,
        2.356194,
        3.141593,
        3.926991,
        4.712389,
        5.497787,
        6.283185
    ],
    "yvals": [
        0.22383919392736068,
        0.22202061172058285,
        0.23348557037323756,
        0.22879670078520598,
        0.23929472700465232,
        0.22217894621580403,
        0.24579436158482712,
        0.23623118469871332
    ],
    "yerrs": [
        0.019388678341437964,
        0.01933378563982911,
        0.019967790090525364,
        0.021720047814527882,
        0.021242936896543854,
        0.018731023729852043,
        0.02151786579181941,
        0.022293116521985568
    ]
}