{
    "bins": [
        0.0,
        0.7853982,
        1.570796,
        2.356194,
        3.141593,
        3.926991,
        4.712389,
        5.497787,
        6.283185
    ],
    "yvals": [
        9.572711014616534e-05,
        8.873648487428918e-07,
        -8.541260609270716e-06,
        -0.00022884241003617273,
        -6.419943773730005e-05,
        6.28898596635082e-06,
        1.6782968635010532e-05,
        0.00017807430118233053
    ],
    "yerrs": [
        0.00019327657961408452,
        8.19750819411085e-05,
        8.683088503427537e-05,
        0.00018664312572887141,
        0.00018381984979270476,
        9.926320786117161e-05,
        8.636006539165309e-05,
        0.00016561414461878032
    ]
}