{
    "bins": [
        0.0,
        0.7853982,
        1.570796,
        2.356194,
        3.141593,
        3.926991,
        4.712389,
        5.497787,
        6.283185
    ],
    "yvals": [
        4.1562662099301986e-07,
        8.03127026839138e-07,
        -1.1767707582652363e-05,
        4.062336468470166e-06,
        -1.060692158625308e-06,
        -1.1581321826640764e-05,
        2.2567895512848267e-06,
        -1.9738234627539163e-06
    ],
    "yerrs": [
        5.540393029270309e-06,
        1.0319992621501883e-05,
        1.0392484082204819e-05,
        5.4463959718234405e-06,
        4.968908690199455e-06,
        1.0894215853867906e-05,
        1.07429528770144e-05,
        4.745885892202376e-06
    ]
}