{
    "bins": [
        0.0,
        0.7853982,
        1.570796,
        2.356194,
        3.141593,
        3.926991,
        4.712389,
        5.497787,
        6.283185
    ],
    "yvals": [
        -0.0003393668332827857,
        0.0004080931981220217,
        -0.0007607093473627387,
        -0.00038958593020872197,
        0.0004950758723602554,
        0.0016048283800060609,
        -0.0016478256883771035,
        -0.00015036236404981936
    ],
    "yerrs": [
        0.0010905720968957474,
        0.0010226310137633374,
        0.0009636649050875717,
        0.0010163187886735854,
        0.0009738116465929915,
        0.0010811310071691335,
        0.0010211207844007552,
        0.0010996188023544133
    ]
}