{
    "bins": [
        [
            -1.0,
            -0.75,
            -0.5,
            -0.25,
            0.0,
            0.25,
            0.5,
            0.75,
            1.0
        ],
        [
            0.0,
            0.7853982,
            1.570796,
            2.356194,
            3.141593,
            3.926991,
            4.712389,
            5.497787,
            6.283185
        ]
    ],
    "zvals": [
        0.22927539176942346,
        0.17469812113046407,
        0.2573369934733728,
        0.2032886723818085,
        0.22687951840977433,
        0.194764794409968,
        0.18719309191008893,
        0.20673105864797217,
        0.11790182355905576,
        0.08518414490083877,
        0.17004718626734475,
        0.10516575651356827,
        0.13170642145765582,
        0.12143896470324603,
        0.08038044405511603,
        0.10987341449812708,
        0.17328621328645774,
        0.1224264697456499,
        0.08645731208890271,
        0.15839582174156067,
        0.11169873108920568,
        0.18314607371039912,
        0.17324149030173241,
        0.1590068729484924,
        0.2889037433495518,
        0.21224037042120567,
        0.17186623851856006,
        0.11742097965492698,
        0.1626844988146137,
        0.34063213810068277,
        0.2910213165808928,
        0.23740671608534786,
        0.17004047119028282,
        0.37474884701739675,
        0.3296312952159289,
        0.3792633807784324,
        0.32142444976941614,
        0.15880519176264776,
        0.2559932671078868,
        0.28908802925395793,
        0.08566574254944817,
        0.13667392498425637,
        0.15155959144280992,
        0.1458161775097753,
        0.1130860022561809,
        0.18942278946470456,
        0.16480729515481327,
        0.11552308511098834,
        0.10622173567497353,
        0.15621968892706345,
        0.06433757152424632,
        0.11044246300288134,
        0.10902075126241723,
        0.12293059060501813,
        0.11342335987613926,
        0.09917504246254767,
        0.2568676627983104,
        0.22991503159290744,
        0.2326341549125412,
        0.14665238942244643,
        0.23569777361286884,
        0.20287069740437336,
        0.21493036651481165,
        0.17137782372758784
    ],
    "zerrs": [
        0.030457949450773982,
        0.026723434149465118,
        0.03173819663268073,
        0.030942297222563576,
        0.029574748958576064,
        0.02825414327700738,
        0.028061493674856858,
        0.029348678617782533,
        0.02657205110548721,
        0.022149694651853735,
        0.031312596917402305,
        0.02365730553146617,
        0.026437084883557966,
        0.026697761591420656,
        0.022454839378059005,
        0.026836285418015547,
        0.04131921203665873,
        0.03433308960440823,
        0.028891204571807574,
        0.038983770570533066,
        0.03008639537093544,
        0.04251759038308584,
        0.04534350019469615,
        0.040109477531843164,
        0.06655962163384088,
        0.07141607429273748,
        0.06521225558067426,
        0.042166770078982375,
        0.04979287559675145,
        0.08167341037897884,
        0.07840825363591772,
        0.06364096327293654,
        0.047819927139726465,
        0.09044309270573594,
        0.10559682045192546,
        0.09571335851840758,
        0.0760351865151438,
        0.056581080989281975,
        0.07250948573799562,
        0.06549010916977924,
        0.027423457549846382,
        0.03696002550693968,
        0.0499970700932177,
        0.04454290189566888,
        0.036331327158184996,
        0.04567836499318578,
        0.03945883030297475,
        0.031189533530644038,
        0.02327327982497226,
        0.030908824613801292,
        0.020518179534727253,
        0.026229067637207254,
        0.02586980664432011,
        0.02768080272361082,
        0.02554435634708545,
        0.022880807357410934,
        0.032281126451573716,
        0.03053237274399536,
        0.031811648339095215,
        0.025660891853940705,
        0.03192647337399929,
        0.028758164497342763,
        0.02932288254362729,
        0.025863183325838784
    ]
}