{
    "bins": [
        -1.0,
        -0.75,
        -0.5,
        -0.25,
        0.0,
        0.25,
        0.5,
        0.75,
        1.0
    ],
    "yvals": [
        0.0035872392,
        0.0021614912,
        0.0013865592,
        0.000477304,
        -0.0004229404,
        -0.0015094996,
        -0.0025653596,
        -0.0032769412
    ],
    "yerrs": [
        0.00026674245256426654,
        0.00020375436191649984,
        0.0001456175813560986,
        5.940729921482713e-05,
        5.5760373026011936e-05,
        0.00015379674899034765,
        0.00022407709387619253,
        0.0002561337775460316
    ]
}