{
    "bins": [
        -1.0,
        -0.75,
        -0.5,
        -0.25,
        0.0,
        0.25,
        0.5,
        0.75,
        1.0
    ],
    "yvals": [
        0.028084544,
        0.013844636,
        0.012893024,
        0.007731104,
        -0.008808072,
        -0.0117146,
        -0.013374736,
        -0.028279284
    ],
    "yerrs": [
        0.0013894321142106944,
        0.0010958686052625105,
        0.001177589334190829,
        0.0008329492661621115,
        0.0009168131761705872,
        0.0011630040412655496,
        0.0010911574038606896,
        0.0014001617049469678
    ]
}