{
    "bins": [
        [
            -1.0,
            -0.75,
            -0.5,
            -0.25,
            0.0,
            0.25,
            0.5,
            0.75,
            1.0
        ],
        [
            0.0,
            0.7853982,
            1.570796,
            2.356194,
            3.141593,
            3.926991,
            4.712389,
            5.497787,
            6.283185
        ]
    ],
    "zvals": [
        0.18293843810693736,
        0.20869093343526046,
        0.21975243125141652,
        0.18779214131925304,
        0.2561413703625422,
        0.18340769902648088,
        0.22395127056600608,
        0.16748023295195563,
        0.1055534886634576,
        0.14229889617719835,
        0.1340778051382866,
        0.09292377504936981,
        0.13531666747305182,
        0.08921652461554526,
        0.14780073287683446,
        0.19595832940751065,
        0.06599877616220663,
        0.15513626343236508,
        0.07838787468264499,
        0.2031239153602182,
        0.13543232857735818,
        0.14602227151075,
        0.19259926814175746,
        0.07062080626637707,
        0.288877922052788,
        0.3828714060569052,
        0.19431203033366526,
        0.21303398654696531,
        0.1555450357653062,
        0.2182381416810331,
        0.15830939218077972,
        0.1335295990058544,
        0.39411310084489626,
        0.14105932051248424,
        0.19125615293138004,
        0.3739711407832198,
        0.14130237153646935,
        0.20829067555557823,
        0.17749100456074504,
        0.20525379489125264,
        0.20724330664368723,
        0.16067419592975687,
        0.12883546940532065,
        0.10740706316152682,
        0.10715881629441375,
        0.11565163140216811,
        0.12101675838237431,
        0.13324143937214003,
        0.09430940890875482,
        0.11652933074169548,
        0.12246280229896182,
        0.06841551873633657,
        0.11245091023913986,
        0.09398241401174948,
        0.12450833844751327,
        0.14931115179819662,
        0.20932255765292052,
        0.20663826662106768,
        0.22745349491595349,
        0.2002604026743095,
        0.26075615165814015,
        0.25098164242842486,
        0.1964421605351682,
        0.18665537727368803
    ],
    "zerrs": [
        0.02763651287037549,
        0.029568734996532425,
        0.03053874004422829,
        0.02838709711775618,
        0.03317419714657525,
        0.028048753440043726,
        0.031155230611920433,
        0.02691833969054814,
        0.0250651569189681,
        0.02859805501642023,
        0.028790643174201862,
        0.02413090245479577,
        0.029673942457623313,
        0.02312801895646179,
        0.03096489061181908,
        0.03441082322670291,
        0.025452446479365103,
        0.039483489829848346,
        0.02813527419339939,
        0.04516625934581038,
        0.03534062361385463,
        0.03689734910956575,
        0.04251695286677094,
        0.02680991986462857,
        0.08086879532559847,
        0.08449910692211432,
        0.05676077366544077,
        0.05927785704767711,
        0.046970499614010466,
        0.054651012363525465,
        0.050389140045247235,
        0.050817423760249655,
        0.09608789417401357,
        0.05380003528609228,
        0.055667209368384485,
        0.07688822187110883,
        0.04288943025881083,
        0.05087930769278313,
        0.051956571959004084,
        0.0654701643416712,
        0.05155620719031307,
        0.04209998104881401,
        0.03651068913952003,
        0.030173288745665976,
        0.028873023092902277,
        0.030030551124061333,
        0.03301025015010011,
        0.037507423255092466,
        0.0246888510259744,
        0.027781355139474898,
        0.026916552172377553,
        0.019052259080036573,
        0.024064348273196392,
        0.0222261082511741,
        0.026084763019080765,
        0.030738795870200994,
        0.030033700236687517,
        0.02964053151680135,
        0.03074705582926255,
        0.028674567816136497,
        0.03357365877827023,
        0.031672429276320656,
        0.028428440445998075,
        0.02823143578807147
    ]
}