{
    "bins": [
        [
            -1.0,
            -0.75,
            -0.5,
            -0.25,
            0.0,
            0.25,
            0.5,
            0.75,
            1.0
        ],
        [
            0.0,
            0.7853982,
            1.570796,
            2.356194,
            3.141593,
            3.926991,
            4.712389,
            5.497787,
            6.283185
        ]
    ],
    "zvals": [
        0.12801888265086422,
        0.09028184188954946,
        0.09003246761514545,
        0.09959854799916987,
        0.10166504116384302,
        0.07817982729775223,
        0.11810511358572344,
        0.1001291574462884,
        0.05691828680024985,
        0.06338102805992071,
        0.0476707350922717,
        0.07900738350825505,
        0.08830671837717945,
        0.0662871563207444,
        0.08938805548269796,
        0.08856538977690294,
        0.06990986228387078,
        0.03134741655757121,
        0.11539525183410197,
        0.08339837458412859,
        0.07168263733801204,
        0.0748947158001421,
        0.06515738517286779,
        0.06649520370563716,
        0.1042307965564474,
        0.08270331289443388,
        0.06456532866139207,
        0.07320732519394602,
        0.09976134393008382,
        0.04997238597500886,
        0.06717088660780905,
        0.08422516991385262,
        0.06659108717081348,
        0.10072577234109899,
        0.1005446410609653,
        0.04674525941591472,
        0.08203626696273733,
        0.039547246109615776,
        0.06700913422239427,
        0.07220787422427866,
        0.08145992695170425,
        0.06805855580445985,
        0.0748593706630269,
        0.06556835442876806,
        0.05475308060371937,
        0.026280184059546886,
        0.05038070888899642,
        0.06751501786355454,
        0.03520252529226575,
        0.06947903342739183,
        0.08463586614684532,
        0.0681459996765975,
        0.0689821975609818,
        0.09471686966353367,
        0.06568959941329111,
        0.04804561254294003,
        0.12440604014625956,
        0.07518747824350921,
        0.08009070560403772,
        0.09763771025937136,
        0.11564628379496761,
        0.12379272674491153,
        0.11455837677203153,
        0.1480125999811561
    ],
    "zerrs": [
        0.025623556658515546,
        0.021920039428967024,
        0.02186549816612382,
        0.02351417444740046,
        0.02335790131402626,
        0.020203968933931744,
        0.0246391135899966,
        0.022394715285264478,
        0.01902468286755755,
        0.020081511745778338,
        0.018068962397150286,
        0.0228435197224402,
        0.024553029190911364,
        0.02002906183154804,
        0.023106694886623806,
        0.022895947565764137,
        0.023363513663846903,
        0.015704777837460656,
        0.03089187733582712,
        0.026402291485797914,
        0.023928297603840312,
        0.023704084412418627,
        0.02175317303450998,
        0.022193682386429613,
        0.03300490598333617,
        0.029285196227409615,
        0.02441050634515476,
        0.025885435274232795,
        0.030084796086542267,
        0.020412152398053978,
        0.02376149046866139,
        0.02815293708371317,
        0.02720404330704115,
        0.03191810011874364,
        0.029101398155186788,
        0.019102449868488382,
        0.02599608738315474,
        0.017699348680715498,
        0.02371393063242697,
        0.027333836792225136,
        0.027220204578800283,
        0.024089299553177387,
        0.022611024094891467,
        0.020772711500508106,
        0.019412140002692937,
        0.013163708601310706,
        0.019067497982281686,
        0.023919862610390225,
        0.01579846225342665,
        0.021017198677648147,
        0.0218831189358704,
        0.018923578552905572,
        0.01914935742220977,
        0.023005872718858397,
        0.019823070555164263,
        0.018178290499119096,
        0.02545546788870855,
        0.01944890204268456,
        0.019431324837523828,
        0.021312391707535558,
        0.023135772877169652,
        0.02429163243262087,
        0.023911988711629473,
        0.027543230216188642
    ]
}