{
    "bins": [
        [
            -1.0,
            -0.75,
            -0.5,
            -0.25,
            0.0,
            0.25,
            0.5,
            0.75,
            1.0
        ],
        [
            0.0,
            0.7853982,
            1.570796,
            2.356194,
            3.141593,
            3.926991,
            4.712389,
            5.497787,
            6.283185
        ]
    ],
    "zvals": [
        0.0006931592152872262,
        0.0014319866951498972,
        0.0012717862790585159,
        0.0005066596214153571,
        -0.0005591697457849394,
        -0.001495129857728184,
        -0.0015387923065757747,
        -0.0006479079396688051,
        0.0008038134031883444,
        0.0017471411302654525,
        0.0013333402937109595,
        0.0003342874131492401,
        -0.0006881637080817622,
        -0.0018886877735874046,
        -0.0012142490813574778,
        -0.0006027430678458566,
        0.0006836094098509521,
        0.0007744304860543281,
        0.0021270097453775032,
        0.0005070707754911835,
        -0.0007399754010068778,
        -0.00125789981639882,
        -0.0012645252470721853,
        -0.00030731517014303584,
        0.0004275273867447111,
        0.0008078387792784753,
        0.0010420775199325694,
        0.00040441660862822594,
        -0.00042554450100458605,
        -0.0005806946287105392,
        -0.0005688789632772175,
        -0.0003487328972062573,
        -0.0001587827423082966,
        -0.0009131795378087384,
        -0.0014062541539448792,
        -0.00041906989950330983,
        0.0005206287767475852,
        0.0011007422988090116,
        0.0008360739395822247,
        0.00045139646395840085,
        -0.0006454921847287146,
        -0.0018039123613536987,
        -0.0010855851428193096,
        -0.0007535751891713638,
        0.00040581463156259617,
        0.0011916872719309193,
        0.002163320507564318,
        0.0004988992077901906,
        -0.0006670394711879909,
        -0.0016417346725442826,
        -0.0012659095133932098,
        -0.0006440344334535695,
        0.0007926982243397613,
        0.0015590424218039777,
        0.001959459025869687,
        0.0006860867993043019,
        -0.0004997191997638905,
        -0.0011914568642794772,
        -0.0012415249338551923,
        -0.0007205708181446628,
        0.00041711692670467695,
        0.0010247716444401439,
        0.0014052477851993514,
        0.00048186611119457916
    ],
    "zerrs": [
        0.00012410185253734058,
        0.00023067361467408852,
        0.0002036676246134996,
        9.230533944638653e-05,
        0.00010740396584494828,
        0.00021847566377680973,
        0.00023554713487984282,
        0.0001116385377909022,
        0.00017600565592658374,
        0.0003630011328345611,
        0.00030383666016301365,
        0.00011871261012638832,
        0.00016205585022553048,
        0.00038168116004551344,
        0.0002972882939114208,
        0.00014359633570635037,
        0.00019288511678637385,
        0.0002756601293045679,
        0.0004669874548079978,
        0.00016152337998773462,
        0.00020343933892927863,
        0.00035021518586256256,
        0.000329219300996001,
        0.00012690391338300675,
        0.00013889154621759165,
        0.0002819007713905174,
        0.00029244271305111524,
        0.00012300689231468196,
        0.00013501946917087235,
        0.00021233737506578344,
        0.00019346629829946544,
        9.77981854834424e-05,
        8.205082438584976e-05,
        0.00029570796388601596,
        0.0003180918175206239,
        0.00015375587250862402,
        0.00015047421935960423,
        0.00027506935645250734,
        0.0002318247690224923,
        0.00013266621160950738,
        0.00018749750773468607,
        0.00043995267720987245,
        0.0003296857840715688,
        0.00020559651644645895,
        0.00013014329641275224,
        0.00033136727854506977,
        0.0004359338980437516,
        0.00016489748387705,
        0.00015490851755749723,
        0.00034055823961347346,
        0.0003123841186238495,
        0.0001685432670561382,
        0.00017204917879539745,
        0.0003371802116204898,
        0.0003619686197098748,
        0.00015422858874573954,
        0.00010005943820332057,
        0.00020124284329459913,
        0.00020033671607487885,
        0.00011062936778033088,
        8.555490916618292e-05,
        0.00018291304787302156,
        0.0002155865346785648,
        8.301448570060623e-05
    ]
}