{
    "bins": [
        0.0,
        0.7853982,
        1.570796,
        2.356194,
        3.141593,
        3.926991,
        4.712389,
        5.497787,
        6.283185
    ],
    "yvals": [
        -0.00044343786374860544,
        -2.9865960918148738e-05,
        -8.072899345300092e-05,
        0.00015045104462827174,
        -0.001007594620816452,
        -0.0004464866220693203,
        0.00081624157433556,
        -0.0007674454225755607
    ],
    "yerrs": [
        0.0007302881480483492,
        0.0007806275652851802,
        0.0008132755870909462,
        0.0007408444471542029,
        0.0007551732254770005,
        0.0006987860929856621,
        0.0007194289415251655,
        0.0007486271130585938
    ]
}