{
    "bins": [
        [
            -1.0,
            -0.75,
            -0.5,
            -0.25,
            0.0,
            0.25,
            0.5,
            0.75,
            1.0
        ],
        [
            0.0,
            0.7853982,
            1.570796,
            2.356194,
            3.141593,
            3.926991,
            4.712389,
            5.497787,
            6.283185
        ]
    ],
    "zvals": [
        1.5783723466644053e-05,
        1.4008717620548465e-05,
        1.1859108375626117e-05,
        9.30403018083802e-06,
        1.2897165513535808e-05,
        1.3710271734840175e-05,
        1.2201884904214172e-05,
        1.0786704320611973e-05,
        7.253996762406636e-06,
        7.308775247396924e-06,
        6.506474424431945e-06,
        7.532008571439485e-06,
        6.497220517495586e-06,
        7.937422809836544e-06,
        8.50167685682928e-06,
        6.541116733172227e-06,
        5.6541407912572245e-06,
        6.052795156798249e-06,
        4.3726263626849074e-06,
        1.0218749960211306e-05,
        7.309180822971281e-06,
        7.166562685415549e-06,
        4.228632107542928e-06,
        5.865301414060134e-06,
        2.3203063108624386e-06,
        1.5931259293061427e-06,
        1.2973906223341546e-06,
        1.916223982969166e-06,
        1.8188857114482077e-06,
        2.289184846409082e-06,
        1.481976271902908e-06,
        1.9087229659357425e-06,
        -1.66718080077087e-06,
        -1.8241410913043045e-06,
        -1.7392506729072399e-06,
        -2.1947025651929785e-06,
        -1.7408137020975349e-06,
        -1.2163764104313995e-06,
        -3.2327243002910634e-06,
        -1.8330023758654852e-06,
        -5.201330993628454e-06,
        -4.495864388721231e-06,
        -5.751967792125777e-06,
        -2.9885518061520326e-06,
        -3.874248215554405e-06,
        -4.119700330278408e-06,
        -6.657180181258421e-06,
        -4.623014573502862e-06,
        -7.212402574897676e-06,
        -7.2445326432032275e-06,
        -7.432084115314785e-06,
        -9.841301045710526e-06,
        -6.349158006513893e-06,
        -8.047960397148964e-06,
        -9.27179850216069e-06,
        -6.492356741422821e-06,
        -1.2802025774950845e-05,
        -1.1777517074786814e-05,
        -1.422424299527119e-05,
        -1.7339976241375406e-05,
        -1.2752286102078177e-05,
        -1.0361213041031429e-05,
        -1.2346718479038656e-05,
        -1.2826011780014722e-05
    ],
    "zerrs": [
        2.1682941712977297e-06,
        2.112944054504e-06,
        2.007461450835016e-06,
        1.7940550484788236e-06,
        2.067323058278779e-06,
        2.0673851638738724e-06,
        1.9057381188600792e-06,
        1.7733980984619933e-06,
        1.4514806829813717e-06,
        1.5598863496285948e-06,
        1.5790241902487095e-06,
        1.728366885682274e-06,
        1.5324140554861787e-06,
        1.5882025719489448e-06,
        1.5791049256553208e-06,
        1.3641115546595507e-06,
        1.160019867516619e-06,
        1.3302643282054122e-06,
        1.2664606552758005e-06,
        1.911484975883873e-06,
        1.5026703519613292e-06,
        1.364626947041793e-06,
        1.0317646612952497e-06,
        1.1790422833257105e-06,
        5.75171531492128e-07,
        4.4445260186006486e-07,
        4.5253612474817777e-07,
        5.331295061110587e-07,
        5.373086478947301e-07,
        5.496525381412601e-07,
        4.7216506205434066e-07,
        4.800137453104009e-07,
        4.7636910709359954e-07,
        4.96801632316385e-07,
        5.203915371087442e-07,
        5.801680222772572e-07,
        4.7119980707638207e-07,
        3.631258507986792e-07,
        7.402463392726858e-07,
        5.171252475443201e-07,
        1.2369388902550382e-06,
        1.1311428659597148e-06,
        1.2580658796069504e-06,
        8.664154516296916e-07,
        9.737752714251236e-07,
        1.070217615052773e-06,
        1.43147411298854e-06,
        1.243224941079104e-06,
        1.6133185314145585e-06,
        1.5449443528145335e-06,
        1.517290344286212e-06,
        1.6881882378214508e-06,
        1.3542388346169385e-06,
        1.611309603581833e-06,
        1.8551078683768305e-06,
        1.5747523852187875e-06,
        2.0512320421768096e-06,
        1.9371756777988834e-06,
        2.0750531021936374e-06,
        2.257507824032421e-06,
        1.9448430303140942e-06,
        1.804436967544577e-06,
        2.031645212943192e-06,
        2.0834380587450976e-06
    ]
}