{
    "bins": [
        [
            -1.0,
            -0.75,
            -0.5,
            -0.25,
            0.0,
            0.25,
            0.5,
            0.75,
            1.0
        ],
        [
            0.0,
            0.7853982,
            1.570796,
            2.356194,
            3.141593,
            3.926991,
            4.712389,
            5.497787,
            6.283185
        ]
    ],
    "zvals": [
        0.03222081741465666,
        0.029356583377238895,
        0.019893424734975136,
        0.013165720862898985,
        0.02210429361928601,
        0.02153446278192713,
        0.015109144662960693,
        0.02806296425506559,
        0.002300669392927053,
        0.003223794617199081,
        0.0004972269855538213,
        0.0024054677940766414,
        0.004220466056699914,
        0.0009758955332201001,
        0.000871014695733883,
        0.0028699069770995096,
        -0.009991527864464167,
        -0.007746184162980848,
        -0.006364289188411482,
        -0.010318179676826683,
        -0.011285004545466116,
        -0.020846862355137146,
        -0.0055686008877027975,
        -0.014268526275849954,
        -0.01571603805560033,
        -0.02390407001394707,
        -0.038415259524470405,
        -0.01324838967200111,
        -0.028383678084232446,
        -0.01729840921418186,
        -0.01364475081423686,
        -0.012684071006037705,
        -0.015851948731229585,
        -0.016171647030332907,
        -0.018578106896121462,
        -0.021521443240951413,
        -0.03051637004423234,
        -0.026594363622010755,
        -0.031516209616016345,
        -0.0176995204978877,
        -0.008783794004111544,
        -0.007903067719313704,
        -0.008243168431801458,
        -0.008332417026250353,
        -0.009251716963883277,
        -0.016186137474248727,
        -0.004365144296267626,
        -0.005281541333183941,
        0.004702122821264423,
        0.00253343210281465,
        0.0025786824005154083,
        0.0011010989318804838,
        0.0031591524297235277,
        0.0037124000825059403,
        0.0024100723454859837,
        0.0009891927404959016,
        0.023605895709972343,
        0.02239469985783001,
        0.02318341528753575,
        0.03301084926260411,
        0.022711898935316863,
        0.015707307632563366,
        0.020256807376642167,
        0.023083221500436724
    ],
    "zerrs": [
        0.007191148405388378,
        0.006991768624339347,
        0.005641157624170816,
        0.004682101349912717,
        0.006402696507498563,
        0.0062523122454517166,
        0.005100859929560368,
        0.006863572769570408,
        0.0017581352597362055,
        0.0014731904898759771,
        0.0008677919833606839,
        0.0013335598956508276,
        0.001886100287913893,
        0.0015958742061480886,
        0.0008710148573925971,
        0.0015634597673274046,
        0.0038923711997640416,
        0.003450127996114232,
        0.002760415855535304,
        0.004488120511398588,
        0.005512344380595236,
        0.008972795474868704,
        0.0033027559899816575,
        0.005341154651042974,
        0.007034931029226803,
        0.008523476867902221,
        0.012246741414313391,
        0.007678369068500695,
        0.011635995329300429,
        0.010020604059525203,
        0.009683235779336363,
        0.00747100840317878,
        0.00712547407755996,
        0.007259552110247991,
        0.008377885439020183,
        0.009684218525338796,
        0.01168367363869575,
        0.011978161571778818,
        0.013205353881847506,
        0.008897294839681432,
        0.003840724491225586,
        0.004061786577862439,
        0.004317903533504448,
        0.0039209786259238,
        0.004299534587046396,
        0.005910328178695721,
        0.0022333209881938085,
        0.0032953595164193473,
        0.0018290208188160737,
        0.0014748471554678225,
        0.0015486008326779594,
        0.0010091312867353723,
        0.0012634157885218114,
        0.001783476954875096,
        0.001395448247423847,
        0.001085091151345767,
        0.006146923850871536,
        0.005861247522357411,
        0.006048508260648697,
        0.007140617630806931,
        0.00593837955235789,
        0.005000588623825357,
        0.005672804484572436,
        0.0058667884089843424
    ]
}