{
    "bins": [
        -1.0,
        -0.75,
        -0.5,
        -0.25,
        0.0,
        0.25,
        0.5,
        0.75,
        1.0
    ],
    "yvals": [
        0.15262456,
        0.013122444,
        -0.04781204,
        -0.1532036,
        -0.14205372,
        -0.06223684,
        0.015325576,
        0.15991096
    ],
    "yerrs": [
        0.013523029246437352,
        0.003180058364244279,
        0.008317910314496062,
        0.022732362833634345,
        0.02220666926848779,
        0.010374444756226715,
        0.0031852861723870277,
        0.013938969832810458
    ]
}