{
    "bins": [
        0.0,
        0.7853982,
        1.570796,
        2.356194,
        3.141593,
        3.926991,
        4.712389,
        5.497787,
        6.283185
    ],
    "yvals": [
        -0.0018262927009509316,
        0.0017406465869906943,
        0.0020785334314576817,
        -0.0016458589837776724,
        -0.001870372728221869,
        0.0013849946141956057,
        0.0019732759696357775,
        -0.0018412982971690792
    ],
    "yerrs": [
        0.0002934034461035831,
        0.00027746964201006525,
        0.0003005547229794311,
        0.0002554016788654746,
        0.0002762355902381101,
        0.00022205207370729616,
        0.00028087355640230954,
        0.00028805367293934506
    ]
}