{
    "bins": [
        0.0,
        0.7853982,
        1.570796,
        2.356194,
        3.141593,
        3.926991,
        4.712389,
        5.497787,
        6.283185
    ],
    "yvals": [
        -0.00032251003376376465,
        0.00014176994129599038,
        0.00016475583080170824,
        -0.00032357769745059524,
        -0.00032316405185651086,
        0.0004190043773984656,
        -0.0003511690887931979,
        5.693230693228148e-05
    ],
    "yerrs": [
        0.0005689337822845003,
        0.0004979912202889983,
        0.0005299474324463011,
        0.0005439973300342824,
        0.0005532072394367354,
        0.0005256602589251867,
        0.0005492246510780708,
        0.0005733881078860365
    ]
}