{
    "bins": [
        0.0,
        0.7853982,
        1.570796,
        2.356194,
        3.141593,
        3.926991,
        4.712389,
        5.497787,
        6.283185
    ],
    "yvals": [
        0.12488079295317968,
        0.1038552565336954,
        0.10511322921626999,
        0.1147648392727773,
        0.11472136420006158,
        0.10506485883590233,
        0.12274153995808497,
        0.09333852390762393
    ],
    "yerrs": [
        0.01490041657612372,
        0.013649775590800871,
        0.01413420066047231,
        0.016914297240706117,
        0.015160094873278655,
        0.013431569632265477,
        0.0163234011411064,
        0.013498233691621536
    ]
}