{
    "bins": [
        0.0,
        0.7853982,
        1.570796,
        2.356194,
        3.141593,
        3.926991,
        4.712389,
        5.497787,
        6.283185
    ],
    "yvals": [
        2.6363200221238093e-05,
        -9.848152108396535e-05,
        1.977085503146176e-06,
        4.5841425823053004e-05,
        -3.65754560108378e-05,
        0.00010414748955306739,
        0.00011050221671050858,
        -1.0197753241031938e-07
    ],
    "yerrs": [
        8.113091592204097e-05,
        0.00016388786748799361,
        0.00015041758945562168,
        7.057751192199023e-05,
        7.594783145962496e-05,
        0.00016725593344538224,
        0.00014360762256600677,
        6.859942677813468e-05
    ]
}