{
    "bins": [
        0.0,
        0.7853982,
        1.570796,
        2.356194,
        3.141593,
        3.926991,
        4.712389,
        5.497787,
        6.283185
    ],
    "yvals": [
        0.00041981863467474204,
        0.0011224618912861737,
        0.0012189053193412769,
        0.0004184266850352496,
        -0.0004366402766495457,
        -0.001247565565483997,
        -0.0010511942989414286,
        -0.00045131118235595215
    ],
    "yerrs": [
        6.622196778820416e-05,
        0.0001623011139887117,
        0.00016397569051961841,
        6.0265189375670446e-05,
        6.927688326823156e-05,
        0.00017515763432885553,
        0.0001523480248715024,
        6.70078181233906e-05
    ]
}