{
    "bins": [
        0.0,
        0.7853982,
        1.570796,
        2.356194,
        3.141593,
        3.926991,
        4.712389,
        5.497787,
        6.283185
    ],
    "yvals": [
        -0.013236725014139325,
        -0.06426576443173128,
        -0.026423291121189515,
        -0.027115708066855194,
        -0.027177851229567673,
        -0.04080416553136118,
        -0.04075727210917268,
        -0.0475019034935154
    ],
    "yerrs": [
        0.014141535713294363,
        0.02024219573317698,
        0.015545272612987437,
        0.013586990725353057,
        0.015350235329507689,
        0.017975323481966496,
        0.016747750419077896,
        0.01524987336959723
    ]
}