{
    "bins": [
        0.0,
        0.7853982,
        1.570796,
        2.356194,
        3.141593,
        3.926991,
        4.712389,
        5.497787,
        6.283185
    ],
    "yvals": [
        0.007263961134619356,
        0.002687607477382799,
        -0.003683520966439946,
        -0.00748248469886007,
        -0.009416885451707284,
        -0.0032073814804723217,
        0.0032060853223461233,
        0.0070860799238093315
    ],
    "yerrs": [
        0.0007618344168273455,
        0.00035362958274886717,
        0.00043043829789791223,
        0.0008471485287725087,
        0.0010106143985702165,
        0.00037819832736252923,
        0.0003453414839617537,
        0.000716899820239638
    ]
}