{
    "bins": [
        -1.0,
        -0.75,
        -0.5,
        -0.25,
        0.0,
        0.25,
        0.5,
        0.75,
        1.0
    ],
    "yvals": [
        1.1900804e-05,
        6.234752e-05,
        -0.00011321448,
        -0.0006522744,
        0.0011407648,
        -0.00024786928,
        6.265536e-05,
        1.2743732e-05
    ],
    "yerrs": [
        3.753135649027357e-05,
        0.00011854190820127707,
        0.0002752525531216741,
        0.0005011423749794065,
        0.0005733692701915582,
        0.0003243632531591703,
        0.00012261509858088439,
        3.609095399127044e-05
    ]
}