{
    "bins": [
        [
            -1.0,
            -0.75,
            -0.5,
            -0.25,
            0.0,
            0.25,
            0.5,
            0.75,
            1.0
        ],
        [
            0.0,
            0.7853982,
            1.570796,
            2.356194,
            3.141593,
            3.926991,
            4.712389,
            5.497787,
            6.283185
        ]
    ],
    "zvals": [
        0.08228641216646536,
        0.07575697309057906,
        0.08168785762123155,
        0.09031786391375593,
        0.10371633235633396,
        0.07664878189147414,
        0.06188541351009298,
        0.08082353150886559,
        0.02119713541487617,
        0.06513830316305953,
        0.06581621037996024,
        0.04152306279992717,
        0.0464911395241648,
        0.055658252249178135,
        0.05543034232325523,
        0.06325103960030456,
        0.07722156735271356,
        0.04283453811558932,
        0.06750849887572927,
        0.05072941523989718,
        0.0923604592830641,
        0.0682220733946356,
        0.04453634463036576,
        0.07426135538924215,
        0.13988506721813215,
        0.10725250312644115,
        0.056662481951825716,
        0.04876304146045513,
        0.07180940109345832,
        0.09275745545570528,
        0.06407207555914328,
        0.031314273782209794,
        0.06389614847602146,
        0.05662638729061884,
        0.05669059508682223,
        0.09428787151498792,
        0.04129998803154577,
        0.03748644636222655,
        0.06367385707628491,
        0.05712945538440384,
        0.01966425184065866,
        0.04159660747712815,
        0.06288429560554014,
        0.04388840321925544,
        0.04551319458414713,
        0.046913208335137103,
        0.0570191928168903,
        0.04368506667956883,
        0.025024075685429376,
        0.0489478121787456,
        0.0223780350853962,
        0.03799336642903798,
        0.053299040741127415,
        0.06304304314500421,
        0.06722930285027466,
        0.06868833381292035,
        0.1173113969448873,
        0.09540704086515138,
        0.11216784356466407,
        0.09354144835936894,
        0.07815380227604346,
        0.07106557439667532,
        0.09030483907522048,
        0.05205157130524907
    ],
    "zerrs": [
        0.02059735378816525,
        0.020312013862353366,
        0.021125960805753866,
        0.021346381048619866,
        0.02266505911821657,
        0.019168710540566538,
        0.017169165551185778,
        0.02023116117315747,
        0.012255180789884993,
        0.021796092052612983,
        0.02205091380852905,
        0.01707317746059061,
        0.016466561921722554,
        0.01762095449352442,
        0.01755642113416747,
        0.020070033522173923,
        0.027430763195660745,
        0.021464427037473213,
        0.02776962353468911,
        0.02280966894268158,
        0.02676461289143428,
        0.02161165312860314,
        0.01827653678337781,
        0.024877210935154197,
        0.04224097904431436,
        0.0379362798485819,
        0.028348872358699508,
        0.024499934942161874,
        0.025457389952747003,
        0.02679293025704563,
        0.02425014560304609,
        0.01811705269119706,
        0.028638744536770067,
        0.025335996799164064,
        0.025500411814859496,
        0.03156951300175611,
        0.018526719920975522,
        0.016772484232233143,
        0.024179748557782862,
        0.025668095197887042,
        0.013924954522638401,
        0.018624142649979396,
        0.022507019454874388,
        0.017996098274003204,
        0.0172601959002407,
        0.017761062820329073,
        0.02017393735126819,
        0.019696712859329498,
        0.01255864876602192,
        0.017319188721952174,
        0.011206726700249357,
        0.014393135019911423,
        0.016886835163370237,
        0.01823250243556617,
        0.0194720356793404,
        0.02082858443356219,
        0.023512146566290575,
        0.020846564393869053,
        0.02246416510735221,
        0.020426937670377936,
        0.01842866733564065,
        0.017774938490253894,
        0.02021939454642379,
        0.01572590936694033
    ]
}