{
    "bins": [
        [
            -1.0,
            -0.75,
            -0.5,
            -0.25,
            0.0,
            0.25,
            0.5,
            0.75,
            1.0
        ],
        [
            0.0,
            0.7853982,
            1.570796,
            2.356194,
            3.141593,
            3.926991,
            4.712389,
            5.497787,
            6.283185
        ]
    ],
    "zvals": [
        0.0003300253552911122,
        0.0002025008982709144,
        -0.00037810608124797885,
        -0.0002707042407744344,
        0.0003542943577651075,
        0.0003453577931189028,
        -0.0001782374286667397,
        -0.0005511040262389261,
        0.00020016684530216645,
        0.001386433728233005,
        -0.0008539751820096309,
        -0.0007676271551147887,
        0.0006675351859821387,
        0.0007324561559871557,
        -0.0006602278080667382,
        -0.001085037140405247,
        0.0020195050103246986,
        0.001743642266377624,
        -0.0021913552109885694,
        -0.0016708317683113935,
        0.002107458384156822,
        0.0021082228373385217,
        -0.0011118444406530196,
        -0.0021975599632288348,
        0.004392045716427667,
        0.004098003839582948,
        -0.0019784970167991264,
        -0.00159231015063681,
        0.0020467177150947664,
        0.003332151597024694,
        -0.0025571060787014993,
        -0.0011903274518142396,
        0.002475251407502589,
        0.0018698901372018104,
        -0.002186601442835353,
        -0.0032182490683079555,
        0.0013821980702777442,
        0.001534531027580921,
        -0.002069279524521326,
        -0.0019511422234332152,
        0.000501007412545636,
        0.0012381878329682104,
        -0.0018808843414421738,
        -0.0009620302546858349,
        0.0010395549772217393,
        0.0013659866717256732,
        -0.0015622550604916239,
        -0.0013336713360614621,
        0.0005549791175992,
        0.0008112480070608805,
        -0.00039939159508936876,
        -0.00045960715508932404,
        0.000788585150458748,
        0.0009123002605048653,
        -0.001065660467686447,
        -0.0011458506387844126,
        0.0005453121741302692,
        0.00026631981907766994,
        -0.00038160626841423083,
        -0.00043040202495801496,
        0.0001640116221329822,
        0.0002280795723951424,
        -0.0003039137354564183,
        -0.0002944445491330511
    ],
    "zerrs": [
        0.00010535001092465246,
        8.262365929427519e-05,
        0.00012709090735313076,
        0.00011733074431734995,
        0.00011111421349635428,
        0.00011049174774486502,
        6.460121179296885e-05,
        0.00017245199179779738,
        0.0001262487775342758,
        0.0004862450827518757,
        0.0003349086391912099,
        0.0003697102409760635,
        0.0002825162316423732,
        0.00028018789233955364,
        0.0002482802741612856,
        0.0003894595287075437,
        0.0008389908963112203,
        0.0008780653902647254,
        0.0009754281456160659,
        0.000814552635936755,
        0.0007439832090451647,
        0.000732745163048072,
        0.0005475719941048379,
        0.0008335179785087625,
        0.001444024589098261,
        0.0014862134987237408,
        0.0010565952463247417,
        0.0009483281798480883,
        0.0008120652836480261,
        0.001062362975428029,
        0.001041390989680289,
        0.000763581011128984,
        0.0011262386447458757,
        0.0009084237056736886,
        0.001080291689586762,
        0.0011624035137035617,
        0.0006763261948194605,
        0.0007024174965777057,
        0.0009307620932211002,
        0.0009358843015685936,
        0.00037497270763962404,
        0.0006009825070426955,
        0.0006930314343204811,
        0.0004610773357621478,
        0.0004326716019955036,
        0.0005675768900283932,
        0.000581924696210112,
        0.0006172536330229258,
        0.0002894854945471174,
        0.00030910628810635585,
        0.00020617932001227866,
        0.00019902012149414014,
        0.00030627932222158965,
        0.0002985555085454424,
        0.00036664556317685793,
        0.00041966654734059534,
        0.00014947588621629231,
        8.30962671366114e-05,
        9.607541948186631e-05,
        0.00011977245456495926,
        5.677258523078821e-05,
        7.49773724645046e-05,
        9.815644101966575e-05,
        0.00011261245775913264
    ]
}