{
    "bins": [
        [
            -1.0,
            -0.75,
            -0.5,
            -0.25,
            0.0,
            0.25,
            0.5,
            0.75,
            1.0
        ],
        [
            0.0,
            0.7853982,
            1.570796,
            2.356194,
            3.141593,
            3.926991,
            4.712389,
            5.497787,
            6.283185
        ]
    ],
    "zvals": [
        -0.0011530324362851862,
        -0.0014029532550256698,
        0.0008447141449303413,
        0.0008314917640587779,
        -0.0011092633289109467,
        -0.0012665955350026359,
        0.0010152422084089851,
        0.0010238243540217828,
        -0.0018502675458130665,
        -0.002389917567887254,
        0.003286909821517244,
        0.0032685236421233035,
        -0.002262135121301556,
        -0.004285999200405401,
        0.0026219150036032694,
        0.0018616288811532501,
        -0.007596381045945865,
        -0.0057718012451779205,
        0.0069009444892907815,
        0.003315409365176172,
        -0.0028757638802237835,
        -0.004771314416385069,
        0.006579171324602305,
        0.00469342931863845,
        -0.013365709266968017,
        -0.006296233577430443,
        0.010518534551908716,
        0.007666600033868137,
        -0.011811229465824967,
        -0.008201289027983267,
        0.009234767595537551,
        0.0079606721687603,
        -0.006557290301913093,
        -0.013059354126023779,
        0.005392384498050671,
        0.010820441584468531,
        -0.00994342740877873,
        -0.01202770060529821,
        0.008997293092164738,
        0.009368941606675852,
        -0.0029846658675815657,
        -0.006331660210914774,
        0.004408243463823438,
        0.00735642902524704,
        -0.003699042269015199,
        -0.0069582963032755385,
        0.006062826745166147,
        0.004490023656795664,
        -0.002148043120037708,
        -0.002213116461492507,
        0.00277226425328305,
        0.002191273989399019,
        -0.003737138113415108,
        -0.0034243336499456337,
        0.002941448284818653,
        0.0035024031128166877,
        -0.0013896283439406914,
        -0.0012504791839243758,
        0.0010407553877142546,
        0.0015081674410076917,
        -0.0010161767664292496,
        -0.0009579739189557398,
        0.0009582835708774407,
        0.0010486438722787685
    ],
    "zerrs": [
        0.00023397627471334379,
        0.00025494482433759173,
        0.00018606783477780465,
        0.00017675085011655103,
        0.000240519981057129,
        0.0002485198686071889,
        0.00023802880944080862,
        0.00021915092963630868,
        0.000559261744268747,
        0.0006974057740853492,
        0.0007149907144844002,
        0.0007090657870260464,
        0.0006057479307771274,
        0.000911260071148214,
        0.0007017020391186152,
        0.0006113615508088114,
        0.001871580623728039,
        0.001568164396915377,
        0.0015428565022640936,
        0.0009682016633879928,
        0.0011131547618654606,
        0.0015450839742289126,
        0.0018002317811898025,
        0.0013448937451415797,
        0.0035031462413128334,
        0.0024963124114139226,
        0.002658785211673742,
        0.002027849173458272,
        0.0032697234620970967,
        0.002720606674787705,
        0.0028186812549184886,
        0.0024869108222025683,
        0.002457643253447001,
        0.00373770565927996,
        0.0019925593646065573,
        0.002720468301691465,
        0.003194267331090446,
        0.0036469126729077373,
        0.0027749384623265527,
        0.0027591522075486397,
        0.0012973349455881627,
        0.0019177251930369268,
        0.0013519033660494054,
        0.0017652617999491275,
        0.001362716109340642,
        0.0018627695970458375,
        0.0015311974115880082,
        0.001379960401893566,
        0.0006123262718951048,
        0.0006375849610225647,
        0.0007025598360859579,
        0.0006162121366426992,
        0.0008706222774289346,
        0.0007698187732542668,
        0.0007108156562292778,
        0.0007493647031459078,
        0.0002721391945644902,
        0.000255275013212985,
        0.0002508329217703936,
        0.0002917642797486675,
        0.00023740970293269236,
        0.00021556084595509748,
        0.00021458735158981032,
        0.00021461140435536803
    ]
}