{
    "bins": [
        0.0,
        0.7853982,
        1.570796,
        2.356194,
        3.141593,
        3.926991,
        4.712389,
        5.497787,
        6.283185
    ],
    "yvals": [
        -0.0025011962084965306,
        -0.0013216003406172005,
        0.0012587255124153617,
        0.00297078682300334,
        0.0022249700152024827,
        0.0013719171681109454,
        -0.0009309075144067087,
        -0.0032639005956215834
    ],
    "yerrs": [
        0.0004135269375193275,
        0.00022919496589624523,
        0.0002578502693638379,
        0.0005233902623430349,
        0.0003343466162412037,
        0.00018236883631343522,
        0.00016618735510617424,
        0.0005111662212201294
    ]
}