{
    "bins": [
        -1.0,
        -0.75,
        -0.5,
        -0.25,
        0.0,
        0.25,
        0.5,
        0.75,
        1.0
    ],
    "yvals": [
        0.0010089712,
        0.0018179388,
        -0.00621806,
        0.0008272012,
        -0.0034081976,
        -0.004071668,
        0.0021762844,
        0.0012340412
    ],
    "yerrs": [
        0.001269866134677195,
        0.0022108872427150147,
        0.004184890918530614,
        0.0056253625660929625,
        0.004964854076405469,
        0.0037465832968185827,
        0.0022157418622213193,
        0.0010984928584201173
    ]
}