{
    "bins": [
        0.0,
        0.7853982,
        1.570796,
        2.356194,
        3.141593,
        3.926991,
        4.712389,
        5.497787,
        6.283185
    ],
    "yvals": [
        -0.0033021453321385253,
        -0.0033976845873517855,
        0.002979288208016828,
        0.0036332157285659905,
        -0.002962047267754692,
        -0.0038988500098039477,
        0.0029387571651570293,
        0.004060489076875674
    ],
    "yerrs": [
        0.0004865414436986504,
        0.0004727365899023318,
        0.00039105016988389763,
        0.00046585138896578876,
        0.00043440565176776103,
        0.0005137143170272257,
        0.000417257800372592,
        0.0005480755376414656
    ]
}