{
    "bins": [
        [
            -1.0,
            -0.75,
            -0.5,
            -0.25,
            0.0,
            0.25,
            0.5,
            0.75,
            1.0
        ],
        [
            0.0,
            0.7853982,
            1.570796,
            2.356194,
            3.141593,
            3.926991,
            4.712389,
            5.497787,
            6.283185
        ]
    ],
    "zvals": [
        3.63814228247531e-05,
        7.054636516679827e-05,
        5.2530003896113826e-05,
        3.602324423636903e-05,
        -3.0701728295717573e-05,
        -6.85896322628782e-05,
        -5.056070425440351e-05,
        -2.4590533716663404e-05,
        3.334412021825362e-05,
        6.888213845264145e-05,
        7.825698563021552e-05,
        3.052139358466206e-05,
        -2.4994721147749286e-05,
        -6.636660648486501e-05,
        -6.773330209651669e-05,
        -3.3219829946091034e-05,
        3.6317185346235834e-05,
        6.754498166406883e-05,
        5.4759039366028444e-05,
        3.970697696330145e-05,
        -3.752196975291507e-05,
        -8.826373380120653e-05,
        -7.92934537648428e-05,
        -2.7827236636711585e-05,
        1.132430912115663e-05,
        3.6792239550454556e-05,
        3.055835130723532e-05,
        1.3276156450415651e-05,
        -7.258785991306316e-06,
        -5.672008332081315e-05,
        -4.8295193010422746e-05,
        -1.4223112358320245e-05,
        -2.9943755918972055e-05,
        -5.104715088328487e-05,
        -3.810859207688332e-05,
        -5.997731089548115e-06,
        5.6575646996809245e-06,
        4.3135882698962825e-05,
        4.478817109287267e-05,
        1.6897435440375456e-05,
        -3.406158048235914e-05,
        -8.820610396413129e-05,
        -0.00010032498172900875,
        -3.7601499365290764e-05,
        3.9586247991464187e-05,
        4.508569667862664e-05,
        8.208714562553002e-05,
        1.3355969839495392e-05,
        -2.651821712858522e-05,
        -4.350452216698341e-05,
        -5.69536464314908e-05,
        -2.7240172192732614e-05,
        2.4544243810144654e-05,
        7.628555203858427e-05,
        7.001774896294619e-05,
        3.321737004677884e-05,
        -2.518097953369386e-05,
        -5.779542545191749e-05,
        -6.778800047873818e-05,
        -3.24390278062488e-05,
        2.6446387691336104e-05,
        6.910763714702611e-05,
        5.8016750742935444e-05,
        2.8494643480120915e-05
    ],
    "zerrs": [
        5.946924231880529e-06,
        1.1049764454398917e-05,
        9.675178993607833e-06,
        6.047685715544838e-06,
        5.359910732422816e-06,
        1.1252201619690027e-05,
        9.552063309297925e-06,
        5.0426070723187555e-06,
        8.559970027050936e-06,
        1.5962137018518124e-05,
        1.733704965852148e-05,
        8.513226631371382e-06,
        6.657351042690721e-06,
        1.6196635344084762e-05,
        1.575184862418282e-05,
        7.870504050660102e-06,
        1.0226025443643652e-05,
        1.756157366528476e-05,
        1.6545111264521988e-05,
        1.1552856766173387e-05,
        1.1026384956742001e-05,
        2.147445523096909e-05,
        1.9913841845006903e-05,
        8.770276922088153e-06,
        4.475652204343673e-06,
        1.1502315785409944e-05,
        1.0995388790463634e-05,
        5.010358291442354e-06,
        4.265751506654609e-06,
        1.5326696226233856e-05,
        1.2669428882841668e-05,
        5.03981140590828e-06,
        9.061996683172924e-06,
        1.3672780815150384e-05,
        1.1280377010577561e-05,
        2.9804192753643745e-06,
        2.197241563645956e-06,
        1.2909172919035823e-05,
        1.2615472838302158e-05,
        5.719273042433977e-06,
        9.512152601237644e-06,
        2.0892159682791044e-05,
        2.2025579647897365e-05,
        1.073242128213002e-05,
        1.0489658943911899e-05,
        1.5128713213768919e-05,
        2.0628132202397134e-05,
        5.88186962716067e-06,
        7.574564086892622e-06,
        1.2686098528985603e-05,
        1.434622705480237e-05,
        7.167259410869902e-06,
        6.689409541242262e-06,
        1.6869769223733562e-05,
        1.6356417410123112e-05,
        8.546076655817591e-06,
        5.283778800894733e-06,
        1.01030923471586e-05,
        1.1002299697871559e-05,
        5.617162103988763e-06,
        4.754488173501614e-06,
        1.1568336003408212e-05,
        9.896260658983086e-06,
        5.508423320040021e-06
    ]
}