{
    "bins": [
        [
            -1.0,
            -0.75,
            -0.5,
            -0.25,
            0.0,
            0.25,
            0.5,
            0.75,
            1.0
        ],
        [
            0.0,
            0.7853982,
            1.570796,
            2.356194,
            3.141593,
            3.926991,
            4.712389,
            5.497787,
            6.283185
        ]
    ],
    "zvals": [
        -0.0020531078375275115,
        -0.003926224392276118,
        -0.005459509700814111,
        -0.0010899300864910702,
        0.0019724771389792173,
        0.003499919785891994,
        0.0036670121390683457,
        0.0023690292055747538,
        -0.0019596678474689652,
        -0.0036480417948713375,
        -0.0028923373881777144,
        -0.0024965863210928457,
        0.0019084856340352274,
        0.003557150387446875,
        0.005520497887695157,
        0.001453886564518881,
        -0.0015744889662339435,
        -0.0037761180385277367,
        -0.0036004064181472334,
        -0.0022169755754718303,
        0.0016665058989200376,
        0.0048241966493421185,
        0.002481626894899147,
        0.001371418822049458,
        -0.0009387146545535754,
        -0.002500745991394425,
        -0.0018146458228821569,
        -0.0005754547688499731,
        0.0007605336402690099,
        0.0021992518442878646,
        0.002256827239183192,
        0.00030561020017876294,
        0.0008819597498440917,
        0.0009322929094020888,
        0.0026019969493174164,
        0.0006060460988618525,
        -0.0009937163068915375,
        -0.0027988520469876426,
        -0.0029306507019371078,
        -0.0007773999933791531,
        0.00237902760663317,
        0.004177940401666518,
        0.004769933205839588,
        0.0016196165261223913,
        -0.0013810302547243559,
        -0.0031917152832067314,
        -0.0065618348913544485,
        -0.0018497541373927618,
        0.0013553379674157643,
        0.00673515000933285,
        0.004492577775853772,
        0.002093012596145399,
        -0.0015393851270311353,
        -0.006499660044970832,
        -0.002810291852029163,
        -0.0019624974853513764,
        0.0010801399850419826,
        0.004756381033916826,
        0.004401107718634375,
        0.0017568222011996452,
        -0.0017052617908372564,
        -0.0031106944504569667,
        -0.0046295748142979746,
        -0.0022978270889408943
    ],
    "zerrs": [
        0.0004525170083695298,
        0.0007884633260802852,
        0.0009088395393342345,
        0.00029612588277410913,
        0.000383413348817856,
        0.0006541417940993768,
        0.0007428384403346773,
        0.0004456245913285189,
        0.0005672508113720937,
        0.00110989259015975,
        0.0009259476122659946,
        0.0006071325191162774,
        0.0004671170203995845,
        0.000999163451363173,
        0.001246629819336108,
        0.00043930491873038296,
        0.000623911253107664,
        0.001343653299387962,
        0.0012275428550893243,
        0.0006390377267502706,
        0.0005382783290118257,
        0.0013016180058371622,
        0.0009426032943354601,
        0.00048419237845979675,
        0.0003883187227218516,
        0.0010413995987813627,
        0.0007336527548826364,
        0.00024020348938238193,
        0.0002693470128845121,
        0.0007401974568547884,
        0.0007666779866771175,
        0.0001885046566705964,
        0.0003364827546174419,
        0.0005454023354443846,
        0.000912996011072504,
        0.00025450239619434706,
        0.0004085536855930111,
        0.0009534494426984799,
        0.0009371752173835154,
        0.00032414887164462455,
        0.000678871043741648,
        0.001324184332417668,
        0.0013385489640096557,
        0.0005751587694574757,
        0.0005558759116942496,
        0.0011394504690826223,
        0.001653963114767422,
        0.0005487717344800128,
        0.00047747139387084066,
        0.0014568018125019817,
        0.0011671240344029714,
        0.000589695535118474,
        0.0005330842061093465,
        0.0014683282363117788,
        0.0009003643270051407,
        0.0005977578725723595,
        0.00028237344864938234,
        0.0008454429539821658,
        0.0007953576786622229,
        0.0003755199532726647,
        0.0003920373976835689,
        0.0007063306536807491,
        0.000853939681583941,
        0.00043265433633639226
    ]
}