{
    "bins": [
        [
            -1.0,
            -0.75,
            -0.5,
            -0.25,
            0.0,
            0.25,
            0.5,
            0.75,
            1.0
        ],
        [
            0.0,
            0.7853982,
            1.570796,
            2.356194,
            3.141593,
            3.926991,
            4.712389,
            5.497787,
            6.283185
        ]
    ],
    "zvals": [
        0.11759690816709281,
        0.09881331473044615,
        0.10977466201849255,
        0.09372418350418069,
        0.1154265226038263,
        0.08201406166045752,
        0.12886297138520855,
        0.12713467566762332,
        0.054703206602714397,
        0.09643485123080303,
        0.07546573838996282,
        0.0949662018922866,
        0.059996383998940646,
        0.05220904560490351,
        0.06000677363578722,
        0.06045398638651997,
        0.05782763444072064,
        0.0691949480887265,
        0.06085964058986655,
        0.056680286071156195,
        0.07629604353461554,
        0.09137150845813206,
        0.10657231110850807,
        0.0658037835594183,
        0.08367184951531592,
        0.04852865134076005,
        0.03136257031466849,
        0.0727495196708934,
        0.04718878835953235,
        0.09997596123239429,
        0.12329896434673887,
        0.10336125123822573,
        0.08206018297469996,
        0.12140757206093523,
        0.12052330156175597,
        0.10301683602856639,
        0.16717063195984705,
        0.08085398740511182,
        0.021167331722260565,
        0.03927148783164715,
        0.04562349137036474,
        0.08908535267096496,
        0.07015811091955927,
        0.06176646519794397,
        0.06498860450370383,
        0.05830180367151432,
        0.060313980937053584,
        0.07104204492499346,
        0.09124553634067407,
        0.03127821850277655,
        0.04344359929615304,
        0.08787253357847415,
        0.057480258416751744,
        0.07543456947942319,
        0.09352430232824634,
        0.04982729265926321,
        0.11061599071655626,
        0.11601427964274917,
        0.12199063404796043,
        0.11396439262082075,
        0.1112720429642041,
        0.06883837239208658,
        0.13969320013547273,
        0.1273307036687132
    ],
    "zerrs": [
        0.024592669935394648,
        0.02212891059601119,
        0.022904102809344292,
        0.020968361290303064,
        0.023590150680748313,
        0.01991241553141946,
        0.02482343546531957,
        0.025502191798858063,
        0.01945493934800599,
        0.024204698814825475,
        0.020963544510576762,
        0.023816217606924543,
        0.01902575795000208,
        0.017415865420697615,
        0.01902396509713894,
        0.020225993677686287,
        0.023742515619793972,
        0.023165240159393623,
        0.020341256245813295,
        0.021486491052429058,
        0.02561756471931574,
        0.026487775457046295,
        0.028667235642958932,
        0.025108480160184552,
        0.03446796767753464,
        0.019845706061872175,
        0.015706607023488174,
        0.02762697089843724,
        0.023678886817775482,
        0.031710986686835266,
        0.03576670366128872,
        0.0394254261068502,
        0.03117005099345611,
        0.03150580471665764,
        0.03020996002470714,
        0.03468719977795154,
        0.0483242130278432,
        0.02865456558495337,
        0.014999712615617694,
        0.022683911237228613,
        0.02051969124371563,
        0.023851449435879756,
        0.021184873948997478,
        0.02191780487007181,
        0.026694360946756153,
        0.02213475318008339,
        0.022861748867677712,
        0.025224445617446727,
        0.022890287995292427,
        0.012787135894541356,
        0.01537549464355744,
        0.023582730610868522,
        0.020355462875831443,
        0.021852748051636298,
        0.023427944644264412,
        0.017692870025372055,
        0.022605058109327145,
        0.02276256535455734,
        0.02349049258801141,
        0.023318672477379714,
        0.02325245744549192,
        0.01843172838028927,
        0.025979618887063214,
        0.02453395874276556
    ]
}