{
    "bins": [
        [
            -1.0,
            -0.75,
            -0.5,
            -0.25,
            0.0,
            0.25,
            0.5,
            0.75,
            1.0
        ],
        [
            0.0,
            0.7853982,
            1.570796,
            2.356194,
            3.141593,
            3.926991,
            4.712389,
            5.497787,
            6.283185
        ]
    ],
    "zvals": [
        0.12082676023448996,
        0.11446153783471255,
        0.10852658142750557,
        0.1036056322964506,
        0.1144016664162628,
        0.10757633709278609,
        0.1207651152664,
        0.1065290209549808,
        0.005380592927256517,
        0.01592912534259709,
        0.00931174767442749,
        0.009039624445663924,
        0.001130004405409741,
        0.007663925805769816,
        0.01088111250601606,
        0.013469257624796603,
        -0.046618578957782174,
        -0.03913608110437793,
        -0.04209826355554764,
        -0.07615436230501949,
        -0.04293108462206421,
        -0.08022801178510769,
        -0.04909195592553076,
        -0.05074989750419533,
        -0.1397657392135607,
        -0.08428768198739543,
        -0.14218187466736612,
        -0.12681666261352512,
        -0.1635751555262427,
        -0.11315378954364541,
        -0.0846348475549976,
        -0.17842215029832012,
        -0.17486228005106197,
        -0.2339298123829733,
        -0.12251138913009714,
        -0.0987063645357328,
        -0.19702408205775918,
        -0.13356978245424617,
        -0.14804422725802718,
        -0.07267963503854098,
        -0.04378369596467117,
        -0.07032609462364167,
        -0.05327668265007043,
        -0.07319087495655074,
        -0.04226049977209006,
        -0.043723309710490744,
        -0.04050660684137215,
        -0.03686270145836889,
        0.012676387595489778,
        0.008842342059017735,
        0.0031938079801578315,
        0.01315936995081481,
        0.0058793325167622,
        0.007061601888469287,
        0.009438501243955295,
        0.012367008828644844,
        0.13423763894544194,
        0.10824934829203749,
        0.09957061260660204,
        0.11417437506286615,
        0.1042274108159175,
        0.12647686905237857,
        0.11419417925688634,
        0.11447337528234096
    ],
    "zerrs": [
        0.015905279928125255,
        0.015366108459320621,
        0.015078678410943288,
        0.014686058024567598,
        0.015713281478119123,
        0.015294279549614834,
        0.016143909593989713,
        0.014824688422107216,
        0.0026625952945188254,
        0.003958000759746807,
        0.003613819036326446,
        0.003405901254316135,
        0.002048638659667095,
        0.0027898824421651825,
        0.0039014873447747235,
        0.004159381489551303,
        0.012993666900121855,
        0.012023678427290229,
        0.010951968039738634,
        0.017756490487240904,
        0.013483391003313498,
        0.017578229104970807,
        0.012327151976777107,
        0.013653623416108686,
        0.04034333197682982,
        0.02723866517166357,
        0.033251349334350935,
        0.03593996117651609,
        0.04792645397947237,
        0.0332798173430607,
        0.024723156748593652,
        0.041743557361922805,
        0.0510529342591423,
        0.051651283162506854,
        0.03310669524991604,
        0.03199743781078407,
        0.05076777902203396,
        0.03667093339865047,
        0.0325269528164851,
        0.024656298611446685,
        0.014480065832378246,
        0.020008141262603616,
        0.015394562623950486,
        0.017264080698247537,
        0.013604867113103644,
        0.011442420784903588,
        0.010730520664481857,
        0.011371169516927446,
        0.0038285357337105325,
        0.0038371261711181116,
        0.002918464288975073,
        0.0044739341973003876,
        0.0031987088593709257,
        0.003602305189290759,
        0.00340194619022412,
        0.0040445885778530215,
        0.01760465467726564,
        0.015867183732281364,
        0.015115330737505301,
        0.016127822212823634,
        0.01513191813884357,
        0.016646873086604085,
        0.015578458238292184,
        0.016160618540897367
    ]
}