{
    "bins": [
        0.0,
        0.7853982,
        1.570796,
        2.356194,
        3.141593,
        3.926991,
        4.712389,
        5.497787,
        6.283185
    ],
    "yvals": [
        -0.021805588553678885,
        -0.054077755247086245,
        -0.031083705331564387,
        -0.055266800696206646,
        -0.026910407207555904,
        -0.056785948016165065,
        -0.06080742502527382,
        -0.054567187591514126
    ],
    "yerrs": [
        0.01568047541630745,
        0.020813118681343414,
        0.022790323953755742,
        0.01913147467036339,
        0.016860613469437777,
        0.018737747331632786,
        0.019621811088598652,
        0.016916777002156835
    ]
}