{
    "bins": [
        0.0,
        0.7853982,
        1.570796,
        2.356194,
        3.141593,
        3.926991,
        4.712389,
        5.497787,
        6.283185
    ],
    "yvals": [
        -0.004357403671156872,
        0.005265793970902388,
        0.0053169081153759,
        -0.0061062300817800895,
        -0.005695023414880098,
        0.004361927328564627,
        0.0053736678728491805,
        -0.005641179376570861
    ],
    "yerrs": [
        0.0006188571317545485,
        0.0006463415146630078,
        0.000662096821157732,
        0.0008799445750613894,
        0.000747078706934937,
        0.000580258002619745,
        0.0007329141502798206,
        0.0007897161505755618
    ]
}