{
    "bins": [
        -1.0,
        -0.75,
        -0.5,
        -0.25,
        0.0,
        0.25,
        0.5,
        0.75,
        1.0
    ],
    "yvals": [
        -9.380344e-06,
        -3.9596088e-06,
        3.9151424e-05,
        -4.811424e-05,
        0.0001745484,
        -7.019688e-05,
        7.216964e-07,
        -6.915988e-06
    ],
    "yerrs": [
        1.0339552021243473e-05,
        3.132554995526814e-05,
        7.509087827426178e-05,
        0.00016894780259003075,
        0.00016549769786918488,
        7.686096538555835e-05,
        3.141194931869081e-05,
        1.0119041851875107e-05
    ]
}