{
    "bins": [
        [
            -1.0,
            -0.75,
            -0.5,
            -0.25,
            0.0,
            0.25,
            0.5,
            0.75,
            1.0
        ],
        [
            0.0,
            0.7853982,
            1.570796,
            2.356194,
            3.141593,
            3.926991,
            4.712389,
            5.497787,
            6.283185
        ]
    ],
    "zvals": [
        -0.000859862933222918,
        -0.0035944220877624053,
        -0.0033661567765642395,
        -0.0010904617907585826,
        0.0012552575891458847,
        0.002227011018617313,
        0.0032824590844387183,
        0.001200931502244722,
        -0.0010132674100857373,
        -0.0024106729099572215,
        -0.0022673248467655893,
        -0.0009372963296362741,
        0.0007578521972299391,
        0.0020859813750480653,
        0.0035375093901435966,
        0.0006667722606882117,
        -0.001435020350186695,
        -0.002628433642161972,
        -0.001962501559718767,
        -0.0011889778316499003,
        0.001486053695069251,
        0.0027982801076651587,
        0.001908939416703379,
        0.0008585282875688507,
        -0.0008222743571350175,
        -0.0017868173300205322,
        -0.001576700730075707,
        -0.0007197289530544347,
        0.0004291697203201433,
        0.002385305794005078,
        0.0017194533217553397,
        0.0006779553805841117,
        0.0006865867530636052,
        0.00174315843512676,
        0.001335896449952763,
        0.0006097700659155411,
        -0.0003873670164680835,
        -0.0017592318798876497,
        -0.0006292483556107859,
        -0.0006905278597602746,
        0.0009098401295037344,
        0.0014182372295924433,
        0.004232870468221209,
        0.0010412582649073911,
        -0.0009019676648017945,
        -0.003325618348913545,
        -0.004809038984056492,
        -0.0010355758481686995,
        0.0011983617991485084,
        0.003348116839644827,
        0.0027410586734369076,
        0.0020347441236874507,
        -0.001705790949302137,
        -0.0019577676541065805,
        -0.0021199972498020117,
        -0.0011882001227403178,
        0.0009585359375664471,
        0.002506377787154484,
        0.003170728216776718,
        0.000904264965959977,
        -0.0012713666192172629,
        -0.001746247889605016,
        -0.0029327347408575023,
        -0.0018626026549596513
    ],
    "zerrs": [
        0.0001980798600319219,
        0.0006591064277515476,
        0.0006285563908399447,
        0.0002617398193679849,
        0.000286565117079479,
        0.0005021194462791729,
        0.0005863639670959896,
        0.00027785101110289233,
        0.0003303917656507138,
        0.0007045981596890827,
        0.000685486204967311,
        0.0003293360960098032,
        0.00023823124593315212,
        0.0006612093086030129,
        0.0008406814388707327,
        0.00025587845278002405,
        0.0004784606708493701,
        0.0008333619587741626,
        0.0006958400821584237,
        0.0004211157190734025,
        0.0004351115709069272,
        0.0008097939719097441,
        0.0006756669920052558,
        0.0003469288918059235,
        0.00028674221624218566,
        0.0005642830198887565,
        0.0005468187740537305,
        0.00023269750735810743,
        0.00019484806101726686,
        0.0005919839460503208,
        0.0005166793969504289,
        0.0002612416053584004,
        0.0002534002234649765,
        0.0005982548799970022,
        0.000481915438252416,
        0.00020351065769138758,
        0.00017201073055170155,
        0.0005744210076997293,
        0.0003683833564657937,
        0.00033508146006697186,
        0.00040416496157437925,
        0.0006352822684519219,
        0.0010626977826802724,
        0.0003791192798536692,
        0.00033416834094834153,
        0.0009684757146765345,
        0.0012053385163780612,
        0.00039112922272995307,
        0.0004286330650440201,
        0.0009018397887243605,
        0.000799801211651283,
        0.0005375275669770598,
        0.00046929484602266694,
        0.0006979942907241521,
        0.0007125179208696344,
        0.0004391326541771744,
        0.00022658729573101966,
        0.00054992654927768,
        0.000625441937034697,
        0.0002223729796986527,
        0.00029357599178924835,
        0.00045212660661440954,
        0.0006271631387410998,
        0.0003986389364603765
    ]
}