{
    "bins": [
        [
            -1.0,
            -0.75,
            -0.5,
            -0.25,
            0.0,
            0.25,
            0.5,
            0.75,
            1.0
        ],
        [
            0.0,
            0.7853982,
            1.570796,
            2.356194,
            3.141593,
            3.926991,
            4.712389,
            5.497787,
            6.283185
        ]
    ],
    "zvals": [
        -0.000609424875177967,
        -0.0004140457230717987,
        0.0005914316053771465,
        0.0003237698036284742,
        -0.0006121324474979563,
        -0.000400219710261549,
        0.0005367984130339014,
        0.000687594824534822,
        -0.0014453050694539407,
        -0.0009634990064907235,
        0.0006032839401169854,
        0.0017040286529521938,
        -0.0013582774593263538,
        -0.0008179185584888173,
        0.001710749963712666,
        0.0009412114622140624,
        -0.0021424994353182883,
        -0.0022238727941432993,
        0.001776155274141264,
        0.003013359579016526,
        -0.0024057367092862464,
        -0.002761465651809656,
        0.0012453263186308092,
        0.002140575860901098,
        -0.0049230217232481555,
        -0.005617082197072618,
        0.0035815156137397864,
        0.002760431322168732,
        -0.0028883266827773937,
        -0.005094094968410921,
        0.0039156453161327135,
        0.0014447350260632192,
        -0.004118908854132846,
        -0.0022517063327653834,
        0.004535646894950077,
        0.003163463156943159,
        -0.003523575053667057,
        -0.00488967122401636,
        0.005840962161859338,
        0.003388870356176105,
        -0.00335464430654412,
        -0.0019700727453018075,
        0.003214738514740298,
        0.002270652751022092,
        -0.0019211793256412666,
        -0.002359248177357213,
        0.0028333863849920684,
        0.0026330609448967277,
        -0.0008517793903780273,
        -0.0017979617462641226,
        0.0015714488705089653,
        0.0013396024186432631,
        -0.00110050140183703,
        -0.0020869862159058213,
        0.001121109042803776,
        0.0014059852456970866,
        -0.0003203373779058826,
        -0.0007080045296791001,
        0.000543841466364824,
        0.0005521794654691438,
        -0.000555882749892411,
        -0.0003926866633222902,
        0.0005979261469980827,
        0.0006618855662988703
    ],
    "zerrs": [
        0.00014935794490418566,
        0.0001075734540776586,
        0.0001240057870524242,
        9.876406778366786e-05,
        0.00013210968396212366,
        0.00010195755870333148,
        0.00013728727007852667,
        0.0001487051130788621,
        0.00041642442218581326,
        0.0003556047138189921,
        0.00022267871543160605,
        0.0004209831172844441,
        0.000337873763747082,
        0.0002614552360668359,
        0.00044957617010139616,
        0.00027708328870693733,
        0.0008304133127735493,
        0.0009453633682677707,
        0.0007202575242763612,
        0.0008572418377436926,
        0.0007936291561109286,
        0.000904491637722476,
        0.000490971255648607,
        0.0007392749186002969,
        0.0017530846043779607,
        0.0021106619636675427,
        0.0013945917401726672,
        0.0010702298246975635,
        0.0009983410911071895,
        0.0016101020718175924,
        0.0013869685919315384,
        0.0007956185321797377,
        0.0014904408935915612,
        0.001144014528858445,
        0.0015335394162891102,
        0.0011841947520258652,
        0.0012658326580741316,
        0.0016512792341242082,
        0.001703988781830053,
        0.0011910757113771414,
        0.0009771309341975111,
        0.0007204345071346938,
        0.0010345391170629022,
        0.0007882689913922446,
        0.0007564688784670275,
        0.0008760074952192269,
        0.000811718169739822,
        0.0008067880813573817,
        0.0003051635630991303,
        0.0004493144755582173,
        0.00047571538145734947,
        0.0003737215185525891,
        0.0003764481414441327,
        0.0005116074653109369,
        0.0003724472768822289,
        0.0004400151139879155,
        9.38509859936882e-05,
        0.00015648239555449188,
        0.00013126615114486054,
        0.00013751071464946756,
        0.00014454467934726432,
        0.00012343931710362302,
        0.0001436215679165772,
        0.00014879374806853733
    ]
}