{
    "bins": [
        [
            -1.0,
            -0.75,
            -0.5,
            -0.25,
            0.0,
            0.25,
            0.5,
            0.75,
            1.0
        ],
        [
            0.0,
            0.7853982,
            1.570796,
            2.356194,
            3.141593,
            3.926991,
            4.712389,
            5.497787,
            6.283185
        ]
    ],
    "zvals": [
        0.00039257232827882724,
        0.0002471666205329325,
        -0.00023071894759090302,
        -0.00028207451244526666,
        0.00026419262590431845,
        0.00020341544032452343,
        -0.0003515051477085504,
        -0.0002857827496377633,
        0.00036319599408300143,
        0.00043152180971222476,
        -0.0006870671939577133,
        -0.0006255796098543543,
        0.0007832309224113123,
        0.000834969276723394,
        -0.0006730055335002127,
        -0.000809410260784978,
        0.000597027087660756,
        0.0016102561020670035,
        -0.001015002330028852,
        -0.0005972470043888521,
        0.0010340184212335652,
        0.0008984509764476102,
        -0.001022030104482059,
        -0.000935835334441901,
        0.0015302525521448864,
        0.0006032107551103402,
        -0.0016157504857409878,
        -0.0010983553582319305,
        0.0013561766136404722,
        0.0011579133127408018,
        -0.001151077542850886,
        -0.0009346573329700357,
        0.0019356143164066329,
        0.0013954115990648306,
        -0.0013542097127825642,
        -0.0008029788680657858,
        0.0013866447329888788,
        0.0016316282954629377,
        -0.0007545585804904013,
        -0.0011299982938586554,
        0.0009118844428214884,
        0.0006785111952185249,
        -0.0014752372682385242,
        -0.0016770339661751543,
        0.0006902727025024253,
        0.0010682532932347678,
        -0.0008313919821542711,
        -0.0014387859403767267,
        0.0005248715874317002,
        0.0009366407698111708,
        -0.0006933997794748651,
        -0.0006759876190318553,
        0.0009654952011591573,
        0.0007577045014120231,
        -0.0007874916921102424,
        -0.000763588397220263,
        0.00043784174702717673,
        0.0002338251011143652,
        -0.00029130937435542243,
        -0.00019839867379510288,
        0.00026302119434987094,
        0.00016814842920404691,
        -0.0003248429458694828,
        -0.0003431136315600499
    ],
    "zerrs": [
        9.255612819484458e-05,
        8.129059044360802e-05,
        7.260695311664353e-05,
        7.614286289471105e-05,
        6.413232961020774e-05,
        5.8694825106478825e-05,
        9.170844340395834e-05,
        8.379476650346246e-05,
        0.00014114155058830082,
        0.00015024777394225257,
        0.00022236579757006466,
        0.0001820200224128338,
        0.0002075888561263144,
        0.00023052688019676258,
        0.0002135511878907758,
        0.00021242262267522028,
        0.000225119399105523,
        0.0004426267066787913,
        0.0003432240415470451,
        0.0002546063814381923,
        0.00032904690908045067,
        0.00029949207318994857,
        0.00035018063344024206,
        0.0002940105422065978,
        0.00043648465039342835,
        0.000264805298388818,
        0.0005070383553187811,
        0.00043892306664593007,
        0.0004153206617150804,
        0.00038690564737518595,
        0.00041064672775888617,
        0.0003242727981758742,
        0.000521030755422405,
        0.0004430733411869221,
        0.0004482330757225279,
        0.00036108690225933364,
        0.000448088527741808,
        0.0005282584662417549,
        0.00034789929628765845,
        0.00040610932509110566,
        0.0002971761688536807,
        0.000230931308634455,
        0.0004100001421586721,
        0.00043787494693159183,
        0.0002847659741951555,
        0.0003400456412488297,
        0.0003007135183923046,
        0.0004093101425134133,
        0.00017948728364502312,
        0.00023105645556923733,
        0.00020235346774419782,
        0.00020766061292328935,
        0.00024706170463818593,
        0.00023048316312821208,
        0.00022323550586824653,
        0.00022308324210411402,
        0.00010449197122144618,
        7.212369408781626e-05,
        8.153304431233071e-05,
        6.231112701309295e-05,
        7.485487617677694e-05,
        6.0313604969333875e-05,
        8.722676659632809e-05,
        9.217565410446541e-05
    ]
}