{
    "bins": [
        -1.0,
        -0.75,
        -0.5,
        -0.25,
        0.0,
        0.25,
        0.5,
        0.75,
        1.0
    ],
    "yvals": [
        -7.921604e-06,
        -0.0001410228,
        5.162416e-05,
        0.0004654176,
        -8.340136e-05,
        -7.501944e-05,
        9.725188e-07,
        1.5172936e-05
    ],
    "yerrs": [
        2.590922924364984e-05,
        8.16222812717214e-05,
        0.00022688643855462142,
        0.00040887083535023623,
        0.00039793235606067523,
        0.0002067325228405052,
        7.374731995130399e-05,
        2.1279090206115487e-05
    ]
}