{
    "bins": [
        -1.0,
        -0.75,
        -0.5,
        -0.25,
        0.0,
        0.25,
        0.5,
        0.75,
        1.0
    ],
    "yvals": [
        -0.027629988,
        -0.02024554,
        -0.012397992,
        -0.0034963196,
        0.004404448,
        0.013049732,
        0.016601568,
        0.029620724
    ],
    "yerrs": [
        0.0028077153701897917,
        0.0023174416929018947,
        0.0015459236721132128,
        0.0005860861370140058,
        0.0006392008760945185,
        0.0015451047860905744,
        0.001990187528852495,
        0.002751299910951185
    ]
}