{
    "bins": [
        0.0,
        0.7853982,
        1.570796,
        2.356194,
        3.141593,
        3.926991,
        4.712389,
        5.497787,
        6.283185
    ],
    "yvals": [
        -0.002251563601750042,
        -0.0017331764871253777,
        0.002106828639746982,
        0.0021204954424439044,
        -0.0023363441210698262,
        -0.002820287293830644,
        0.0026724310476981105,
        0.0015565891433387917
    ],
    "yerrs": [
        0.0003286293268593954,
        0.00025594711047397564,
        0.00029962376328704306,
        0.0002976389466348195,
        0.0004357598841934948,
        0.00045747685314702396,
        0.00042575757076112393,
        0.0002644739149143201
    ]
}