{
    "bins": [
        -1.0,
        -0.75,
        -0.5,
        -0.25,
        0.0,
        0.25,
        0.5,
        0.75,
        1.0
    ],
    "yvals": [
        0.4702932,
        0.03879408,
        -0.2145318,
        -0.5107556,
        -0.459794,
        -0.1734776,
        0.04957536,
        0.477356
    ],
    "yerrs": [
        0.02598658423109894,
        0.006514322681599369,
        0.022020314257521396,
        0.04985239011321323,
        0.04716023748879982,
        0.018307428000677757,
        0.0066339876394217075,
        0.02658860206930782
    ]
}