{
    "bins": [
        -1.0,
        -0.75,
        -0.5,
        -0.25,
        0.0,
        0.25,
        0.5,
        0.75,
        1.0
    ],
    "yvals": [
        -1.2583736e-05,
        -0.00012729952,
        3.2486932e-05,
        -0.0004191016,
        -0.0007029116,
        0.0012598548,
        -0.00013471148,
        -0.0001119692
    ],
    "yerrs": [
        0.0001500373820086181,
        0.0003118736154277883,
        0.0005053116266226219,
        0.0006756776746348809,
        0.0007088462738845426,
        0.00046021160350430103,
        0.0002968666232502401,
        0.00015716584870766295
    ]
}