{
    "bins": [
        -1.0,
        -0.75,
        -0.5,
        -0.25,
        0.0,
        0.25,
        0.5,
        0.75,
        1.0
    ],
    "yvals": [
        0.25842984,
        0.031619312,
        -0.12828568,
        -0.2464444,
        -0.26187836,
        -0.09421708,
        0.027628528,
        0.26804956
    ],
    "yerrs": [
        0.01924909971920765,
        0.004966750245381783,
        0.015574348140451978,
        0.03158795466629646,
        0.031664731168920414,
        0.012890418146825185,
        0.004587380952133799,
        0.01884354955946464
    ]
}