{
    "bins": [
        -1.0,
        -0.75,
        -0.5,
        -0.25,
        0.0,
        0.25,
        0.5,
        0.75,
        1.0
    ],
    "yvals": [
        0.0056343,
        0.00425798,
        0.0025736636,
        0.0008647868,
        -0.0009304396,
        -0.002121176,
        -0.0036661216,
        -0.006342588
    ],
    "yerrs": [
        0.0006302185017912439,
        0.0005217163980554953,
        0.00034829913580139703,
        0.00013744462157538214,
        0.00014773311070982023,
        0.00031758392906442855,
        0.00048797065485539187,
        0.0006803461471927359
    ]
}