{
    "bins": [
        -1.0,
        -0.75,
        -0.5,
        -0.25,
        0.0,
        0.25,
        0.5,
        0.75,
        1.0
    ],
    "yvals": [
        0.33519396,
        0.20770484,
        0.14766652,
        0.23237308,
        0.200446,
        0.16187,
        0.20754068,
        0.33902528
    ],
    "yerrs": [
        0.04372490365912771,
        0.03377339070925512,
        0.027476008443731416,
        0.033340637066498896,
        0.03097537086137953,
        0.02699332658269447,
        0.032207427714736864,
        0.040503234438745754
    ]
}