{
    "bins": [
        [
            -1.0,
            -0.75,
            -0.5,
            -0.25,
            0.0,
            0.25,
            0.5,
            0.75,
            1.0
        ],
        [
            0.0,
            0.7853982,
            1.570796,
            2.356194,
            3.141593,
            3.926991,
            4.712389,
            5.497787,
            6.283185
        ]
    ],
    "zvals": [
        -0.0006931546316250787,
        -0.0013154062820140314,
        -0.0018305822016353498,
        -0.0003678571019316297,
        0.0006681555084173882,
        0.0011375857845321738,
        0.0012481040185994875,
        0.0007952829011533008,
        -0.0009435432879779963,
        -0.001705408902342227,
        -0.0012822324477526046,
        -0.001174634039513674,
        0.0008903659036564898,
        0.0016787509008171656,
        0.002615650663739913,
        0.0006514113863289696,
        -0.0012286699918589068,
        -0.0029897348833928484,
        -0.0029102192773600146,
        -0.0017622630026266906,
        0.0014043442942304407,
        0.004045529018408502,
        0.001766564722599243,
        0.001178396176206204,
        -0.0026149145745432063,
        -0.0070119524144325335,
        -0.004083544394052443,
        -0.0014854793550793928,
        0.0015176555071441482,
        0.006894624126875803,
        0.004944775005793242,
        0.0007792568863175106,
        -0.002164066584313537,
        -0.0028782453936081814,
        -0.004910517724771391,
        -0.001690602101606954,
        0.0019563232908665408,
        0.005630332646632664,
        0.007235113916765769,
        0.001802742558549933,
        -0.0019170927562604549,
        -0.0031410559082289255,
        -0.003974175131589336,
        -0.0013236996736690524,
        0.0011086857873333006,
        0.00253185213102147,
        0.005270560913065734,
        0.001481738940002394,
        -0.0006202362062963729,
        -0.0032788739667974623,
        -0.0021934545287866794,
        -0.0009579604761401529,
        0.0007519102416863805,
        0.003111314263596292,
        0.0013503660564452675,
        0.0009782627406741552,
        -0.0003629300907488711,
        -0.0016157142278728051,
        -0.0014652000641712868,
        -0.0005965222772119649,
        0.0005845016157413183,
        0.0010515876027186219,
        0.0015705993649079832,
        0.0007726645598791951
    ],
    "zerrs": [
        0.00015756022505120315,
        0.0002720868109752578,
        0.00031600205351101177,
        0.00010263567272207543,
        0.00013425586353802777,
        0.0002171226545393173,
        0.00025899838484994133,
        0.00015429226553779804,
        0.00027430172196336514,
        0.0005245707322020794,
        0.0004138393707712168,
        0.0002902577392186739,
        0.0002225997843652691,
        0.0004814880539562711,
        0.0006018509631806908,
        0.0001973280842535492,
        0.0004839953718528332,
        0.0010837946863967735,
        0.0010049452670308412,
        0.0005089217995549836,
        0.0004736026838000445,
        0.0010955316392905186,
        0.00068455472834338,
        0.0004222743546225656,
        0.0009610209210835633,
        0.0023596274817236306,
        0.0015006555421212466,
        0.0005911654644215605,
        0.0005548533084911642,
        0.0019452744321273795,
        0.0015795105113915915,
        0.0004467494086940648,
        0.0008025296248955671,
        0.0014898749882933967,
        0.0015777599743742236,
        0.0006487476305320803,
        0.0007432705961545013,
        0.0017889819500043927,
        0.0019605611025123133,
        0.0006495482024966632,
        0.0005680561638414509,
        0.0010083125535013653,
        0.0011392409089425544,
        0.0004711498272566469,
        0.00044575963897575837,
        0.0009338622323250434,
        0.0013549153541034616,
        0.00046488544761861877,
        0.00022239612532367811,
        0.000725860699506007,
        0.0005778401616532192,
        0.0002694032404328968,
        0.00026522853553952034,
        0.0007143951490354845,
        0.00044224490945912195,
        0.0003058147517097759,
        9.654988366372714e-05,
        0.0002978390144378554,
        0.0002732656692748117,
        0.00013189190159092404,
        0.00013834326084936002,
        0.00024600005366321977,
        0.0002981580327157303,
        0.0001517932556846522
    ]
}