{
    "bins": [
        -1.0,
        -0.75,
        -0.5,
        -0.25,
        0.0,
        0.25,
        0.5,
        0.75,
        1.0
    ],
    "yvals": [
        -2.4971084e-06,
        -7.80792e-05,
        5.141328e-05,
        7.639168e-05,
        -9.558372e-05,
        0.00030144232,
        -0.00030694044,
        0.00016963736
    ],
    "yerrs": [
        0.0001716977809990566,
        0.00023569183269685014,
        0.0002129251511681981,
        0.00010042269862934376,
        0.00012824014971918896,
        0.0002538234662122476,
        0.00019832772877235294,
        0.00017297801016314182
    ]
}