{
    "bins": [
        -1.0,
        -0.75,
        -0.5,
        -0.25,
        0.0,
        0.25,
        0.5,
        0.75,
        1.0
    ],
    "yvals": [
        -0.0004573328,
        -0.0013150748,
        0.000426174,
        0.001755152,
        -0.0021253596,
        -0.0006496296,
        0.0011333364,
        0.0007605908
    ],
    "yerrs": [
        0.0009361288800159944,
        0.001313916283482323,
        0.0017364768930221905,
        0.0013712137688923634,
        0.0011689625485874215,
        0.0016564521121964256,
        0.0013129185808724013,
        0.0008841394460151634
    ]
}