{
    "bins": [
        0.0,
        0.7853982,
        1.570796,
        2.356194,
        3.141593,
        3.926991,
        4.712389,
        5.497787,
        6.283185
    ],
    "yvals": [
        0.284455961320003,
        0.2428718287726296,
        0.28225320156150135,
        0.24808715060752562,
        0.2697955686161665,
        0.24587979597605295,
        0.29148431750526493,
        0.2302878285913639
    ],
    "yerrs": [
        0.02344077808939131,
        0.021215279436506525,
        0.023290451879834004,
        0.020933131673285102,
        0.021064393368066304,
        0.02255669648759387,
        0.025529594865538886,
        0.02196314682896315
    ]
}