{
    "bins": [
        -1.0,
        -0.75,
        -0.5,
        -0.25,
        0.0,
        0.25,
        0.5,
        0.75,
        1.0
    ],
    "yvals": [
        0.18890716,
        0.02616976,
        -0.0891144,
        -0.156572,
        -0.18994768,
        -0.08987252,
        0.02305532,
        0.2048136
    ],
    "yerrs": [
        0.015287793823832135,
        0.004216104363034673,
        0.01207651009190983,
        0.02299949216830667,
        0.026394644911420954,
        0.013055107812653254,
        0.004201083669721421,
        0.016503735334765884
    ]
}