{
    "bins": [
        -1.0,
        -0.75,
        -0.5,
        -0.25,
        0.0,
        0.25,
        0.5,
        0.75,
        1.0
    ],
    "yvals": [
        -4.410072e-05,
        4.354428e-05,
        4.536796e-05,
        -0.0006765076,
        0.00066885,
        0.00022218492,
        9.560884e-06,
        -4.943172e-05
    ],
    "yerrs": [
        3.352240802806386e-05,
        0.00010338546899830749,
        0.00021095846036601614,
        0.00045948632188564655,
        0.00048119684121988995,
        0.00022331885724228485,
        0.00010068510118185311,
        2.9941770154752042e-05
    ]
}