{
    "bins": [
        [
            -1.0,
            -0.75,
            -0.5,
            -0.25,
            0.0,
            0.25,
            0.5,
            0.75,
            1.0
        ],
        [
            0.0,
            0.7853982,
            1.570796,
            2.356194,
            3.141593,
            3.926991,
            4.712389,
            5.497787,
            6.283185
        ]
    ],
    "zvals": [
        0.0008930527215366675,
        -0.0014323070423675746,
        -0.0006229936923699832,
        0.0010387499856760705,
        0.0011370703770572368,
        -0.0013046348475549978,
        -0.0006845100191240621,
        0.0008989027219320653,
        0.0034057567231501164,
        -0.003945822613712439,
        -0.002453532603851806,
        0.00325557633763221,
        0.0028961678028209888,
        -0.0022143718216751256,
        -0.004396200143112156,
        0.002927231798400302,
        0.00896851049569505,
        -0.004921455598678784,
        -0.005160262694837523,
        0.006132164670441394,
        0.005095541368834653,
        -0.004736232585262505,
        -0.006456374984402814,
        0.0027206639181663315,
        0.006305046280982054,
        -0.014685404008007151,
        -0.008988716548807105,
        0.013950646741337844,
        0.014976045266221706,
        -0.01996713004107472,
        -0.012107013259519381,
        0.013242524172457788,
        0.007721856250752802,
        -0.006983757784908488,
        -0.008102633314574269,
        0.010141927860870719,
        0.007596143611264605,
        -0.017624501208304583,
        -0.012684794206249572,
        0.010076165205411781,
        0.005497965235978386,
        -0.010314976690792869,
        -0.008137260344436835,
        0.008672015115883775,
        0.007297716571725415,
        -0.003540729158974177,
        -0.0034706159170255087,
        0.005764684911344313,
        0.0027124538864489373,
        -0.002589831547783811,
        -0.002874026162531609,
        0.0026683145764127532,
        0.0028012987046058166,
        -0.003980351363257865,
        -0.004247101214925428,
        0.0027425473454223215,
        0.0012399783956724116,
        -0.0011823649111316584,
        -0.0010971115281678844,
        0.0010907979256403434,
        0.0007646192121701351,
        -0.0007918441350754651,
        -0.0011844603627714867,
        0.0008821759159050572
    ],
    "zerrs": [
        0.0001739788276237096,
        0.0003163600572505412,
        0.00013490449198761488,
        0.0002741628286657943,
        0.0002973576927317452,
        0.0002886637000526074,
        0.0001798933127237959,
        0.0001925247050267099,
        0.0008315359320191307,
        0.0009548429049245798,
        0.0007147842644450225,
        0.0008280914090508196,
        0.0008557356764220603,
        0.0007924057030072355,
        0.0010725666959315162,
        0.0007880842229310586,
        0.0020978480451076713,
        0.0017262491879642145,
        0.001655257196755949,
        0.0019030559267351932,
        0.001847803941690005,
        0.0018981999526406306,
        0.002398804886741208,
        0.0011557040016158993,
        0.0021449172404467147,
        0.0045255501107833015,
        0.003498473033843467,
        0.0043138990407503765,
        0.004668932153295345,
        0.008374096582391768,
        0.006597299168966065,
        0.003686418852850769,
        0.002888638915055761,
        0.0029700842882343617,
        0.003724310497797338,
        0.0033074303362768133,
        0.002949355956670175,
        0.006870972068291102,
        0.00488976419556663,
        0.0031945921243839714,
        0.001770134445510432,
        0.0028757053388826673,
        0.0025089511421934837,
        0.002187271718358538,
        0.0019674075829612296,
        0.0013224826561433023,
        0.0013508694922929809,
        0.0018842283573522942,
        0.0007490939580181748,
        0.00072871580730554,
        0.0009064776435242582,
        0.000718735638217995,
        0.0007094168646244117,
        0.0009366656829901883,
        0.0009561249362372151,
        0.0007251998411688288,
        0.0002584737621359526,
        0.00028280870962422576,
        0.00027859906881933893,
        0.00024538573620416326,
        0.00020719094624555934,
        0.00015239747634422505,
        0.00025081901295352166,
        0.00023556668020563445
    ]
}