{
    "bins": [
        [
            -1.0,
            -0.75,
            -0.5,
            -0.25,
            0.0,
            0.25,
            0.5,
            0.75,
            1.0
        ],
        [
            0.0,
            0.7853982,
            1.570796,
            2.356194,
            3.141593,
            3.926991,
            4.712389,
            5.497787,
            6.283185
        ]
    ],
    "zvals": [
        -0.00030470260818015626,
        -0.0007572335955104534,
        0.00021380472066391822,
        0.0006255521079094829,
        -0.00023030152865171537,
        -0.0005691443064535434,
        0.0006206127339259841,
        0.0006176440479858621,
        -0.0008037935406523722,
        -0.0013664377465788674,
        0.001167906717358588,
        0.0009097801244972301,
        -0.0021384500597149466,
        -0.0012004242435045675,
        0.0013500762670645967,
        0.0014138319679958444,
        -0.001566226660565303,
        -0.0015569995230442458,
        0.0015655889116091464,
        0.003630787917988182,
        -0.0033447230576090074,
        -0.0011513652950478615,
        0.0018130588567834402,
        0.0011279865749594475,
        -0.0019998039211192487,
        -0.0032508244866486765,
        0.0016826791002778215,
        0.002761133640353502,
        -0.0030318421997509535,
        -0.0028841698094469307,
        0.002685871367128514,
        0.0030208719655512245,
        -0.0038519477126379965,
        -0.0008703492675940778,
        0.004123482871104842,
        0.0023633180077896714,
        -0.00091439499463966,
        -0.004916578855561131,
        0.0025123241974132865,
        0.002756825965943382,
        -0.0037976246953456217,
        -0.0019073310365778971,
        0.002200249555002687,
        0.0019034625712535923,
        -0.0016055304444370874,
        -0.0009862510472397436,
        0.0006868425944552954,
        0.0010689077384969153,
        -0.0012821730429226855,
        -0.0013617547693665552,
        0.0010453125676408651,
        0.0012887029395250058,
        -0.0008884025678700477,
        -0.0011147550668578227,
        0.0019099600457347745,
        0.0008690523785392886,
        -0.00047117449467034677,
        -0.0003910473393228247,
        0.0003637913516459172,
        0.0004915911530317712,
        -0.0004626861285615699,
        -0.00048356369636795625,
        0.0005114695988530657,
        0.0007370133359137662
    ],
    "zerrs": [
        9.342182826017952e-05,
        0.00018608663079278486,
        7.180774527807032e-05,
        0.00018491227296429594,
        9.90812150086355e-05,
        0.00017619607552241202,
        0.0001790892606968912,
        0.00016332573176579902,
        0.00027724909516787437,
        0.000430933806667504,
        0.00041516834089461266,
        0.00043158136598614065,
        0.0007111660640188428,
        0.000510418956419912,
        0.00042868908532428594,
        0.00046811493710148246,
        0.0007246559730391047,
        0.0006984051636779802,
        0.0006093889071692197,
        0.0013353834779139667,
        0.001258452193146097,
        0.0005761048695937833,
        0.0006807958850908365,
        0.0006178634912257713,
        0.0010365743478603054,
        0.0013600390421209603,
        0.000883363906656989,
        0.001344523515012805,
        0.0015247130876130308,
        0.001170731535580542,
        0.0010834205155955529,
        0.0012528508925085287,
        0.00140207023154215,
        0.0004495258275864644,
        0.0014641760906582801,
        0.001032037207736771,
        0.0009143948431480729,
        0.0016427916139399393,
        0.0010156665804296457,
        0.0011497878583045776,
        0.001231824820886009,
        0.000858653058142638,
        0.0007639019525931823,
        0.0007756358039778371,
        0.000794508660317649,
        0.0006281828192762568,
        0.0003726721549128244,
        0.000634556560915754,
        0.00043594333673850773,
        0.000479146690762261,
        0.0004112712640898734,
        0.00042059119736077274,
        0.0003373081937198403,
        0.0004225271045892646,
        0.0005919423196030838,
        0.00036859312146929986,
        0.00015109639782465162,
        0.00011518306473997447,
        0.00011908972342651987,
        0.00013229953281840306,
        0.0001443240413080847,
        0.00015490171683863466,
        0.00015990479217984225,
        0.00021952503539629083
    ]
}