{
    "bins": [
        0.0,
        0.7853982,
        1.570796,
        2.356194,
        3.141593,
        3.926991,
        4.712389,
        5.497787,
        6.283185
    ],
    "yvals": [
        0.1087066153194647,
        0.1310313066830592,
        0.13041298806465007,
        0.1148649412591562,
        0.1193265834646892,
        0.11734399629232571,
        0.11460209982709407,
        0.12502340214770094
    ],
    "yerrs": [
        0.013513264419264289,
        0.014893432235251126,
        0.014822157534809845,
        0.013292021278051843,
        0.012969039701027713,
        0.01305385039885622,
        0.01361963145629752,
        0.014560965522440319
    ]
}