{
    "bins": [
        -1.0,
        -0.75,
        -0.5,
        -0.25,
        0.0,
        0.25,
        0.5,
        0.75,
        1.0
    ],
    "yvals": [
        -0.034182028,
        -0.019599572,
        -0.014656716,
        -0.007683944,
        0.007761344,
        0.014731296,
        0.016679944,
        0.036410332
    ],
    "yerrs": [
        0.001747884664387213,
        0.0014977941113517572,
        0.00139200689653464,
        0.000861676226897319,
        0.0008657066477739442,
        0.0013947535983104685,
        0.0013517023340957875,
        0.001786002463604124
    ]
}