{
    "bins": [
        -1.0,
        -0.75,
        -0.5,
        -0.25,
        0.0,
        0.25,
        0.5,
        0.75,
        1.0
    ],
    "yvals": [
        0.5850164,
        0.4084036,
        0.39037816,
        0.4203228,
        0.4533116,
        0.33754356,
        0.389243,
        0.605854
    ],
    "yerrs": [
        0.04708343233027941,
        0.04485880069729908,
        0.051677182585740875,
        0.06107728874139716,
        0.06025078256753185,
        0.04648552462864112,
        0.043182292667249614,
        0.04800124998372438
    ]
}