{
    "bins": [
        0.0,
        0.7853982,
        1.570796,
        2.356194,
        3.141593,
        3.926991,
        4.712389,
        5.497787,
        6.283185
    ],
    "yvals": [
        -0.002860458554654187,
        -0.003045019988596861,
        0.002891001759617418,
        0.003294780105398657,
        -0.002881924833014598,
        -0.0028155075515853114,
        0.0029047782143575623,
        0.002740727631086405
    ],
    "yerrs": [
        0.00029189047832081086,
        0.000288152583566856,
        0.00026700600797902025,
        0.00031088516341768135,
        0.00025792777809661305,
        0.0002617653164132638,
        0.00026548042345323945,
        0.0002640497689535953
    ]
}