{
    "bins": [
        [
            -1.0,
            -0.75,
            -0.5,
            -0.25,
            0.0,
            0.25,
            0.5,
            0.75,
            1.0
        ],
        [
            0.0,
            0.7853982,
            1.570796,
            2.356194,
            3.141593,
            3.926991,
            4.712389,
            5.497787,
            6.283185
        ]
    ],
    "zvals": [
        0.11947697359123054,
        0.15835297730653178,
        0.1497816903022417,
        0.1336718279498701,
        0.13341322488725457,
        0.1100258976977278,
        0.16758937506843669,
        0.13906202969704537,
        0.07768818415932198,
        0.06605931414628358,
        0.060847519346878924,
        0.060759384720377806,
        0.06116394490436693,
        0.052548287619780046,
        0.09341658624035204,
        0.05659999134196931,
        0.10318159629090058,
        0.08334670659887257,
        0.06283097232231304,
        0.07433409006123003,
        0.11943809380721618,
        0.0813748443464333,
        0.05436795102610397,
        0.06954680302216203,
        0.19187953321003282,
        0.13091541636607587,
        0.08691379402544955,
        0.12790828610680685,
        0.10526540683831632,
        0.2010980929414132,
        0.13021316580892747,
        0.11278811507032106,
        0.1871280071688476,
        0.10443003532732074,
        0.0910735194130874,
        0.12065836600250318,
        0.08961423380247974,
        0.11411243726110841,
        0.03359739138627805,
        0.08495387052169731,
        0.07839218373558787,
        0.04255972196509845,
        0.13025976638595976,
        0.07179515125433061,
        0.08641157731494092,
        0.10307334625247329,
        0.15356102256435594,
        0.10402522033414908,
        0.08106624130281938,
        0.08937371609648002,
        0.07422524630824119,
        0.09773340684161809,
        0.09521063206170625,
        0.05302284956162354,
        0.0586871369674993,
        0.07295781247214789,
        0.11946464863301189,
        0.1260985961508932,
        0.1451906931262876,
        0.12471342591472616,
        0.1250188566815805,
        0.08881143063771492,
        0.13882867030473725,
        0.174617302310421
    ],
    "zerrs": [
        0.02261904695884343,
        0.026446636296216068,
        0.025727747867303627,
        0.024049999281347215,
        0.02399894047404011,
        0.021599827956377403,
        0.026519855943635175,
        0.024238890678611465,
        0.021638389457949776,
        0.01914659887273795,
        0.018384806898995316,
        0.018352347658416802,
        0.018514073201965915,
        0.016639969074790695,
        0.022082909166129424,
        0.017970331843040345,
        0.029943643312906044,
        0.026494694828098346,
        0.02228522653715752,
        0.02361451221825273,
        0.03106071373127161,
        0.02357810218057727,
        0.019309684788304353,
        0.023423332913296555,
        0.05158193462654669,
        0.037892848263575966,
        0.029022504272242216,
        0.03695222396280814,
        0.033375021067976615,
        0.043995191665058164,
        0.036305977164335534,
        0.03787451312676123,
        0.054161614307059305,
        0.034960063633238475,
        0.030394138988425416,
        0.036407053891831374,
        0.03169231131172737,
        0.03441710165186179,
        0.019406373502703037,
        0.034815169109887925,
        0.029946735610840623,
        0.019146876587966155,
        0.03270807703260852,
        0.024067136094386057,
        0.02742781032767504,
        0.029870789903390496,
        0.03865242688059586,
        0.03485999459097144,
        0.02456212228128976,
        0.024008185712984343,
        0.02148643390666742,
        0.02448350894390827,
        0.024668971860447045,
        0.018772436351282187,
        0.019617071475127753,
        0.02325954539981543,
        0.024438090483780924,
        0.024752710367082233,
        0.02652955660824081,
        0.024479318603660156,
        0.025045612874374647,
        0.020965796279130047,
        0.026796458748934528,
        0.03002482837947529
    ]
}