{
    "bins": [
        [
            -1.0,
            -0.75,
            -0.5,
            -0.25,
            0.0,
            0.25,
            0.5,
            0.75,
            1.0
        ],
        [
            0.0,
            0.7853982,
            1.570796,
            2.356194,
            3.141593,
            3.926991,
            4.712389,
            5.497787,
            6.283185
        ]
    ],
    "zvals": [
        0.0011674169866954113,
        0.00037300893890968376,
        -0.00026460342399649614,
        -0.0010092765587936833,
        -0.0009890170334021728,
        -0.0003147429456148348,
        0.00023159794142587587,
        0.0006743475282595577,
        0.0011868593536374288,
        0.0005855595724867067,
        -0.0006317800656482448,
        -0.0014677151358736134,
        -0.0009697208294393412,
        -0.0004744478086269638,
        0.00043472333772176665,
        0.0015463808158411407,
        0.0020872403323562495,
        0.0009607233429989236,
        -0.000810640210441076,
        -0.001968576481508125,
        -0.0027343823131711557,
        -0.0010645883997667427,
        0.0008282216150283043,
        0.0013424108541147295,
        0.002580150043633917,
        0.0010929666469653976,
        -0.0011180909551590406,
        -0.0027310047504516817,
        -0.0018534908415860489,
        -0.0019944308490727,
        0.0022768532642049003,
        0.0034500143876098495,
        0.00431927906124562,
        0.00200551109259537,
        -0.0019388717567398954,
        -0.001978784796008144,
        -0.00350428343336754,
        -0.00157364801030815,
        0.0019188941148309522,
        0.004213155113713048,
        0.0029010104683204006,
        0.0012021235608248458,
        -0.0012406509820498653,
        -0.0022082788493491845,
        -0.0026185470296588476,
        -0.00046574506173939847,
        0.0011205885423696013,
        0.0014310685792426263,
        0.0010167922462771112,
        0.00035045786988453494,
        -0.00029904058833865127,
        -0.0011600615737987954,
        -0.0011500212631048205,
        -0.0005483339657091056,
        0.0005403354732250402,
        0.0013355664261941083,
        0.0006510460553640178,
        0.000262649475208614,
        -0.0003432172732805534,
        -0.0009422553377327957,
        -0.0008202949332695012,
        -0.00027595186134927774,
        0.0003000926409285484,
        0.0006992291806192531
    ],
    "zerrs": [
        0.00017537022186011787,
        6.837407162454659e-05,
        5.5162932178083637e-05,
        0.00015744920891984864,
        0.0001580347877787348,
        6.142545908403961e-05,
        5.02810690191881e-05,
        0.0001243596780373884,
        0.00029035327980669965,
        0.00015210973097387685,
        0.00015507815012287982,
        0.00033554589820428463,
        0.00023789451930574844,
        0.00014169075756659158,
        0.00012634132222387657,
        0.00031848200718485,
        0.0005564729550121637,
        0.00027469986367902505,
        0.0002713424297542311,
        0.0005564474503337354,
        0.0006993282143348293,
        0.0002918680250418963,
        0.00025070792155966205,
        0.00041587157347797464,
        0.000825308452318598,
        0.00034294288465366017,
        0.0003975694272028988,
        0.0008681939993430846,
        0.0007671700840485141,
        0.0005636760189834698,
        0.0005597384639132308,
        0.000969831167585542,
        0.001069492792305966,
        0.0005551978750838448,
        0.0005446738351292292,
        0.0007521544650902377,
        0.0010629740443335912,
        0.0004976986894463603,
        0.000551900097030087,
        0.001097320232666941,
        0.0006961933793029663,
        0.0003099510675626257,
        0.0003159619126263718,
        0.0005762130824050454,
        0.0006339736035163036,
        0.00019343840950657875,
        0.00031236580928022714,
        0.0005124876117396463,
        0.00025640987257351207,
        0.00011032174275664977,
        9.095442028880355e-05,
        0.0002711285908519043,
        0.0002513570168153099,
        0.00013652211841803406,
        0.0001497927540071321,
        0.0003109251823661581,
        0.00012623811406069612,
        5.6256930599214867e-05,
        6.491481530001695e-05,
        0.0001511375069186112,
        0.0001380769911686553,
        5.107384986997351e-05,
        5.900001491909424e-05,
        0.00012234424518589964
    ]
}