{
    "bins": [
        [
            -1.0,
            -0.75,
            -0.5,
            -0.25,
            0.0,
            0.25,
            0.5,
            0.75,
            1.0
        ],
        [
            0.0,
            0.7853982,
            1.570796,
            2.356194,
            3.141593,
            3.926991,
            4.712389,
            5.497787,
            6.283185
        ]
    ],
    "zvals": [
        -1.4929634419839515e-05,
        -3.663766819820478e-05,
        -2.2356619191798303e-05,
        -1.018095515782424e-05,
        9.798980898856374e-06,
        3.276247711351443e-05,
        3.127861797458105e-05,
        8.060290451465373e-06,
        -1.612043419503635e-05,
        -4.475963136133052e-05,
        -3.582497536280969e-05,
        -9.589811038720447e-06,
        1.3355654076022597e-05,
        7.041988902441821e-05,
        2.716850310288542e-05,
        1.3368518891059059e-05,
        -2.7216588986325662e-05,
        -7.24666150070703e-05,
        -7.240369850699902e-05,
        -3.0351762607286234e-05,
        3.677617717386598e-05,
        7.063873348289658e-05,
        7.619077206715579e-05,
        2.746611017598721e-05,
        -1.1649631995591534e-05,
        -4.631937599010335e-05,
        -0.00011185095964084454,
        -3.149195249802967e-05,
        2.6566062047522396e-05,
        3.946761769192181e-05,
        8.479777132103725e-05,
        4.4514979666360256e-05,
        -3.184444272981527e-05,
        -7.91252025406743e-05,
        -0.00010025133753842004,
        -5.6731673964443556e-05,
        4.96172844850636e-05,
        7.68211785616974e-05,
        0.000108043412384549,
        1.3811988316751511e-05,
        -3.210288488056122e-05,
        -4.0138268785575924e-05,
        -4.8799793225854926e-05,
        -3.171735640101401e-05,
        3.3568203636882186e-05,
        5.623803472888906e-05,
        5.394543912767796e-05,
        3.206095762912562e-05,
        -1.7595838645925085e-05,
        -5.140014397799433e-05,
        -4.526654766118581e-05,
        -1.4610673046438817e-05,
        6.0271760304966384e-06,
        4.405522804998232e-05,
        2.6085510785614433e-05,
        1.5232134535611248e-05,
        -1.1223086582067542e-05,
        -2.5416210740595403e-05,
        -2.8277897320848797e-05,
        -1.0454370326420075e-05,
        1.5866523724277366e-05,
        3.6776997140303393e-05,
        2.6404167059248945e-05,
        8.06903506247788e-06
    ],
    "zerrs": [
        3.468730240965704e-06,
        7.015569312976918e-06,
        5.486949218867761e-06,
        2.622671887256127e-06,
        2.948462295847898e-06,
        6.463928409313358e-06,
        6.541800574603259e-06,
        2.408451754317182e-06,
        5.205979656338512e-06,
        1.2343528246465523e-05,
        9.993193287072787e-06,
        4.009605725417165e-06,
        4.715472470551701e-06,
        1.5572478052224887e-05,
        9.29159712381637e-06,
        4.552631558921916e-06,
        9.461434305916046e-06,
        2.1139835658084453e-05,
        2.1287168397822536e-05,
        1.1002977601266055e-05,
        1.2764467797911005e-05,
        2.1718094490630026e-05,
        2.0616887799547725e-05,
        9.697910491022902e-06,
        9.238182097071526e-06,
        2.0821876384012645e-05,
        3.24603144163725e-05,
        1.1913310283143657e-05,
        1.260638586986921e-05,
        1.9792559322626927e-05,
        2.7000745010953698e-05,
        1.5676248496512027e-05,
        1.4994579833313918e-05,
        2.8027973622781614e-05,
        3.0477095337398627e-05,
        1.786389024780185e-05,
        1.749345872342316e-05,
        2.726402886054608e-05,
        3.268822959340945e-05,
        7.663236839869959e-06,
        1.1974100845373541e-05,
        1.6473361730020886e-05,
        1.6602187853688176e-05,
        1.0385953047830267e-05,
        1.0638061781261797e-05,
        2.0103794562889117e-05,
        1.8266116815620783e-05,
        9.486790118106484e-06,
        5.863319672024171e-06,
        1.3972930542492006e-05,
        1.2366439167332506e-05,
        5.101466148400594e-06,
        2.6833830304476913e-06,
        1.1425927776816844e-05,
        9.3829380922395e-06,
        5.52546411893276e-06,
        3.0758202590915305e-06,
        6.021899824695268e-06,
        6.439230803457795e-06,
        2.912110125342757e-06,
        3.367214150621879e-06,
        7.312297702042782e-06,
        6.295635148157118e-06,
        2.1099620577173632e-06
    ]
}