{
    "bins": [
        [
            -1.0,
            -0.75,
            -0.5,
            -0.25,
            0.0,
            0.25,
            0.5,
            0.75,
            1.0
        ],
        [
            0.0,
            0.7853982,
            1.570796,
            2.356194,
            3.141593,
            3.926991,
            4.712389,
            5.497787,
            6.283185
        ]
    ],
    "zvals": [
        -0.0041427871874419875,
        -0.008437584113426343,
        -0.007044418243998585,
        -0.0022838638704658397,
        0.002852403494788629,
        0.008973447857010078,
        0.006764723108538602,
        0.002797319066256854,
        -0.003301686711275885,
        -0.00764773723583132,
        -0.006555911779760072,
        -0.0032795814611426806,
        0.0023057985887409943,
        0.008503046862864435,
        0.0091820860251745,
        0.0029238556757210997,
        -0.0027524575431927393,
        -0.007459399555231756,
        -0.005256840480877212,
        -0.006339870562605759,
        0.0032560240795112784,
        0.009258979523757383,
        0.0054669963508947065,
        0.0022161701455822402,
        -0.0017637173092579026,
        -0.0020876839736500407,
        -0.0018175060287904988,
        -0.0010796000504202324,
        0.0007487464954074237,
        0.003175886365893471,
        0.002003170876421891,
        0.001141253733775742,
        0.0008416031511149376,
        0.0024441657463262563,
        0.0023985332277393122,
        0.0009726037338983116,
        -0.000773132602833213,
        -0.0016619920091469553,
        -0.00445710480546169,
        -0.0008976865232659111,
        0.003612142222887702,
        0.005696389778530065,
        0.0075671595802383005,
        0.0013868828455345628,
        -0.0023939047463833615,
        -0.0055114375132098645,
        -0.008620200204227668,
        -0.0028067257619703643,
        0.0026799969747829827,
        0.008011603801283884,
        0.008215778497016801,
        0.0038342498526226796,
        -0.0026677424694231447,
        -0.008768812754807119,
        -0.009683783253840731,
        -0.002679022864840502,
        0.0034413692315566798,
        0.007198650161739694,
        0.008117448732999067,
        0.003929130543838227,
        -0.003245295251579453,
        -0.006350818311225647,
        -0.007293830643826444,
        -0.0031532181136188285
    ],
    "zerrs": [
        0.000683100281568059,
        0.0013424418929205426,
        0.001280341894381541,
        0.000562044199675309,
        0.000563147044531189,
        0.0014336752625067094,
        0.0011377250317347431,
        0.0005362859476673769,
        0.000762527554963485,
        0.0016525107003863304,
        0.0015999281580338935,
        0.0008581431946697459,
        0.0006610156877227787,
        0.0017075143711307557,
        0.0017180009277106476,
        0.0006907269521976922,
        0.0006587163758689145,
        0.001653038010782192,
        0.0015257861595402743,
        0.0013057023789897705,
        0.0007918125131289817,
        0.001761737714435852,
        0.0013437858605264363,
        0.0005644816472566502,
        0.0004735548305627658,
        0.0005763786939913186,
        0.000637550828276066,
        0.00034802300525168395,
        0.0002544080724108825,
        0.0007639359067639683,
        0.0006401373672928308,
        0.00032880962894106346,
        0.00027561891339383376,
        0.0006700807228068753,
        0.0007212941167971778,
        0.00029975763142739604,
        0.0002596004772981421,
        0.0004957675503834792,
        0.0010114759372561288,
        0.00029867225123083604,
        0.000907483219765938,
        0.0014372758737266301,
        0.0016612792743672677,
        0.00046006672202282827,
        0.0006507125956010421,
        0.001436892503449706,
        0.0018497779396235263,
        0.0008259280434313193,
        0.0007094850530096663,
        0.0017147015653881045,
        0.0016894843521424645,
        0.0008101099818979012,
        0.000694669745382159,
        0.0017705334198815125,
        0.0019450964154627153,
        0.0007656308484590333,
        0.0006741833733850373,
        0.0012369197037006797,
        0.0012791031765227248,
        0.0006018038654122292,
        0.0005974019477603251,
        0.00120535659258879,
        0.0012698190611110088,
        0.0006617347614031237
    ]
}