{
    "bins": [
        0.0,
        0.7853982,
        1.570796,
        2.356194,
        3.141593,
        3.926991,
        4.712389,
        5.497787,
        6.283185
    ],
    "yvals": [
        0.007466762719853444,
        -0.006805068718043265,
        -0.006141990430329592,
        0.00641770233982982,
        0.006161347495155321,
        -0.00744025194869353,
        -0.006692625904318576,
        0.006440980241864636
    ],
    "yerrs": [
        0.0009488366537691739,
        0.0008898677026188174,
        0.0007469043293620668,
        0.0007132240071556479,
        0.0007586367313893396,
        0.001028014800007879,
        0.000874908381972588,
        0.0007940645589516269
    ]
}