{
    "bins": [
        0.0,
        0.7853982,
        1.570796,
        2.356194,
        3.141593,
        3.926991,
        4.712389,
        5.497787,
        6.283185
    ],
    "yvals": [
        -8.606923214237057e-06,
        -4.325414458762171e-05,
        -1.935557513515441e-05,
        5.734047280426892e-05,
        -3.556720287039181e-05,
        -2.42543780350854e-05,
        2.9542142964458788e-06,
        4.4899146674679596e-05
    ],
    "yerrs": [
        6.412674175836606e-05,
        3.204558750522808e-05,
        3.288507058755808e-05,
        7.818253754683577e-05,
        7.400257733948129e-05,
        3.123318241276765e-05,
        2.869937323744566e-05,
        6.173828109002625e-05
    ]
}