{
    "bins": [
        [
            -1.0,
            -0.75,
            -0.5,
            -0.25,
            0.0,
            0.25,
            0.5,
            0.75,
            1.0
        ],
        [
            0.0,
            0.7853982,
            1.570796,
            2.356194,
            3.141593,
            3.926991,
            4.712389,
            5.497787,
            6.283185
        ]
    ],
    "zvals": [
        0.10294742208474632,
        0.10376290842678702,
        0.09991153529802727,
        0.07880936950518144,
        0.09695130367024103,
        0.08234943302631278,
        0.10799049653806099,
        0.07546634954507143,
        0.00934307208750924,
        0.009300316349243656,
        0.011054308770839754,
        0.012683978461902804,
        0.004861787781481489,
        0.00622637694519212,
        0.007322213705662608,
        0.011159345962174595,
        -0.07026993441034114,
        -0.017835812628963308,
        -0.04068627625738798,
        -0.025442273290391254,
        -0.021328213211645554,
        -0.06786928410818466,
        -0.049148324798382485,
        -0.021052006753263956,
        -0.09941153417463905,
        -0.12735920574261858,
        -0.0988502135223161,
        -0.1427113097928569,
        -0.19208498111785355,
        -0.11294467263731257,
        -0.19002808767020038,
        -0.09479708377154004,
        -0.09851390033743393,
        -0.061602922748192054,
        -0.13730877847919148,
        -0.08531485270544018,
        -0.10219526915016332,
        -0.21714172941616866,
        -0.14533039299819966,
        -0.0741837386904474,
        -0.06949886057798452,
        -0.03656289844458439,
        -0.02328233583482515,
        -0.06553779671224436,
        -0.04139276646999354,
        -0.03718525384582085,
        -0.05589207000781771,
        -0.03206762431276882,
        0.012569960053384384,
        0.0070795512796190665,
        0.011342478590472604,
        0.013483297024824325,
        0.005264301666161614,
        0.005275037624236375,
        0.00864961204383001,
        0.006990183321067792,
        0.09246463768315231,
        0.09431404060464645,
        0.08413395501389105,
        0.09591675059428392,
        0.08148057418022452,
        0.07736118502975563,
        0.08476619497375855,
        0.09323262855265739
    ],
    "zerrs": [
        0.015168326806075914,
        0.015310444882696762,
        0.014996998314169625,
        0.013625285878947844,
        0.015072870781779732,
        0.013827317739347788,
        0.01606305699026573,
        0.013260642920563918,
        0.0033644779415068567,
        0.0032850582446440463,
        0.004064829528438323,
        0.004030717384128246,
        0.0028580569169397384,
        0.003797594007705116,
        0.0028002000460307166,
        0.003942480109096907,
        0.01842549551057355,
        0.006658209842477962,
        0.012570621262033815,
        0.009165065293610391,
        0.009076649321993556,
        0.018922211354198106,
        0.016627868456941097,
        0.00918331307059887,
        0.033371472349865094,
        0.03453049026990622,
        0.030490245833902332,
        0.04104188769416112,
        0.057199850296418386,
        0.04660339616433623,
        0.053724492195386844,
        0.038080066784094965,
        0.033327201499155294,
        0.0252850026589734,
        0.03586665333525901,
        0.03272689988845815,
        0.04032199751940552,
        0.059406853546337936,
        0.04467085036095298,
        0.030998759863889495,
        0.018086562961612904,
        0.011189692120210815,
        0.009873107060018087,
        0.019319618012861625,
        0.015107885660340221,
        0.013130046983468582,
        0.016675557186409656,
        0.01010991022229177,
        0.004158898353611269,
        0.00317928647816735,
        0.004214469467765495,
        0.004855762286155914,
        0.0032080060671900103,
        0.0025934981698642287,
        0.002975766443068339,
        0.0034648322881798057,
        0.014768502323594796,
        0.014860459445945705,
        0.014309270578829369,
        0.015089457282696027,
        0.01387098653966898,
        0.01325256009150703,
        0.013896544090549415,
        0.014533907444712838
    ]
}