{
    "bins": [
        0.0,
        0.7853982,
        1.570796,
        2.356194,
        3.141593,
        3.926991,
        4.712389,
        5.497787,
        6.283185
    ],
    "yvals": [
        0.0002980150705718449,
        -0.00014116413364030303,
        1.6318452555264978e-06,
        1.8818027524863162e-05,
        -9.118034423311491e-06,
        -0.00045228024517505783,
        -0.00020050916859986917,
        0.0002013738257545856
    ],
    "yerrs": [
        0.00014738400148609475,
        0.0003136446105240722,
        0.0003070610707973906,
        0.00012167826502636183,
        0.00013209591499846254,
        0.00033812026068377185,
        0.000305762675051221,
        0.00013696332422987194
    ]
}