{
    "bins": [
        [
            -1.0,
            -0.75,
            -0.5,
            -0.25,
            0.0,
            0.25,
            0.5,
            0.75,
            1.0
        ],
        [
            0.0,
            0.7853982,
            1.570796,
            2.356194,
            3.141593,
            3.926991,
            4.712389,
            5.497787,
            6.283185
        ]
    ],
    "zvals": [
        0.0008046491575865593,
        0.0009157020811619283,
        0.0012155304699018844,
        0.0008209422217242447,
        0.0006161288926124078,
        0.0009626696273736376,
        0.000881082966852475,
        0.0009571070972933471,
        0.0008643544128316057,
        0.0005263824268415317,
        0.0009740218335162557,
        0.0005595973511552727,
        0.0006224828685583612,
        0.0006932378233710807,
        0.0005514961841002906,
        0.0006298574735357107,
        0.00039552410484261356,
        0.0002786298102693947,
        0.0004594069248966767,
        0.0004731338848152341,
        0.00031376652346962934,
        0.0002088013465784227,
        0.0008314805996450209,
        0.0003161466670401504,
        0.00016533997658767235,
        0.00011283138302653763,
        0.00014643882464686697,
        9.078794345294558e-05,
        0.00013469782199598162,
        0.00021700472881265302,
        0.0001344103753765607,
        9.956995052190101e-05,
        -6.867543113798835e-05,
        -0.0001418249961993782,
        -0.00025045421556968574,
        -0.00015307562143572885,
        -0.00027113784348826954,
        -0.00010604580098243186,
        -0.00010457704246764064,
        -8.888156068642908e-05,
        -0.0002162254509877919,
        -0.00025619801837998527,
        -0.0002642922951166161,
        -0.0005470401668451323,
        -0.0001743037797396988,
        -0.00024115009205523828,
        -0.00040260698397500387,
        -0.0005989483039172497,
        -0.0004271774496045445,
        -0.0007820994660285526,
        -0.00034605751478868047,
        -0.0005194969690564923,
        -0.0007946360953300107,
        -0.0005702010954955323,
        -0.0007081540823888017,
        -0.0005200288261492901,
        -0.0013376827194154506,
        -0.001326583802501102,
        -0.0011938828466586371,
        -0.000894942825239146,
        -0.0007045146537169687,
        -0.0006348796406407964,
        -0.0011245045187280847,
        -0.0008586433884476408
    ],
    "zerrs": [
        0.0002682475500485419,
        0.00028959023243178643,
        0.0003371332829359868,
        0.00027368369035139724,
        0.0002329387273063031,
        0.000290308907007835,
        0.00027864733821707065,
        0.0002886374159066799,
        0.0002610381172562399,
        0.00021505703554590243,
        0.00029388382793398075,
        0.00021200519282698287,
        0.00022055112758282254,
        0.00023154163328815416,
        0.00020883126489897733,
        0.00022290236652074626,
        0.0001507659557541623,
        0.00013956156036950724,
        0.00017485754197599715,
        0.0001688119864412976,
        0.00012971818169941278,
        0.0001051425492188038,
        0.00022480693605548662,
        0.00013024476298927076,
        6.0986571141292804e-05,
        5.603203336619875e-05,
        7.443511076479743e-05,
        5.504033000953123e-05,
        4.8387902590854775e-05,
        7.629453527154584e-05,
        6.186170019874782e-05,
        5.6629470074293546e-05,
        4.719860406727666e-05,
        6.631101114722599e-05,
        9.263845063232726e-05,
        7.204143242532269e-05,
        8.456159098943316e-05,
        5.3786062310967e-05,
        4.7474223814177105e-05,
        5.183984587863702e-05,
        0.00010870698912083115,
        0.00012873933418216415,
        0.00013382563261163426,
        0.00017424665370171282,
        8.756430732589171e-05,
        0.00012165937968358725,
        0.0001657090380138066,
        0.00019213832508356798,
        0.0001913734094054672,
        0.00026118899411761785,
        0.00017312301200373263,
        0.0001969699724501446,
        0.0002404351481084793,
        0.00021582066031116857,
        0.0002506948335319518,
        0.0002125334666748015,
        0.00035752408768711534,
        0.00035454720761057216,
        0.00033116029026475786,
        0.0002830808191700972,
        0.0002492222834057829,
        0.00024004149400684907,
        0.0003246429756210346,
        0.0002862240826485254
    ]
}