{
    "bins": [
        -1.0,
        -0.75,
        -0.5,
        -0.25,
        0.0,
        0.25,
        0.5,
        0.75,
        1.0
    ],
    "yvals": [
        0.00736796,
        0.0038488472,
        0.0031820372,
        0.0015506512,
        -0.001591448,
        -0.0034653964,
        -0.003580812,
        -0.00718448
    ],
    "yerrs": [
        0.00038266908942322477,
        0.0003088017616530061,
        0.00029896795814936424,
        0.00017425181778104928,
        0.00017196111188289055,
        0.0003114177644258593,
        0.000296934928898572,
        0.0003776809870777188
    ]
}