{
    "bins": [
        0.0,
        0.7853982,
        1.570796,
        2.356194,
        3.141593,
        3.926991,
        4.712389,
        5.497787,
        6.283185
    ],
    "yvals": [
        0.33144371861305516,
        0.3315592429721601,
        0.36930053297818444,
        0.3375984690584022,
        0.3580771787043001,
        0.32824644320459184,
        0.3663416509845964,
        0.39905321887756284
    ],
    "yerrs": [
        0.02881380339526155,
        0.02642555222456542,
        0.02875569757660753,
        0.027332388030950085,
        0.027109252016702015,
        0.02469816457440772,
        0.029010092200466235,
        0.033890974702212806
    ]
}