{
    "bins": [
        [
            -1.0,
            -0.75,
            -0.5,
            -0.25,
            0.0,
            0.25,
            0.5,
            0.75,
            1.0
        ],
        [
            0.0,
            0.7853982,
            1.570796,
            2.356194,
            3.141593,
            3.926991,
            4.712389,
            5.497787,
            6.283185
        ]
    ],
    "zvals": [
        -0.0007867193991531939,
        -0.0005255553300505808,
        0.00045196738468903676,
        0.0007444888521630407,
        0.0006380214871950271,
        0.0005434559293504696,
        -0.0004118984769505398,
        -0.0011777717794035638,
        -0.00210750724918901,
        -0.00041040135330147343,
        0.0010672413222340778,
        0.0014426308156745807,
        0.0015131945841471452,
        0.0005262682105123773,
        -0.0005231452079073286,
        -0.0014927534829474996,
        -0.002002612178128241,
        -0.00046722916718126785,
        0.0009055301897891263,
        0.002219350928636273,
        0.0014557332715387607,
        0.0004517989605270195,
        -0.0011544190334072664,
        -0.0017556948196965109,
        -0.003385301366873517,
        -0.0009515672185483585,
        0.0005114894613940958,
        0.0009898698623247548,
        0.0026944738845782637,
        0.0011617651178128798,
        -0.000902898148454669,
        -0.0013022798632031153,
        -0.0009698891594098381,
        -0.0005282545991343495,
        0.0013524455117023475,
        0.001858756122684139,
        0.003511411539117745,
        0.0007820559767149905,
        -0.0006053353840982535,
        -0.0010321177288457573,
        -0.0013122815916817737,
        -0.0006533871116012803,
        0.0006693762907468571,
        0.0026955302973393144,
        0.0009710108760144536,
        0.0002942045688937329,
        -0.0008476319012780784,
        -0.0031005808520011514,
        -0.0011320504681574264,
        -0.0006868397135820854,
        0.0003060333232322976,
        0.0014168808465506069,
        0.0020453253000389604,
        0.00040805410759894997,
        -0.0006028770126738293,
        -0.0012563434080555339,
        -0.0013372467622156507,
        -0.0004592924502716967,
        0.0006762813248824165,
        0.0008326402249047937,
        0.000682120911945281,
        0.00021674733065273915,
        -0.0003988063631432727,
        -0.0009615298230960611
    ],
    "zerrs": [
        0.00028146618076702355,
        0.00018741686498655277,
        0.00014973819841892057,
        0.00026979568107788926,
        0.0002545632009767385,
        0.00018574099847239935,
        0.00015825712586724802,
        0.00036918966554561864,
        0.0006414165535993779,
        0.0002063519666465907,
        0.00035859789650721975,
        0.0005506504191731353,
        0.0005440470124382378,
        0.00021788605811663472,
        0.000238178434061674,
        0.0005333091968698168,
        0.0007582105963688765,
        0.0002709666565053411,
        0.0003472097086729157,
        0.0007861932292086635,
        0.0006005613992462887,
        0.000250207503567087,
        0.0003958054144440887,
        0.0007190980707203276,
        0.0010725935077848094,
        0.00043339044355853406,
        0.0002730431823734121,
        0.000571796627030848,
        0.0009030791894161091,
        0.0003950970263784178,
        0.0004152437430926451,
        0.0006521444317397056,
        0.0005623495085943785,
        0.00028512451839937577,
        0.0005193954545609412,
        0.0007606408058242802,
        0.001016619599712631,
        0.00039321702326851283,
        0.0003210358480454455,
        0.0005977574386467784,
        0.0006577148501326722,
        0.0003436786977831724,
        0.00035211690371533095,
        0.0008552074678504318,
        0.00048777073630060827,
        0.00015321935734302565,
        0.0003615238828408443,
        0.0009836707650924962,
        0.0005101234911900564,
        0.0002756732082029034,
        0.000164822041677571,
        0.0005420179604328785,
        0.000625756836457431,
        0.00020556649742180821,
        0.0002611165218044989,
        0.0005154366630066202,
        0.0003786758932572155,
        0.00015995906690197687,
        0.0002104859732941637,
        0.0002798040618204032,
        0.00025641975012605505,
        0.00010086980890060446,
        0.00014660726961615613,
        0.00033537173322874546
    ]
}