{
    "bins": [
        -1.0,
        -0.75,
        -0.5,
        -0.25,
        0.0,
        0.25,
        0.5,
        0.75,
        1.0
    ],
    "yvals": [
        0.4862424,
        0.22417312,
        0.24918512,
        0.32206136,
        0.4098484,
        0.36456172,
        0.30287464,
        0.41973
    ],
    "yerrs": [
        0.04044907909952957,
        0.031249125427761974,
        0.040432323702701035,
        0.05472580378578281,
        0.06474826329717269,
        0.0525034551244011,
        0.03894185409042564,
        0.039933108068368535
    ]
}