{
    "bins": [
        [
            -1.0,
            -0.75,
            -0.5,
            -0.25,
            0.0,
            0.25,
            0.5,
            0.75,
            1.0
        ],
        [
            0.0,
            0.7853982,
            1.570796,
            2.356194,
            3.141593,
            3.926991,
            4.712389,
            5.497787,
            6.283185
        ]
    ],
    "zvals": [
        -0.0005793402633212044,
        -0.0012145284848009503,
        -0.001411289562743985,
        -0.0003200755284893411,
        0.00041284087812803175,
        0.0012219277360013651,
        0.0010053267260675483,
        0.00043896623113376924,
        -0.0014255932850368131,
        -0.0015067370955202575,
        -0.002797804425272283,
        -0.0006437645069576101,
        0.0005158286626652983,
        0.00219773261454702,
        0.0016439476545649472,
        0.0006392239348712374,
        -0.0007487208399509955,
        -0.001434031009508812,
        -0.0029305187942928303,
        -0.0008551327414473408,
        0.0010046895968668112,
        0.0013527072898072065,
        0.004888402567870049,
        0.0006287742011056816,
        -0.0019044148560564563,
        -0.0028426593504590923,
        -0.0019952610014285755,
        -0.0003772547711418018,
        0.0012822950911512373,
        0.00452229213723488,
        0.0020464701972757768,
        0.0006956513767542063,
        -0.0007098987494496421,
        -0.0025151071215121813,
        -0.0036333130463790343,
        -0.001170460874027087,
        0.001638349473769986,
        0.001810257219906341,
        0.002734413380222512,
        0.0005197308880338378,
        -0.0004183709104502658,
        -0.0015045781895492959,
        -0.0013004061634992708,
        -0.0011449181880801987,
        0.0007622362165424407,
        0.0014307120720959314,
        0.0021332099139544543,
        0.001140710315024994,
        -0.0003193998152784154,
        -0.0024879091843649165,
        -0.0010360179170306014,
        -0.0008048372865257022,
        0.0011487918227446462,
        0.0016538488766205165,
        0.001830879630454878,
        0.0007413667974708367,
        -0.00046018811858748845,
        -0.001580073690045987,
        -0.0016321156916620622,
        -0.0003918877411353974,
        0.00034449153168202603,
        0.0008293216942238205,
        0.0014301549023552392,
        0.0003803657763325092
    ],
    "zerrs": [
        0.00022417416748553594,
        0.00041288958046586255,
        0.00041983351601826473,
        0.0001488260401997078,
        0.00019373740116432515,
        0.00039068534812974453,
        0.0003333185994413642,
        0.0001668306838731339,
        0.00046200764528405797,
        0.0006168447805047451,
        0.0008586245944906624,
        0.00032100392756085705,
        0.00024094956477255358,
        0.0007414699760270702,
        0.0006308840429511447,
        0.000273345437450924,
        0.00035156589438021656,
        0.0007288661783923328,
        0.0011097946164380671,
        0.00042351474415378877,
        0.00043238135143657946,
        0.0006832365691804642,
        0.0013207576210945207,
        0.00033019980391022874,
        0.0006500110916023078,
        0.0011680001867339107,
        0.0010002077935915479,
        0.0002301924502264032,
        0.000500282995853673,
        0.0013733550590294757,
        0.0009168780836766072,
        0.0004140057135880948,
        0.0004483151262160241,
        0.0011290938442870817,
        0.0012947774891023524,
        0.0005214648932068414,
        0.0005361125259953493,
        0.0008222561791892461,
        0.0011217193874217542,
        0.0003493523918740306,
        0.0002459781639870233,
        0.0007559326075549101,
        0.000657812616676004,
        0.00045260226111537794,
        0.0004155982684765185,
        0.0007198032641077353,
        0.0008751297229239661,
        0.00048151897490649864,
        0.00017890554371826487,
        0.000843673162705547,
        0.0005209599431720565,
        0.00034453612702930157,
        0.00037640207727660647,
        0.0006366854987483585,
        0.0006563844514154792,
        0.00033862453659585183,
        0.00014875320062969963,
        0.00044930102461829166,
        0.000479465583874436,
        0.00014766304893525006,
        0.00014758481115606303,
        0.0003341213773904075,
        0.0004470638666566645,
        0.00017056038390081898
    ]
}