{
    "bins": [
        0.0,
        0.7853982,
        1.570796,
        2.356194,
        3.141593,
        3.926991,
        4.712389,
        5.497787,
        6.283185
    ],
    "yvals": [
        -0.003630304984146895,
        0.0032039076249004007,
        0.0027452947422835308,
        -0.002631479031676893,
        -0.002642893157354614,
        0.0030726141395827347,
        0.0028938818280667897,
        -0.0037837071141001133
    ],
    "yerrs": [
        0.0005577563591606432,
        0.0004248331274201394,
        0.0003668627912006608,
        0.00033124849642538867,
        0.00036104438495324873,
        0.00040896296196428483,
        0.00046954418861650215,
        0.000653409749785356
    ]
}