{
    "bins": [
        0.0,
        0.7853982,
        1.570796,
        2.356194,
        3.141593,
        3.926991,
        4.712389,
        5.497787,
        6.283185
    ],
    "yvals": [
        -0.0011121883141570735,
        0.00130825041781375,
        0.000932792036648935,
        -0.0013210406430362149,
        -0.0011770158569285886,
        0.001365505132429673,
        0.0009678214102913429,
        -0.0009354817557467682
    ],
    "yerrs": [
        0.0002398395240080952,
        0.0002388176302750858,
        0.00018820543166163194,
        0.00024841023893757525,
        0.00022690083673225527,
        0.00025126777144951457,
        0.00020739118477751967,
        0.00019502168901909674
    ]
}