{
    "bins": [
        0.0,
        0.7853982,
        1.570796,
        2.356194,
        3.141593,
        3.926991,
        4.712389,
        5.497787,
        6.283185
    ],
    "yvals": [
        -0.00028467584977913114,
        5.783634738981953e-05,
        0.0005338069361011871,
        0.00021466770393137755,
        -0.00023017209109266887,
        -0.0005929861038607179,
        0.0015010249580467486,
        -0.00010760232391730054
    ],
    "yerrs": [
        0.00034151969117307264,
        0.000715676149264323,
        0.000709433066309459,
        0.0003525323630916223,
        0.000384999907409899,
        0.0009195259980108863,
        0.0006709244120575055,
        0.0004122682869519526
    ]
}