{
    "bins": [
        [
            -1.0,
            -0.75,
            -0.5,
            -0.25,
            0.0,
            0.25,
            0.5,
            0.75,
            1.0
        ],
        [
            0.0,
            0.7853982,
            1.570796,
            2.356194,
            3.141593,
            3.926991,
            4.712389,
            5.497787,
            6.283185
        ]
    ],
    "zvals": [
        -0.00041431773080203134,
        -0.0007534352655431426,
        -0.000596263805102636,
        -0.00029646434487438873,
        0.0002773184551017445,
        0.0005627108803434694,
        0.0009811891550525979,
        0.00034211098067476624,
        -0.00034809679981441256,
        -0.0007822466525880262,
        -0.0005733734998051945,
        -0.00040667742128523216,
        0.0004693156336023263,
        0.0008274490131118238,
        0.001149376494465227,
        0.0004274297617259021,
        -0.00032863645473086135,
        -0.00036483443167271415,
        -0.0012070323581165221,
        -0.0004621356024135503,
        0.0003903120201477466,
        0.0008258411658802292,
        0.0007070382150196463,
        0.0002472408129381537,
        -0.00018891252870200108,
        -0.00026566338739426057,
        -0.0002482613401103645,
        -0.0001310647454351228,
        0.0002451613576810737,
        0.00025898599181561454,
        0.00030144706250843527,
        0.00018526148525970277,
        0.00017401129770860184,
        0.00036272304302354807,
        0.0004814081013702608,
        0.00010009108746000441,
        -0.00013572420607131666,
        -0.000208400836263907,
        -0.0003201454039862593,
        -0.00012519833256514535,
        0.00038926857739169756,
        0.0006790291493049764,
        0.0008359124927743642,
        0.0002142935246925448,
        -0.00019574376303479248,
        -0.0002934477551508917,
        -0.0005704526876819143,
        -0.0002757124413354758,
        0.0001511675478757145,
        0.0008931575820558703,
        0.0010467319753806352,
        0.0003459074432231261,
        -0.00041411197889477675,
        -0.00119606059602902,
        -0.0008606143636729405,
        -0.0003215755069404303,
        0.00040775581100134934,
        0.0005905384507061262,
        0.0005203125039788745,
        0.0003190413535031239,
        -0.00033284164207191756,
        -0.0009086781478944435,
        -0.0009416672820659083,
        -0.0004163964766907989
    ],
    "zerrs": [
        9.110609954392478e-05,
        0.00019443406581937586,
        0.00016175899201539972,
        9.275166089020519e-05,
        8.299411117933592e-05,
        0.00015568179259706582,
        0.00021379973554004465,
        8.551647291700147e-05,
        0.00013622718121902963,
        0.00025122501090792473,
        0.00021851050639720089,
        0.0001316190650775545,
        0.00014884215852090435,
        0.0002508364376317188,
        0.00029800744998357897,
        0.0001294740127081145,
        0.0001183393684117812,
        0.00018343801755683846,
        0.0003246383814695854,
        0.00016320835741907388,
        0.0001375910798822837,
        0.00026169020187383197,
        0.00023718206994372774,
        9.557352916052322e-05,
        7.42419469622835e-05,
        0.00010868161794984892,
        0.00010632642613711488,
        6.60375318473582e-05,
        8.853731354620627e-05,
        0.00011859340259247019,
        0.00012328063042061187,
        7.420712507637923e-05,
        8.007370629570708e-05,
        0.0001333406029508767,
        0.00015849549360327266,
        4.7986715970498035e-05,
        5.783234060416182e-05,
        9.838006229417808e-05,
        0.0001287140032559883,
        5.782684612727522e-05,
        0.00013883119365821586,
        0.0002404744745949217,
        0.0002546225467901581,
        8.953358795019263e-05,
        8.174834189824546e-05,
        0.00014784947510821967,
        0.000216053511773382,
        0.00011416647160009202,
        8.766579974036677e-05,
        0.0002706542218664913,
        0.0002725078730352383,
        0.0001209272700983277,
        0.00013028395975245893,
        0.00029291392523227643,
        0.0002606668385051675,
        0.0001297287590649755,
        0.00010699034350472747,
        0.00016707200678683275,
        0.0001363096835661736,
        8.45506854772469e-05,
        7.831497589645216e-05,
        0.0001928820729542442,
        0.0002137894230715032,
        9.586883983129673e-05
    ]
}