{
    "bins": [
        [
            -1.0,
            -0.75,
            -0.5,
            -0.25,
            0.0,
            0.25,
            0.5,
            0.75,
            1.0
        ],
        [
            0.0,
            0.7853982,
            1.570796,
            2.356194,
            3.141593,
            3.926991,
            4.712389,
            5.497787,
            6.283185
        ]
    ],
    "zvals": [
        0.0013713868964813007,
        0.0022441045798702263,
        0.0022239771427989383,
        0.000530172307324048,
        -0.0011544363494686767,
        -0.002287489909574509,
        -0.0017457711886202923,
        -0.0011158897781761606,
        0.001070253025789975,
        0.0032372807766968535,
        0.0025277772543347457,
        0.001612636634373102,
        -0.0010961143267489855,
        -0.004046879671198552,
        -0.0004705569914871187,
        -0.0008350818311225649,
        0.001374823115204491,
        0.0042902692113474215,
        0.004295163471259159,
        0.0030223206293871017,
        -0.003055267265768437,
        -0.009649838680516122,
        -0.002987549751845562,
        -0.004106974043733242,
        0.002795271494128711,
        0.007926036971328414,
        0.012878779930684828,
        0.0021531669890081347,
        -0.0025367464648496678,
        -0.005854158019246295,
        -0.004293587709670766,
        -0.0023092699497579577,
        0.003111061369888548,
        0.00524645727298956,
        0.00675246944861077,
        0.0010733540531627874,
        -0.0038382705329017886,
        -0.008514791226868417,
        -0.011093600951364788,
        -0.002730211688850749,
        0.0020872596855964274,
        0.003918576802736142,
        0.00383266827773944,
        0.0014399814616519759,
        -0.001942082867539769,
        -0.008683653383380148,
        -0.00297775802841362,
        -0.0012933967236993223,
        0.002532870077878966,
        0.004258403575869451,
        0.002483573933216026,
        0.0010384163972706867,
        -0.0011401928703663616,
        -0.002800080978051893,
        -0.004173548188307076,
        -0.0027166588150211745,
        0.0007417618222196078,
        0.0025094381471402138,
        0.002131293433393006,
        0.0013346546150428001,
        -0.000974280555845571,
        -0.0010756961438659128,
        -0.0017070152967030732,
        -0.0010148133812411034
    ],
    "zerrs": [
        0.00036911783197470866,
        0.0005983454882530255,
        0.0006978941343809266,
        0.00022432586689447785,
        0.00037659752696579695,
        0.0007307560646278669,
        0.0006939468607184987,
        0.0003491666888476724,
        0.00040677372502947117,
        0.0011631934978755052,
        0.0011441847257872666,
        0.0006729099361093183,
        0.0005762239443363131,
        0.0017003910534344542,
        0.0004705569676583384,
        0.0003888825733550368,
        0.0005962983838515233,
        0.0017891600080689883,
        0.0017622647224540642,
        0.0013172676902713624,
        0.001577579042777667,
        0.004055313046993065,
        0.0017308412793176542,
        0.0014898399632422576,
        0.001308129593357396,
        0.002839218841217159,
        0.004087738976696117,
        0.0013025457417269772,
        0.0013364844033169835,
        0.0033989621661694547,
        0.0031089256235972127,
        0.001457252815362254,
        0.001412625326356474,
        0.002362644098836342,
        0.0030275451635955945,
        0.0007697379343940881,
        0.0018113995747964134,
        0.003884458472621317,
        0.004669601264840368,
        0.0015905829469445615,
        0.0009905228421737463,
        0.0019705519262689973,
        0.00193424329502097,
        0.0007202124906780717,
        0.0010367852842951121,
        0.0029650708309144004,
        0.0014913205642383845,
        0.000755346295053666,
        0.0008407867382090894,
        0.0014458786693642488,
        0.0010387881624579814,
        0.00048011206453894395,
        0.0005192865755237435,
        0.0010805219247727467,
        0.0014117794164542846,
        0.0009452204426837393,
        0.0002699904734084095,
        0.0007244777087293015,
        0.0006286110663878903,
        0.000398615752437593,
        0.0002797493017256972,
        0.0003820215111412564,
        0.0005392053791159685,
        0.0003135404981541119
    ]
}