{
    "bins": [
        [
            -1.0,
            -0.75,
            -0.5,
            -0.25,
            0.0,
            0.25,
            0.5,
            0.75,
            1.0
        ],
        [
            0.0,
            0.7853982,
            1.570796,
            2.356194,
            3.141593,
            3.926991,
            4.712389,
            5.497787,
            6.283185
        ]
    ],
    "zvals": [
        -0.0003361440858917171,
        0.00021039524174883096,
        0.0002394579563482464,
        -0.00016809560490909717,
        -0.00025151131018922885,
        0.0002407359326099634,
        0.0002580242373930161,
        -0.00019618180845889604,
        -0.0003239585219319321,
        0.000681992743040533,
        0.0007211406191510548,
        -0.0005237949118855512,
        -0.0004060426433477038,
        0.0006305694692372531,
        0.00037364923261836683,
        -0.0006350803032347932,
        -0.001951338314755496,
        0.0006181336387751531,
        0.0008059119070840518,
        -0.0006991554611095762,
        -0.0006770462873600389,
        0.001957474808950367,
        0.0015044535382061075,
        -0.0006802365170270362,
        -0.001794980431582349,
        0.0029614394132502025,
        0.002284787585402561,
        -0.0034378561724677523,
        -0.003286739716678677,
        0.0023508936870223762,
        0.004566996605542668,
        -0.0024835790261752647,
        -0.0019586910181357683,
        0.0012334661492558294,
        0.0027770888135696813,
        -0.0019137396406157892,
        -0.002536149060730992,
        0.004030037764292754,
        0.0020319206313232276,
        -0.0015011095011701076,
        -0.0022691027303092877,
        0.0012215985326162106,
        0.0007230464044981019,
        -0.0020108194688304927,
        -0.0014200143112154597,
        0.0012393970954853466,
        0.001509182860154979,
        -0.0009010947315883159,
        -0.0006215736170518343,
        0.0006175657736754547,
        0.0007145808876518659,
        -0.0008067690435052757,
        -0.0008614628506820743,
        0.0007764379333790003,
        0.00043865291228141663,
        -0.0007682010904025732,
        -0.00024027159726110908,
        0.00022027385358094965,
        0.00012071031502499372,
        -0.00025708756950288964,
        -0.00018978846393802882,
        0.0002689055994540348,
        0.0002747859301908078,
        -0.0002698228414128888
    ],
    "zerrs": [
        6.88991756936707e-05,
        4.542902526840996e-05,
        4.767348005559645e-05,
        4.734037796585981e-05,
        5.8098656606275426e-05,
        6.0383663424947114e-05,
        5.9915391615506704e-05,
        5.4155904891050856e-05,
        0.00011441528098730932,
        0.00018111078957866496,
        0.0001801964262980623,
        0.0001346953329799588,
        0.00015233138139444217,
        0.00019247929674652564,
        0.00013233470254904543,
        0.0001634431317144632,
        0.0005432426930771636,
        0.00024937451263467865,
        0.00028080413065664604,
        0.0002929646425026085,
        0.00030706713692297036,
        0.0006458006866751033,
        0.0004946760398144181,
        0.0003103660391603404,
        0.0007056893752502954,
        0.0008777226567942689,
        0.0007513269767583481,
        0.0011074078570785456,
        0.0010417157301898274,
        0.001039941871241101,
        0.0013995872687680706,
        0.0010857785378794729,
        0.0007657122957031569,
        0.0005719433229815866,
        0.0008250051642702485,
        0.0008165002413449398,
        0.001003573400978015,
        0.0012832574675262058,
        0.0006913085768004985,
        0.0006931811269983795,
        0.0005751746882381762,
        0.00039446417777764625,
        0.0002912422444781798,
        0.0006232688078943769,
        0.0005355497890888831,
        0.000453502268700555,
        0.0005130374736698361,
        0.00031540343352628466,
        0.00017027198778048655,
        0.00017758160911106232,
        0.0001949258543074948,
        0.00019976064377004115,
        0.00023898170585425166,
        0.0002058355248879948,
        0.00014028892497948474,
        0.00020835967867103195,
        6.0939024173915284e-05,
        5.334374742001531e-05,
        3.74356790074817e-05,
        6.111295018250472e-05,
        4.759551206360326e-05,
        6.688442033223758e-05,
        6.747636689609036e-05,
        6.055464283278917e-05
    ]
}