{
    "bins": [
        -1.0,
        -0.75,
        -0.5,
        -0.25,
        0.0,
        0.25,
        0.5,
        0.75,
        1.0
    ],
    "yvals": [
        0.00038969268,
        -0.00039308784,
        0.0017552456,
        0.003638542,
        -0.005047684,
        -0.009559712,
        -0.000447036,
        0.001542084
    ],
    "yerrs": [
        0.000890816883540046,
        0.0016992972665193103,
        0.003412260716885508,
        0.0054049148004385785,
        0.006570332107283467,
        0.004156827636551701,
        0.0018347629819679707,
        0.0008359824878548592
    ]
}