{
    "bins": [
        -1.0,
        -0.75,
        -0.5,
        -0.25,
        0.0,
        0.25,
        0.5,
        0.75,
        1.0
    ],
    "yvals": [
        2.9155668e-05,
        0.00028526732,
        -0.00014814852,
        -0.0032276376,
        -0.0009192812,
        0.0009395312,
        0.000619734,
        -0.00018223704
    ],
    "yerrs": [
        0.00039768142023484073,
        0.0008489645457850404,
        0.0016836726522694368,
        0.0024676080726079657,
        0.002627627370842373,
        0.0015742563958898183,
        0.0008625075999665162,
        0.0004009891769112977
    ]
}