{
    "bins": [
        [
            -1.0,
            -0.75,
            -0.5,
            -0.25,
            0.0,
            0.25,
            0.5,
            0.75,
            1.0
        ],
        [
            0.0,
            0.7853982,
            1.570796,
            2.356194,
            3.141593,
            3.926991,
            4.712389,
            5.497787,
            6.283185
        ]
    ],
    "zvals": [
        0.000685740303453713,
        -0.0005796919726538576,
        -0.0006228052528781588,
        0.0005245094531569304,
        0.0007639968525511904,
        -0.0005749548636487489,
        -0.0005154538208653449,
        0.0005580166998133432,
        0.001793107241651432,
        -0.001627290017873745,
        -0.0008787890980114543,
        0.0012945532143534687,
        0.0012816477760320241,
        -0.0009463823437289121,
        -0.0016931481872884833,
        0.0010999223323716132,
        0.0015779557427047833,
        -0.0019650077960493397,
        -0.004429447999612936,
        0.0029366851753058003,
        0.002477996124258019,
        -0.0030519502214164038,
        -0.005311192541870492,
        0.003075941624501209,
        0.005279813475508347,
        -0.003925794037110876,
        -0.00489331167128004,
        0.0038484653023495062,
        0.004200102368480692,
        -0.004361719281179734,
        -0.0042797766228078,
        0.004194229167886855,
        0.0036456401351569177,
        -0.003623627669952729,
        -0.004711656510457119,
        0.005223047139097453,
        0.002921841410342271,
        -0.005412129901018339,
        -0.005983402045841728,
        0.00345349746243306,
        0.002237527409663022,
        -0.0012878655886227337,
        -0.0034960791853302408,
        0.0026575129329169,
        0.004617629278404069,
        -0.0033611228956529054,
        -0.002548449066587896,
        0.0017177772288699492,
        0.0022733512758241615,
        -0.0015387448245971658,
        -0.0012783113784348831,
        0.0019050963904970596,
        0.001933864868512524,
        -0.001564207701063665,
        -0.0010093277548453143,
        0.0010468598086575216,
        0.0008242748710144738,
        -0.0006063928368528662,
        -0.0004898660297072313,
        0.00042582035373103354,
        0.0005052766622782333,
        -0.00046766505644272086,
        -0.000556695586186876,
        0.000741348972113502
    ],
    "zerrs": [
        0.00016162925499091686,
        0.00014371291456581693,
        0.00013805100859725172,
        0.00013528708836044108,
        0.00016365406504744305,
        0.00013170289195012875,
        0.00013163706630875432,
        0.00013989266974986155,
        0.0004336362544515844,
        0.0004347466681601828,
        0.0003103337782897319,
        0.0003832909346026711,
        0.00034395578392641094,
        0.00025705089096882865,
        0.0004144266142040453,
        0.0003526450446797372,
        0.000621206642410199,
        0.0007451034334407775,
        0.001143782949566408,
        0.0008203757320910546,
        0.0007285144853228756,
        0.0009565342176790408,
        0.0012698227379146323,
        0.0009394269454018321,
        0.0014207554491797577,
        0.0013401099614716013,
        0.001412768074021865,
        0.0010804837003212775,
        0.0012602150726352093,
        0.0014967942934127822,
        0.0016239681388345664,
        0.0014977686566068197,
        0.0013393331969332924,
        0.00129670965954274,
        0.0014097566001822943,
        0.0014037048147789502,
        0.0010635050118567588,
        0.0016757987493103198,
        0.0018847073522760384,
        0.0013210134912453456,
        0.0007176303045466293,
        0.0006049114430816573,
        0.0009055898790008113,
        0.0008091057526888074,
        0.0010112746122480404,
        0.0010777007418162096,
        0.0009018818374464709,
        0.0006412128721155385,
        0.000498814009253361,
        0.0003968919670467212,
        0.00036376651655698074,
        0.0004626404474316022,
        0.00041244414659517007,
        0.0004535803050801527,
        0.0002954137191325495,
        0.0003377881170630489,
        0.00017957498152602178,
        0.00012853720307454188,
        0.00012038090187276898,
        0.00010802170800140795,
        0.00013139226824580567,
        0.0001343413949161712,
        0.00012894959434894116,
        0.000160470320368067
    ]
}