{
    "bins": [
        0.0,
        0.7853982,
        1.570796,
        2.356194,
        3.141593,
        3.926991,
        4.712389,
        5.497787,
        6.283185
    ],
    "yvals": [
        0.0021722471480072145,
        0.0008843941248625856,
        -0.0005811318592611645,
        -0.002178059814183619,
        -0.0022020720704661835,
        -0.0007172275712441338,
        0.0010113823819261065,
        0.001548653039605398
    ],
    "yerrs": [
        0.00033708793550155303,
        0.00016604935712023297,
        0.00010185850040131798,
        0.00039480660823155186,
        0.0003736363386095993,
        0.00013092979471662124,
        0.00019288028271871471,
        0.0002919750157006897
    ]
}