{
    "bins": [
        -1.0,
        -0.75,
        -0.5,
        -0.25,
        0.0,
        0.25,
        0.5,
        0.75,
        1.0
    ],
    "yvals": [
        0.0004582304,
        -0.00025922,
        0.0036075428,
        -0.012534104,
        0.006085976,
        -0.007794528,
        0.0018505456,
        -0.00029472724
    ],
    "yerrs": [
        0.0004500670172318785,
        0.0014114888593254997,
        0.0035438428859078954,
        0.007961695296857323,
        0.0068437475114150725,
        0.0035307991163474593,
        0.001413239682431823,
        0.000475592935187225
    ]
}