{
    "bins": [
        -1.0,
        -0.75,
        -0.5,
        -0.25,
        0.0,
        0.25,
        0.5,
        0.75,
        1.0
    ],
    "yvals": [
        -0.000198489,
        -0.00014934452,
        -8.27678e-06,
        -0.007432672,
        0.0004490684,
        0.00020016176,
        -0.00029694528,
        0.000476556
    ],
    "yerrs": [
        0.0005117949589435206,
        0.0015579822848800304,
        0.0036586102279417524,
        0.005365240721533378,
        0.005609229537111135,
        0.0036540228789650455,
        0.001646472593151796,
        0.0005222710407441714
    ]
}