{
    "bins": [
        -1.0,
        -0.75,
        -0.5,
        -0.25,
        0.0,
        0.25,
        0.5,
        0.75,
        1.0
    ],
    "yvals": [
        0.00033189588,
        0.00022926952,
        -0.0017901432,
        -0.00340755,
        0.0029576628,
        -7.355048e-05,
        0.0005049796,
        -0.00028744348
    ],
    "yerrs": [
        0.0007237713451083844,
        0.001960471371889934,
        0.003852939449303609,
        0.005253341793563408,
        0.00514913429617057,
        0.0035373565271258705,
        0.001885286609510607,
        0.0008180691413321982
    ]
}