{
    "bins": [
        0.0,
        0.7853982,
        1.570796,
        2.356194,
        3.141593,
        3.926991,
        4.712389,
        5.497787,
        6.283185
    ],
    "yvals": [
        0.006025903802682512,
        0.0062494763799949525,
        -0.005062414215467828,
        -0.006473825405940165,
        0.004654494918499918,
        0.006071911311207823,
        -0.006677695894310911,
        -0.005161482458575143
    ],
    "yerrs": [
        0.0006041768890215407,
        0.0006377911346994898,
        0.000599850962789878,
        0.0006674984445691603,
        0.0004814090928251728,
        0.0005888392055427325,
        0.0006529461259209782,
        0.0005622699656541891
    ]
}