{
    "bins": [
        -1.0,
        -0.75,
        -0.5,
        -0.25,
        0.0,
        0.25,
        0.5,
        0.75,
        1.0
    ],
    "yvals": [
        0.6068108,
        0.0497988,
        -0.2758976,
        -0.667116,
        -0.6575848,
        -0.25257328,
        0.05987396,
        0.6052904
    ],
    "yerrs": [
        0.030864174701423656,
        0.0070939275440337,
        0.02673755112197076,
        0.06282775182990395,
        0.06502152259060072,
        0.025969939545559206,
        0.007330292217913281,
        0.03153165520552322
    ]
}