{
    "bins": [
        0.0,
        0.7853982,
        1.570796,
        2.356194,
        3.141593,
        3.926991,
        4.712389,
        5.497787,
        6.283185
    ],
    "yvals": [
        0.0027545734125695724,
        0.002904057026897707,
        -0.002562603928199461,
        -0.0023429403398782024,
        0.002137588840307716,
        0.0026397711733414145,
        -0.002377131085131361,
        -0.002437284026697293
    ],
    "yerrs": [
        0.0005202951039300201,
        0.0005310341016875602,
        0.0004934086009901106,
        0.0004562758792192034,
        0.00035766385022412963,
        0.0004082382906563763,
        0.00041826770750351237,
        0.000426094795790566
    ]
}