{
    "bins": [
        [
            -1.0,
            -0.75,
            -0.5,
            -0.25,
            0.0,
            0.25,
            0.5,
            0.75,
            1.0
        ],
        [
            0.0,
            0.7853982,
            1.570796,
            2.356194,
            3.141593,
            3.926991,
            4.712389,
            5.497787,
            6.283185
        ]
    ],
    "zvals": [
        0.059577727578188994,
        0.06412118801453225,
        0.0869764374240831,
        0.04536311861868936,
        0.07264235457691512,
        0.06509000532214243,
        0.053106221304357805,
        0.08390629973593008,
        0.00408041831519349,
        0.005325489834578095,
        0.006997771830333158,
        0.006561454751024639,
        0.009773337849090522,
        0.005059859587113795,
        0.007700987270148386,
        0.008534460235447508,
        -0.02277722561625428,
        -0.02594624532943688,
        -0.024877206206280134,
        -0.03092126677013849,
        -0.028903363644929056,
        -0.03649750572321295,
        -0.01240101451748031,
        -0.035207504984733864,
        -0.0924325520481203,
        -0.08991346805402306,
        -0.05512832984041213,
        -0.052539358975501625,
        -0.05791127555710606,
        -0.08968084970931937,
        -0.06344329881155798,
        -0.03217786650844541,
        -0.07096853545118896,
        -0.03645685282031602,
        -0.06365720309957501,
        -0.05333151684685109,
        -0.06121787934270266,
        -0.07222147242544545,
        -0.09376978296354208,
        -0.0649124138334959,
        -0.03744090067942605,
        -0.024159792655390682,
        -0.03666274678570611,
        -0.028340199058058388,
        -0.022828680490655687,
        -0.02187348070659717,
        -0.04302111795548245,
        -0.030098416344324797,
        0.005701632624062545,
        0.006276162219960382,
        0.0033664730493329505,
        0.0065163159107663755,
        0.005006918275829578,
        0.007330489764425172,
        0.0033107010713039767,
        0.0021074532911975843,
        0.042719507123902246,
        0.07636481793048057,
        0.07755975951046477,
        0.06484973879518563,
        0.058814206300499855,
        0.04779336845777556,
        0.0671319763992269,
        0.08549550673671186
    ],
    "zerrs": [
        0.010933815662680795,
        0.01141214159540444,
        0.013085736127063473,
        0.009186016726348742,
        0.011499422653009222,
        0.011241754351162512,
        0.009980394022302639,
        0.01290701476435797,
        0.0025746078634609273,
        0.00220099818658559,
        0.002432896553171207,
        0.003055735152657602,
        0.003031484468104439,
        0.0023496973355993955,
        0.0030494784012458564,
        0.003102382714678122,
        0.00875251457271168,
        0.010001237629730982,
        0.009022937321705924,
        0.008614227875968142,
        0.008359212561613056,
        0.010562646438841318,
        0.005110542883907677,
        0.011199697602097016,
        0.02707118186455498,
        0.030700372866539056,
        0.01983214283777465,
        0.01681755927454011,
        0.017033797902694107,
        0.025311479668597925,
        0.020283000300879248,
        0.014534327728505415,
        0.02277692417906581,
        0.018863984822729142,
        0.020430728299798268,
        0.017810311373014222,
        0.019418378989706903,
        0.022994482538936413,
        0.02536323358394731,
        0.01986361835769819,
        0.010311793581761647,
        0.008222891949347598,
        0.011280727665451254,
        0.009191868305206881,
        0.00816201499210719,
        0.008835984860560265,
        0.011601709723740989,
        0.008918455121507544,
        0.0024166807237492047,
        0.0033403726083750893,
        0.002622150015447252,
        0.0027336022421695126,
        0.0026709286555064112,
        0.00293714805251438,
        0.0020757611083199214,
        0.002456586130244996,
        0.00905696478078867,
        0.012238833474884074,
        0.012533342229342147,
        0.011421020077518771,
        0.010850330625896099,
        0.00985204629840713,
        0.011473378060247173,
        0.012929854018759032
    ]
}