{
    "bins": [
        0.0,
        0.7853982,
        1.570796,
        2.356194,
        3.141593,
        3.926991,
        4.712389,
        5.497787,
        6.283185
    ],
    "yvals": [
        -0.011519039641292785,
        -0.01200334021816715,
        0.010379075322320661,
        0.010985231710251732,
        -0.012337835084886893,
        -0.011946956829531018,
        0.01059692538050772,
        0.00988115070321035
    ],
    "yerrs": [
        0.0017838435077921714,
        0.0015714465700516819,
        0.0013115649397321594,
        0.001319189669243906,
        0.0017738647985123374,
        0.0015172483538599094,
        0.0011767955016107402,
        0.00122608623851165
    ]
}