{
    "bins": [
        0.0,
        0.7853982,
        1.570796,
        2.356194,
        3.141593,
        3.926991,
        4.712389,
        5.497787,
        6.283185
    ],
    "yvals": [
        0.1319245447723206,
        0.14393164839524633,
        0.15164247935441652,
        0.14412648857459712,
        0.14214831206598433,
        0.1494840832291399,
        0.1426236124869175,
        0.15063763849666031
    ],
    "yerrs": [
        0.014885814139825322,
        0.016500298091596317,
        0.01641394768468283,
        0.014798993761031646,
        0.015153105081778286,
        0.017253555163972045,
        0.01602298823129765,
        0.0158111266116337
    ]
}