{
    "bins": [
        0.0,
        0.7853982,
        1.570796,
        2.356194,
        3.141593,
        3.926991,
        4.712389,
        5.497787,
        6.283185
    ],
    "yvals": [
        -0.00029270731712906906,
        0.00021272315761516013,
        0.00011752664254301645,
        3.0740222485641056e-05,
        -8.383111492517166e-05,
        6.368464141747244e-05,
        -0.00037735441139396847,
        0.0002752730462771742
    ],
    "yerrs": [
        0.00046476101557411703,
        0.0004735030957286869,
        0.0004452774655421163,
        0.0004414414301939978,
        0.0004888642343300781,
        0.000437183719291413,
        0.00046955351049421254,
        0.0004776916812173868
    ]
}