{
    "bins": [
        [
            -1.0,
            -0.75,
            -0.5,
            -0.25,
            0.0,
            0.25,
            0.5,
            0.75,
            1.0
        ],
        [
            0.0,
            0.7853982,
            1.570796,
            2.356194,
            3.141593,
            3.926991,
            4.712389,
            5.497787,
            6.283185
        ]
    ],
    "zvals": [
        0.0027460974573152827,
        0.0014880051866710093,
        -0.0012404538845273354,
        -0.0038980085281493863,
        -0.00334667722606882,
        -0.0016290879273947736,
        0.0015581211054777324,
        0.0040894771822693726,
        0.006259291146834816,
        0.002555262568853643,
        -0.0023417105722194358,
        -0.006287326569043251,
        -0.00506483438969796,
        -0.0022029452583276253,
        0.0021448447793348093,
        0.004542605914453565,
        0.00932076493172508,
        0.006125991185613201,
        -0.004142362980297888,
        -0.010458454874528744,
        -0.009374187354691503,
        -0.002551530306927189,
        0.0034347996811807525,
        0.005878706082775868,
        0.018730962204904465,
        0.006515633224335489,
        -0.005549644893417097,
        -0.021874970556366894,
        -0.01776012161986661,
        -0.004244442180907007,
        0.007160008046875598,
        0.015159646446769667,
        0.017149889062643635,
        0.00641069277250331,
        -0.008844066320515206,
        -0.01574788865277394,
        -0.025109205778471543,
        -0.008632550630381031,
        0.004995237573816079,
        0.01778290242654043,
        0.00614007009438015,
        0.004259002508028415,
        -0.003466210507284206,
        -0.01061611741293279,
        -0.005577946467905442,
        -0.004965285371238532,
        0.003925932075202637,
        0.011221989360808152,
        0.006062035792799117,
        0.0020879151940583485,
        -0.002587973995350129,
        -0.004294588610375109,
        -0.006028209901222054,
        -0.001902848237454132,
        0.002557850669342169,
        0.003768902900185639,
        0.0035109420928135563,
        0.0011794390053040636,
        -0.001177142798937609,
        -0.0036365541590962047,
        -0.003993273728733711,
        -0.0010313629522866116,
        0.0016991196819956254,
        0.0035771692823256497
    ],
    "zerrs": [
        0.0004834581634939102,
        0.0002859562417080971,
        0.0002645533742371609,
        0.0006400818482567723,
        0.0006001053558743132,
        0.00031475740706232713,
        0.00028209523775990595,
        0.0006825794800430475,
        0.001331490616470289,
        0.0006656138967141024,
        0.0006273796106852108,
        0.0013730434384830374,
        0.001340486995577381,
        0.0005661352824036387,
        0.0005488513718777832,
        0.001120548836168734,
        0.002501384918880686,
        0.0014873827973326367,
        0.0013994182396671352,
        0.0032927855756470052,
        0.0028540777260235455,
        0.0009860286075263978,
        0.0009913739179219902,
        0.0019242693592210673,
        0.005080539156044669,
        0.00222612017485695,
        0.002422759305449168,
        0.0066336955964497605,
        0.005841226831253051,
        0.0014779732610437294,
        0.0020320683984985013,
        0.004426520259434323,
        0.004812111974678674,
        0.002371942143181513,
        0.0027649436019556812,
        0.006353249837918792,
        0.007204712264289104,
        0.002621138860976327,
        0.0017905449713629825,
        0.00482873642081511,
        0.0019972104536737445,
        0.0013433716205533933,
        0.001138712227216644,
        0.003186473769367035,
        0.0023025566677669375,
        0.0013436794038132404,
        0.0010766055671248887,
        0.002913696624459002,
        0.0013627674392333437,
        0.0005821017730661123,
        0.0006659725340629568,
        0.001179603721899442,
        0.0015303573040273005,
        0.0005327882899240217,
        0.0005680010555413274,
        0.0010415030664820612,
        0.000579198307276354,
        0.00026866600209655213,
        0.0002720128503223473,
        0.0005986273652144454,
        0.0006821588769940118,
        0.00022140717006532257,
        0.0003194279105424216,
        0.0005974692424825116
    ]
}