{
    "bins": [
        -1.0,
        -0.75,
        -0.5,
        -0.25,
        0.0,
        0.25,
        0.5,
        0.75,
        1.0
    ],
    "yvals": [
        -0.00014504536,
        0.0004657484,
        0.0014266252,
        -0.009345272,
        -0.0013124112,
        -0.0022591476,
        0.00025481892,
        2.9031268e-05
    ],
    "yerrs": [
        0.00047484498523202285,
        0.001445181787873069,
        0.00330003903007222,
        0.007803166536733661,
        0.008561324196641545,
        0.003739971978504652,
        0.0014319648040367473,
        0.0004854274817107083
    ]
}