{
    "bins": [
        0.0,
        0.7853982,
        1.570796,
        2.356194,
        3.141593,
        3.926991,
        4.712389,
        5.497787,
        6.283185
    ],
    "yvals": [
        -0.014378362466325999,
        -0.004858134311045943,
        0.006028297754768921,
        0.01362979835726809,
        0.01376498284945976,
        0.004828330349708048,
        -0.005696946006992634,
        -0.011716473685952859
    ],
    "yerrs": [
        0.0015239198036413977,
        0.0006362240934225189,
        0.0007161989208003078,
        0.0014058394752537293,
        0.0013311008238463032,
        0.000633085895332762,
        0.0007482686397241321,
        0.0014753135767905897
    ]
}