{
    "bins": [
        [
            -1.0,
            -0.75,
            -0.5,
            -0.25,
            0.0,
            0.25,
            0.5,
            0.75,
            1.0
        ],
        [
            0.0,
            0.7853982,
            1.570796,
            2.356194,
            3.141593,
            3.926991,
            4.712389,
            5.497787,
            6.283185
        ]
    ],
    "zvals": [
        0.0006897072083944169,
        0.0008138337031247095,
        0.001573671437920647,
        0.00026720838707459526,
        -0.00026404773121398314,
        -0.0016806327492557918,
        -0.0012728690421926212,
        -0.00012229213723487966,
        0.0008049990437971464,
        0.0014563707716013462,
        0.001532778540306953,
        0.0011399994143104334,
        -0.000369974356950234,
        -0.002435285549492105,
        -0.0017760961958140974,
        -0.0009825214731893897,
        0.001384811424319536,
        0.0025077197822555653,
        0.00238424645848347,
        0.0009172372259195644,
        -0.001151020501707414,
        -0.0022103616255707303,
        -0.002162696110761678,
        -0.0010456614353487024,
        0.0004928750282340856,
        0.006051374220808869,
        0.00115217864063825,
        0.0036618177512321762,
        -0.0017383721374385976,
        -0.004996828614282187,
        -0.0030820684544651256,
        -0.0012198880058263456,
        0.0017712059946152154,
        0.0046476427614133885,
        0.003074942895194539,
        0.000843249354786548,
        -0.0015962230614287275,
        -0.0013166180713472663,
        -0.0038276456013384306,
        -0.0027847613566624827,
        0.0005995231463479289,
        0.0022949603372965904,
        0.002457136381808969,
        0.0006449863063232829,
        -0.001088979090855846,
        -0.0028769831346654824,
        -0.0024646785451452645,
        -0.0030135925989116354,
        0.0009096145114669221,
        0.0017640640195325224,
        0.000979027193855854,
        0.0005915877152886623,
        -0.0004563891937590876,
        -0.0006927315832227738,
        -0.0005396331541460509,
        -0.0004906568134881934,
        0.0004276161060720536,
        0.0008278826347616455,
        0.0008465817330830994,
        0.00035050281449301566,
        -0.00030174479690551787,
        -0.0012973193209048154,
        -0.0014544024812897414,
        -0.0003063602912154093
    ],
    "zerrs": [
        0.0002059863193667611,
        0.0002868512986938067,
        0.00039622126368496816,
        0.0001005886405386198,
        9.609620552666238e-05,
        0.00037996541128944576,
        0.0003946647124857916,
        5.231634388299114e-05,
        0.0003106278510504776,
        0.0005603409331424258,
        0.0005525398398221331,
        0.0004510291757296104,
        0.00022570165850517308,
        0.0007473957159336859,
        0.0006939642411958257,
        0.0003801979862886871,
        0.0005112135020633358,
        0.0009655378790272512,
        0.0009822353860669077,
        0.0004888211171475867,
        0.0005461861022988248,
        0.0009189084527439447,
        0.0009766748956218352,
        0.0006084711675061005,
        0.00039530685239229547,
        0.001688123211928432,
        0.0008148083811746818,
        0.0016026226773797276,
        0.0008419414901838416,
        0.0016748256662114836,
        0.0015431494205120574,
        0.0006956572186534217,
        0.0007013084454068726,
        0.0014766411770424203,
        0.001546810871712433,
        0.0007889929029687633,
        0.0008311242921610486,
        0.00093471468154784,
        0.0017140792974927432,
        0.0012788687361199166,
        0.000363406514153354,
        0.000950996889511614,
        0.001109501257775948,
        0.0004240242106227539,
        0.0006054682504535459,
        0.0011827515987465644,
        0.0011183918161748797,
        0.0010817562914876618,
        0.0003792517219919748,
        0.0006896607644061462,
        0.0004967404941411189,
        0.0003612865444435395,
        0.0002318600667598084,
        0.00041054394649815413,
        0.00038271313212400674,
        0.0002648651219054119,
        0.00014608292052574774,
        0.0002843027699765173,
        0.00032994936005405467,
        0.00012314116277779694,
        9.270716373806501e-05,
        0.000415525146626381,
        0.00046458255005740767,
        0.00011299271550431554
    ]
}