{
    "bins": [
        [
            -1.0,
            -0.75,
            -0.5,
            -0.25,
            0.0,
            0.25,
            0.5,
            0.75,
            1.0
        ],
        [
            0.0,
            0.7853982,
            1.570796,
            2.356194,
            3.141593,
            3.926991,
            4.712389,
            5.497787,
            6.283185
        ]
    ],
    "zvals": [
        -0.004786108244200203,
        -0.0041623335334018,
        -0.0039445193392394695,
        -0.004643413093217587,
        -0.003994396216949876,
        -0.004151557808907078,
        -0.00426519649909982,
        -0.005479234731944824,
        -0.0021555022662389602,
        -0.002568176279587236,
        -0.0015645270296079188,
        -0.002480160020575529,
        -0.0017972890177973455,
        -0.0025490342476043996,
        -0.0015166567778374788,
        -0.0021083725703401335,
        -0.0026708189552764445,
        -0.001239179941680509,
        -0.0016771853251472506,
        -0.002036829178544918,
        -0.0018307823549334216,
        -0.002553249180670183,
        -0.002583767211019127,
        -0.0016226784381931203,
        -0.0011743627627361507,
        -0.0010281974306523395,
        -0.0013355796678881282,
        -0.0013701076777536006,
        -0.0018235768362027908,
        -0.0009305009689354953,
        -0.0014139883218444666,
        -0.0011126516746923219,
        0.0007006937372660136,
        0.0019618990529385234,
        0.0014072900618539903,
        0.0015314738114003202,
        0.001133435532048719,
        0.0016086880791649587,
        0.0013041189307841376,
        0.0008087889197578809,
        0.0023600201782993644,
        0.0017376203498405522,
        0.0026116822299012735,
        0.002115050312007018,
        0.0017467938548353823,
        0.00118566586622324,
        0.0006212391679123197,
        0.0028851756688965348,
        0.002062123391675713,
        0.001323498487008749,
        0.001788778173613888,
        0.0021351104343142785,
        0.0017861064071973696,
        0.0021614809306873717,
        0.002327805774906481,
        0.002316895128329841,
        0.0035098303000949066,
        0.0038497332179947535,
        0.004986271419076698,
        0.003627842154115297,
        0.0044870605731107014,
        0.00547234905105437,
        0.004719136539690706,
        0.005496983694890999
    ],
    "zerrs": [
        0.0006461386183619768,
        0.0006014378855424855,
        0.0005889000461496694,
        0.0006455329167684434,
        0.0006114631550202191,
        0.0006470293535445319,
        0.0006168145570394829,
        0.0006973708206698151,
        0.00048291879990952093,
        0.0005252200588463725,
        0.0004186828212536851,
        0.0005433555269627864,
        0.00046595709244869017,
        0.0005580930637669926,
        0.0004216733124963129,
        0.00048512448490741606,
        0.0005830011085400622,
        0.000391921067010527,
        0.0004653830391495247,
        0.0005449754544410646,
        0.0005289599051540454,
        0.000619692604001261,
        0.00060923331466014,
        0.0004686905974697649,
        0.0003609663896911447,
        0.00030417891734120766,
        0.0003472811564683578,
        0.0004045955270275822,
        0.0004843017830275338,
        0.0003373914636812306,
        0.0003888530243987879,
        0.00035219214314594717,
        0.00028746100177517086,
        0.00046863575906616145,
        0.0003847313234653077,
        0.0003980891135032459,
        0.00033392829169231905,
        0.0003954336033463015,
        0.00034875047572794043,
        0.00028269488620350056,
        0.0005917995213465186,
        0.000501762752250668,
        0.0005994172866621053,
        0.0005289744326756829,
        0.0004671216014653611,
        0.00037502537140745364,
        0.0002779715037383944,
        0.0006300945692806317,
        0.0004868737003669057,
        0.00039990884772233155,
        0.00044796527063409666,
        0.0004786205150110083,
        0.0004338878167099434,
        0.0004722801636345277,
        0.0004972183880300834,
        0.0005200931370781154,
        0.0005561379482017229,
        0.0005890424450380105,
        0.0006619644178877321,
        0.0005609338950934639,
        0.0006111839680410525,
        0.0006794801682345619,
        0.000637295483901498,
        0.0006942082694638489
    ]
}