{
    "bins": [
        -1.0,
        -0.75,
        -0.5,
        -0.25,
        0.0,
        0.25,
        0.5,
        0.75,
        1.0
    ],
    "yvals": [
        0.00016216664,
        0.0003157254,
        -0.000432784,
        -0.0015224472,
        1.4699736e-05,
        0.001314426,
        -0.000555958,
        1.4367648e-05
    ],
    "yerrs": [
        0.00018311425941198572,
        0.00039928043277876764,
        0.000788380517263079,
        0.0013924941651583319,
        0.0015204667704359737,
        0.0008063861109915026,
        0.00035972854209806595,
        0.00018327286760456388
    ]
}