{
    "bins": [
        [
            -1.0,
            -0.75,
            -0.5,
            -0.25,
            0.0,
            0.25,
            0.5,
            0.75,
            1.0
        ],
        [
            0.0,
            0.7853982,
            1.570796,
            2.356194,
            3.141593,
            3.926991,
            4.712389,
            5.497787,
            6.283185
        ]
    ],
    "zvals": [
        -0.0003052546338914451,
        0.0003454144638551317,
        0.0004361987170835679,
        -0.00029134007046100136,
        -0.00039109389125004123,
        0.00027246343891886666,
        0.00035984568333507355,
        -0.00036092819182121684,
        -0.0007583429653900403,
        0.0010067239811468788,
        0.0009368967071472045,
        -0.0008702201046856439,
        -0.0009272980068704017,
        0.0005658618942243296,
        0.0013236723291885136,
        -0.0012968604452774264,
        -0.0008649691328551554,
        0.0017319101224882473,
        0.0009502667437401168,
        -0.0026847179586426775,
        -0.0017930674638845523,
        0.0019055271340135834,
        0.0020391062875128284,
        -0.0006297342239221389,
        -0.005565849272381831,
        0.007411724351659757,
        0.0037886304777959715,
        -0.0034327306248161764,
        -0.002313850557297064,
        0.003361902118416396,
        0.002247638012829165,
        -0.0019809452023050737,
        -0.006800626739404292,
        0.0019193280144151155,
        0.002845916083310628,
        -0.005858362437436259,
        -0.0021523263364561654,
        0.0032862945920412332,
        0.002984488883343223,
        -0.003203657763325092,
        -0.002569052997574988,
        0.002339371462461443,
        0.0014765461587628187,
        -0.001358103588112539,
        -0.0014921056585323615,
        0.001450832826159476,
        0.0012930310492259977,
        -0.0015220222103952395,
        -0.0007695087663811809,
        0.0007381945811409199,
        0.0008738198976824491,
        -0.0005227707190867318,
        -0.000750624269478659,
        0.0006574144573833904,
        0.0010510890020091726,
        -0.0009958685914657284,
        -0.000378513370669808,
        0.0003051933682523684,
        0.00039549313851066606,
        -0.0004033744886357126,
        -0.0006159475832635172,
        0.0004912823816714584,
        0.000421531147265463,
        -0.0004021911438531803
    ],
    "zerrs": [
        6.985240147555587e-05,
        7.219601650695036e-05,
        8.310829397242021e-05,
        6.761214641427921e-05,
        7.883719947728356e-05,
        6.372932453710192e-05,
        7.68134254451823e-05,
        8.301440758699211e-05,
        0.0002206601831819873,
        0.0002460178295853401,
        0.00022655220735917454,
        0.0002518371669884346,
        0.0002389157608424671,
        0.00017848551587453754,
        0.0003111695150228026,
        0.00028103565616548903,
        0.00037592843755428754,
        0.00048348333017572036,
        0.00042304248294792524,
        0.0007013125391500903,
        0.000517081607796055,
        0.000536500168142573,
        0.0004938690918897799,
        0.0003089203686810948,
        0.001674525537120384,
        0.0016930964958299236,
        0.0011498760611878928,
        0.0010752272683925755,
        0.000739515569707143,
        0.0009362162709569316,
        0.0007627372596434119,
        0.000830665711168466,
        0.0017920490015299886,
        0.0008553560126523266,
        0.0009220620908576876,
        0.0013460190453281342,
        0.0007806969956078353,
        0.0009371624858597032,
        0.0009481193044867235,
        0.0011728366384422388,
        0.0007281018856149514,
        0.0006837581664880624,
        0.0005485693987845391,
        0.0004228480880322117,
        0.000444658626650719,
        0.00041993680313364123,
        0.0004134584009563135,
        0.0005327247535922582,
        0.00023915681290793443,
        0.0002213938707423693,
        0.00023156386899636706,
        0.00015558074577905925,
        0.00018721450764604486,
        0.00017880283945441574,
        0.00024036469190086358,
        0.00024867846171975114,
        7.680134982325069e-05,
        6.031918929890221e-05,
        7.805908362497518e-05,
        8.206641903759684e-05,
        0.00011074470936786371,
        8.734771052046866e-05,
        8.529244083640522e-05,
        8.300100220213477e-05
    ]
}