{
    "bins": [
        [
            -1.0,
            -0.75,
            -0.5,
            -0.25,
            0.0,
            0.25,
            0.5,
            0.75,
            1.0
        ],
        [
            0.0,
            0.7853982,
            1.570796,
            2.356194,
            3.141593,
            3.926991,
            4.712389,
            5.497787,
            6.283185
        ]
    ],
    "zvals": [
        -0.001562323417598869,
        0.0016405938493843503,
        0.0019017985785550768,
        -0.0015078022762952334,
        -0.0016934950178126246,
        0.0015668290471837212,
        0.0020206157897015276,
        -0.0019436306178523507,
        -0.003936579941232358,
        0.004959754152609034,
        0.004026380000967663,
        -0.003365829088145007,
        -0.005454554251475047,
        0.003448951996312698,
        0.0045139921415638965,
        -0.0039001953149867975,
        -0.008749370701384342,
        0.004877762071653371,
        0.007760574893238843,
        -0.007094182702040619,
        -0.008487294339939748,
        0.005737855202075892,
        0.01021099111533261,
        -0.00653560615127617,
        -0.010952482447757074,
        0.007386789216878377,
        0.010366616670783478,
        -0.01145509989190208,
        -0.00924324737266965,
        0.012531333158475069,
        0.006481233718445936,
        -0.009453754656874607,
        -0.0076324544670461425,
        0.009199078479720723,
        0.013457187311401357,
        -0.010163684955035595,
        -0.009700595112287016,
        0.007269649273362043,
        0.00988148683852009,
        -0.00854484477933481,
        -0.004005464743871325,
        0.007507492381567659,
        0.004869493428809344,
        -0.006810383002779479,
        -0.006847524439838143,
        0.008318926200474157,
        0.006466301161958651,
        -0.009592481773572126,
        -0.0030037996012723224,
        0.004071873386963905,
        0.0040448455432786955,
        -0.003199582887169452,
        -0.005023008461951773,
        0.0029913735456418285,
        0.004465401745357132,
        -0.003704137265437397,
        -0.002365739060771975,
        0.002113419721827588,
        0.0016537088202414577,
        -0.0013609281397098801,
        -0.002155812467054919,
        0.00204830671837718,
        0.002339529257777586,
        -0.0026384661025365486
    ],
    "zerrs": [
        0.00029850681971725163,
        0.00029872555862857543,
        0.00034993970866732893,
        0.000287598640675839,
        0.0003412124196263712,
        0.0002971261402501365,
        0.00036975371617429186,
        0.00035253933263285417,
        0.00089157345581427,
        0.0008894831881792071,
        0.0008374616935584813,
        0.0008138430139394676,
        0.001030268519740815,
        0.0008064475410269008,
        0.0009231295948413766,
        0.0008467701432232221,
        0.001959602517020053,
        0.0013437869748130905,
        0.0017482534939881062,
        0.001735751224272076,
        0.0018806202832062687,
        0.0014515414525639397,
        0.001967091142339549,
        0.0016845943326542635,
        0.002648261734155477,
        0.0019131813187559011,
        0.002381359038269313,
        0.0025196850387042644,
        0.0025099883739648377,
        0.0025602073579619193,
        0.001801251598170728,
        0.0024386655602521823,
        0.0022458801176218615,
        0.0022015667280802617,
        0.0026422015327758354,
        0.002380427266440918,
        0.002451230752703107,
        0.0019152154306739373,
        0.002236705704397752,
        0.0024008833227324717,
        0.0012272016650275348,
        0.0016534051454652793,
        0.0013100595002992932,
        0.0015267669191767858,
        0.001569010477880987,
        0.0017072021749660097,
        0.0014238208989625781,
        0.0021434770407391707,
        0.0007280780168501524,
        0.0008625534252150398,
        0.0008774682514305064,
        0.0008048881327791887,
        0.000986258230091228,
        0.0007215788692510975,
        0.0008968892094486959,
        0.0008788284494723379,
        0.00040709848174884275,
        0.00036810585593375185,
        0.0003278446689679989,
        0.0002552803640189011,
        0.00037402378497192087,
        0.00035357118949484766,
        0.00040597958424068236,
        0.0004258163797992422
    ]
}