{
    "bins": [
        -1.0,
        -0.75,
        -0.5,
        -0.25,
        0.0,
        0.25,
        0.5,
        0.75,
        1.0
    ],
    "yvals": [
        0.0035363168,
        0.002266192,
        0.0011272884,
        0.0007347512,
        -0.0006287096,
        -0.00126306,
        -0.00189026,
        -0.0037056772
    ],
    "yerrs": [
        0.000309273005611547,
        0.0002640871674277264,
        0.00018314396522954284,
        0.00012039572085418983,
        0.00010790726388895235,
        0.0001943155783770308,
        0.00024104459338470963,
        0.0003197816755225352
    ]
}