{
    "bins": [
        -1.0,
        -0.75,
        -0.5,
        -0.25,
        0.0,
        0.25,
        0.5,
        0.75,
        1.0
    ],
    "yvals": [
        -0.00019509608,
        0.0013747392,
        -0.0013582164,
        -0.00064687,
        -0.0015986612,
        -0.0008970988,
        0.0020028248,
        -0.0006553336
    ],
    "yerrs": [
        0.0007992022021991682,
        0.0010975854226437229,
        0.001155126798234722,
        0.0007023629830792623,
        0.0008571662149198369,
        0.0014094787689071446,
        0.0010660451022353604,
        0.0007928102925668914
    ]
}