{
    "bins": [
        0.0,
        0.7853982,
        1.570796,
        2.356194,
        3.141593,
        3.926991,
        4.712389,
        5.497787,
        6.283185
    ],
    "yvals": [
        -0.0007886093958453177,
        -0.0015376882899340945,
        -0.0015221900234021481,
        -0.0007060051005921831,
        0.0006310331831759183,
        0.0018180043748519863,
        0.0015504826852118293,
        0.000636127033682286
    ],
    "yerrs": [
        0.00011748336729125745,
        0.0001912943621398863,
        0.00017723882313003066,
        9.340052201206229e-05,
        8.49275291213338e-05,
        0.00021134894922428005,
        0.0001840553913638976,
        9.583847823777763e-05
    ]
}