{
    "bins": [
        [
            -1.0,
            -0.75,
            -0.5,
            -0.25,
            0.0,
            0.25,
            0.5,
            0.75,
            1.0
        ],
        [
            0.0,
            0.7853982,
            1.570796,
            2.356194,
            3.141593,
            3.926991,
            4.712389,
            5.497787,
            6.283185
        ]
    ],
    "zvals": [
        0.0022582144955259637,
        0.004412948954020498,
        0.005926467854514528,
        0.0020635906080858266,
        -0.0019794483815848774,
        -0.004677267321790991,
        -0.004445982801076653,
        -0.0019693312180575967,
        0.0017913267435550524,
        0.0037832609156786532,
        0.0074150736314581925,
        0.0018367255369563752,
        -0.0018567182498554866,
        -0.005052779864476356,
        -0.0034970595799836525,
        -0.0022821295699759873,
        0.00245321519708092,
        0.0049642451252091616,
        0.0031892039450062267,
        0.002703439143670924,
        -0.001668722354780633,
        -0.006835774982874926,
        -0.00637204067237248,
        -0.0023876796223061434,
        0.001972519926834566,
        0.0027291036465852078,
        0.0025456250206901477,
        0.0012679303131274678,
        -0.0006729581689792943,
        -0.004945826192580069,
        -0.004485892248261392,
        -0.001769663788295871,
        -0.001474049724076271,
        -0.005360121966218902,
        -0.004086181019050215,
        -0.0024940215100859565,
        0.002178220978408399,
        0.00145622117703381,
        0.003453072709632569,
        0.0018514297209822285,
        -0.0011752621791086355,
        -0.005106665692213551,
        -0.005135205335384099,
        -0.0017384860433995969,
        0.0015126226448246617,
        0.0070341508381737685,
        0.006026625990898884,
        0.0015999317543462044,
        -0.0016646297381379279,
        -0.006861587847585006,
        -0.0026963592980883584,
        -0.0012443331351325885,
        0.0015857218887748627,
        0.005341337767603178,
        0.00466312621116937,
        0.0014200728802467033,
        -0.0027210054721286603,
        -0.004677876612335812,
        -0.0058361544083381945,
        -0.001553445318876138,
        0.002572363056692275,
        0.004695408442598531,
        0.004848632158472521,
        0.0015535242004690618
    ],
    "zerrs": [
        0.00038674824059103046,
        0.0007445223752328304,
        0.0008093175358708087,
        0.00045505064028879483,
        0.00033848122821227564,
        0.0008075132201468568,
        0.0007730538389955812,
        0.00034784244213565324,
        0.00045285856327294987,
        0.0009897025864809646,
        0.0013733224789739763,
        0.00047617019275937236,
        0.0004417795892666305,
        0.0011288705855019513,
        0.0009833145897435787,
        0.0006463414754823818,
        0.0006351186060555509,
        0.0013858727975333868,
        0.0010661820360683217,
        0.000777903312099269,
        0.0005597481952111512,
        0.0015845299545205855,
        0.0016553308451213399,
        0.0006746264225185758,
        0.000528498137601979,
        0.0009400060027959225,
        0.0010054089764124057,
        0.0005245627609206798,
        0.0002645728845466248,
        0.0012712392514511726,
        0.0013116436727714181,
        0.0006223639950400434,
        0.0004642102790388884,
        0.0013676388569750075,
        0.0014489986375869966,
        0.0007736835597778688,
        0.0006068764757809655,
        0.0006562378275939037,
        0.0010078495371236367,
        0.0005188985707709982,
        0.0004316951700259593,
        0.0013817606472541202,
        0.0016478599974415376,
        0.000621300158995664,
        0.0005763447946689823,
        0.001668577345733235,
        0.0014421319101730183,
        0.000509018103542682,
        0.00040725426661870835,
        0.001374063291303776,
        0.0008761160076919349,
        0.0003652371928283112,
        0.00041973823707068146,
        0.00120693850226706,
        0.001063598541037797,
        0.000416184557011008,
        0.00042855898973771995,
        0.0007277459246773651,
        0.0008891898450888281,
        0.0003441155956729917,
        0.00042766946712571613,
        0.0007479327536046477,
        0.000751137247655395,
        0.0002897206309919586
    ]
}