{
    "bins": [
        -1.0,
        -0.75,
        -0.5,
        -0.25,
        0.0,
        0.25,
        0.5,
        0.75,
        1.0
    ],
    "yvals": [
        0.0009966724,
        0.0006392032,
        -0.0028575292,
        0.0018830428,
        -0.0029588728,
        0.0014844008,
        -0.0011629544,
        -0.0011836168
    ],
    "yerrs": [
        0.0006287391828095335,
        0.0016727314189671932,
        0.003536587733960519,
        0.0054779324566847296,
        0.005569833031608757,
        0.003715013432008019,
        0.0017043117085791554,
        0.0008601773770566161
    ]
}