{
    "bins": [
        -1.0,
        -0.75,
        -0.5,
        -0.25,
        0.0,
        0.25,
        0.5,
        0.75,
        1.0
    ],
    "yvals": [
        0.00017869404,
        0.00014435276,
        0.0026170132,
        -0.0029405528,
        -0.019366996,
        -1.8226224e-05,
        0.0008225512,
        -0.00017572648
    ],
    "yerrs": [
        0.0005342300628006627,
        0.0015650732890187603,
        0.003759591041589497,
        0.007355803151254117,
        0.008992515999429749,
        0.004192669793818731,
        0.0015867345083535557,
        0.0005232236997690376
    ]
}