{
    "bins": [
        0.0,
        0.7853982,
        1.570796,
        2.356194,
        3.141593,
        3.926991,
        4.712389,
        5.497787,
        6.283185
    ],
    "yvals": [
        0.079659426263009,
        0.07482359894565531,
        0.06625377197293603,
        0.07212317560883068,
        0.0750875479693098,
        0.07247334472458551,
        0.06977543869477643,
        0.07289026710024728
    ],
    "yerrs": [
        0.011904111696840912,
        0.011052245087190488,
        0.00993305778706372,
        0.01033526110873973,
        0.010826836585060937,
        0.01049746187412553,
        0.010682411435595935,
        0.01139697998628526
    ]
}