{
    "bins": [
        0.0,
        0.7853982,
        1.570796,
        2.356194,
        3.141593,
        3.926991,
        4.712389,
        5.497787,
        6.283185
    ],
    "yvals": [
        0.2465828162071163,
        0.25072899363863765,
        0.2349658389759078,
        0.24864381034353242,
        0.2842944596242923,
        0.22274515595914435,
        0.2884638107048911,
        0.2607578577994852
    ],
    "yerrs": [
        0.019969786182602086,
        0.020182161451734595,
        0.019681470644558746,
        0.020864065895544504,
        0.022323870113201954,
        0.01889734101215271,
        0.020628410404779918,
        0.020060752851439472
    ]
}