{
    "bins": [
        -1.0,
        -0.75,
        -0.5,
        -0.25,
        0.0,
        0.25,
        0.5,
        0.75,
        1.0
    ],
    "yvals": [
        -0.0005106052,
        0.001007184,
        -0.0004490044,
        1.0444536e-05,
        -2.7729864e-05,
        -0.0004923396,
        -0.0010115488,
        0.001158586
    ],
    "yerrs": [
        0.001064592917504151,
        0.0012768223055695728,
        0.0010514648829133572,
        0.00048420095001972067,
        0.00043117365411165837,
        0.001094566142359611,
        0.0013839364147243181,
        0.0009953610802115984
    ]
}