{
    "bins": [
        0.0,
        0.7853982,
        1.570796,
        2.356194,
        3.141593,
        3.926991,
        4.712389,
        5.497787,
        6.283185
    ],
    "yvals": [
        0.0029912444413547163,
        0.002230751091994401,
        -0.0029074036348450093,
        -0.002706533876411862,
        0.002510809805983717,
        0.0023450836391230947,
        -0.0026795229934377224,
        -0.002200789917977892
    ],
    "yerrs": [
        0.0003825217650898029,
        0.0003156032023068258,
        0.00036706622634870653,
        0.00033391620035997,
        0.00029119225487852796,
        0.00032589994999984294,
        0.0003718986367538914,
        0.0003392722541689581
    ]
}