{
    "bins": [
        [
            -1.0,
            -0.75,
            -0.5,
            -0.25,
            0.0,
            0.25,
            0.5,
            0.75,
            1.0
        ],
        [
            0.0,
            0.7853982,
            1.570796,
            2.356194,
            3.141593,
            3.926991,
            4.712389,
            5.497787,
            6.283185
        ]
    ],
    "zvals": [
        -0.0012782641977025157,
        -0.0005684080092915972,
        0.0004248576645216821,
        0.0007099036286015134,
        0.001039312043066063,
        0.00042889826559273144,
        -0.00044770732800440043,
        -0.0008186315727822074,
        -0.000687432184081909,
        -0.0003953349500087726,
        0.00046086233985826304,
        0.0011593643485667794,
        0.0006866510991879274,
        0.0005595807475954868,
        -0.00026523001077160884,
        -0.0011262142251444493,
        -0.0015185224514138176,
        -0.00033692633210839144,
        0.0005978441503543428,
        0.0007642199697223959,
        0.0006373568560144026,
        0.0006938184207242699,
        -0.00047841283018291373,
        -0.0006070170792388064,
        -0.000557802144186223,
        -0.0003218688924262329,
        0.00016239318154617153,
        0.0009053787947272661,
        0.0009789243160792359,
        0.00013677931443675695,
        -0.0002998575499300992,
        -0.0004566261691524553,
        0.0006073785246770364,
        0.00014867910248793668,
        -0.0004938212727814433,
        -0.0004871389446637951,
        -0.0006014509840870486,
        -0.0005109934071642659,
        0.0002652734027843209,
        0.0003310991879276495,
        0.001836893947554247,
        0.000506115601546121,
        -0.0002667296835489778,
        -0.001374256906362244,
        -0.0009878364854506883,
        -0.0004436978449142983,
        0.00048269758771985675,
        0.0010973233952722061,
        0.001068179682611954,
        0.0005006269179771067,
        -0.0005851290683195018,
        -0.0016153547432578854,
        -0.0011801863513785362,
        -0.0004933160512249842,
        0.0004617298236053569,
        0.0011891744058426432,
        0.0009124767538300953,
        0.00047066610066898585,
        -0.0003344423591605785,
        -0.000977486347703524,
        -0.0008295687027468873,
        -0.0003459132821830461,
        0.0003486387283899374,
        0.0011031889564271874
    ],
    "zerrs": [
        0.00020549854942384082,
        0.00010335139180205944,
        8.368589077619274e-05,
        0.00014353773339136343,
        0.0001811077358660143,
        9.234676941613558e-05,
        9.170203699801691e-05,
        0.00016317327963291623,
        0.00020227854362821795,
        0.00010440531831964747,
        0.00012061423229771501,
        0.00026216282869254235,
        0.00022096800126971991,
        0.0001524205453712628,
        0.00010016853929974212,
        0.0002760848060469965,
        0.0003822228120466101,
        0.0001236483345195022,
        0.00017546009612613613,
        0.0002581020824877518,
        0.00026157123311945976,
        0.00021560452097908273,
        0.0001621729699013068,
        0.0002486807564038463,
        0.0002059812824229855,
        0.0001077028824458377,
        7.188116138188598e-05,
        0.0002717919979962084,
        0.00031809842245357045,
        5.8250474990983035e-05,
        0.00011813793842096445,
        0.0002000986028441961,
        0.00021941949981345706,
        7.379030214018562e-05,
        0.00015159195526099744,
        0.00020145792477744347,
        0.0002532419376755924,
        0.0001742066789649276,
        0.00010759770484954746,
        0.00015298102576397941,
        0.0004236382296526525,
        0.00015997523299125387,
        0.00011470806189255173,
        0.0003841841490537563,
        0.0003328099811057222,
        0.00015150120790516952,
        0.00016573055932373357,
        0.00030710130349644987,
        0.0002631267244833316,
        0.00014028169427666626,
        0.00014526239370355295,
        0.00032866840957043855,
        0.0002993892092215858,
        0.00013141875808548431,
        0.00012969180451101806,
        0.0002853466938228012,
        0.00017080591930467232,
        9.127868376587411e-05,
        7.67471950441684e-05,
        0.00017704469264364132,
        0.000157718274570257,
        7.37638096820417e-05,
        6.903229614341151e-05,
        0.00018703354550637726
    ]
}