{
    "bins": [
        [
            -1.0,
            -0.75,
            -0.5,
            -0.25,
            0.0,
            0.25,
            0.5,
            0.75,
            1.0
        ],
        [
            0.0,
            0.7853982,
            1.570796,
            2.356194,
            3.141593,
            3.926991,
            4.712389,
            5.497787,
            6.283185
        ]
    ],
    "zvals": [
        0.00023952191385210708,
        -0.0004472520294811113,
        -0.0003514436247609493,
        0.00041123515563427,
        0.0004908377154003446,
        -0.00041413851321240957,
        -0.00033719821033412363,
        0.00023451635985831393,
        0.0009456288542550772,
        -0.0006378449239353611,
        -0.0012474587406639695,
        0.0009131934214329278,
        0.0003998206259756199,
        -0.0005707068263479155,
        -0.0007342076246692762,
        0.0009587220746678756,
        0.001962066630659454,
        -0.0016025998544941173,
        -0.0023682881800055518,
        0.0009335901879172243,
        0.0019512690381182527,
        -0.0013682168785762127,
        -0.0034507966661488833,
        0.0012665863676760067,
        0.0017335975559913427,
        -0.003740759141418527,
        -0.005166287665616669,
        0.002409517710106583,
        0.0029046501264327123,
        -0.0054059470485027985,
        -0.010169972421625727,
        0.003535456418274557,
        0.004965930912497634,
        -0.002145501808128314,
        -0.0020192233746457217,
        0.00389605385288242,
        0.002677217920086376,
        -0.0033095617763223236,
        -0.0030897231722005923,
        0.0077212012253659945,
        0.001183710377742144,
        -0.0012656231020764254,
        -0.001843934412870927,
        0.0018209170116081125,
        0.0024290522766801026,
        -0.002171449889100813,
        -0.0017832018925436535,
        0.0018747967272643936,
        0.0017919613261145747,
        -0.0010013193314266987,
        -0.0006927366761820123,
        0.001225030334899841,
        0.0009244765074522723,
        -0.0008978026427365492,
        -0.0006281014211902757,
        0.0005086816111067256,
        0.00038354816703170443,
        -0.0002548770062763099,
        -0.0004197927165589931,
        0.00027277096100198755,
        0.0003686209030326025,
        -0.00026820419710770854,
        -0.00030087405366451155,
        0.00039704516690900675
    ],
    "zerrs": [
        5.6111778241970425e-05,
        8.943630234707671e-05,
        7.597759824108362e-05,
        8.525898016366077e-05,
        8.909079401133678e-05,
        9.006972928287241e-05,
        7.133303505964956e-05,
        5.6764634969765285e-05,
        0.00023349159893203556,
        0.00019893569331516653,
        0.00028505052176558334,
        0.0002451656682291939,
        0.00014042151275209334,
        0.00016833489992287964,
        0.0002137015649327269,
        0.00025107612385919713,
        0.0005087974335773795,
        0.0005250889240147196,
        0.0006664823617092878,
        0.00034607320373539804,
        0.0005474379218912513,
        0.00046947372304431765,
        0.0009051311986128128,
        0.00046286527245788646,
        0.0006617340049337422,
        0.0011321390089746599,
        0.0013307315802669794,
        0.0009231826472451704,
        0.0010575235228238323,
        0.0015583764542713057,
        0.0025286191289718664,
        0.0012674597283468144,
        0.0012467779487048002,
        0.0008539643503956806,
        0.0008093744217591792,
        0.0012029919875778962,
        0.0008934557358907335,
        0.0009738035059983821,
        0.0012957004795392877,
        0.0018288397525846334,
        0.00042630735188698744,
        0.00043551757511658485,
        0.0004814967540411006,
        0.0005926744198444669,
        0.0006634464507369817,
        0.000714061764130227,
        0.000560352594305097,
        0.0006274680800998663,
        0.00035595553487861506,
        0.00024317646615745335,
        0.00020823197731943468,
        0.00027793970174141557,
        0.00024230066030744369,
        0.00023470000714811498,
        0.00020343436642255205,
        0.00016760657258163553,
        7.708102250414312e-05,
        6.145631394081921e-05,
        7.709360960756372e-05,
        5.491126620266469e-05,
        7.15171717402392e-05,
        6.220463356045227e-05,
        7.315930913039478e-05,
        8.039245434026223e-05
    ]
}