{
    "bins": [
        0.0,
        0.7853982,
        1.570796,
        2.356194,
        3.141593,
        3.926991,
        4.712389,
        5.497787,
        6.283185
    ],
    "yvals": [
        0.0011268611259867922,
        0.0005641104418678025,
        -0.000611376906994925,
        -0.001518574635312752,
        -0.001324432962650783,
        -0.000537054588883598,
        0.0005129116702614472,
        0.0012790546958357423
    ],
    "yerrs": [
        0.00012693078906181172,
        7.157065021288825e-05,
        7.553137147256461e-05,
        0.00016720938365108188,
        0.00015602097962817943,
        6.829363284528485e-05,
        6.572955464904203e-05,
        0.0001389157731571571
    ]
}