{
    "bins": [
        0.0,
        0.7853982,
        1.570796,
        2.356194,
        3.141593,
        3.926991,
        4.712389,
        5.497787,
        6.283185
    ],
    "yvals": [
        -6.127514679814646e-06,
        -1.3214195405181935e-05,
        -1.1410399568117058e-05,
        -5.377397984973243e-06,
        6.072938815734186e-06,
        1.3247932895169076e-05,
        1.094895708927194e-05,
        5.901518720444922e-06
    ],
    "yerrs": [
        1.1985112906968715e-06,
        2.115610227931646e-06,
        1.8560666153281874e-06,
        9.140861518305555e-07,
        1.0600884855405566e-06,
        2.0762141867399563e-06,
        1.8962811495070609e-06,
        1.1500252688207433e-06
    ]
}