{
    "bins": [
        [
            -1.0,
            -0.75,
            -0.5,
            -0.25,
            0.0,
            0.25,
            0.5,
            0.75,
            1.0
        ],
        [
            0.0,
            0.7853982,
            1.570796,
            2.356194,
            3.141593,
            3.926991,
            4.712389,
            5.497787,
            6.283185
        ]
    ],
    "zvals": [
        0.18850499020751513,
        0.21186344041197977,
        0.16177968367630174,
        0.1498193402334355,
        0.15245259091568855,
        0.19677050361727436,
        0.13834356593727007,
        0.185530444437088,
        0.10492282768155058,
        0.11933326016446696,
        0.10195381195266606,
        0.11936613110024333,
        0.11300415840121819,
        0.07133565402509302,
        0.14636253211747424,
        0.11589252837414918,
        0.18263245319380664,
        0.09210868683360202,
        0.12956676742237697,
        0.13823689615087364,
        0.1375825759678532,
        0.12818733941262905,
        0.13331106012493033,
        0.09786161920453071,
        0.12812720986628184,
        0.2344205700601657,
        0.15016396782268357,
        0.22785060841686838,
        0.25356148093068726,
        0.28452830284772823,
        0.14368052885288735,
        0.20302099063150153,
        0.14307931950951758,
        0.1656661630577524,
        0.13121912711771613,
        0.17230309689724588,
        0.12070883806681448,
        0.28820847519346887,
        0.2335675924817736,
        0.18545527235872775,
        0.11838107090135933,
        0.19626517925056575,
        0.1680641407286497,
        0.16288948674495385,
        0.15308376135411594,
        0.07574742996544429,
        0.11050672397943465,
        0.11108212651420048,
        0.1080071230109771,
        0.10869060239282564,
        0.09469914616538369,
        0.09396655712574119,
        0.10184879513316811,
        0.12701443090000233,
        0.13684761102014523,
        0.10650080596079951,
        0.17335074106357767,
        0.18701600641101873,
        0.16817588025434244,
        0.18111655349701236,
        0.1403958757216086,
        0.2015447454666297,
        0.18978398213389902,
        0.13661007540126158
    ],
    "zerrs": [
        0.027229489037275977,
        0.029153273440559076,
        0.02563715450628099,
        0.025438220745386368,
        0.025894720403960632,
        0.02984343745063214,
        0.024554502848195933,
        0.027738469482121362,
        0.023547135587966693,
        0.02560080352293915,
        0.024217639716694484,
        0.027597629675091797,
        0.028814980408138003,
        0.02298710974693469,
        0.032297722903655054,
        0.02612440875540047,
        0.03923565349127945,
        0.028365805961263625,
        0.03662682643728227,
        0.0374685803134669,
        0.04470027683914433,
        0.04361070692626214,
        0.04541529426988855,
        0.033047945252579126,
        0.040869894305257656,
        0.06400250779703175,
        0.054088378051872554,
        0.0634190419806838,
        0.0738299584857846,
        0.10884337857755387,
        0.07492414684841348,
        0.05502597770195536,
        0.045558181262569115,
        0.05554029332893469,
        0.05410283463720484,
        0.05073828460688103,
        0.04348807782245717,
        0.08969402521856396,
        0.07648414170149659,
        0.054089025444294725,
        0.03447039450517515,
        0.04993792073136949,
        0.04568326523319208,
        0.038836434700188355,
        0.03659275441312706,
        0.025632920008496415,
        0.033796245869466404,
        0.03257026474470932,
        0.024932060502070405,
        0.025831925600790243,
        0.0247879197206726,
        0.022255189582857823,
        0.022892611007421335,
        0.026149923074485316,
        0.02761110169197725,
        0.024562033493506233,
        0.026517139803153254,
        0.02771995538403267,
        0.026068808243207783,
        0.026461166195952818,
        0.023119993181761653,
        0.02745443751861425,
        0.0271655552690391,
        0.023154902675806766
    ]
}