{
    "bins": [
        0.0,
        0.7853982,
        1.570796,
        2.356194,
        3.141593,
        3.926991,
        4.712389,
        5.497787,
        6.283185
    ],
    "yvals": [
        -0.0030813477800178306,
        -0.00355690453933026,
        0.003095922067537733,
        0.0033696172264033953,
        -0.0034645530037000338,
        -0.0034950114464258894,
        0.0037251775532914527,
        0.003036055604928967
    ],
    "yerrs": [
        0.0003481044902917198,
        0.00039116552106197944,
        0.0003596999813014932,
        0.0003960375610492247,
        0.0004112412818410769,
        0.0004130895047062019,
        0.0003608000611526996,
        0.0003305797678000705
    ]
}