{
    "bins": [
        [
            -1.0,
            -0.75,
            -0.5,
            -0.25,
            0.0,
            0.25,
            0.5,
            0.75,
            1.0
        ],
        [
            0.0,
            0.7853982,
            1.570796,
            2.356194,
            3.141593,
            3.926991,
            4.712389,
            5.497787,
            6.283185
        ]
    ],
    "zvals": [
        -0.0005326139020945044,
        -0.0010608932186975822,
        -0.001393156081375303,
        -0.0004948669911726397,
        0.0004596345801746374,
        0.0011525539917341273,
        0.0010806729836337757,
        0.00046593019080771797,
        -0.0005937798176771986,
        -0.0012436062336818362,
        -0.002511592339170714,
        -0.0006104056664192341,
        0.0006147201800870385,
        0.0017121352486255382,
        0.0011583620024497136,
        0.0008101655466400476,
        -0.0014285599330377888,
        -0.0025784166953357903,
        -0.001725869431804003,
        -0.0016355248733446312,
        0.0008695616744631381,
        0.0037461826997267633,
        0.0036197576260698404,
        0.001273100262542049,
        -0.00313746479174513,
        -0.005624085017808809,
        -0.00430036236404982,
        -0.0013439935625077191,
        0.001153406043814728,
        0.008453370138452099,
        0.007011145941293461,
        0.002743955039355843,
        -0.0020125179813246324,
        -0.009385516486040578,
        -0.008304151525723266,
        -0.004423435731392579,
        0.003329929538908934,
        0.003697107963096418,
        0.0066163550200025985,
        0.0033436250155971883,
        -0.0006994250814427637,
        -0.002687444247997639,
        -0.003179365875645215,
        -0.001000423479021491,
        0.000819799897631519,
        0.004108209086348578,
        0.0033431050244589373,
        0.0009370102801382231,
        -0.000510287393070165,
        -0.0022646460175977066,
        -0.0008679446599049146,
        -0.00038750225044849817,
        0.0005014490487625381,
        0.0018375009867608529,
        0.0016187237553444247,
        0.00048188566815805496,
        -0.000642423677568907,
        -0.001088554105957516,
        -0.0013910160199032849,
        -0.0003729543327658935,
        0.0006163183506960801,
        0.0010999752991476936,
        0.0011498567605214174,
        0.00036463398175192715
    ],
    "zerrs": [
        9.469199069682493e-05,
        0.00018412542124692812,
        0.00019601231404190922,
        0.00011575086171721131,
        8.046506509991492e-05,
        0.00020689741816301124,
        0.00019433607325995437,
        8.54068309108827e-05,
        0.00015192448905769447,
        0.0003326378972658222,
        0.00047569624290610117,
        0.00016087855811739116,
        0.0001464502457618654,
        0.0003912860292921726,
        0.0003311911490008105,
        0.00023494025766644823,
        0.0003853664965315134,
        0.0007323319529772723,
        0.0005776329652308618,
        0.00047980240007047337,
        0.00028735390430856283,
        0.0008857269651120791,
        0.0009582624428932297,
        0.0003626297848123494,
        0.000844542351654328,
        0.0019181647223490766,
        0.001698207527338256,
        0.0005831393095204596,
        0.00044078934043686454,
        0.002071178850009816,
        0.0019193038358746946,
        0.0008366769487894446,
        0.0006560297226172588,
        0.002309872373133397,
        0.0026750013899550095,
        0.0012494020028615042,
        0.00089416875186132,
        0.0013233704478539739,
        0.0019110721329635679,
        0.0008602816234922054,
        0.0002703192199343773,
        0.0007365112994873942,
        0.001074393037964113,
        0.0003594471691946511,
        0.0003073701534312054,
        0.0010121156796025707,
        0.000819746081944451,
        0.0003065618386739697,
        0.00012350281244793794,
        0.00046388917286228524,
        0.0002897609159855814,
        0.00011753267166190304,
        0.00013316176707615506,
        0.00042243022269565256,
        0.0003769792465503268,
        0.00014510660475915645,
        0.00010312769508334909,
        0.00017498763168567847,
        0.00021891059058310472,
        8.431047567140555e-05,
        0.00010486161901973013,
        0.00018026788043564885,
        0.0001849959520144538,
        6.987373030102597e-05
    ]
}