{
    "bins": [
        [
            -1.0,
            -0.75,
            -0.5,
            -0.25,
            0.0,
            0.25,
            0.5,
            0.75,
            1.0
        ],
        [
            0.0,
            0.7853982,
            1.570796,
            2.356194,
            3.141593,
            3.926991,
            4.712389,
            5.497787,
            6.283185
        ]
    ],
    "zvals": [
        0.0007830611274637502,
        0.0011139139936475503,
        -0.0011315490999467789,
        -0.0009680562363843092,
        0.0008958856528791768,
        0.0007487444582237288,
        -0.0010568873361022058,
        -0.0008932362954833094,
        0.002053558564305342,
        0.0023298262358259726,
        -0.001714316053771464,
        -0.0029364167766956673,
        0.0016339384617735206,
        0.0018845324281447117,
        -0.0018837246848094856,
        -0.0027558420062185037,
        0.004139375414916917,
        0.003575054068142284,
        -0.003123814932047192,
        -0.0061471583233490236,
        0.004539082095956443,
        0.005676087792431355,
        -0.004860665293265326,
        -0.00234755270576192,
        0.005883003042278426,
        0.006093146683120324,
        -0.013012352972632986,
        -0.009558020827630288,
        0.004486661285106403,
        0.00920535066297597,
        -0.009238892892520736,
        -0.006581850221161757,
        0.0060191429010150515,
        0.005769229300107538,
        -0.006303194049386428,
        -0.0020787986743043985,
        0.008363764613609912,
        0.0029192103875996635,
        -0.00966927850592948,
        -0.008139990170588671,
        0.005988009649118115,
        0.006359982164452205,
        -0.002988043259595772,
        -0.002215257722507923,
        0.004824906098564038,
        0.0015352201049658903,
        -0.0020550528521844982,
        -0.003268006794007625,
        0.0015658258447753,
        0.0021799169796503123,
        -0.0015532644595478984,
        -0.0029113956091107833,
        0.0029323634641290138,
        0.001969216626474731,
        -0.0017370056964749086,
        -0.0022788843363492147,
        0.0006160166906417662,
        0.0006149449361839312,
        -0.0006311546502537567,
        -0.0005669912999634581,
        0.0007519907104423487,
        0.0008737939235903328,
        -0.0008503887201138788,
        -0.0008404951374971673
    ],
    "zerrs": [
        0.00018270073586764278,
        0.00022699628487978378,
        0.0002400038330862198,
        0.00020145779602511927,
        0.00020087169709145984,
        0.00018600948587963362,
        0.00023223475294901878,
        0.0002084022491428975,
        0.0004979429282871902,
        0.0005578863468985134,
        0.0005248573105615989,
        0.0007383511658245068,
        0.0005423702698183639,
        0.0005544045808224106,
        0.0004963643119101828,
        0.0006311678720112655,
        0.0011046515415593682,
        0.0009780566284470027,
        0.0009609511234671995,
        0.0015738689195545174,
        0.0014430238315825115,
        0.00158705680833162,
        0.001465669521111746,
        0.0009683021483029514,
        0.0016540465926766334,
        0.00171387013656153,
        0.0029816225193943246,
        0.002594999617996336,
        0.001853644068039555,
        0.00265872131126076,
        0.002693936664035862,
        0.0022303033227550053,
        0.0016467998978967231,
        0.0016882138638117938,
        0.0019747452787214665,
        0.0011331396410634508,
        0.002389726971563832,
        0.0013986075614577569,
        0.0029298776863372032,
        0.002441542030540407,
        0.001449052506995507,
        0.001461019036595042,
        0.0009322693534430148,
        0.0009110251906368084,
        0.0012610777968007586,
        0.0006506717365112346,
        0.0009590978028319951,
        0.0011833500380364933,
        0.0005012299186847435,
        0.0005559056827800195,
        0.0004709305768374364,
        0.0006252986688497893,
        0.0006764991387044717,
        0.0005215714947893145,
        0.0005286167849866713,
        0.0006128379246904432,
        0.00015300882470072036,
        0.00015255367988352926,
        0.00013488638844972816,
        0.0001532047974968928,
        0.0001800827464789862,
        0.00017998455980094126,
        0.0002016815073695773,
        0.0002053589539063718
    ]
}