{
    "bins": [
        [
            -1.0,
            -0.75,
            -0.5,
            -0.25,
            0.0,
            0.25,
            0.5,
            0.75,
            1.0
        ],
        [
            0.0,
            0.7853982,
            1.570796,
            2.356194,
            3.141593,
            3.926991,
            4.712389,
            5.497787,
            6.283185
        ]
    ],
    "zvals": [
        0.0006515843810184438,
        0.0007477627260987999,
        -0.0008515916770860126,
        -0.00044609127335277994,
        0.000833982261222972,
        0.0009252037820315308,
        -0.0008213501944237191,
        -0.0005704307879571888,
        0.0020230858690534303,
        0.0019128884751141396,
        -0.0014834863343171237,
        -0.0017670065788217202,
        0.001238258819095541,
        0.002539044408058081,
        -0.0009657503584170066,
        -0.002057138928288588,
        0.005466801426333801,
        0.007310369344044508,
        -0.002865453184245441,
        -0.00581475148300418,
        0.004915133983025165,
        0.00337780692082231,
        -0.003951619943009787,
        -0.0035791382203672543,
        0.006182346738253283,
        0.003999866564433972,
        -0.00533885240349479,
        -0.007336332233679952,
        0.009526191816123797,
        0.009074308821769347,
        -0.011654284833931335,
        -0.007653872304233015,
        0.0066456684010734925,
        0.006862840715876719,
        -0.009459479143058681,
        -0.006170850739560402,
        0.008635311014288294,
        0.004843365020028063,
        -0.006554740399135217,
        -0.01237697574987459,
        0.003951281782922344,
        0.0022886527056734814,
        -0.0034145735028609705,
        -0.005869098381841587,
        0.003758107863783711,
        0.003491104382746073,
        -0.003354370650294501,
        -0.004684067950262161,
        0.0012292246149787458,
        0.001841173988518939,
        -0.002201033870725416,
        -0.0016541864708256569,
        0.00189134222394251,
        0.0019820977389807468,
        -0.0018787824771644443,
        -0.0024351633184703813,
        0.0008014130921104734,
        0.0007896467242459808,
        -0.0007301964099730329,
        -0.0006236784105913046,
        0.0008331852131021467,
        0.0008062470238019452,
        -0.0006993972482741236,
        -0.000884378111479785
    ],
    "zerrs": [
        0.0001378099084193813,
        0.00016454030573277842,
        0.00016670462262510772,
        0.00010961096884561126,
        0.00017074938636454256,
        0.00018793136907190768,
        0.00017460585166326683,
        0.00012924550879722115,
        0.0005456716447972909,
        0.0004610469298101479,
        0.0004422332963515074,
        0.00044727037732650114,
        0.00039003336952505695,
        0.0005991465565656365,
        0.0003109934563912359,
        0.000572015507716899,
        0.0014274151982974466,
        0.0016075572337781831,
        0.0009440215880430854,
        0.0014630104054108345,
        0.0012376934647811276,
        0.0010458081464642314,
        0.00111441256807314,
        0.0012163929423400308,
        0.001987350891853475,
        0.001561037849599294,
        0.0018571411441651096,
        0.002183662514287211,
        0.0022441615033741034,
        0.002122209286950625,
        0.0029532405858360908,
        0.002400607274342781,
        0.002042408851986935,
        0.0020929273301111854,
        0.002508812088504166,
        0.00211207151638579,
        0.002177365458909483,
        0.0014466802404317113,
        0.0022739581074244066,
        0.0032031458485148544,
        0.0012455873798897065,
        0.0007103117203626109,
        0.001016240770860036,
        0.00143674959380653,
        0.0010785091275566031,
        0.0009886110820876508,
        0.00098678802548725,
        0.001375188212601636,
        0.0003481884793066344,
        0.00045190662777319304,
        0.0005255025808683342,
        0.0004562355085638387,
        0.00045142003794694096,
        0.0004882296249454239,
        0.00048762035486541204,
        0.0005871554735000815,
        0.00016987156391337212,
        0.0001664653453028989,
        0.0001507572627113627,
        0.00014222814427101204,
        0.00017445626893409472,
        0.0001709878676236512,
        0.0001445407224677277,
        0.00015321536208870895
    ]
}