{
    "bins": [
        -1.0,
        -0.75,
        -0.5,
        -0.25,
        0.0,
        0.25,
        0.5,
        0.75,
        1.0
    ],
    "yvals": [
        -0.00014996,
        0.000833682,
        -0.0018739736,
        -0.0020810544,
        0.0039481,
        0.0018607628,
        -0.0012810776,
        4.019748e-05
    ],
    "yerrs": [
        0.00038261654956365913,
        0.0007734273850853744,
        0.0013282698521008447,
        0.0020655850502944682,
        0.0020217995944207725,
        0.0011889275840016498,
        0.0007135161385701097,
        0.0003367814484201884
    ]
}