{
    "bins": [
        [
            -1.0,
            -0.75,
            -0.5,
            -0.25,
            0.0,
            0.25,
            0.5,
            0.75,
            1.0
        ],
        [
            0.0,
            0.7853982,
            1.570796,
            2.356194,
            3.141593,
            3.926991,
            4.712389,
            5.497787,
            6.283185
        ]
    ],
    "zvals": [
        -0.001542357494580456,
        -0.0006944740614246691,
        0.0007376148143998331,
        0.0015376459608428326,
        0.0013907909111049424,
        0.0007089684465710381,
        -0.0007116529453856517,
        -0.002043455674702508,
        -0.0033916762223290043,
        -0.0010663676419770975,
        0.000997891005579337,
        0.0031142947724659698,
        0.0024771914366983356,
        0.0011707867858079602,
        -0.0010411042554220918,
        -0.0020972419079243903,
        -0.004055176597043385,
        -0.0013162690295287305,
        0.0017953893440013856,
        0.004195359556098238,
        0.006318274301691624,
        0.001985751427938447,
        -0.001964071719051997,
        -0.005631488748379804,
        -0.012283048267744947,
        -0.003319512736093735,
        0.0031373092368455237,
        0.010701098422585209,
        0.012125928510131164,
        0.006182450171760051,
        -0.001118049192893285,
        -0.008144365022574544,
        -0.009298834654828595,
        -0.005043665261094441,
        0.0035445865663014174,
        0.003979074585019843,
        0.006827244276150434,
        0.0031562754170497,
        -0.0031683477676286427,
        -0.011399601221291626,
        -0.006281822392768407,
        -0.0014595956342123696,
        0.0026317724262093873,
        0.0027071396831419444,
        0.003959662744239225,
        0.0008531603085314708,
        -0.001760274408643771,
        -0.004012781799800866,
        -0.002320301727200291,
        -0.0006812221781115251,
        0.0009547490571659212,
        0.003146209251603325,
        0.0024491928932846778,
        0.0009977433097614207,
        -0.0012282440240489539,
        -0.0030143585799811056,
        -0.0020033374153391233,
        -0.0006426256859899532,
        0.0006470930661906449,
        0.0016881844769346536,
        0.0020052549153422843,
        0.000631351238480363,
        -0.0007021077211808536,
        -0.001856826220591344
    ],
    "zerrs": [
        0.00023793054573712278,
        0.00012525835918545585,
        0.00013463346358445942,
        0.00027575919551243056,
        0.0002489634142750974,
        0.00012844215003818353,
        0.00012246424773669704,
        0.00029548785952830876,
        0.00067930590113278,
        0.0002712649146274242,
        0.00023789844444331102,
        0.0006348101557324629,
        0.0005775507844213106,
        0.0002685822165062833,
        0.0002611404606490028,
        0.0005131095139985927,
        0.0011616450946753056,
        0.00043764719942432503,
        0.0005741220008597422,
        0.0012087142442819636,
        0.0015145755211051109,
        0.0005516344940808385,
        0.0005766167839984668,
        0.0013825163136174268,
        0.0032379194581880853,
        0.001145409541864481,
        0.0009423853292940157,
        0.0024336428399153068,
        0.00288791716803661,
        0.001615206147994844,
        0.0006621407211867349,
        0.002307804669544483,
        0.0031278947578366485,
        0.00164006693762968,
        0.0009612676904265215,
        0.0014431509583729236,
        0.0020738852704160504,
        0.0010452671968615077,
        0.0010737099581075913,
        0.0029857727096677007,
        0.001815764147222494,
        0.0004931857947616039,
        0.0006504083829610293,
        0.0008266023924407805,
        0.00109293777966467,
        0.0003814162023317555,
        0.0005888159137641812,
        0.0011863137648640938,
        0.0006365567906260095,
        0.00020836433772752967,
        0.00023895419027183636,
        0.0006028503026273965,
        0.0005683772173382468,
        0.0002670773755514853,
        0.0002924615158064908,
        0.000700392079743545,
        0.0003289968048949161,
        0.00013167776334669412,
        0.00011296373025446452,
        0.0002629547289050094,
        0.0003026136352898853,
        0.00011336430770583014,
        0.0001414496607845581,
        0.0003076725342904448
    ]
}