{
    "bins": [
        -1.0,
        -0.75,
        -0.5,
        -0.25,
        0.0,
        0.25,
        0.5,
        0.75,
        1.0
    ],
    "yvals": [
        -0.014064084,
        -0.0078816,
        -0.006839632,
        -0.0024989936,
        0.003433826,
        0.006317764,
        0.008091896,
        0.014144672
    ],
    "yerrs": [
        0.0008491129489060922,
        0.0006951494803277925,
        0.0006639910842774924,
        0.00033841777731082626,
        0.0003792454192208523,
        0.0006278880154932088,
        0.0006972882330858595,
        0.0008448513241985243
    ]
}