{
    "bins": [
        0.0,
        0.7853982,
        1.570796,
        2.356194,
        3.141593,
        3.926991,
        4.712389,
        5.497787,
        6.283185
    ],
    "yvals": [
        1.9898441325686767e-06,
        -0.0001588417996587207,
        0.00031343891886661293,
        -5.466331125962727e-05,
        -9.16895764949745e-05,
        5.288160906954182e-05,
        -0.00021284291531172735,
        2.9682695907043317e-05
    ],
    "yerrs": [
        0.0001239439487899517,
        0.00028617699981546324,
        0.0002845700659093911,
        0.00011984873455779314,
        0.0001292467605927486,
        0.00025048229022814003,
        0.0002565648986068148,
        0.0001196959736269113
    ]
}