{
    "bins": [
        -1.0,
        -0.75,
        -0.5,
        -0.25,
        0.0,
        0.25,
        0.5,
        0.75,
        1.0
    ],
    "yvals": [
        -0.0001146474,
        -0.0002986688,
        0.0006340008,
        0.005144888,
        -0.0016991352,
        -0.0012520072,
        -2.668494e-06,
        -0.00016229768
    ],
    "yerrs": [
        0.0002560827991099754,
        0.0007337757695645176,
        0.0017866513929695408,
        0.002454337548097246,
        0.0021227359703929268,
        0.0012227152080513271,
        0.0006824195776793042,
        0.00022760963072770008
    ]
}