{
    "bins": [
        -1.0,
        -0.75,
        -0.5,
        -0.25,
        0.0,
        0.25,
        0.5,
        0.75,
        1.0
    ],
    "yvals": [
        0.63242,
        0.05488916,
        -0.334558,
        -0.7713184,
        -0.78238,
        -0.27282624,
        0.04805536,
        0.666926
    ],
    "yerrs": [
        0.03296514037585765,
        0.008209055487691626,
        0.03141631168676552,
        0.07150590465129436,
        0.07298254037781914,
        0.026778206063887103,
        0.007026760277681315,
        0.032519289045119054
    ]
}