{
    "bins": [
        0.0,
        0.7853982,
        1.570796,
        2.356194,
        3.141593,
        3.926991,
        4.712389,
        5.497787,
        6.283185
    ],
    "yvals": [
        0.006279070922240463,
        -0.01676256286941471,
        -0.00961098958744484,
        -0.009774000221543445,
        -0.01299020369290474,
        -0.0008806428078502876,
        0.0003214582924835562,
        -0.002051945637753089
    ],
    "yerrs": [
        0.005941484440039361,
        0.007555129514156697,
        0.007108030439837333,
        0.006925402229795068,
        0.0071252825032279985,
        0.006794890912651742,
        0.006790661921120731,
        0.006491087189019715
    ]
}