{
    "bins": [
        [
            -1.0,
            -0.75,
            -0.5,
            -0.25,
            0.0,
            0.25,
            0.5,
            0.75,
            1.0
        ],
        [
            0.0,
            0.7853982,
            1.570796,
            2.356194,
            3.141593,
            3.926991,
            4.712389,
            5.497787,
            6.283185
        ]
    ],
    "zvals": [
        0.00245970056972374,
        0.005378736736975835,
        0.005484842080066414,
        0.001484912509437878,
        -0.0021560941077008082,
        -0.0050337398363632215,
        -0.005507668723373374,
        -0.0016919116167853753,
        0.0017168478359130437,
        0.005512712156820403,
        0.0062636319420217535,
        0.003048467339530608,
        -0.0014171490123478792,
        -0.0058111683503141096,
        -0.003479718563072481,
        -0.0024889189939368323,
        0.003138973325887429,
        0.0034804676050785984,
        0.004898504452519615,
        0.0018940253298005219,
        -0.0014705624409535034,
        -0.008262817068543593,
        -0.006189636337245576,
        -0.0011049119045375723,
        0.0011210374559045334,
        0.003787234952784436,
        0.0028355992757811968,
        0.0017026642509094104,
        -0.002571120374638081,
        -0.001913817453062015,
        -0.0044361269063583056,
        -0.0010250700918515202,
        -0.001265192102553838,
        -0.001904866552974811,
        -0.005204220026025023,
        -0.001031363676297016,
        0.0009612522568175622,
        0.0049128864601132175,
        0.0027635099656479908,
        0.0008157703482820178,
        -0.003211347823307973,
        -0.005959996322882493,
        -0.003290155055144017,
        -0.002670176050644322,
        0.0016745736556497465,
        0.005350082378615684,
        0.006195574727717669,
        0.0028582476655148095,
        -0.0018671888985739972,
        -0.005702862931370574,
        -0.006546586571394378,
        -0.004076210945010116,
        0.0015006796554103774,
        0.006265602917247053,
        0.0045626711552614095,
        0.00220732571256866,
        -0.0016974380639018525,
        -0.004984580807331012,
        -0.0035854585827822336,
        -0.0017386215159428521,
        0.001581220731399876,
        0.004682397968927857,
        0.004867411427072645,
        0.002295320334403704
    ],
    "zerrs": [
        0.00047072813706087454,
        0.0008944552448293818,
        0.0008847250086420798,
        0.0003147777309691062,
        0.0004248333092490019,
        0.0009348025058380331,
        0.0009568758295007462,
        0.00041226163354094413,
        0.0005470033620656724,
        0.0013138190761980378,
        0.0013809819819020851,
        0.0007498084017039316,
        0.0005248558279717641,
        0.0014852764075992007,
        0.0011083724476364202,
        0.0006366602397719899,
        0.0008846838840150611,
        0.0011687476706990516,
        0.0013662404955758717,
        0.0007063699643052355,
        0.0006495202489832928,
        0.002234268505812126,
        0.001874578479684852,
        0.0005708375834982667,
        0.00040711119266390863,
        0.0011163316415405005,
        0.0009695243527301665,
        0.0005793651812392715,
        0.0008701946464127094,
        0.0008831881514862229,
        0.0014321127892110732,
        0.0005515989923184932,
        0.0004952217733006179,
        0.0008035960667827966,
        0.0014418273744601466,
        0.00046658696892570086,
        0.0004159296989815212,
        0.0014227564260440014,
        0.0010467493345131713,
        0.00041825035887423914,
        0.0009092387792879769,
        0.0016631483527282487,
        0.0012449131261672553,
        0.0008152287102879196,
        0.0006514056134452038,
        0.0016292288245100392,
        0.0017385650184948362,
        0.0008901038747633163,
        0.0005570988329258568,
        0.0014017481767736035,
        0.0014928008261443622,
        0.0009114471814914666,
        0.0004856104986420343,
        0.001492306062275575,
        0.0011956692364100004,
        0.0005990710073175633,
        0.0003576782585680217,
        0.0008920584617532127,
        0.0006877307449311379,
        0.0003520445892053523,
        0.000370877250722389,
        0.0009099053096171675,
        0.000906676777260705,
        0.00045316686536354386
    ]
}