{
    "bins": [
        [
            -1.0,
            -0.75,
            -0.5,
            -0.25,
            0.0,
            0.25,
            0.5,
            0.75,
            1.0
        ],
        [
            0.0,
            0.7853982,
            1.570796,
            2.356194,
            3.141593,
            3.926991,
            4.712389,
            5.497787,
            6.283185
        ]
    ],
    "zvals": [
        0.00012452572465788692,
        7.615305263141812e-05,
        -0.00011192720124064489,
        -0.00016038614767780455,
        0.00010610961576169021,
        0.0001690547722301305,
        -9.369506925151326e-05,
        -0.0001740129717671805,
        0.00025272988911866616,
        0.00044878933961872567,
        -0.00032606495050916865,
        -0.00015301552459323224,
        0.00040323397818685543,
        0.00020173756490339935,
        -0.0005240084644982545,
        -0.00025975772792902457,
        0.0008007601749023616,
        0.0006163195262324392,
        -0.0005898950595748908,
        -0.00028992361844107264,
        0.00032203056284839013,
        0.0004997905265865207,
        -0.0006523637697065694,
        -0.0006488913900977595,
        0.0004315039173759247,
        0.001271478988100043,
        -0.0005673174619746932,
        -0.0009398983191982675,
        0.0011775874142791294,
        0.0009189465723111088,
        -0.0009740554470472298,
        -0.0007491824527182399,
        0.0006859323079681109,
        0.0005059588911504463,
        -0.000992113043323258,
        -0.001044349687229039,
        0.0009827053290178988,
        0.0005013346608980417,
        -0.0004848586321839374,
        -0.0007974300927682527,
        0.00019656963817844247,
        0.0007498472748459443,
        -0.0005932660892948545,
        -0.0004889592169075846,
        0.0005031601302778971,
        0.0006001344541238966,
        -0.0002847069638578148,
        -0.0004917813898176467,
        0.00030492333697734476,
        0.00023413449846689153,
        -0.00027396937603609895,
        -0.00045894191360060303,
        0.00031852207415857935,
        0.0001999352684880787,
        -0.0001424659599336897,
        -0.00036506260520143935,
        0.00010130468850068664,
        7.920887988227112e-05,
        -9.531065778115048e-05,
        -0.00014088253231796832,
        0.00010791033335964692,
        0.00011966590187395438,
        -0.00012395605794769023,
        -0.00014234316868644945
    ],
    "zerrs": [
        2.922932822895315e-05,
        2.2477924268207964e-05,
        2.684645145035842e-05,
        3.717740393916176e-05,
        2.987372043336214e-05,
        3.889510676055166e-05,
        2.3774613431458712e-05,
        3.910337156307352e-05,
        7.325118389189037e-05,
        0.00011187517579593218,
        9.345094485467247e-05,
        5.4789639189241446e-05,
        0.00010050012744580981,
        7.063146792086824e-05,
        0.00012650565267216199,
        8.618041009367483e-05,
        0.00020495362533781586,
        0.00019307782159023326,
        0.00020298979212034118,
        0.0001176874052096361,
        0.0001310577841880749,
        0.00018909767412355512,
        0.0002182778993488504,
        0.00021409918680833398,
        0.00018782446360459185,
        0.0003840702810058936,
        0.0002290988334470873,
        0.00030831446302799633,
        0.00031667470127121826,
        0.00032342384423288644,
        0.00031394787031747355,
        0.00022456768360459573,
        0.0002498887723169931,
        0.00021115877482828245,
        0.0003773242169423852,
        0.000305301767040822,
        0.00027533283771537383,
        0.00021025935414654946,
        0.00022640331987720794,
        0.00026514392868771475,
        9.735849515566067e-05,
        0.00020964013832104297,
        0.0002151876833696285,
        0.0002001936660973932,
        0.00017211527461331738,
        0.00018249459497178986,
        0.00011826532367436884,
        0.00015282220028843785,
        7.723042095410898e-05,
        8.281888299391561e-05,
        8.032354006775599e-05,
        0.00013281197284656197,
        9.058441874743584e-05,
        6.447149319814821e-05,
        5.009043865630845e-05,
        9.378793334851318e-05,
        2.3710637505792037e-05,
        2.3914310604046618e-05,
        2.935490871569075e-05,
        3.621624450908504e-05,
        2.6739175830615654e-05,
        2.86937205981186e-05,
        2.7353781027775705e-05,
        3.415116846829185e-05
    ]
}