{
    "bins": [
        0.0,
        0.7853982,
        1.570796,
        2.356194,
        3.141593,
        3.926991,
        4.712389,
        5.497787,
        6.283185
    ],
    "yvals": [
        -0.001647140265918613,
        -0.003658931817736184,
        -0.004151696337398364,
        -0.001426879840692438,
        0.0017265742973626107,
        0.0029387126017636923,
        0.0037189183063873355,
        0.001521372603444369
    ],
    "yerrs": [
        0.00024739803332568853,
        0.000500579018081883,
        0.0005080132702754385,
        0.00021054132091975503,
        0.00023422480917056025,
        0.00038085893150072565,
        0.0004511151714094906,
        0.00021792320441334163
    ]
}