{
    "bins": [
        0.0,
        0.7853982,
        1.570796,
        2.356194,
        3.141593,
        3.926991,
        4.712389,
        5.497787,
        6.283185
    ],
    "yvals": [
        -0.007162447023688111,
        0.008827972270867068,
        0.008257233911978388,
        -0.007629152825506526,
        -0.008792688547717207,
        0.006248810157397906,
        0.008703737468137176,
        -0.007976339384617738
    ],
    "yerrs": [
        0.0008290404400698122,
        0.0009460567468468716,
        0.0009059432747042193,
        0.0009374479345377597,
        0.0009847999219120566,
        0.000741374534133312,
        0.0008669703875336663,
        0.0009069588442923294
    ]
}