{
    "bins": [
        [
            -1.0,
            -0.75,
            -0.5,
            -0.25,
            0.0,
            0.25,
            0.5,
            0.75,
            1.0
        ],
        [
            0.0,
            0.7853982,
            1.570796,
            2.356194,
            3.141593,
            3.926991,
            4.712389,
            5.497787,
            6.283185
        ]
    ],
    "zvals": [
        -0.006175557825317144,
        -0.0020355020093002552,
        0.0014816640735015882,
        0.004677003153810993,
        0.0031867094135712075,
        0.001921144184222522,
        -0.0015054354607472902,
        -0.0025687755762046766,
        -0.003811599771937343,
        -0.0019805708648534537,
        0.0013362020275070733,
        0.003600451744909276,
        0.0031089226099378906,
        0.002475432837873283,
        -0.0028784763903142107,
        -0.004961421343064282,
        -0.0036355688108274248,
        -0.0014900530661022988,
        0.00111032062724886,
        0.006112852193598413,
        0.003589207510077692,
        0.0020682619512654736,
        -0.001011085335078521,
        -0.004504367467194977,
        -0.002211351133730635,
        -0.00019042788253290243,
        0.0006725634646383109,
        0.0028272829479029133,
        0.0009570251006496066,
        0.0008215197899663611,
        -0.0012719339748764324,
        -0.0013528417439311027,
        0.0015219138521071222,
        0.0006422885320025088,
        -0.0003631507592328986,
        -0.0015209502431248322,
        -0.0017185472843068096,
        -0.0009166308037453625,
        0.0011189679627399104,
        0.0015312379201373066,
        0.003592503777064933,
        0.001547327990987497,
        -0.001067172057988434,
        -0.003525223230485397,
        -0.004972343194151244,
        -0.003017833506069535,
        0.0010170283092139274,
        0.0020051224984020846,
        0.004532355179831072,
        0.001112267948802505,
        -0.002499955436606664,
        -0.003000554367907268,
        -0.0035593861965525745,
        -0.0014540581972452187,
        0.0013673108411276832,
        0.004870003743325042,
        0.00372664770558425,
        0.001605745776216842,
        -0.001484242638764041,
        -0.0033398163226589293,
        -0.003103634590360555,
        -0.0017978120647111405,
        0.0016691359030708002,
        0.004995767750872807
    ],
    "zerrs": [
        0.0013216343614152813,
        0.0005459513540730912,
        0.00039281750621818353,
        0.0010492926401185414,
        0.0007888520388430701,
        0.0005173817447297496,
        0.00039980112803321985,
        0.0008283960829878041,
        0.0013634821497055566,
        0.000665302072405225,
        0.0005487492826802482,
        0.0011464424437510722,
        0.0011083905841092053,
        0.0007721309175853572,
        0.0008409228353545967,
        0.001508784769097117,
        0.0014855278326988456,
        0.000750750235874594,
        0.0004560053514591513,
        0.0015872392142920403,
        0.0012697520597136597,
        0.0008277531672013346,
        0.00048033815152780714,
        0.001434447769092799,
        0.0009619373438366508,
        0.00019042789888031533,
        0.0002725452299705987,
        0.0008975561641082356,
        0.0005089379667394361,
        0.0004218873528764876,
        0.00048029926999368984,
        0.0006958689705689136,
        0.0007776659938260518,
        0.00033358459963231374,
        0.0001712551751776092,
        0.0005962792892409074,
        0.0007533834729390996,
        0.000521699536209163,
        0.0003742064753807373,
        0.0006756535556938681,
        0.0013587132709075142,
        0.0006709965358133808,
        0.00044901514140483607,
        0.0012591483954162163,
        0.0016608342325817305,
        0.0010447401189027895,
        0.0005279979190256529,
        0.0009056210986380557,
        0.0013780491115720323,
        0.0005028834467690871,
        0.0007416656754804435,
        0.0011392327418471068,
        0.001355819979720477,
        0.0006776109058729328,
        0.0005418920596291135,
        0.001414929396692496,
        0.0009855526336222415,
        0.0004400197061017233,
        0.0004410426540736114,
        0.0008299889646810545,
        0.0008618639930765993,
        0.0005248958564274351,
        0.0004602500247412749,
        0.0010917452789066518
    ]
}