{
    "bins": [
        -1.0,
        -0.75,
        -0.5,
        -0.25,
        0.0,
        0.25,
        0.5,
        0.75,
        1.0
    ],
    "yvals": [
        3.5964852e-06,
        -0.0004945876,
        0.0004903044,
        0.00025218372,
        0.0006375808,
        -0.0027077588,
        0.0016217552,
        -0.0007125468
    ],
    "yerrs": [
        0.0006103553063585177,
        0.001152925184042746,
        0.001732186133185461,
        0.002789821499666242,
        0.002700840757986298,
        0.0020228747860408956,
        0.0009410599980872633,
        0.0006263807149010896
    ]
}