{
    "bins": [
        [
            -1.0,
            -0.75,
            -0.5,
            -0.25,
            0.0,
            0.25,
            0.5,
            0.75,
            1.0
        ],
        [
            0.0,
            0.7853982,
            1.570796,
            2.356194,
            3.141593,
            3.926991,
            4.712389,
            5.497787,
            6.283185
        ]
    ],
    "zvals": [
        0.06873216668945765,
        0.05443177966630413,
        0.07311060124930292,
        0.06549746052643306,
        0.06053353840982532,
        0.0640529769619989,
        0.05963508947056144,
        0.07025849314615012,
        0.004999499107586444,
        0.0047198904809766466,
        0.007388325409537586,
        0.004597185888955805,
        0.006438682044008258,
        0.010213583431585009,
        0.006867417538623731,
        0.009450194678366894,
        -0.03348612207158101,
        -0.03967099474941233,
        -0.01815678165719801,
        -0.024176531928357437,
        -0.03695517941222156,
        -0.02899415582927383,
        -0.03301560228062715,
        -0.03404153817554922,
        -0.07851726678263331,
        -0.03551412036040844,
        -0.055620004125296996,
        -0.039299112934954084,
        -0.03722975612364685,
        -0.06810860226280181,
        -0.0342171535960112,
        -0.07511911158419045,
        -0.036850962989219985,
        -0.08211701127759716,
        -0.055694106682217186,
        -0.08840026534283849,
        -0.0559273132857481,
        -0.08603907827623704,
        -0.06018803205508546,
        -0.10975923035199991,
        -0.025261713102983935,
        -0.03158391327299363,
        -0.025919862286382198,
        -0.03604768022368249,
        -0.025799963839989396,
        -0.022170298371016993,
        -0.030453563670903166,
        -0.02866701977850721,
        0.002277855997123497,
        0.005146915359324918,
        0.005032365755960673,
        0.006702636494316902,
        0.006103967669894752,
        0.008072951548132286,
        0.007733419234579157,
        0.007569217135770656,
        0.08335435451723724,
        0.07270878528052918,
        0.04913707954438388,
        0.05098264703672911,
        0.06055497976821941,
        0.07193580834175795,
        0.060915459423120516,
        0.05980356456217104
    ],
    "zerrs": [
        0.011538647818826445,
        0.010190571155604277,
        0.01170413338239057,
        0.01120537340120283,
        0.010636034184747864,
        0.011087282193439293,
        0.010802400659968408,
        0.011640387016028597,
        0.002276601761693341,
        0.002557061319225458,
        0.00309701632699204,
        0.0026214709689548255,
        0.00257482511456035,
        0.003011070178832085,
        0.0028662236164078156,
        0.003262164235092553,
        0.011703799081412438,
        0.009737444870486318,
        0.006026339652414857,
        0.00806150555431402,
        0.010316444866244012,
        0.008695841258734117,
        0.00935807527276445,
        0.010201586375139356,
        0.023985944949223674,
        0.013585870065181858,
        0.016205224889460305,
        0.014975653289246313,
        0.015403463040419988,
        0.019931515749579975,
        0.014085934820839054,
        0.023167221651933013,
        0.015273766431960592,
        0.021015279496297862,
        0.0162009987298158,
        0.022309028304392502,
        0.018948176719053793,
        0.022415403301842468,
        0.01757417814759066,
        0.027774181327634057,
        0.00793279004731565,
        0.008870254545013723,
        0.007470928550161146,
        0.010089977484143484,
        0.008980416628260946,
        0.0075932093973329045,
        0.00861731412170938,
        0.009965340126954382,
        0.002184781606859028,
        0.0022880433416653883,
        0.002337911829975965,
        0.002898181895383969,
        0.002433120433569236,
        0.0027127455076532097,
        0.002983647479787511,
        0.002746737314865427,
        0.012696807478226853,
        0.011592203593392587,
        0.009552624035070003,
        0.00944872178592453,
        0.01066477703704391,
        0.01148982214488522,
        0.010569965443659056,
        0.010513817027573051
    ]
}