{
    "bins": [
        0.0,
        0.7853982,
        1.570796,
        2.356194,
        3.141593,
        3.926991,
        4.712389,
        5.497787,
        6.283185
    ],
    "yvals": [
        -0.0007107398514536956,
        -0.0005500399924726043,
        0.0005644543276147891,
        0.0006231798105166928,
        -0.0005554790055487789,
        -0.0006399535012821526,
        0.0005369733561837439,
        0.0005472438177841045
    ],
    "yerrs": [
        0.00010964800321953006,
        8.67898045597281e-05,
        8.045896431960848e-05,
        8.782616686918738e-05,
        7.938777331767756e-05,
        8.798267657912162e-05,
        8.035526290285541e-05,
        8.91231305816065e-05
    ]
}