{
    "bins": [
        -1.0,
        -0.75,
        -0.5,
        -0.25,
        0.0,
        0.25,
        0.5,
        0.75,
        1.0
    ],
    "yvals": [
        0.20403708,
        0.020043704,
        -0.09236576,
        -0.19049336,
        -0.15721164,
        -0.08843932,
        0.018305876,
        0.20886336
    ],
    "yerrs": [
        0.016097731517204526,
        0.004025560333667849,
        0.0119548657876197,
        0.024194905248832863,
        0.021683224852406063,
        0.011105002116163689,
        0.003757951569671967,
        0.015416386087536859
    ]
}