{
    "bins": [
        0.0,
        0.7853982,
        1.570796,
        2.356194,
        3.141593,
        3.926991,
        4.712389,
        5.497787,
        6.283185
    ],
    "yvals": [
        -0.004503029164059708,
        0.003949464844439339,
        0.002925942006473152,
        -0.003855404705124402,
        -0.0026090784544905883,
        0.00299789533459469,
        0.0029301004076913877,
        -0.0025980521977392364
    ],
    "yerrs": [
        0.0006520925577523288,
        0.0005254689952917558,
        0.00041610209435642215,
        0.00048331239483516636,
        0.00032902086019754505,
        0.00037868789088260505,
        0.0003591073512088485,
        0.0004030649718103318
    ]
}