{
    "bins": [
        0.0,
        0.7853982,
        1.570796,
        2.356194,
        3.141593,
        3.926991,
        4.712389,
        5.497787,
        6.283185
    ],
    "yvals": [
        -0.003514605712108838,
        0.0039694903652645825,
        0.0037489591264556325,
        -0.003458310998613444,
        -0.004316086875698689,
        0.0033602593844140175,
        0.0044698649601857925,
        -0.003261831580930943
    ],
    "yerrs": [
        0.0005653781189928867,
        0.0006021801293953823,
        0.0005947526529142691,
        0.000608235757685956,
        0.0006142924885575129,
        0.0005436040668288237,
        0.0006566759468128744,
        0.0005752536350214113
    ]
}