{
    "bins": [
        [
            -1.0,
            -0.75,
            -0.5,
            -0.25,
            0.0,
            0.25,
            0.5,
            0.75,
            1.0
        ],
        [
            0.0,
            0.7853982,
            1.570796,
            2.356194,
            3.141593,
            3.926991,
            4.712389,
            5.497787,
            6.283185
        ]
    ],
    "zvals": [
        0.004102908308167755,
        0.0031401386660364974,
        0.0026363382641667035,
        0.003144832626473933,
        0.0026004028530757645,
        0.0026949933664205923,
        0.0025873164943124387,
        0.0016384818907101881,
        0.0014657680651674527,
        0.0023326482452586447,
        0.0010679828570992033,
        0.0014129974700757195,
        0.0012008352453151136,
        0.002272996366173584,
        0.002259261673699195,
        0.0018484095961537978,
        0.0011250374650718577,
        0.0013907087593064303,
        0.0014310874231918088,
        0.001973970427769834,
        0.0011243853434819032,
        0.0011886691842861838,
        0.0007892207517717133,
        0.00147909671274946,
        0.0007041228258480856,
        0.0001338208994219235,
        0.0005261515817458156,
        0.0008929280531296831,
        0.00028447131263384926,
        0.0005093076376563221,
        0.0007802836268999923,
        0.00039026063218903037,
        -0.000462389244080264,
        -0.0005997689323805083,
        -0.00042194693645769413,
        -0.00043892049773427267,
        -0.0005085407398541884,
        -0.0007336112391424477,
        -0.0010612092213119974,
        -0.0004677791387296633,
        -0.0011079292007544707,
        -0.0013530407138904641,
        -0.0011335577630704435,
        -0.0011735869284274618,
        -0.0015661633974112482,
        -0.002058483978823476,
        -0.0006568445552446023,
        -0.0007139177843590131,
        -0.0017884527873886136,
        -0.0010856511184523308,
        -0.0023114420968731782,
        -0.0011641664937184794,
        -0.0012947565438160011,
        -0.0009325075948754647,
        -0.0013595858405547256,
        -0.001864404034642309,
        -0.0025179064581507824,
        -0.002938584752847538,
        -0.002696825813154605,
        -0.002952517128236731,
        -0.0024371541562367097,
        -0.0029088227879368175,
        -0.0031118561544592684,
        -0.0038953651524450033
    ],
    "zerrs": [
        0.0007919053388688378,
        0.0006866257165748531,
        0.0006049473066668517,
        0.0006558554589946125,
        0.000596900471912422,
        0.0006186595588549487,
        0.0006103095168210271,
        0.0004946403304341785,
        0.0005188059542846361,
        0.0006476181461794036,
        0.0004041683054362197,
        0.00044683682090524687,
        0.0004247453502934032,
        0.0006078719415438714,
        0.0006038999906039529,
        0.0005576441522423179,
        0.00046173333627097946,
        0.0005272180989876154,
        0.0004786572431258817,
        0.0005111460021695276,
        0.00039875740583690463,
        0.00044940458169293404,
        0.00035491023786616877,
        0.00046901221732596293,
        0.00031012638917525146,
        0.00013382087922158667,
        0.00021155321407063458,
        0.0002822276667706338,
        0.00015054694470899679,
        0.00023712858686824337,
        0.00028175012783814766,
        0.00019858139703372526,
        0.00023475834809522832,
        0.00027624201042655903,
        0.00017976559000730012,
        0.0001716000126001589,
        0.00022199700486220695,
        0.000334659432777324,
        0.00032992715119853415,
        0.0002029298539933201,
        0.00042052917945411216,
        0.0005115244416603737,
        0.0004296999460223989,
        0.0004183066291111856,
        0.0005255201029887262,
        0.0006515620828022686,
        0.0003286625539192664,
        0.0003199977256227871,
        0.0005395072537458439,
        0.0004435626548641354,
        0.0006178907779645569,
        0.00044004110921090357,
        0.0004900618881933989,
        0.00041767532288795205,
        0.00048125101716420347,
        0.0005382530300316649,
        0.0006111528309212318,
        0.000657704931430706,
        0.0006361291618323817,
        0.0006605805137166203,
        0.0006103229042151477,
        0.0006688537045217795,
        0.000679761449767751,
        0.0007499873167964892
    ]
}