{
    "bins": [
        -1.0,
        -0.75,
        -0.5,
        -0.25,
        0.0,
        0.25,
        0.5,
        0.75,
        1.0
    ],
    "yvals": [
        -0.04060116,
        -0.025651592,
        -0.01712298,
        -0.007106468,
        0.006865716,
        0.017581128,
        0.022333576,
        0.04353232
    ],
    "yerrs": [
        0.0019821963575791376,
        0.0016362708822196892,
        0.0012762263122189576,
        0.0006176778448349916,
        0.0006052117645915354,
        0.001265549050807593,
        0.0014970434863423305,
        0.0020180009910800343
    ]
}