{
    "bins": [
        [
            -1.0,
            -0.75,
            -0.5,
            -0.25,
            0.0,
            0.25,
            0.5,
            0.75,
            1.0
        ],
        [
            0.0,
            0.7853982,
            1.570796,
            2.356194,
            3.141593,
            3.926991,
            4.712389,
            5.497787,
            6.283185
        ]
    ],
    "zvals": [
        0.07354796585986573,
        0.06917146954065824,
        0.05575583334818781,
        0.06245029596421692,
        0.06959651030432976,
        0.06225383818140613,
        0.07113183379636823,
        0.06314322165322551,
        0.008274009285990215,
        0.013866695323057945,
        0.009201296667422124,
        0.005936692050792018,
        0.010664778876442259,
        0.006118558998113061,
        0.009651931886763146,
        0.010718799895085042,
        -0.02972339890771331,
        -0.019517834147230868,
        -0.026457500528394528,
        -0.030462244031377685,
        -0.030674939330123063,
        -0.023729543492598662,
        -0.03330732698580848,
        -0.021316845726625233,
        -0.06582042077509218,
        -0.04566702886104341,
        -0.05575817610943752,
        -0.07136454209898409,
        -0.0471617294670982,
        -0.06597556907453293,
        -0.04679041199493761,
        -0.06043819821288062,
        -0.044890930485962405,
        -0.052253265797281324,
        -0.07660803821756615,
        -0.06949904443473955,
        -0.05204337164087506,
        -0.04447362993030286,
        -0.05864180963027664,
        -0.04279707358562156,
        -0.020081986436943706,
        -0.04227027883194987,
        -0.021269858084690826,
        -0.02485494379290017,
        -0.02679614666704014,
        -0.034049651259616155,
        -0.02210481310112835,
        -0.03642937720747953,
        0.006337376377995263,
        0.00554474687858815,
        0.007173565504368488,
        0.006320048790487384,
        0.006772051876882801,
        0.008384498050669853,
        0.010260835907399816,
        0.004634685598893811,
        0.06572192296850184,
        0.07404242792633235,
        0.06801967919449758,
        0.0690107830542183,
        0.07140023274823717,
        0.062420327018912716,
        0.06065144041619664,
        0.08169992793462678
    ],
    "zerrs": [
        0.009849510733831167,
        0.009452032578868508,
        0.008334141902306766,
        0.00895860812684967,
        0.009686612998560235,
        0.008956682342569924,
        0.00954835327216585,
        0.008911830285502301,
        0.0025477218585133582,
        0.0030268921700879756,
        0.0026237075384193662,
        0.001996050273652514,
        0.0028239423374811874,
        0.002044515186821967,
        0.00255655089284739,
        0.002491704478165953,
        0.006796055748573259,
        0.004816168033206909,
        0.005769104513893193,
        0.006942146714577991,
        0.0065955316580734846,
        0.005652365692496289,
        0.006498053183977914,
        0.00538406010481802,
        0.014446536767181512,
        0.010837352117441856,
        0.011675172229031262,
        0.013821857174166431,
        0.011522450820605948,
        0.012541515276197878,
        0.010792593494590066,
        0.01297434839611529,
        0.011306212922895275,
        0.011730424856093791,
        0.013623927748098716,
        0.013718583667213234,
        0.011745191083808056,
        0.01028146373243531,
        0.011811773727656426,
        0.011168652917115357,
        0.005529714118844541,
        0.008142455770504405,
        0.004955319265373537,
        0.005632142609911883,
        0.005832628046543437,
        0.0065898208746455016,
        0.004870693844683435,
        0.007504780888295956,
        0.0021317591324502712,
        0.0021535365469292763,
        0.0020799442259612825,
        0.0022221341366184507,
        0.0020682995939405313,
        0.002227183742835139,
        0.0026811753188740323,
        0.0018546876598128177,
        0.008986611960273845,
        0.009639171545191432,
        0.009238194276570001,
        0.009393565820305217,
        0.009304858829575586,
        0.008549895481325934,
        0.008415242512973398,
        0.010006187447639045
    ]
}