{
    "bins": [
        [
            -1.0,
            -0.75,
            -0.5,
            -0.25,
            0.0,
            0.25,
            0.5,
            0.75,
            1.0
        ],
        [
            0.0,
            0.7853982,
            1.570796,
            2.356194,
            3.141593,
            3.926991,
            4.712389,
            5.497787,
            6.283185
        ]
    ],
    "zvals": [
        0.0026490648947247396,
        0.007823148982592006,
        0.005809650648461037,
        0.0020906352057998546,
        -0.002611098067476616,
        -0.006853177624592884,
        -0.005950017698033355,
        -0.0026561564964514817,
        0.0017487781357278381,
        0.005427618972194728,
        0.007859928342063517,
        0.0032541890173020337,
        -0.0021289659510210102,
        -0.009071472043473501,
        -0.0057178704300240146,
        -0.0019195903223588554,
        0.0036750300675504476,
        0.0077643660320922715,
        0.008168082933748242,
        0.0018523420579858137,
        -0.0013681975253311055,
        -0.005410072345485984,
        -0.007575990771557861,
        -0.0023089842347446777,
        0.0023549450457105705,
        0.0028257272938630586,
        0.003497285707373842,
        0.0016751862429160212,
        -0.0016042317398312696,
        -0.0032488491185360805,
        -0.004964059495949825,
        -0.0013207601750959389,
        -0.0009151291663260751,
        -0.004653660603582032,
        -0.0028193023155139185,
        -0.0018508085699115993,
        0.001368436894415315,
        0.0036050124904825334,
        0.0032617781048589387,
        0.0015311569420854146,
        -0.0015500626306502866,
        -0.006822305842975368,
        -0.005926040045938494,
        -0.003770665865375434,
        0.0015673128783113778,
        0.008082541590378384,
        0.007857290189177973,
        0.0023112042556767405,
        -0.0022436124758116326,
        -0.004917845708251284,
        -0.0071890684722904835,
        -0.0024076119271860545,
        0.003749031701124779,
        0.00808503204744601,
        0.005932604870396921,
        0.003507163501816914,
        -0.0030756128547277032,
        -0.006571131215289882,
        -0.005710674078620013,
        -0.0034671798665391737,
        0.0023946615601262025,
        0.005678114790208278,
        0.005123914244752344,
        0.0024722370059511237
    ],
    "zerrs": [
        0.0004733833586939938,
        0.0011432366937237592,
        0.00093035485648517,
        0.0003890590245875359,
        0.00047326642632099757,
        0.0010217354641278277,
        0.0010239392965767844,
        0.0004932042605338773,
        0.0005198849956606685,
        0.0013235933256774883,
        0.0015096684958705172,
        0.0006971115706646603,
        0.000548114580217275,
        0.001785799515089707,
        0.001366060409885347,
        0.0006271736849508505,
        0.0009312339551697982,
        0.0018333073382403944,
        0.0017212951542779303,
        0.0005633475710208981,
        0.00052586401058118,
        0.001576530529803074,
        0.0019036886219392707,
        0.000683937021265535,
        0.0006479511612977571,
        0.0010214984603493496,
        0.0009364732031625818,
        0.0004820079296928731,
        0.0004982473284524074,
        0.0010636668231203974,
        0.001478541679672394,
        0.0005024005135414085,
        0.00038146210784579447,
        0.0013332743287357434,
        0.0009377362014226779,
        0.0005387915572454467,
        0.0004634415489565224,
        0.0010676710952704058,
        0.000972632949183456,
        0.00047453178650022133,
        0.0006575245396609192,
        0.001833830044715297,
        0.001659415549178793,
        0.000918648261807084,
        0.0005634341519110833,
        0.001967544691425457,
        0.0018208287298614313,
        0.0007057279637919495,
        0.0006287513903113136,
        0.0013333563271264311,
        0.0015867487831536652,
        0.0006650169741269557,
        0.0008601008500722817,
        0.0016773466215348628,
        0.0013427496965923392,
        0.0007564621921669177,
        0.0005342964382228957,
        0.001044839565926831,
        0.0010071962689142187,
        0.0005720741786317254,
        0.000490754127305884,
        0.0009470916077993557,
        0.0009054695730861098,
        0.00045025613790404496
    ]
}