{
    "bins": [
        [
            -1.0,
            -0.75,
            -0.5,
            -0.25,
            0.0,
            0.25,
            0.5,
            0.75,
            1.0
        ],
        [
            0.0,
            0.7853982,
            1.570796,
            2.356194,
            3.141593,
            3.926991,
            4.712389,
            5.497787,
            6.283185
        ]
    ],
    "zvals": [
        0.02240841397395614,
        0.02615519931428379,
        0.025913893338154675,
        0.028919960427757102,
        0.027750638529764515,
        0.021635975645468927,
        0.026139485967624065,
        0.03300655209206034,
        0.0010805947861861663,
        0.0004636012986030773,
        0.003774713966676769,
        0.003532900347466702,
        0.0028809581893511306,
        0.0024603581878232445,
        0.003855410377923041,
        0.002277995105666172,
        -0.014016293900342527,
        -0.011012569681249425,
        -0.01286776895281119,
        -0.008878452862812405,
        -0.008878280820679449,
        -0.016066794160412942,
        -0.009720865090056255,
        -0.008438065795940405,
        -0.018352163272082875,
        -0.0212926290346115,
        -0.020945818553141215,
        -0.016162893000882354,
        -0.023443186766454707,
        -0.010512835530520834,
        -0.02035811652181442,
        -0.032077525025528464,
        -0.01206000217469304,
        -0.02059174599164907,
        -0.0374403398022404,
        -0.01992387054223395,
        -0.017598338676696395,
        -0.036341212990101845,
        -0.0181054548139924,
        -0.01998171118337455,
        -0.008412970643426481,
        -0.012693801790633993,
        -0.005349573082691833,
        -0.014908636247308694,
        -0.012428277128284,
        -0.017339382071255596,
        -0.010805874219185689,
        -0.012920170410416125,
        0.003556141075953574,
        0.0008778588379035439,
        0.004499912655749061,
        -0.00019894636993426272,
        0.002861215842159006,
        0.0050063315669253055,
        0.0038422904056287393,
        0.0036895525580661025,
        0.0281682896650387,
        0.02832963881487827,
        0.023389863483227618,
        0.02335224771103605,
        0.02829825387892507,
        0.02200501656484993,
        0.030237948148582,
        0.011832752311566877
    ],
    "zerrs": [
        0.005237512370475319,
        0.005898129868584045,
        0.005868214072151534,
        0.006122288477350391,
        0.005980322674236453,
        0.005335766299584197,
        0.005889542192821469,
        0.006566918203982791,
        0.0008706668926529562,
        0.001207622242848193,
        0.0015291546292452338,
        0.0016474997631955091,
        0.0012525734366469058,
        0.0012763571625594898,
        0.0015769989517486552,
        0.0013828751766676918,
        0.004904045670763592,
        0.003980727154543556,
        0.0040705344092651355,
        0.0031012586418963516,
        0.0033870821044908145,
        0.005331924567580311,
        0.0038273031260236835,
        0.0034331256309330267,
        0.007001822583269379,
        0.008772365435306817,
        0.008036646107291994,
        0.006161100528575669,
        0.007842221257505772,
        0.005264198560054771,
        0.008326142600417986,
        0.00930844299416811,
        0.006050742690852969,
        0.008450317410713525,
        0.010869701871799904,
        0.00706817076929432,
        0.007229419311935308,
        0.011572774658378976,
        0.008139794917336391,
        0.007566139052034092,
        0.003131777407287962,
        0.004771199487041436,
        0.0025377654253486725,
        0.004463504588136592,
        0.004303231707391545,
        0.005435008428593623,
        0.004280025192524105,
        0.004562769646902236,
        0.0017037105225862752,
        0.0008683149711827838,
        0.001643243120723479,
        0.0010615369108523873,
        0.0015524737419259655,
        0.0020436281912470573,
        0.0019174927279045804,
        0.0017442296133726362,
        0.006368977574971057,
        0.006404816535378942,
        0.005946561539780564,
        0.005738919411435264,
        0.006521645171774115,
        0.0058961160729246115,
        0.0067002151815167485,
        0.004234748596976785
    ]
}