{
    "bins": [
        -1.0,
        -0.75,
        -0.5,
        -0.25,
        0.0,
        0.25,
        0.5,
        0.75,
        1.0
    ],
    "yvals": [
        7.847036e-05,
        0.0015935448,
        -0.0022496812,
        0.0020329364,
        0.0013007128,
        0.002348694,
        0.00037223336,
        -0.0020466072
    ],
    "yerrs": [
        0.001630034110072547,
        0.002024000395256878,
        0.002564126673937932,
        0.001260218139847225,
        0.0012718710626474683,
        0.002124164965345206,
        0.0022866999803209864,
        0.0014328667767800327
    ]
}