{
    "bins": [
        -1.0,
        -0.75,
        -0.5,
        -0.25,
        0.0,
        0.25,
        0.5,
        0.75,
        1.0
    ],
    "yvals": [
        0.00017328336,
        -0.00032575392,
        -0.00018917844,
        -0.0001954,
        0.00033723432,
        0.0001541844,
        -0.00021320392,
        6.46334e-05
    ],
    "yerrs": [
        0.00024465574180877097,
        0.0003894148019785586,
        0.0007794999422706842,
        0.001140495471275533,
        0.0015089874750971262,
        0.0010456931863601293,
        0.0004865483326453807,
        0.0002507548603716387
    ]
}