{
    "bins": [
        [
            -1.0,
            -0.75,
            -0.5,
            -0.25,
            0.0,
            0.25,
            0.5,
            0.75,
            1.0
        ],
        [
            0.0,
            0.7853982,
            1.570796,
            2.356194,
            3.141593,
            3.926991,
            4.712389,
            5.497787,
            6.283185
        ]
    ],
    "zvals": [
        -5.218382216816896e-05,
        -0.00010985189925411047,
        -7.429369568040663e-05,
        -5.4960395926147095e-05,
        4.153306731109577e-05,
        9.981751927048455e-05,
        9.250545583258427e-05,
        2.8225251401200416e-05,
        -4.838862121150774e-05,
        -0.00019792706320287629,
        -8.333940244309257e-05,
        -4.127322290962938e-05,
        4.352508155100979e-05,
        0.00019500986760852463,
        0.00018739416194082494,
        5.5422295447658396e-05,
        -5.98597246594148e-05,
        -0.00024392316861595486,
        -0.0002788472596059578,
        -0.00010611039739037102,
        7.794443072174868e-05,
        0.00018198528644076001,
        0.0001228966714964897,
        0.00013629634911216992,
        -0.00017491254754594548,
        -6.994804416309799e-05,
        -0.00029681842836370867,
        -0.00016762684953762358,
        8.636696299201166e-05,
        0.0002575812517984513,
        0.00036292870621009994,
        6.527330092513606e-05,
        -9.587050237701079e-05,
        -0.00039434355431094915,
        -0.00032125913231253464,
        -9.62774335083187e-05,
        0.00011736261105834236,
        0.0003431574819390934,
        0.0005486033832528223,
        0.00010385170321289336,
        -5.2158204589722765e-05,
        -0.0002320701687730727,
        -0.00022184365124433732,
        -9.247793796528898e-05,
        0.00011680508481050368,
        0.000391194629983779,
        9.376204166549956e-05,
        7.629578888665366e-05,
        -5.124030077991011e-05,
        -0.000106960676487762,
        -0.00017587241118515712,
        -3.292681044921117e-05,
        4.474120891573443e-05,
        6.453762296313463e-05,
        0.00013059804073858096,
        6.00017316061411e-05,
        -4.5660063901343296e-05,
        -8.621995121453103e-05,
        -9.861359463609534e-05,
        -3.9163166747092883e-05,
        3.2259639061978755e-05,
        8.911339219096563e-05,
        0.00010089880544641064,
        4.7365697391640934e-05
    ],
    "zerrs": [
        1.5359607997015642e-05,
        2.6616646928120842e-05,
        1.8223672834568942e-05,
        1.370933959913951e-05,
        1.2062780126435752e-05,
        2.4614230374997865e-05,
        2.4633528245870182e-05,
        1.0956826842429898e-05,
        1.899062878425176e-05,
        5.6393724411468434e-05,
        3.2199386451162054e-05,
        1.364750748571427e-05,
        1.7907166248779954e-05,
        5.3524772471968415e-05,
        5.0946625485350414e-05,
        2.0936529175670006e-05,
        3.062301211656197e-05,
        9.47516666976663e-05,
        9.572324939096508e-05,
        3.394983087045196e-05,
        3.2013715477319955e-05,
        7.085536412723261e-05,
        5.514075725845666e-05,
        4.582559141270691e-05,
        8.014113618366595e-05,
        6.994802603963397e-05,
        0.00011298685017864579,
        5.506673765680444e-05,
        4.765242219129242e-05,
        0.00011644095424860795,
        0.0001233377828289172,
        3.298511580880614e-05,
        5.494409452900622e-05,
        0.00016258872696730642,
        0.00012447153827385235,
        3.747885557093939e-05,
        5.847948170456541e-05,
        0.00014138661181429307,
        0.00016024280599612927,
        4.701693525964655e-05,
        2.6450315192027645e-05,
        8.848395661864617e-05,
        8.558514567422271e-05,
        3.6705677577289634e-05,
        4.644527521383461e-05,
        0.00012518408856226147,
        4.8173420835332925e-05,
        3.6851750016795e-05,
        1.7297360245772412e-05,
        4.4715471315608525e-05,
        4.792271949107205e-05,
        1.3696856128756691e-05,
        1.9548904594752078e-05,
        2.976417493535151e-05,
        4.763273001690881e-05,
        2.0101117186777436e-05,
        1.3283560065435916e-05,
        2.2347328172253964e-05,
        2.5499531948311193e-05,
        1.0235573121605888e-05,
        9.753503619685781e-06,
        2.346937628802803e-05,
        2.5243559567199243e-05,
        1.2966679222163816e-05
    ]
}