{
    "bins": [
        -1.0,
        -0.75,
        -0.5,
        -0.25,
        0.0,
        0.25,
        0.5,
        0.75,
        1.0
    ],
    "yvals": [
        -0.00943036,
        -0.004858972,
        -0.00359748,
        -0.002138398,
        0.0024219376,
        0.0039516048,
        0.005175008,
        0.008880928
    ],
    "yerrs": [
        0.00046264370740344024,
        0.0003722680109813359,
        0.0003434595056189303,
        0.00022687667134370604,
        0.0002391136298917316,
        0.00035726115937784224,
        0.00038130156044789535,
        0.00044477320063151285
    ]
}