{
    "bins": [
        0.0,
        0.7853982,
        1.570796,
        2.356194,
        3.141593,
        3.926991,
        4.712389,
        5.497787,
        6.283185
    ],
    "yvals": [
        0.016035139881909584,
        0.005873577695277476,
        -0.006080997150489307,
        -0.015982513346719313,
        -0.01459699413545743,
        -0.00585804649362489,
        0.0061729097858665306,
        0.014541289893786339
    ],
    "yerrs": [
        0.0011999964342384274,
        0.0005165474181221024,
        0.0005466693340444963,
        0.001254068325221821,
        0.0012261224003354912,
        0.0005585932467073225,
        0.0005544661883831661,
        0.0011390166647905883
    ]
}