{
    "bins": [
        0.0,
        0.7853982,
        1.570796,
        2.356194,
        3.141593,
        3.926991,
        4.712389,
        5.497787,
        6.283185
    ],
    "yvals": [
        -7.6345769572683e-05,
        -0.00012519794427740948,
        0.00012146413665428232,
        -0.0003795715298848101,
        -6.12866979544129e-05,
        0.0002355881985948526,
        0.0006203252363769709,
        -0.0003433426110074129
    ],
    "yerrs": [
        0.0003733589987528717,
        0.000752963255455791,
        0.0007707920815310527,
        0.00038280722944449724,
        0.00040666868923428234,
        0.0007676624572694138,
        0.000773431406170935,
        0.000360462555341788
    ]
}