{
    "bins": [
        0.0,
        0.7853982,
        1.570796,
        2.356194,
        3.141593,
        3.926991,
        4.712389,
        5.497787,
        6.283185
    ],
    "yvals": [
        0.29541346033133253,
        0.27216691974436397,
        0.26416097316265136,
        0.3041114134344454,
        0.2802615998512855,
        0.28359430505297956,
        0.27689553576657955,
        0.2746818810335652
    ],
    "yerrs": [
        0.021612121697599698,
        0.020679011262696653,
        0.02038092665415408,
        0.02304968732369484,
        0.022605762366489326,
        0.022064922629240608,
        0.021182857460156707,
        0.02097843710908299
    ]
}