{
    "bins": [
        [
            -1.0,
            -0.75,
            -0.5,
            -0.25,
            0.0,
            0.25,
            0.5,
            0.75,
            1.0
        ],
        [
            0.0,
            0.7853982,
            1.570796,
            2.356194,
            3.141593,
            3.926991,
            4.712389,
            5.497787,
            6.283185
        ]
    ],
    "zvals": [
        0.005747290992008894,
        0.005024621153764373,
        0.003368556578957421,
        0.005189927667338512,
        0.005096575239560068,
        0.004969861395114326,
        0.00461049506110278,
        0.0048149977463655385,
        0.004504201308329965,
        0.004135305191840364,
        0.004932915031614546,
        0.004372399761140516,
        0.003654013888499842,
        0.004034710045098156,
        0.004125356570808687,
        0.0029925204800623382,
        0.002410151181910017,
        0.001767220636472371,
        0.0019020939701909101,
        0.0027564455773434905,
        0.0016830254215060385,
        0.001596141574080912,
        0.0027850134581447884,
        0.0023191793205483086,
        0.00048388748535456276,
        0.00045534092405148067,
        0.0005770995087840816,
        0.0009707753638596433,
        0.000853956338060448,
        0.0009068243107316293,
        0.0007514391429568195,
        0.0007599377640381057,
        -0.0011677811331882349,
        -0.000544048379050718,
        -0.0007966707325457922,
        -0.0005475438598724979,
        -0.0007811275302458115,
        -0.0009373968357444253,
        -0.0005948973641389463,
        -0.0005281683936042619,
        -0.002520201854295057,
        -0.001958963979781965,
        -0.002814564844830265,
        -0.001802127581012963,
        -0.0014097519983498807,
        -0.0017382840292437724,
        -0.00177495893801614,
        -0.00239225615547786,
        -0.003573690899724496,
        -0.0038753197424286137,
        -0.003798888206998236,
        -0.004056976899639546,
        -0.004847803534004414,
        -0.0027554101232750788,
        -0.003916386341701915,
        -0.0040404426800170114,
        -0.004188641634269088,
        -0.005198089426784745,
        -0.003797868596558688,
        -0.006066333163143829,
        -0.005245702179022609,
        -0.006340968528058388,
        -0.004884081701252105,
        -0.005489660019506035
    ],
    "zerrs": [
        0.001129005280715332,
        0.0010496178979774217,
        0.0008430972159170437,
        0.001040174975258971,
        0.0010216888789345033,
        0.0010169899983921028,
        0.0009855902560953328,
        0.0010278664287764693,
        0.0008874053572022004,
        0.0008161653190460484,
        0.0008900247542956927,
        0.0008443648747942665,
        0.0007645571714285912,
        0.000780894822185241,
        0.0008125241471771202,
        0.000709985187792582,
        0.0005121087605609463,
        0.00040018340482905496,
        0.0004547367522105583,
        0.0005392323519525013,
        0.00041570426139374137,
        0.00039127946655675863,
        0.0005256054841173626,
        0.0004926809101862168,
        0.00014940033047251312,
        0.00014702053930206718,
        0.00015948547981962623,
        0.000209003636788455,
        0.00020487810932706314,
        0.00019887852580502586,
        0.00018563420739194585,
        0.00018909266740905234,
        0.00022381693087602467,
        0.00013531283070992824,
        0.0001844401669998525,
        0.0001609418599957288,
        0.0001983713834312213,
        0.00022295455051707784,
        0.00015929106707931255,
        0.00015007465427916797,
        0.0004916243670861528,
        0.0004236230158440962,
        0.0005319982941305979,
        0.0004729057707674168,
        0.000413964141982525,
        0.000444952964621167,
        0.00042388121785440105,
        0.0004955726486698211,
        0.0007332893832378112,
        0.0007640113044332495,
        0.000798881754985761,
        0.0008926826122655724,
        0.0010375096759140231,
        0.0007172801637551014,
        0.0008236192215196868,
        0.0007963818525064506,
        0.0009413464487576422,
        0.0010453230470193814,
        0.0009237245219522892,
        0.001239972725693474,
        0.001173657732253968,
        0.0012692948033463185,
        0.001068501027587939,
        0.001082039313460133
    ]
}