{
    "bins": [
        -1.0,
        -0.75,
        -0.5,
        -0.25,
        0.0,
        0.25,
        0.5,
        0.75,
        1.0
    ],
    "yvals": [
        -0.0015673144,
        0.0015717564,
        -0.00025800472,
        -0.000440076,
        9.150892e-05,
        0.00032837304,
        -0.0008018684,
        0.0001173758
    ]
}