{
    "bins": [
        [
            -1.0,
            -0.75,
            -0.5,
            -0.25,
            0.0,
            0.25,
            0.5,
            0.75,
            1.0
        ],
        [
            0.0,
            0.7853982,
            1.570796,
            2.356194,
            3.141593,
            3.926991,
            4.712389,
            5.497787,
            6.283185
        ]
    ],
    "zvals": [
        -0.06548321602977954,
        -0.08923177528635806,
        -0.07713286766709365,
        -0.08455702133565232,
        -0.06984657460294014,
        -0.057258918408246526,
        -0.08988798036154919,
        -0.07802698759100483,
        -0.008453912932318917,
        -0.006616534958463086,
        -0.011299402341233365,
        -0.004380010160440744,
        -0.008585354177117841,
        -0.013282279812273525,
        -0.0041277996633553955,
        -0.005123797106689858,
        0.032549089111739746,
        0.025840877068919726,
        0.023802408460423894,
        0.03098527500035014,
        0.03944366550462312,
        0.025006969714717893,
        0.034800343265452685,
        0.024500597149470723,
        0.03740557592314319,
        0.07390496892148157,
        0.04651943600569394,
        0.040309763572400785,
        0.05793811545229296,
        0.05523640243545312,
        0.0552748542777038,
        0.060221187219728106,
        0.03563600222154825,
        0.04601643141857541,
        0.043292379150443476,
        0.05725955851739053,
        0.06332855443991452,
        0.04931277135923443,
        0.062103443095093205,
        0.05348559583803372,
        0.03599596739590185,
        0.032580513976484274,
        0.04619060909246014,
        0.03593931746793668,
        0.02031715894361839,
        0.018301981925087665,
        0.042426968237759724,
        0.03219335929044893,
        -0.017649508236713556,
        -0.00448853663710288,
        -0.0099866258890397,
        -0.015826493285578416,
        -0.010138920649148581,
        -0.014965238006717617,
        -0.013339275119111588,
        -0.0025002615234568973,
        -0.07388135088672217,
        -0.08393102196110047,
        -0.09677223522341541,
        -0.043709869760465696,
        -0.0603702072070466,
        -0.07928438829739828,
        -0.03725483385493725,
        -0.10334760210746656
    ]
}