{
    "bins": [
        0.0,
        0.7853982,
        1.570796,
        2.356194,
        3.141593,
        3.926991,
        4.712389,
        5.497787,
        6.283185
    ],
    "yvals": [
        -0.00027301679581134765,
        4.042956320987912e-05,
        -4.843856235946616e-05,
        0.0004629385828095019,
        -0.00048168839238195145,
        -0.00017362725649925265,
        0.0002949458745756929,
        0.00015998410996717591
    ]
}