{
    "bins": [
        0.0,
        0.7853982,
        1.570796,
        2.356194,
        3.141593,
        3.926991,
        4.712389,
        5.497787,
        6.283185
    ],
    "yvals": [
        0.2269671613711363,
        0.22477246562187975,
        0.16928258029686863,
        0.20853438825361378,
        0.30338961902118405,
        0.24074240066819633,
        0.301719001066975,
        0.1896951609247796
    ]
}