{
    "bins": [
        -1.0,
        -0.75,
        -0.5,
        -0.25,
        0.0,
        0.25,
        0.5,
        0.75,
        1.0
    ],
    "yvals": [
        0.005107024,
        -0.002761808,
        0.0005754988,
        -0.0004898492,
        0.0007426012,
        -0.005163252,
        0.003610404,
        -0.0005845428
    ]
}