{
    "bins": [
        [
            -1.0,
            -0.75,
            -0.5,
            -0.25,
            0.0,
            0.25,
            0.5,
            0.75,
            1.0
        ],
        [
            0.0,
            0.7853982,
            1.570796,
            2.356194,
            3.141593,
            3.926991,
            4.712389,
            5.497787,
            6.283185
        ]
    ],
    "zvals": [
        -0.0008810139875543386,
        -0.0027888557874748312,
        -0.0025427306919549074,
        -0.001937825232779772,
        0.0005231747470709116,
        0.0030208831700615493,
        0.0021799851794886164,
        0.0006652479379881284,
        -0.000970391834358673,
        -0.003742271241401491,
        -0.0025034517531238943,
        -0.0018849792271189549,
        0.0017905097797549772,
        0.003751161576678322,
        0.004093504185139255,
        0.0019445167927598496,
        -0.000979088569339731,
        -0.003076789876416766,
        -0.0027361276703021914,
        -0.0009826852338747567,
        0.0010781993333316353,
        0.002163406578575449,
        0.0027566741957580744,
        0.0008182205709716604,
        -0.0003571357815691454,
        -0.0008014858203066013,
        -0.0009488875703783308,
        -0.00029159914896759485,
        0.00024145587332791773,
        0.0008644809383268104,
        0.000869258134092524,
        0.0004115143150351797,
        0.00042953406310327675,
        0.0009436420626592027,
        0.0010797531951953025,
        0.0003804739756480464,
        -0.00038500301757834863,
        -0.000984663571845103,
        -0.0006293680401528908,
        -0.00029835252954552987,
        0.0005048021245783349,
        0.002595704240577195,
        0.0019458149880697436,
        0.000559748611852065,
        -0.0007134568715479283,
        -0.0027846717205798847,
        -0.002179484032299548,
        -0.000651270820653987,
        0.0024853634754956147,
        0.0018166457812843376,
        0.0030941616861769458,
        0.0013165955138725667,
        -0.001342100692897104,
        -0.004554392550019227,
        -0.0026925538389453506,
        -0.0011408091184342208,
        0.001293757994352419,
        0.0028057190891036367,
        0.0019742749535904096,
        0.0017318723349533168,
        -0.001596251072704539,
        -0.004133539428417186,
        -0.000729159992767998,
        -0.0006785130596207275
    ]
}