{
    "bins": [
        0.0,
        0.7853982,
        1.570796,
        2.356194,
        3.141593,
        3.926991,
        4.712389,
        5.497787,
        6.283185
    ],
    "yvals": [
        0.0006997253113134204,
        -7.0794570598491615e-06,
        -0.0004370242857761289,
        0.00034577125766648546,
        -9.567224515468587e-05,
        -0.00020824346382343733,
        0.00026267854005230476,
        -0.00030543953511468077
    ]
}