{
    "bins": [
        0.0,
        0.7853982,
        1.570796,
        2.356194,
        3.141593,
        3.926991,
        4.712389,
        5.497787,
        6.283185
    ],
    "yvals": [
        0.0024139882164232107,
        -0.002533744046647444,
        -0.0020809271222997773,
        0.0023029110044703394,
        0.0021518402134968503,
        -0.002333621934356849,
        -0.002170956635998564,
        0.0023280922538636466
    ]
}