{
    "bins": [
        -1.0,
        -0.75,
        -0.5,
        -0.25,
        0.0,
        0.25,
        0.5,
        0.75,
        1.0
    ],
    "yvals": [
        0.0007596648,
        0.0013672144,
        -0.00018790456,
        -0.0037194356,
        0.0012706372,
        0.001921682,
        -0.0005478416,
        -0.0004048696
    ]
}