{
    "bins": [
        -1.0,
        -0.75,
        -0.5,
        -0.25,
        0.0,
        0.25,
        0.5,
        0.75,
        1.0
    ],
    "yvals": [
        0.4606696,
        0.4075812,
        0.32544924,
        0.23109212,
        0.30091844,
        0.33788164,
        0.37693372,
        0.4562716
    ]
}