{
    "bins": [
        [
            -1.0,
            -0.75,
            -0.5,
            -0.25,
            0.0,
            0.25,
            0.5,
            0.75,
            1.0
        ],
        [
            0.0,
            0.7853982,
            1.570796,
            2.356194,
            3.141593,
            3.926991,
            4.712389,
            5.497787,
            6.283185
        ]
    ],
    "zvals": [
        -0.006823820069870289,
        -0.00532257666115184,
        -0.004941051033998051,
        -0.00534178933255581,
        -0.005251014135508364,
        -0.0068387645499479255,
        -0.004349543034232326,
        -0.007675991026205823,
        -0.005015723743700965,
        -0.006096176994638895,
        -0.0025138923195628213,
        -0.0037389820969978317,
        -0.005360329412603545,
        -0.005663890155055145,
        -0.004289096228918333,
        -0.004307135999837026,
        -0.002195663295383157,
        -0.0022344503638792976,
        -0.003772956895739486,
        -0.0033274088711597546,
        -0.0014620974334031912,
        -0.002630951950476065,
        -0.0029314431663946187,
        -0.001512709225131717,
        -0.0009028480075457265,
        -0.0006070447358013989,
        -0.0009976959452405025,
        -0.0008474367805408462,
        -0.0008638463556056926,
        -0.0008720169901120199,
        -0.0009228136562609024,
        -0.0008807402106957239,
        0.0008499362488989661,
        0.0009021033672363228,
        0.0007170387497803663,
        0.0013198218994421944,
        0.000644717200705884,
        0.0007362814776711937,
        0.0008751883758298342,
        0.0009826207858945402,
        0.002645840033756125,
        0.002606195229984092,
        0.001949335750791319,
        0.0024314092582241637,
        0.002764930391979607,
        0.0035708163249715437,
        0.002568999157115247,
        0.0029511147214533275,
        0.004199291518620745,
        0.0044201132216056625,
        0.003953986131871995,
        0.00528886846048951,
        0.002704149997835491,
        0.004411079732823359,
        0.004226772158829027,
        0.002575228355559857,
        0.007143306414504133,
        0.007300794578237933,
        0.008228577103583153,
        0.006577548481727122,
        0.0056966175111217475,
        0.003262543067336561,
        0.007170682889439496,
        0.00532183173371972
    ]
}