{
    "bins": [
        0.0,
        0.7853982,
        1.570796,
        2.356194,
        3.141593,
        3.926991,
        4.712389,
        5.497787,
        6.283185
    ],
    "yvals": [
        0.0037626009328771064,
        -0.0043552515680588865,
        -0.004264631435272309,
        0.004933032764238305,
        0.00391428804249565,
        -0.003770085994616743,
        -0.0046307782805660325,
        0.004842914038487495
    ]
}