{
    "bins": [
        [
            -1.0,
            -0.75,
            -0.5,
            -0.25,
            0.0,
            0.25,
            0.5,
            0.75,
            1.0
        ],
        [
            0.0,
            0.7853982,
            1.570796,
            2.356194,
            3.141593,
            3.926991,
            4.712389,
            5.497787,
            6.283185
        ]
    ],
    "zvals": [
        -0.07593564640204166,
        -0.16976202377954205,
        -0.1594006096272209,
        -0.13970967622826105,
        -0.27063262193181026,
        -0.06434062729978943,
        -0.12401921064224765,
        -0.09770363560895243,
        -0.01870306298130044,
        -0.00931808568855171,
        -0.010516894619033918,
        -0.017695393042262596,
        -0.02019523349944868,
        -0.011931382560179681,
        -0.018425058378045277,
        -0.019313173703014275,
        0.06180681341006384,
        0.07141527516374505,
        0.048823974596319326,
        0.04945842813652679,
        0.05484414271490376,
        0.05218704402099319,
        0.04357308778479192,
        0.06177785021097585,
        0.10134670540370477,
        0.1027698320519869,
        0.11599892029264147,
        0.10963059540437409,
        0.08199032847040606,
        0.0873052388725207,
        0.0851705759372955,
        0.08479328951690737,
        0.10278037306426219,
        0.06283582663460478,
        0.10076419853373707,
        0.08709173299176598,
        0.13405234034209404,
        0.09249272343448801,
        0.0929669797987772,
        0.08995800855107858,
        0.054238321401806115,
        0.06302645614744527,
        0.05889691595853314,
        0.058712068642817215,
        0.05026070349045959,
        0.034250955566477136,
        0.06567482983149946,
        0.04429393504949084,
        -0.00797198160118014,
        -0.011508267530161148,
        -0.016401528906363403,
        -0.02839514692532076,
        -0.02035751045966503,
        -0.011976862686179495,
        -0.0117240329107026,
        -0.013939668804860722,
        -0.09579415893746636,
        -0.13835893097739768,
        -0.07236901545458482,
        -0.07077920903897256,
        -0.16349453398149724,
        -0.12450299084031283,
        -0.3098538066050589,
        -0.2310114362399701
    ]
}