{
    "bins": [
        [
            -1.0,
            -0.75,
            -0.5,
            -0.25,
            0.0,
            0.25,
            0.5,
            0.75,
            1.0
        ],
        [
            0.0,
            0.7853982,
            1.570796,
            2.356194,
            3.141593,
            3.926991,
            4.712389,
            5.497787,
            6.283185
        ]
    ],
    "zvals": [
        -0.04698810361419213,
        -0.018432218679502285,
        -0.0405264948471985,
        -0.01810266119513776,
        -0.06242328093527101,
        -0.06083916689372778,
        -0.026774588170583584,
        -0.03075490897608602,
        -0.0026154707255504274,
        -0.002284842661896939,
        -0.003962651292720379,
        -0.0037468924712152677,
        -0.007295058047002918,
        -0.0024399114843684355,
        -0.0018406688074072003,
        -0.006350889612654987,
        0.012380216812312531,
        0.02221941034212217,
        0.014087354436858768,
        0.01280433002843141,
        0.02172797995411243,
        0.013419204021400616,
        0.022419395007372063,
        0.01311513398302517,
        0.0267447009682477,
        0.02291773162593529,
        0.040971522718417926,
        0.03005900949708365,
        0.013598863251497962,
        0.023949213010473678,
        0.019305386568338606,
        0.025938757165157034,
        0.01525287936743425,
        0.03086705361283161,
        0.028074168765390293,
        0.02299645912459782,
        0.029323130438325525,
        0.027480283881547964,
        0.01812801153045972,
        0.025727628539924986,
        0.015414040928537905,
        0.015108404938236394,
        0.01599125029602826,
        0.017312092325047525,
        0.02048343387683696,
        0.010166677276998416,
        0.019931662672937802,
        0.021549960656889886,
        -0.006066573618325073,
        -0.002523988226093834,
        -0.005091768504630775,
        -0.0009412708699654571,
        0.00034647865158811186,
        -0.0023111955976460345,
        -0.009456341880167765,
        -0.006695886671471026,
        -0.023070681852848655,
        -0.07289936386376432,
        -0.016267421103695202,
        -0.04317370915929356,
        -0.026906719905067232,
        -0.03791993868077077,
        -0.05679169032770647,
        -0.029988123219055824
    ]
}