{
    "bins": [
        0.0,
        0.7853982,
        1.570796,
        2.356194,
        3.141593,
        3.926991,
        4.712389,
        5.497787,
        6.283185
    ],
    "yvals": [
        -0.00026259838639813534,
        -0.0001531682416222709,
        -0.00022686052167181486,
        -3.4653609184631e-05,
        -0.0008883313937646897,
        -0.00030882304258477876,
        -0.001119832492570646,
        0.0003196622604080989
    ]
}