{
    "bins": [
        0.0,
        0.7853982,
        1.570796,
        2.356194,
        3.141593,
        3.926991,
        4.712389,
        5.497787,
        6.283185
    ],
    "yvals": [
        0.007435577265137608,
        0.0076650902256156055,
        -0.006759010081512814,
        -0.006353896554490138,
        0.006839933384093158,
        0.006936097367194724,
        -0.007937817514177527,
        -0.007631477289221518
    ]
}