{
    "bins": [
        -1.0,
        -0.75,
        -0.5,
        -0.25,
        0.0,
        0.25,
        0.5,
        0.75,
        1.0
    ],
    "yvals": [
        -1.1275848e-05,
        -0.00016430352,
        -1.6500284e-05,
        0.00016334368,
        9.986392e-05,
        -6.727312e-05,
        -8.835296e-05,
        1.3612036e-05
    ]
}