{
    "bins": [
        [
            -1.0,
            -0.75,
            -0.5,
            -0.25,
            0.0,
            0.25,
            0.5,
            0.75,
            1.0
        ],
        [
            0.0,
            0.7853982,
            1.570796,
            2.356194,
            3.141593,
            3.926991,
            4.712389,
            5.497787,
            6.283185
        ]
    ],
    "zvals": [
        0.0026140762736660203,
        0.006577054328392567,
        0.002824450278712195,
        0.003996134958155027,
        -0.003616785884354173,
        -0.004277967603686285,
        -0.009708601244209945,
        -0.0011842250680546681,
        0.003979543625131812,
        0.01094048901079173,
        0.008269977769232925,
        0.003889345924810192,
        -0.001673688499334095,
        -0.007041337003659293,
        -0.01087649828494598,
        -0.003542386917206309,
        0.0020568893587991416,
        0.0025319673673646656,
        0.0067900554877909055,
        0.0034715251738288437,
        -0.0018596161436621936,
        -0.007977748861086991,
        -0.004731846019470384,
        -0.003193884883842333,
        0.0009679706421532415,
        0.0015366933800935016,
        0.002786584126773942,
        0.0005742721852205057,
        -0.0012066799253372172,
        -0.0025287724185699485,
        -0.0012194332045663476,
        -0.000772447599815635,
        -0.0008968856816835078,
        -0.0019326094368993648,
        -0.002622350451618161,
        -0.0006414782804663616,
        0.0012759467174604465,
        0.0021703141591906277,
        0.0014531200741534868,
        0.0017017323700849762,
        -0.0013816181396901599,
        -0.006677900039954276,
        -0.007805739255765868,
        -0.0017466933367625882,
        0.0033231253453662973,
        0.00612382511796567,
        0.007191304281396186,
        0.0021632267971143297,
        -0.0028930404984376075,
        -0.008534151738138304,
        -0.005237105263828022,
        -0.002874603099825694,
        0.002794835739332159,
        0.0033698731089205733,
        0.0062719232796620335,
        0.0021507953929090734,
        -0.003442739746538762,
        -0.006487301084876988,
        -0.006793544164869278,
        -0.004323747802072577,
        0.0034516227441373664,
        0.012332091500105682,
        0.006398228668776851,
        0.0015997275266807405
    ]
}