{
    "bins": [
        0.0,
        0.7853982,
        1.570796,
        2.356194,
        3.141593,
        3.926991,
        4.712389,
        5.497787,
        6.283185
    ],
    "yvals": [
        -0.004507018223367459,
        -0.009878706051888609,
        -0.00999671249481155,
        -0.00451776867553944,
        0.004111539627042593,
        0.011300518972546405,
        0.009180810238885255,
        0.004186495254635231
    ]
}