{
    "bins": [
        0.0,
        0.7853982,
        1.570796,
        2.356194,
        3.141593,
        3.926991,
        4.712389,
        5.497787,
        6.283185
    ],
    "yvals": [
        0.1283620206921788,
        0.13151208215760216,
        0.14828278146875853,
        0.13845090202559462,
        0.13746177097471596,
        0.14886325149796667,
        0.10617997499357017,
        0.16519051487271424
    ]
}