{
    "bins": [
        -1.0,
        -0.75,
        -0.5,
        -0.25,
        0.0,
        0.25,
        0.5,
        0.75,
        1.0
    ],
    "yvals": [
        -0.00022658836,
        0.00039350072,
        0.00013731904,
        -0.0005360936,
        0.00023406372,
        0.0003138276,
        -0.00030748592,
        2.9102884e-05
    ]
}