{
    "bins": [
        -1.0,
        -0.75,
        -0.5,
        -0.25,
        0.0,
        0.25,
        0.5,
        0.75,
        1.0
    ],
    "yvals": [
        -0.8861108,
        -0.09226184,
        0.28666528,
        0.4306348,
        0.4562472,
        0.29169828,
        -0.09171316,
        -0.669238
    ]
}