{
    "bins": [
        0.0,
        0.7853982,
        1.570796,
        2.356194,
        3.141593,
        3.926991,
        4.712389,
        5.497787,
        6.283185
    ],
    "yvals": [
        -0.008671673808266939,
        -0.009135355357501637,
        0.00895108976595306,
        0.009308650762224042,
        -0.009121784114550837,
        -0.00964366346743944,
        0.008710598957471246,
        0.009488000988034095
    ]
}