{
    "bins": [
        0.0,
        0.7853982,
        1.570796,
        2.356194,
        3.141593,
        3.926991,
        4.712389,
        5.497787,
        6.283185
    ],
    "yvals": [
        0.27971339888479496,
        0.3220795882035829,
        0.2717254181956155,
        0.2834020669748752,
        0.2833912233033442,
        0.2672041436316365,
        0.29829780569851216,
        0.2876867524490768
    ]
}