{
    "bins": [
        -1.0,
        -0.75,
        -0.5,
        -0.25,
        0.0,
        0.25,
        0.5,
        0.75,
        1.0
    ],
    "yvals": [
        -0.0001759674,
        0.0004718896,
        0.0007516088,
        -8.767236e-05,
        -0.0015620076,
        0.0006838632,
        -0.00022754992,
        0.0002721444
    ]
}