{
    "bins": [
        [
            -1.0,
            -0.75,
            -0.5,
            -0.25,
            0.0,
            0.25,
            0.5,
            0.75,
            1.0
        ],
        [
            0.0,
            0.7853982,
            1.570796,
            2.356194,
            3.141593,
            3.926991,
            4.712389,
            5.497787,
            6.283185
        ]
    ],
    "zvals": [
        -0.0010100338910886222,
        -0.0020269835235087238,
        -0.0029380258162103805,
        -0.0008231907603651138,
        0.000667327393245208,
        0.001455460288923578,
        0.00280669469491901,
        0.0009510897659530585,
        -0.001171988425743782,
        -0.003053093858933651,
        -0.002733012307136,
        -0.0019789549006301254,
        0.0015655058963735576,
        0.0029646752347217598,
        0.003051388468012397,
        0.0013388630987091897,
        -0.0016184187842549168,
        -0.005238721065936269,
        -0.001870223759164144,
        -0.0015451870959856074,
        0.0013059529054059212,
        0.00505548677231162,
        0.003385120410288797,
        0.0010489693123741086,
        -0.002684555172140705,
        -0.004412578695789573,
        -0.004413965912823818,
        -0.001958566792165511,
        0.001504994919773159,
        0.004823539657600351,
        0.005903401842123358,
        0.003072843577396429,
        -0.0030456657527353635,
        -0.004810514620743781,
        -0.004072167232409556,
        -0.001068114423369523,
        0.0024475392094199366,
        0.0037257609517722234,
        0.005453963468203383,
        0.001949046470706572,
        -0.0017802755341175978,
        -0.006058163137202574,
        -0.0036941036264416267,
        -0.0010058342320272882,
        0.0015536673126236627,
        0.002918196379415278,
        0.005044313838334196,
        0.002284556874349057,
        -0.0004948113199138984,
        -0.0033576340549973526,
        -0.0042198065184785305,
        -0.001719702724347752,
        0.0017942780602955438,
        0.0027504439787216168,
        0.0037551600589764687,
        0.0016770748079317753,
        -0.0011001644770767237,
        -0.002187825328769701,
        -0.0032698407686294092,
        -0.0006108176862970287,
        0.0005188737429939977,
        0.002181665346741398,
        0.0024256023060919437,
        0.000620501198118661
    ]
}