{
    "bins": [
        0.0,
        0.7853982,
        1.570796,
        2.356194,
        3.141593,
        3.926991,
        4.712389,
        5.497787,
        6.283185
    ],
    "yvals": [
        0.25948073219419143,
        0.3044503053102517,
        0.27226323469120123,
        0.27697514257084616,
        0.35539790017290585,
        0.24509879067682888,
        0.3775960723098354,
        0.30874753946406797
    ]
}