{
    "bins": [
        -1.0,
        -0.75,
        -0.5,
        -0.25,
        0.0,
        0.25,
        0.5,
        0.75,
        1.0
    ],
    "yvals": [
        0.6164076,
        0.467124,
        0.35896112,
        0.2933478,
        0.33172292,
        0.430832,
        0.4951952,
        0.47568
    ]
}