{
    "bins": [
        [
            -1.0,
            -0.75,
            -0.5,
            -0.25,
            0.0,
            0.25,
            0.5,
            0.75,
            1.0
        ],
        [
            0.0,
            0.7853982,
            1.570796,
            2.356194,
            3.141593,
            3.926991,
            4.712389,
            5.497787,
            6.283185
        ]
    ],
    "zvals": [
        0.0008762673507527774,
        0.0022448033340556847,
        0.0009501730332901283,
        0.001336050593392658,
        -0.0012397138775499805,
        -0.0014303545463573884,
        -0.0032837195918502477,
        -0.0003917431416937655,
        0.0018175666814617094,
        0.005023016871195717,
        0.0036958581508992902,
        0.0018002874971829606,
        -0.0007367968851461294,
        -0.0033062141742148574,
        -0.005069310591572681,
        -0.0016176659477105879,
        0.0015637677804711037,
        0.0018417255561449242,
        0.005237599280874157,
        0.0026165375815349907,
        -0.0013108564065607497,
        -0.006246193649589127,
        -0.004102567615400091,
        -0.002534084375055705,
        0.0021103109225358552,
        0.0030115572006949856,
        0.006639446497189961,
        0.001200206264586535,
        -0.0024732209656760005,
        -0.005581297635084379,
        -0.0017410158925793041,
        -0.001585242132014597,
        0.0016419961237497107,
        0.0053089122480353265,
        0.006418890804407449,
        0.0017646378464958575,
        -0.0025555888861443486,
        -0.004744001385284914,
        -0.004478034830748233,
        -0.0028401391396463966,
        0.0011106951862125479,
        0.004762684081875451,
        0.006054596523036729,
        0.0015170887663467868,
        -0.0025855405794259715,
        -0.004884483026440099,
        -0.005231849329893889,
        -0.001665257105314758,
        0.0013836904642765924,
        0.00403682719763157,
        0.0024467798491974776,
        0.0012995020365444826,
        -0.001222095803656235,
        -0.0015138546316644558,
        -0.0028542822874517127,
        -0.000906173430540949,
        0.0011458946557300488,
        0.002130966498760246,
        0.0022810875505157903,
        0.001421041279655309,
        -0.0011677982373268071,
        -0.004165255322779025,
        -0.002195456571063334,
        -0.0005354890132136829
    ]
}