{
    "bins": [
        -1.0,
        -0.75,
        -0.5,
        -0.25,
        0.0,
        0.25,
        0.5,
        0.75,
        1.0
    ],
    "yvals": [
        -0.4775296,
        -0.07193,
        0.18739712,
        0.37525104,
        0.34732268,
        0.22921684,
        -0.0789106,
        -0.5300904
    ]
}