{
    "bins": [
        0.0,
        0.7853982,
        1.570796,
        2.356194,
        3.141593,
        3.926991,
        4.712389,
        5.497787,
        6.283185
    ],
    "yvals": [
        0.15285825712358392,
        0.17838425317717976,
        0.14357446797674558,
        0.16598735165183556,
        0.1469619224902533,
        0.15389153015413845,
        0.1417295434925987,
        0.16594643734768874
    ]
}