{
    "bins": [
        -1.0,
        -0.75,
        -0.5,
        -0.25,
        0.0,
        0.25,
        0.5,
        0.75,
        1.0
    ],
    "yvals": [
        -0.0009953676,
        -0.0004391104,
        0.0016383364,
        -0.004271024,
        0.006620844,
        -0.002537602,
        -0.0010827348,
        0.0006518308
    ]
}