{
    "bins": [
        0.0,
        0.7853982,
        1.570796,
        2.356194,
        3.141593,
        3.926991,
        4.712389,
        5.497787,
        6.283185
    ],
    "yvals": [
        0.0002510489583500446,
        -0.0005114382800664835,
        -0.00044691697712497365,
        0.000586188930721837,
        0.0006221900234021474,
        0.0005425700090909324,
        -0.0013054489570892723,
        -0.0002693657228564372
    ]
}