{
    "bins": [
        [
            -1.0,
            -0.75,
            -0.5,
            -0.25,
            0.0,
            0.25,
            0.5,
            0.75,
            1.0
        ],
        [
            0.0,
            0.7853982,
            1.570796,
            2.356194,
            3.141593,
            3.926991,
            4.712389,
            5.497787,
            6.283185
        ]
    ],
    "zvals": [
        0.0017104505714426134,
        -0.0019030101688596532,
        -0.002502612942737313,
        0.0010435409263317118,
        0.0018697129353525213,
        -0.002920819253423106,
        -0.003138663964002965,
        0.0030758866205414332,
        0.004770964843056681,
        -0.006598969337576448,
        -0.0068344508134729155,
        0.004660118996841096,
        0.00588062103544954,
        -0.005731188518432693,
        -0.008808059098699006,
        0.005824690157092329,
        0.006030815960617175,
        -0.008257828071328948,
        -0.006836686622578618,
        0.009396126045487707,
        0.005872660740159763,
        -0.006735677962001433,
        -0.006817873231151596,
        0.010639064525247073,
        0.011051031183926828,
        -0.00945557015820518,
        -0.0092649739367811,
        0.01096370634543716,
        0.010778020825110323,
        -0.009273820406978375,
        -0.011585356723597466,
        0.008025607399051183,
        0.008504144776496813,
        -0.011149753666231303,
        -0.01441549380059537,
        0.009226347372482013,
        0.008738937455914069,
        -0.005908922609937892,
        -0.006982615183639379,
        0.011208808782298914,
        0.008764934780853838,
        -0.008424505390771402,
        -0.007193713251115997,
        0.010070478826685545,
        0.0064010960048281225,
        -0.006471276983134667,
        -0.007796505720666466,
        0.005862286382190942,
        0.004337708948148849,
        -0.003157086001514137,
        -0.0030265450128469902,
        0.005184386534742214,
        0.004421602805201947,
        -0.008105740019709755,
        -0.006236613793261506,
        0.008219588030527199,
        0.002704871490665499,
        -0.0017114440605766911,
        -0.002056537449802521,
        0.001678957065135046,
        0.0023529751794631503,
        -0.002352927814942234,
        -0.0031701888723933607,
        0.0030649077283109974
    ]
}