{
    "bins": [
        -1.0,
        -0.75,
        -0.5,
        -0.25,
        0.0,
        0.25,
        0.5,
        0.75,
        1.0
    ],
    "yvals": [
        -0.039046388,
        -0.024702044,
        -0.01547146,
        -0.005184024,
        0.00489916,
        0.015016144,
        0.025352264,
        0.036091956
    ]
}