{
    "bins": [
        0.0,
        0.7853982,
        1.570796,
        2.356194,
        3.141593,
        3.926991,
        4.712389,
        5.497787,
        6.283185
    ],
    "yvals": [
        -0.00024147356080011384,
        8.396294209125617e-05,
        -6.699129613266141e-05,
        0.0002481393533732536,
        -7.70642400413548e-05,
        -0.00013132513706426554,
        -0.00012239486222272023,
        0.0001783407902744851
    ]
}