{
    "bins": [
        [
            -1.0,
            -0.75,
            -0.5,
            -0.25,
            0.0,
            0.25,
            0.5,
            0.75,
            1.0
        ],
        [
            0.0,
            0.7853982,
            1.570796,
            2.356194,
            3.141593,
            3.926991,
            4.712389,
            5.497787,
            6.283185
        ]
    ],
    "zvals": [
        0.00014441993882848215,
        0.0001324255300944311,
        0.0003143285824511904,
        4.639500177616728e-05,
        -2.9252307747154936e-05,
        -0.00039888285939103493,
        -0.0002669800024955501,
        -3.6734934389952616e-05,
        0.00019646548718853696,
        0.00044985081445351636,
        0.0005147586319292894,
        0.0001505523689233116,
        -7.429318638448275e-05,
        -0.00043143160537714644,
        -0.00035263140471455246,
        -0.0002392993615975595,
        0.00022314153508373204,
        0.000486038743678681,
        0.0003705212898428568,
        0.00030424484879659893,
        -0.0002675682902171892,
        -0.00036012309682479466,
        -0.0001844986618249601,
        -4.6026447737325544e-05,
        0.00029514816815215514,
        0.0005435650570959073,
        0.00042193048619935383,
        0.00017499528265251167,
        -0.00019265941599036404,
        -0.0009061331961629647,
        -0.001211897152781138,
        -0.00024765028686092914,
        0.0002812448004082515,
        0.0002293767056643143,
        0.0003703598939645887,
        0.00023960595824542688,
        -0.0002116371062824198,
        -0.0009396540352789288,
        -0.00030364864692805437,
        -0.0001714075666095407,
        0.00014702605633677286,
        0.0003361969183005096,
        0.0007711677391589999,
        0.0001331005005099319,
        -0.0001686501366186315,
        -0.0001614924407752503,
        -0.00043699214920333397,
        -0.0001940483678338881,
        0.00014211634302192187,
        0.000500349402557532,
        0.0002947227774962504,
        0.00019515145804871155,
        -0.00013435109333102447,
        -0.00023358236206356527,
        -0.0004909055026878094,
        -0.00014709887216417667,
        0.00010291818850616157,
        0.00020617755741103426,
        0.000270961423380248,
        0.00013659655792788125,
        -0.00012490859411406696,
        -0.0002637616596935567,
        -0.0002258938780083474,
        -0.00011736872260942863
    ]
}