{
    "bins": [
        -1.0,
        -0.75,
        -0.5,
        -0.25,
        0.0,
        0.25,
        0.5,
        0.75,
        1.0
    ],
    "yvals": [
        1.4520748,
        1.0892992,
        0.870914,
        0.825698,
        0.7880372,
        0.7767124,
        1.2505244,
        1.3331696
    ]
}