{
    "bins": [
        [
            -1.0,
            -0.75,
            -0.5,
            -0.25,
            0.0,
            0.25,
            0.5,
            0.75,
            1.0
        ],
        [
            0.0,
            0.7853982,
            1.570796,
            2.356194,
            3.141593,
            3.926991,
            4.712389,
            5.497787,
            6.283185
        ]
    ],
    "zvals": [
        -0.00015274906410531625,
        -0.00020214403452619806,
        9.941471712431153e-05,
        7.208448190028253e-05,
        -0.00036620526153618917,
        -0.00023927150311052491,
        0.00028661198526097603,
        0.00034444106045597277,
        -0.000583834289408863,
        -0.0005214707757011796,
        0.0009433831000333591,
        0.0005028794790927924,
        -0.0006694557409109774,
        -0.0006981540569240055,
        0.0006116170400230203,
        0.000713791988265822,
        -0.001234125059110143,
        -0.0007251051632688556,
        0.0005835660391292059,
        0.0010649420230990872,
        -0.0008671481210800126,
        -0.0004657036559807895,
        0.000661339601068503,
        0.0011664170267813264,
        -0.001221765978073288,
        -0.0010810486100164781,
        0.001093006093725729,
        0.00040005622619840363,
        -0.0007620722232549609,
        -0.0008062898046595486,
        0.0006845319188487877,
        0.00072541004688069,
        -0.001004509050313586,
        -0.0008282666439860158,
        0.001231330866643409,
        0.0008127726162116326,
        -0.0011907644277169024,
        -0.0008132238686627673,
        0.0010638692739222664,
        0.001496026727850084,
        -0.000637523742733304,
        -0.00043815457593591426,
        0.0010739910211128628,
        0.0007067546559137458,
        -0.0006648160550447032,
        -0.0007470092870111715,
        0.0010577495741012838,
        0.00031191574208235836,
        -0.0006335542913136291,
        -0.00026736143136637256,
        0.00045463578975245684,
        0.00033717399691112415,
        -0.0007940417469868777,
        -0.000497864420332112,
        0.0005867389527347919,
        0.0004422588802110523,
        -0.0003732587113135731,
        -0.00032191630788881763,
        0.00018414480301706912,
        0.0001659161776370991,
        -0.0001210698779472318,
        -0.00019480798270431047,
        0.00024406942722033932,
        0.0002405935843992473
    ]
}