{
    "bins": [
        [
            -1.0,
            -0.75,
            -0.5,
            -0.25,
            0.0,
            0.25,
            0.5,
            0.75,
            1.0
        ],
        [
            0.0,
            0.7853982,
            1.570796,
            2.356194,
            3.141593,
            3.926991,
            4.712389,
            5.497787,
            6.283185
        ]
    ],
    "zvals": [
        0.1692594151603607,
        0.24322894716537274,
        0.23584934007980674,
        0.12774617742064862,
        0.2644944855983844,
        0.3804612693182311,
        0.30098996941677986,
        0.12680959207942982,
        0.18261615572839357,
        0.18173374053250466,
        0.16843001892034362,
        0.16863199469314322,
        0.21360782685975765,
        0.12876610330049226,
        0.14401737717692178,
        0.19913536831007975,
        0.1299023094272434,
        0.09945324522172076,
        0.15615883921273038,
        0.14492837398570663,
        0.1250100458620979,
        0.13650078049600334,
        0.15560630406494544,
        0.1613222340774996,
        0.14480287833611025,
        0.1300897965336801,
        0.14721575557870026,
        0.12342312633451279,
        0.11450887320823323,
        0.1317465539764553,
        0.13019564602914704,
        0.1293285187891999,
        0.1192785010202468,
        0.13950061994062118,
        0.14856737603100598,
        0.07596897882477568,
        0.14042302119434982,
        0.1424231790760863,
        0.1465701211360355,
        0.09062839477564243,
        0.1348918293930391,
        0.1505784711900135,
        0.10877909034655044,
        0.15103716709596016,
        0.11109684516639967,
        0.07726329835319165,
        0.11771173341414165,
        0.13758267782703804,
        0.1571481574569435,
        0.21691407844534322,
        0.1811557961695854,
        0.19923783962037128,
        0.21631157706029291,
        0.18606759884797267,
        0.2296645522397562,
        0.20571781440747244,
        0.11957959669375356,
        0.13309790274431632,
        0.1781661781669931,
        0.2716807635354769,
        0.3088082730029869,
        0.28193435684837503,
        0.204592168556579,
        0.19958512754043176
    ]
}