{
    "bins": [
        -1.0,
        -0.75,
        -0.5,
        -0.25,
        0.0,
        0.25,
        0.5,
        0.75,
        1.0
    ],
    "yvals": [
        0.0007971408,
        -0.0016293376,
        4.4595e-05,
        0.00034864124,
        1.4632804e-05,
        0.0005217464,
        -0.000927124,
        0.0009825456
    ]
}