{
    "bins": [
        0.0,
        0.7853982,
        1.570796,
        2.356194,
        3.141593,
        3.926991,
        4.712389,
        5.497787,
        6.283185
    ],
    "yvals": [
        -0.0005449347859467974,
        0.00014890632492222414,
        -0.0001246250690732597,
        -0.0004742097965492699,
        0.0006040607437248375,
        0.0001791285437447002,
        7.132040061217371e-05,
        0.00022368748074224796
    ]
}