{
    "bins": [
        0.0,
        0.7853982,
        1.570796,
        2.356194,
        3.141593,
        3.926991,
        4.712389,
        5.497787,
        6.283185
    ],
    "yvals": [
        0.0045599162310277766,
        0.001777602381875783,
        -0.0020287561211003854,
        -0.004685457964677827,
        -0.0043253726136302855,
        -0.001964693060079094,
        0.002090588465975213,
        0.004379211558980288
    ]
}