{
    "bins": [
        0.0,
        0.7853982,
        1.570796,
        2.356194,
        3.141593,
        3.926991,
        4.712389,
        5.497787,
        6.283185
    ],
    "yvals": [
        0.007039783131664931,
        -0.007134175827841636,
        -0.007726601035398615,
        0.007782723176372774,
        0.0067562280525287795,
        -0.007296888965849163,
        -0.0071513474696905275,
        0.007604960796946263
    ]
}