{
    "bins": [
        0.0,
        0.7853982,
        1.570796,
        2.356194,
        3.141593,
        3.926991,
        4.712389,
        5.497787,
        6.283185
    ],
    "yvals": [
        -0.0037128376408298363,
        -0.007125692228829772,
        -0.00815303960539752,
        -0.0028513023316810945,
        0.0031553148849373176,
        0.008030909169618463,
        0.007213526135793574,
        0.0033623156667065626
    ]
}