{
    "bins": [
        -1.0,
        -0.75,
        -0.5,
        -0.25,
        0.0,
        0.25,
        0.5,
        0.75,
        1.0
    ],
    "yvals": [
        1.3176108,
        1.08046,
        0.904648,
        0.7788168,
        0.7678172,
        0.8571808,
        1.083622,
        1.398654
    ]
}