{
    "bins": [
        0.0,
        0.7853982,
        1.570796,
        2.356194,
        3.141593,
        3.926991,
        4.712389,
        5.497787,
        6.283185
    ],
    "yvals": [
        0.008643374787464499,
        0.010468127107053266,
        -0.00969693072811492,
        -0.009480409320612835,
        0.00974943022518519,
        0.009532588572927358,
        -0.009386325149796666,
        -0.009578353904644527
    ]
}