{
    "bins": [
        -1.0,
        -0.75,
        -0.5,
        -0.25,
        0.0,
        0.25,
        0.5,
        0.75,
        1.0
    ],
    "yvals": [
        -0.00039861836,
        -0.0008451172,
        0.0022720832,
        -0.0004871028,
        -0.0010046464,
        0.0001407132,
        0.00026507112,
        -0.001126918
    ]
}