{
    "bins": [
        [
            -1.0,
            -0.75,
            -0.5,
            -0.25,
            0.0,
            0.25,
            0.5,
            0.75,
            1.0
        ],
        [
            0.0,
            0.7853982,
            1.570796,
            2.356194,
            3.141593,
            3.926991,
            4.712389,
            5.497787,
            6.283185
        ]
    ],
    "zvals": [
        -0.0011765369464814153,
        -0.0017508686680813212,
        -0.004652117270479427,
        -0.0009757837735978783,
        0.0014454220662644922,
        0.001910637409313495,
        0.0031054858810437517,
        0.0018328327803228432,
        -0.0012249770880554602,
        -0.007038797409414693,
        -0.005234482389820194,
        -0.0010464775228896397,
        0.0015202885670704527,
        0.004841246348984847,
        0.004044969302188191,
        0.0023166593243170983,
        -0.0020338335381975665,
        -0.002652571728619561,
        -0.004198073333520076,
        -0.0009700149860134786,
        0.0017193473882031781,
        0.004017821792263287,
        0.0029871046272081166,
        0.001962050323530236,
        -0.0003112231731623525,
        -0.0008053590167937827,
        -0.0010241910470869548,
        -0.000533486800976319,
        0.0003207609899694167,
        0.0013010570436899512,
        0.001112987810002063,
        0.00033658318457648235,
        0.000573292375765567,
        0.0013143795411700925,
        0.0010047507123776738,
        0.00026611340223249585,
        -0.0005610627987338901,
        -0.0011446548119552126,
        -0.0006480693864766655,
        -0.00035716469866233435,
        0.0022510588896180305,
        0.0027337081922052748,
        0.003080411714824841,
        0.001315815782805937,
        -0.0009093988016266909,
        -0.002840204838820573,
        -0.0036599273234716677,
        -0.0006216476232432475,
        0.001497790038225196,
        0.0038837735476213455,
        0.002770797990318285,
        0.002136271627542179,
        -0.0013985648040865902,
        -0.005707587745321482,
        -0.0043407897651891155,
        -0.0020263056437627804,
        0.003110932518052626,
        0.0037968102278870654,
        0.003378153751346452,
        0.0006558628162246196,
        -0.00198715810328012,
        -0.0017936271801048645,
        -0.0036516991385259455,
        -0.0017966865207194318
    ]
}