{
    "bins": [
        0.0,
        0.7853982,
        1.570796,
        2.356194,
        3.141593,
        3.926991,
        4.712389,
        5.497787,
        6.283185
    ],
    "yvals": [
        0.002311859130820519,
        -0.0017152238012380476,
        -0.004708448455432788,
        -0.0017375181277287086,
        0.0027464623031889556,
        -0.0010747657875370196,
        0.0029124138334958843,
        0.00031613602275534195
    ]
}