{
    "bins": [
        0.0,
        0.7853982,
        1.570796,
        2.356194,
        3.141593,
        3.926991,
        4.712389,
        5.497787,
        6.283185
    ],
    "yvals": [
        -0.000353372594946105,
        -0.010314295507321259,
        0.00037739197196835246,
        0.004049595173917971,
        -0.003527909416626983,
        0.012199632542990944,
        -0.001475458302669475,
        -0.00197136610992134
    ]
}