{
    "bins": [
        -1.0,
        -0.75,
        -0.5,
        -0.25,
        0.0,
        0.25,
        0.5,
        0.75,
        1.0
    ],
    "yvals": [
        0.000806586,
        0.0009303712,
        -0.0015702036,
        -0.00302632,
        0.0005518076,
        0.0015767572,
        0.0015118724,
        0.00025109408
    ]
}