{
    "bins": [
        -1.0,
        -0.75,
        -0.5,
        -0.25,
        0.0,
        0.25,
        0.5,
        0.75,
        1.0
    ],
    "yvals": [
        0.0476396,
        0.04167696,
        0.025405148,
        0.007134888,
        -0.006779304,
        -0.024675816,
        -0.035602028,
        -0.05725564
    ]
}