{
    "bins": [
        [
            -1.0,
            -0.75,
            -0.5,
            -0.25,
            0.0,
            0.25,
            0.5,
            0.75,
            1.0
        ],
        [
            0.0,
            0.7853982,
            1.570796,
            2.356194,
            3.141593,
            3.926991,
            4.712389,
            5.497787,
            6.283185
        ]
    ],
    "zvals": [
        0.0005130666202188902,
        0.0012751011016328285,
        0.0009560890147415706,
        0.0004591463447241466,
        -0.00038965981578766425,
        -0.0007973435124611982,
        -0.0012126519293402837,
        -0.0006723908133201258,
        0.0007694221860961738,
        0.0011869022296726575,
        0.00202019409267658,
        0.0007281323250984532,
        -0.000646048500250828,
        -0.001798330018665696,
        -0.002405063929370842,
        -0.0005819118459685409,
        0.0007939289904153078,
        0.00214539332806891,
        0.0026129508860475844,
        0.000933763857606134,
        -0.0007727715120232032,
        -0.003030458952021778,
        -0.0020815510098064934,
        -0.0008444574597847209,
        0.0006987416064870023,
        0.0026097822020891832,
        0.0022268490625135286,
        0.0008497775016265618,
        -0.0007674768715988579,
        -0.002184073807165285,
        -0.0018237550897761395,
        -0.000733943300084798,
        0.0008074976489632901,
        0.002643709467991889,
        0.0025704572713452292,
        0.0009970152750385472,
        -0.0012203000262287396,
        -0.0023787037909442097,
        -0.0022605756571827283,
        -0.0011115184912617554,
        0.0006849218651124996,
        0.0019864929593640317,
        0.0017213219284999456,
        0.0008245052514709084,
        -0.0010603867083949791,
        -0.0016097397752477091,
        -0.001912936880409678,
        -0.00083835915039254,
        0.0008235572732405039,
        0.002578167140269555,
        0.0015401037435796886,
        0.0006837553905721805,
        -0.0006703551575124966,
        -0.001536209666945931,
        -0.0018090303260257861,
        -0.0008606856651022796,
        0.0003242714841974428,
        0.0011261406640049158,
        0.0005179870587905751,
        0.00019067612767523258,
        -0.0005446512468837454,
        -0.0010533512945029148,
        -0.001032183937315858,
        -0.0003517877050871024
    ]
}