{
    "bins": [
        -1.0,
        -0.75,
        -0.5,
        -0.25,
        0.0,
        0.25,
        0.5,
        0.75,
        1.0
    ],
    "yvals": [
        9.814584e-05,
        6.024784e-05,
        -0.00010678296,
        5.654532e-05,
        -4.27362e-05,
        -5.690936e-05,
        8.477624e-05,
        -4.650772e-05
    ]
}