{
    "bins": [
        [
            -1.0,
            -0.75,
            -0.5,
            -0.25,
            0.0,
            0.25,
            0.5,
            0.75,
            1.0
        ],
        [
            0.0,
            0.7853982,
            1.570796,
            2.356194,
            3.141593,
            3.926991,
            4.712389,
            5.497787,
            6.283185
        ]
    ],
    "zvals": [
        0.0016759203165986373,
        -0.0022387248856566696,
        -0.0021051044183967877,
        0.0031451086645131964,
        0.0025127927496632276,
        -0.002798943210958012,
        -0.0018305557182473093,
        0.0008520230507335137,
        0.005245960584070602,
        -0.007677744959305972,
        -0.004325431946605416,
        0.0049614746135403795,
        0.0073566268312371536,
        -0.006183652110140338,
        -0.007090565547658641,
        0.006992149203333853,
        0.008491376730937248,
        -0.011299878863933665,
        -0.010742777547179904,
        0.006630036452809337,
        0.008685028482374539,
        -0.006590824015339995,
        -0.008485272435122067,
        0.008399736184711447,
        0.011464431673003579,
        -0.008775339070213845,
        -0.008700200407946036,
        0.008743021063179353,
        0.008594928940486222,
        -0.01065891688035875,
        -0.010514989852278719,
        0.009388875449135345,
        0.012097909060652291,
        -0.00969773533870352,
        -0.013408620852103013,
        0.009912001415840865,
        0.009961639831015608,
        -0.009976302460663259,
        -0.00485086236532306,
        0.012301279096712752,
        0.006164078298116803,
        -0.007761732971495463,
        -0.006580281589716298,
        0.008681233360368424,
        0.007080231933363719,
        -0.010849551437615072,
        -0.008939788489402828,
        0.003872717272007314,
        0.009165816779310164,
        -0.003401791041431489,
        -0.006722273293285699,
        0.00566264026310194,
        0.0073835482137718685,
        -0.007897814865838723,
        -0.00441771636800705,
        0.007163002706907838,
        0.001802677928215267,
        -0.002392837362162206,
        -0.0017411136773966835,
        0.002643334661745177,
        0.003410585206481299,
        -0.0035797952121090207,
        -0.0003973844598534757,
        0.001643142967005264
    ]
}