{
    "bins": [
        0.0,
        0.7853982,
        1.570796,
        2.356194,
        3.141593,
        3.926991,
        4.712389,
        5.497787,
        6.283185
    ],
    "yvals": [
        -0.0003722566463737757,
        0.000752159606253035,
        7.270247696072566e-05,
        -0.00042001886938995345,
        -0.00017347612293385002,
        0.0006195672767183008,
        7.195573454477858e-05,
        -7.652043931866393e-05
    ]
}