{
    "bins": [
        0.0,
        0.7853982,
        1.570796,
        2.356194,
        3.141593,
        3.926991,
        4.712389,
        5.497787,
        6.283185
    ],
    "yvals": [
        -0.0004982256134531502,
        6.845245810467002e-05,
        -9.461834636706487e-05,
        -8.203901456457164e-05,
        0.00016599660299618788,
        5.14016205796297e-05,
        0.00022963733037262643,
        0.00011669126990392134
    ]
}