{
    "bins": [
        [
            -1.0,
            -0.75,
            -0.5,
            -0.25,
            0.0,
            0.25,
            0.5,
            0.75,
            1.0
        ],
        [
            0.0,
            0.7853982,
            1.570796,
            2.356194,
            3.141593,
            3.926991,
            4.712389,
            5.497787,
            6.283185
        ]
    ],
    "zvals": [
        0.07834023556458367,
        0.05168336351336864,
        0.09678547691743553,
        0.09611980662058393,
        0.12130766821407742,
        0.1005755043939506,
        0.103695298434679,
        0.10490395952116,
        0.047447116634593764,
        0.12028605122143199,
        0.04417945041876858,
        0.046426848009737724,
        0.026839447006485873,
        0.12336843231075204,
        0.07634407014023464,
        0.05898130629311509,
        0.05863889171123641,
        0.05685872815024437,
        0.050741789513087644,
        0.06925774033325736,
        0.05458272111719153,
        0.049374844346433286,
        0.052183224301564315,
        0.06998016292376606,
        0.04591886255914515,
        0.08153544611405837,
        0.09350871787297653,
        0.069945034307403,
        0.05752339578150184,
        0.05930419990883604,
        0.04684518167858845,
        0.07186374296853316,
        0.0439943152403456,
        0.051425099484617855,
        0.032248969312374115,
        0.06597207279357371,
        0.07416703378414509,
        0.04922010496588992,
        0.059168472545129996,
        0.03724977654641342,
        0.05218153033709524,
        0.06927256480728619,
        0.05356092070517115,
        0.05069356594546212,
        0.036891772069702226,
        0.04300206519497122,
        0.04328762232651472,
        0.06351572069192946,
        0.055874535999700534,
        0.07858830264103107,
        0.0671724144955806,
        0.0529418041021188,
        0.06931741613805992,
        0.10245989931219587,
        0.0647147051558573,
        0.1202443601842633,
        0.09695525148898991,
        0.11881163914643,
        0.0888576747076005,
        0.08773935286395831,
        0.10810386581070995,
        0.09585402560230612,
        0.07290998958489837,
        0.08644004695708421
    ]
}