{
    "bins": [
        [
            -1.0,
            -0.75,
            -0.5,
            -0.25,
            0.0,
            0.25,
            0.5,
            0.75,
            1.0
        ],
        [
            0.0,
            0.7853982,
            1.570796,
            2.356194,
            3.141593,
            3.926991,
            4.712389,
            5.497787,
            6.283185
        ]
    ],
    "zvals": [
        0.00029383851401747544,
        0.0005088642214174778,
        0.0005772945691229161,
        0.0003924275941273162,
        0.000390646882217678,
        0.0006227171446833327,
        0.00026896666403530443,
        0.0006566291230688136,
        0.0002560237596673891,
        0.0004129276654454596,
        0.00018905029042600062,
        0.00015308891404241666,
        0.0003841515257232637,
        0.00020918876798769546,
        0.00037175006811832994,
        0.0003015569685688021,
        0.00012229663882601206,
        0.00022559482595953283,
        0.00011213896648578176,
        0.00035235145448364466,
        4.304791710699542e-05,
        0.0001237629329333663,
        0.0001694270166208725,
        0.00013562336547839443,
        2.9198411710136334e-05,
        4.304938465577571e-05,
        5.0058604681957433e-05,
        0.00010747724405047625,
        8.716564085979334e-05,
        4.3754346204090164e-05,
        9.53931127912218e-05,
        5.068604707422225e-05,
        -5.6608431239083564e-05,
        -7.419496209436797e-05,
        -3.609022177291005e-05,
        -4.255099891902078e-05,
        -6.698153038332155e-05,
        -8.218793528885994e-05,
        -6.277688509520016e-05,
        -3.764657409364425e-05,
        -0.00028270138637954604,
        -0.0002446780981561191,
        -0.0001954434312284982,
        -0.00016981203184623358,
        -0.00014347115729859252,
        -0.00030489474126493837,
        -0.00014299496560979277,
        -0.00017567908245246362,
        -0.00022904198150696043,
        -0.00023935992690583038,
        -0.0004581698450976449,
        -0.00024494872033195867,
        -0.0004042456436099913,
        -0.00031191726997012984,
        -0.00031457391029770897,
        -0.00042113817453062025,
        -0.0003177914591604615,
        -0.0005330654096561004,
        -0.00013538537149317928,
        -0.0002722294782651875,
        -0.0004702982691578026,
        -0.00016100957730984806,
        -0.0005107810307640203,
        -0.0002610043315618324
    ]
}