{
    "bins": [
        [
            -1.0,
            -0.75,
            -0.5,
            -0.25,
            0.0,
            0.25,
            0.5,
            0.75,
            1.0
        ],
        [
            0.0,
            0.7853982,
            1.570796,
            2.356194,
            3.141593,
            3.926991,
            4.712389,
            5.497787,
            6.283185
        ]
    ],
    "zvals": [
        0.008298134627759524,
        0.00741224383363437,
        0.004501044820587779,
        0.006503542785259467,
        0.004407765744246865,
        0.010004879054950486,
        0.008015080252305204,
        0.010745548117005647,
        0.005253431953370914,
        0.003907545450216438,
        0.0032429957804832716,
        0.004873034979672753,
        0.005903437492838024,
        0.005850032722263109,
        0.0033668382145103514,
        0.003149163099473134,
        0.0040995026471922135,
        0.0028991800078889958,
        0.003970425694997951,
        0.0028633313767906505,
        0.002532005938390471,
        0.002601592059057956,
        0.0030670910799365423,
        0.002818074403041516,
        0.001121164270557279,
        0.0011889872877158556,
        0.0010678504401590023,
        0.0010865142430789955,
        0.0011814275055449588,
        0.0010717862790585158,
        0.001114808033633903,
        0.0010355753388727755,
        -0.0009468190785260266,
        -0.0010124219853938983,
        -0.0009204270955617408,
        -0.000939958416040764,
        -0.001199648585812543,
        -0.000797711224118218,
        -0.0010999900687294851,
        -0.000890373543095348,
        -0.001963255327043021,
        -0.0027748481088182317,
        -0.0027004458885813314,
        -0.0016386641694221664,
        -0.003347840457958894,
        -0.0035072791119916276,
        -0.0044743913277090095,
        -0.0028956085958966034,
        -0.006541542875957698,
        -0.003705794948750811,
        -0.004726152600337664,
        -0.004512286366547449,
        -0.005176203657254028,
        -0.0052197179009877805,
        -0.0031423196901443607,
        -0.004331608178273946,
        -0.002710552175953548,
        -0.012689605191152814,
        -0.017075923289847954,
        -0.015203696465108817,
        -0.007952294250812961,
        -0.0020291933516510107,
        -0.004909143135072919,
        -0.006485415037980745
    ]
}