{
    "bins": [
        0.0,
        0.7853982,
        1.570796,
        2.356194,
        3.141593,
        3.926991,
        4.712389,
        5.497787,
        6.283185
    ],
    "yvals": [
        0.00037910718410100755,
        -0.0005188612700468476,
        0.0005617087132893133,
        -0.00014167219464246834,
        -0.00022475674753437102,
        0.000124268740180138,
        -0.00014696128587034858,
        0.00025505030570487834
    ]
}