{
    "bins": [
        0.0,
        0.7853982,
        1.570796,
        2.356194,
        3.141593,
        3.926991,
        4.712389,
        5.497787,
        6.283185
    ],
    "yvals": [
        -0.004106530929151607,
        -0.0015828921344062843,
        0.0015386288225842188,
        0.004364874414151279,
        0.003709717875522982,
        0.00166940837639006,
        -0.001657003200924882,
        -0.003835685856088252
    ]
}