{
    "bins": [
        -1.0,
        -0.75,
        -0.5,
        -0.25,
        0.0,
        0.25,
        0.5,
        0.75,
        1.0
    ],
    "yvals": [
        -0.0019162824,
        0.00016613428,
        -0.00019728352,
        5.006752e-05,
        0.00017804328,
        0.00012791968,
        0.0013556176,
        -0.000961752
    ]
}