{
    "bins": [
        [
            -1.0,
            -0.75,
            -0.5,
            -0.25,
            0.0,
            0.25,
            0.5,
            0.75,
            1.0
        ],
        [
            0.0,
            0.7853982,
            1.570796,
            2.356194,
            3.141593,
            3.926991,
            4.712389,
            5.497787,
            6.283185
        ]
    ],
    "zvals": [
        -0.004127840374475012,
        -0.006155795190666436,
        -0.007656892429061446,
        -0.007521445787427792,
        -0.009118933330617085,
        -0.004276363321526157,
        -0.008907122248847084,
        -0.007276840531806806,
        -0.0060378951721559845,
        -0.001648859724333325,
        -0.005221225416922377,
        -0.003785752719318461,
        -0.005134161278740204,
        -0.004279850980012683,
        -0.004437025304367977,
        -0.0028493319310718902,
        -0.0025915093770268382,
        -0.002967772509675988,
        -0.0029035429170942637,
        -0.0025075677458209138,
        -0.002663834641799444,
        -0.0036067614126850346,
        -0.002709921848540486,
        -0.003377961237487236,
        -0.0008202468505784708,
        -0.0007750014069303479,
        -0.0007546431236137603,
        -0.0006900533359477159,
        -0.0008482328704682209,
        -0.0007259371681618748,
        -0.0007609329282733087,
        -0.0011594737954514784,
        0.0007758082460591327,
        0.0009871227039342356,
        0.000957549166155249,
        0.001022219788922573,
        0.0010909994677857592,
        0.0008214561279758799,
        0.0008287304016562305,
        0.0006235809105701825,
        0.0021484571775183593,
        0.0031653126606669894,
        0.0019414360617164804,
        0.002510024076934145,
        0.0021263771998400803,
        0.002785483028986578,
        0.0028226494083254615,
        0.002800691114568665,
        0.006173760011163763,
        0.0035243984640649616,
        0.005346435819800917,
        0.005594272465332907,
        0.004084397974020814,
        0.006133236906638419,
        0.0049050524702125555,
        0.005298312447956324,
        0.006644848434844898,
        0.005133347712458578,
        0.008248500760124169,
        0.003889457969770779,
        0.003959373973450402,
        0.003637166888634808,
        0.0032348613059875386,
        0.007530933361174845
    ]
}