{
    "bins": [
        0.0,
        0.7853982,
        1.570796,
        2.356194,
        3.141593,
        3.926991,
        4.712389,
        5.497787,
        6.283185
    ],
    "yvals": [
        0.0002840743714462294,
        -0.0002096859705998667,
        1.7465832609708713e-06,
        0.00011831489472230038,
        5.5625377197293585e-05,
        -6.500564045235665e-05,
        2.8387760091062117e-05,
        -0.0002970972678820166
    ]
}