{
    "bins": [
        [
            -1.0,
            -0.75,
            -0.5,
            -0.25,
            0.0,
            0.25,
            0.5,
            0.75,
            1.0
        ],
        [
            0.0,
            0.7853982,
            1.570796,
            2.356194,
            3.141593,
            3.926991,
            4.712389,
            5.497787,
            6.283185
        ]
    ],
    "zvals": [
        0.0023358953458258495,
        -0.0028633556141868487,
        -0.003174912082791146,
        0.00247457254210917,
        0.0029612690635830484,
        -0.003891762393079688,
        -0.0021815451529033692,
        0.004118757623523361,
        0.009633737383151628,
        -0.007056291728853837,
        -0.009258842013857944,
        0.009672785424987809,
        0.00607085324892602,
        -0.010572866241065043,
        -0.003542366545369355,
        0.009855354864667343,
        0.006767828090260456,
        -0.014903066955369621,
        -0.013602138024288326,
        0.01376806947806147,
        0.008021945561358696,
        -0.010625369557854748,
        -0.01225644577653623,
        0.010815087382448137,
        0.009990799571478519,
        -0.007921325982833159,
        -0.012337953496189194,
        0.011090424102908203,
        0.00889013213682744,
        -0.012216206305592836,
        -0.0076859885051910005,
        0.013795456571063337,
        0.015262377733995316,
        -0.00642693422365074,
        -0.016378223524888023,
        0.010636545246428885,
        0.010172310089916193,
        -0.010946872795703583,
        -0.013504337928031395,
        0.01097864267543335,
        0.010865015988068218,
        -0.015383292390174762,
        -0.011159722841158242,
        0.009616126325600109,
        0.01221079758288154,
        -0.012728002872429013,
        -0.010935887282626136,
        0.014513151293993621,
        0.0049621305472816206,
        -0.007152808423960444,
        -0.01233067056447814,
        0.008841289586566829,
        0.008276486571139725,
        -0.00996315243990945,
        -0.0038098197347077546,
        0.010145989676571626,
        0.0019160537928403706,
        -0.002563391952460269,
        -0.0022810350930356333,
        0.002361127528810197,
        0.0024873086002256176,
        -0.0021903931509884168,
        -0.00039828397831417965,
        0.003983448391770798
    ]
}