{
    "bins": [
        -1.0,
        -0.75,
        -0.5,
        -0.25,
        0.0,
        0.25,
        0.5,
        0.75,
        1.0
    ],
    "yvals": [
        0.0007325492,
        0.00030799068,
        -0.005899216,
        0.0023600892,
        0.00425158,
        -0.0001463448,
        -0.0008484248,
        -0.0014018704
    ]
}