{
    "bins": [
        [
            -1.0,
            -0.75,
            -0.5,
            -0.25,
            0.0,
            0.25,
            0.5,
            0.75,
            1.0
        ],
        [
            0.0,
            0.7853982,
            1.570796,
            2.356194,
            3.141593,
            3.926991,
            4.712389,
            5.497787,
            6.283185
        ]
    ],
    "zvals": [
        -0.00015572661103628704,
        -0.00011258569861030933,
        0.00021742199496306336,
        0.0003846797360322588,
        -0.00026007420441610487,
        -0.00020417164291225602,
        0.00020199735675415525,
        0.00043793755522677683,
        -0.000518465155636975,
        -0.0005964875379075419,
        0.0006562013144927796,
        0.0008186728019770843,
        -0.0006486397979113773,
        -0.0006457205136758689,
        0.0006402353965760037,
        0.0006266677531646377,
        -0.0010742021053778835,
        -0.0006342136430736118,
        0.0008749612298477972,
        0.0008180229412056802,
        -0.0006755459015683765,
        -0.0005823753052592445,
        0.0012669688489148178,
        0.0007007361872579254,
        -0.0012689282964997882,
        -0.0008799179218480113,
        0.0009783508488689812,
        0.001131819113597038,
        -0.0011491605529935138,
        -0.00162293104897135,
        0.0010852994278060298,
        0.0009398531699851543,
        -0.0011591699599005955,
        -0.0011750702637567867,
        0.001302174948242802,
        0.0011432380229666704,
        -0.0010411725010758873,
        -0.0009877224031637464,
        0.0013435277400757324,
        0.0003876515091711464,
        -0.0006361588300049579,
        -0.000815951356115334,
        0.0011731845510174462,
        0.0005069035229227438,
        -0.0007234869454722316,
        -0.0005126002358040129,
        0.0008626968747055636,
        0.0007128075192450199,
        -0.0004357392721297298,
        -0.0008585351270400808,
        0.0005218424289341202,
        0.0005471955019041277,
        -0.0007375924053791833,
        -0.0005097339183445847,
        0.0005408086091382969,
        0.0004462753406553112,
        -0.00024357198679599723,
        -0.0001499309012579358,
        0.00018820781310876784,
        0.00018937666078006212,
        -0.0003722285007091945,
        -0.0004649952762803064,
        0.00020537536382827566,
        0.0002628132997537555
    ]
}