{
    "bins": [
        0.0,
        0.7853982,
        1.570796,
        2.356194,
        3.141593,
        3.926991,
        4.712389,
        5.497787,
        6.283185
    ],
    "yvals": [
        0.00018453365439340195,
        -2.776656619104357e-05,
        -0.00011709735700880321,
        0.00011453365741489358,
        -2.1035589599158637e-05,
        4.5345480889943704e-05,
        -0.00011391579810490989,
        -4.7907188457317196e-05
    ]
}