{
    "bins": [
        -1.0,
        -0.75,
        -0.5,
        -0.25,
        0.0,
        0.25,
        0.5,
        0.75,
        1.0
    ],
    "yvals": [
        -0.2438096,
        -0.029252456,
        0.12182952,
        0.18332204,
        0.16995848,
        0.10622492,
        -0.027192348,
        -0.2868094
    ]
}