{
    "bins": [
        -1.0,
        -0.75,
        -0.5,
        -0.25,
        0.0,
        0.25,
        0.5,
        0.75,
        1.0
    ],
    "yvals": [
        -0.733822,
        -0.09394328,
        0.29656836,
        0.5100352,
        0.53669,
        0.30561928,
        -0.11851964,
        -0.7687284
    ]
}