{
    "bins": [
        -1.0,
        -0.75,
        -0.5,
        -0.25,
        0.0,
        0.25,
        0.5,
        0.75,
        1.0
    ],
    "yvals": [
        0.000722796,
        -0.00033645588,
        -0.0009386832,
        0.00017943404,
        -0.00020716996,
        -0.0005793448,
        0.0005135212,
        0.0010707144
    ]
}