{
    "bins": [
        -1.0,
        -0.75,
        -0.5,
        -0.25,
        0.0,
        0.25,
        0.5,
        0.75,
        1.0
    ],
    "yvals": [
        -3.9009176e-05,
        0.00010996972,
        0.000101056,
        0.00018153208,
        -0.00031811484,
        -0.00019034428,
        -9.543032e-05,
        0.0003156522
    ]
}