{
    "bins": [
        [
            -1.0,
            -0.75,
            -0.5,
            -0.25,
            0.0,
            0.25,
            0.5,
            0.75,
            1.0
        ],
        [
            0.0,
            0.7853982,
            1.570796,
            2.356194,
            3.141593,
            3.926991,
            4.712389,
            5.497787,
            6.283185
        ]
    ],
    "zvals": [
        -0.007754675271728404,
        -0.0028710057502070925,
        0.0035807139819556463,
        0.0038889878902315894,
        0.007246150359435596,
        0.005597875217405699,
        -0.0041468432565399975,
        -0.012433879383446356,
        -0.00819167652790648,
        -0.006055540262526836,
        0.004020228724799402,
        0.009108404772606027,
        0.01084189162692036,
        0.004286822731914266,
        -0.005186491434915802,
        -0.008308261543828736,
        -0.005432821210947516,
        -0.0024843797627138757,
        0.0025797509033636456,
        0.008695753368669937,
        0.005114879335063239,
        0.003666186061079861,
        -0.002659343670342935,
        -0.010039521363690768,
        -0.0031745827785192274,
        -0.0009755520068938314,
        0.0013962826490518186,
        0.0027029563317498497,
        0.0036412193563008805,
        0.0011841277925332128,
        -0.0009330912480041969,
        -0.0022614674343453896,
        0.0024805608161566958,
        0.0014886963014156646,
        -0.0016113725779795724,
        -0.002523905428960312,
        -0.0025919403920050717,
        -0.0007762214826113642,
        0.000792113043323258,
        0.002886499838298545,
        0.007939529273176333,
        0.0034248382157423913,
        -0.0033358495947277693,
        -0.009144162393891512,
        -0.006335692222287297,
        -0.002659935472206449,
        0.0029727898466764624,
        0.00578613136269764,
        0.008311844870538283,
        0.0040575244799514335,
        -0.0024782405863014684,
        -0.009655724033262075,
        -0.009456652550681307,
        -0.007382998174174114,
        0.004620722232549613,
        0.013800422206320875,
        0.010466329054484719,
        0.0022826017592613578,
        -0.0032024466576181768,
        -0.006700349758530379,
        -0.007400339700381205,
        -0.004352711873470521,
        0.0037272073521959575,
        0.00953418266916901
    ]
}