{
    "bins": [
        0.0,
        0.7853982,
        1.570796,
        2.356194,
        3.141593,
        3.926991,
        4.712389,
        5.497787,
        6.283185
    ],
    "yvals": [
        0.30480003646557885,
        0.31672815992099795,
        0.31902118416395264,
        0.33100093073711584,
        0.3522659848891898,
        0.2953925271009094,
        0.3204022673854531,
        0.31541307719143674
    ]
}