{
    "bins": [
        0.0,
        0.7853982,
        1.570796,
        2.356194,
        3.141593,
        3.926991,
        4.712389,
        5.497787,
        6.283185
    ],
    "yvals": [
        -0.0027008694443149983,
        -0.002729741539892269,
        0.002458092584905997,
        0.0029649884962929672,
        -0.0027137247612038723,
        -0.0028355305208314775,
        0.0028958833610475206,
        0.0026077530118487706
    ]
}