{
    "bins": [
        [
            -1.0,
            -0.75,
            -0.5,
            -0.25,
            0.0,
            0.25,
            0.5,
            0.75,
            1.0
        ],
        [
            0.0,
            0.7853982,
            1.570796,
            2.356194,
            3.141593,
            3.926991,
            4.712389,
            5.497787,
            6.283185
        ]
    ],
    "zvals": [
        -0.07278830025329826,
        -0.06767332426956123,
        -0.08321431936419499,
        -0.13377063123329672,
        -0.07664384172101275,
        -0.13690760607997476,
        -0.13307016315294923,
        -0.10346779594549517,
        -0.022193231407966047,
        -0.009540169325658921,
        -0.008042047471473064,
        -0.0164070542488595,
        -0.0076649393046582725,
        -0.011579443797921566,
        -0.012755897010178282,
        -0.013575450917878581,
        0.043707780333593835,
        0.03386107778758738,
        0.04477542850885794,
        0.03420734683899521,
        0.026021482102067985,
        0.03798023422519539,
        0.03888543133545032,
        0.04224905589268117,
        0.0677062921712833,
        0.08050060746286786,
        0.0592632525165585,
        0.06101994018326991,
        0.08031907389629205,
        0.07948398136995512,
        0.07726874781957685,
        0.03318876289473618,
        0.06897240151556241,
        0.07006767780607483,
        0.0761635247352298,
        0.06877100683856231,
        0.06333940244309252,
        0.06754043173015467,
        0.06753330158722076,
        0.07239804532224428,
        0.04756675530959964,
        0.045996930472685306,
        0.035495190973239055,
        0.046107025855647896,
        0.040414714577831856,
        0.041184128301829145,
        0.0368536156190874,
        0.046247864140219364,
        -0.015837214803904567,
        -0.00715233477863065,
        -0.016934945085167016,
        -0.015402331808418398,
        -0.017117125330087413,
        -0.01288556884534975,
        -0.009897458358692029,
        -0.016427197420925445,
        -0.09860053155202035,
        -0.12760927010490733,
        -0.047175572130308464,
        -0.07824501941051619,
        -0.08962126208622886,
        -0.08738081838762006,
        -0.07859475068691289,
        -0.07886758051331938
    ]
}