{
    "bins": [
        -1.0,
        -0.75,
        -0.5,
        -0.25,
        0.0,
        0.25,
        0.5,
        0.75,
        1.0
    ],
    "yvals": [
        0.0045474,
        0.0028998656,
        0.0018996632,
        0.0006233068,
        -0.0006150276,
        -0.0018580396,
        -0.0028701996,
        -0.004935728
    ]
}