{
    "bins": [
        0.0,
        0.7853982,
        1.570796,
        2.356194,
        3.141593,
        3.926991,
        4.712389,
        5.497787,
        6.283185
    ],
    "yvals": [
        -0.0001870113784319852,
        -0.0002896711704565508,
        0.0002365203374594792,
        2.226437772393395e-05,
        -0.00027802515412567885,
        0.00046191777926605376,
        -0.00038621297736943574,
        0.0002710177515094259
    ]
}