{
    "bins": [
        0.0,
        0.7853982,
        1.570796,
        2.356194,
        3.141593,
        3.926991,
        4.712389,
        5.497787,
        6.283185
    ],
    "yvals": [
        -0.00015899539876714766,
        -0.0001111576706733836,
        -0.00016972846887819938,
        0.0001816866331635258,
        -0.00015750765853745483,
        -0.00018751028141146276,
        -8.055144016154868e-05,
        0.0004731426614277094
    ]
}