{
    "bins": [
        -1.0,
        -0.75,
        -0.5,
        -0.25,
        0.0,
        0.25,
        0.5,
        0.75,
        1.0
    ],
    "yvals": [
        -0.7652144,
        -0.13957944,
        0.3278922,
        0.5991504,
        0.610752,
        0.34439316,
        -0.15098364,
        -0.7476984
    ]
}