{
    "bins": [
        [
            -1.0,
            -0.75,
            -0.5,
            -0.25,
            0.0,
            0.25,
            0.5,
            0.75,
            1.0
        ],
        [
            0.0,
            0.7853982,
            1.570796,
            2.356194,
            3.141593,
            3.926991,
            4.712389,
            5.497787,
            6.283185
        ]
    ],
    "zvals": [
        -0.10853337835508153,
        -0.10427556583428169,
        -0.1161737615832992,
        -0.09452769866017145,
        -0.074065429247337,
        -0.07508646571547166,
        -0.13306868619477008,
        -0.13344989419377187,
        -0.02211793202479965,
        -0.009576599272368728,
        -0.017767486038925494,
        -0.019547969885370366,
        -0.009566487309618815,
        -0.01986063117043843,
        -0.031421607898161195,
        -0.012366122653737342,
        0.03792929497419271,
        0.04604677018448485,
        0.056998973768713455,
        0.05226169119135624,
        0.04067248961672934,
        0.06506026244018957,
        0.048414424279155294,
        0.053609864043453144,
        0.06482337239886722,
        0.08997331034031418,
        0.07849885026445193,
        0.07205779482785184,
        0.059459738883979825,
        0.0760575402534766,
        0.06460128495361589,
        0.07211197380181769,
        0.07171083407117561,
        0.09539823004342513,
        0.09037176055961438,
        0.07721288160540057,
        0.09390179246700396,
        0.08527676413741825,
        0.07791305809283958,
        0.09784781728499438,
        0.04418511272371135,
        0.043885608032006196,
        0.037694244192116616,
        0.054540991266859275,
        0.05566828537887795,
        0.039842479863712414,
        0.04722215742846304,
        0.047749100456074514,
        -0.010622810187240051,
        -0.030288228462060883,
        -0.018383214624941753,
        -0.02135492405770825,
        -0.014298788639645118,
        -0.005404169605728562,
        -0.02082929164576432,
        -0.01997593067463885,
        -0.11285785987286448,
        -0.1794899858390232,
        -0.06790503668203893,
        -0.07469879640794043,
        -0.16342073700213133,
        -0.09471819383293567,
        -0.10200438503790436,
        -0.06711679938069617
    ]
}