{
    "bins": [
        [
            -1.0,
            -0.75,
            -0.5,
            -0.25,
            0.0,
            0.25,
            0.5,
            0.75,
            1.0
        ],
        [
            0.0,
            0.7853982,
            1.570796,
            2.356194,
            3.141593,
            3.926991,
            4.712389,
            5.497787,
            6.283185
        ]
    ],
    "zvals": [
        0.0022487797909391694,
        0.004816037427148382,
        0.0030634185470296595,
        0.001760594551304496,
        -0.0017292282384217933,
        -0.005206822528195897,
        -0.006984300953147323,
        -0.0010259369135139128,
        0.0018500938759472584,
        0.004973233691258111,
        0.0080095900422461,
        0.0020125969093416213,
        -0.003357665285625885,
        -0.005627597727521589,
        -0.010627029862566497,
        -0.0037288702033873283,
        0.0035815691963643407,
        0.009605792122157715,
        0.01000055003959776,
        0.00360563382433642,
        -0.0029073361531350974,
        -0.007845937983035355,
        -0.008359853220914749,
        -0.0023909141607185154,
        0.0044541502641589955,
        0.012093234791337585,
        0.012288083239325797,
        0.0049342619483854705,
        -0.0042494668944917085,
        -0.009672583836475268,
        -0.009327433988882071,
        -0.006187701012734946,
        0.0028711137866116827,
        0.010177843635416345,
        0.007467179697427293,
        0.0036883163844109814,
        -0.003674759548661951,
        -0.009662245129221111,
        -0.009749512985772821,
        -0.003118739288870102,
        0.004254182910019401,
        0.006342080408170229,
        0.009367775319010237,
        0.0043354712700168965,
        -0.002165806380968629,
        -0.008589372521957022,
        -0.007644664233929805,
        -0.0033661053376759305,
        0.003039116718118274,
        0.0070109592871281275,
        0.008549856251225495,
        0.00200484747243121,
        -0.004325286287971192,
        -0.011533591885897344,
        -0.002856272615922119,
        -0.004054980022867388,
        0.0012847847117551324,
        0.006084009911919794,
        0.0026696222806780775,
        0.00195493042389919,
        -0.0014275182773574667,
        -0.006311403899678891,
        -0.00388140891624374,
        -0.0023836653518343573
    ]
}