{
    "bins": [
        0.0,
        0.7853982,
        1.570796,
        2.356194,
        3.141593,
        3.926991,
        4.712389,
        5.497787,
        6.283185
    ],
    "yvals": [
        0.002925268990939882,
        -0.002654485408540742,
        -0.002677782474617965,
        0.0023880333435616803,
        0.003151504078187109,
        -0.0026197774886108707,
        -0.0031539881690556895,
        0.0026645153158016705
    ]
}