{
    "bins": [
        [
            -1.0,
            -0.75,
            -0.5,
            -0.25,
            0.0,
            0.25,
            0.5,
            0.75,
            1.0
        ],
        [
            0.0,
            0.7853982,
            1.570796,
            2.356194,
            3.141593,
            3.926991,
            4.712389,
            5.497787,
            6.283185
        ]
    ],
    "zvals": [
        0.22090170311060045,
        0.17167341186848242,
        0.16024761967817594,
        0.17463353021839856,
        0.1706053745998843,
        0.22160499517442117,
        0.14077728743898002,
        0.24878459074252804,
        0.17450842133328037,
        0.21811066952313846,
        0.08999126557490598,
        0.13285537669388425,
        0.19233876327670804,
        0.20475183282870602,
        0.154908721438048,
        0.1550952256053619,
        0.10592466343824061,
        0.11174714265815361,
        0.17510072600133947,
        0.15748290996041503,
        0.07923987583365374,
        0.13502535020460968,
        0.13921558241808615,
        0.07364938540714391,
        0.1245621902367487,
        0.08938385108794548,
        0.12736278931191578,
        0.10666827943503876,
        0.11126720465292753,
        0.10742033975131082,
        0.12205648601091425,
        0.12632367283848447,
        0.11376486475268213,
        0.10803941645876777,
        0.08890605782036624,
        0.14464265933621,
        0.08832021471916146,
        0.10942268760551976,
        0.1040278686729531,
        0.1470186580561703,
        0.13737785495306712,
        0.13302191577312797,
        0.09736220362160333,
        0.11794779468779563,
        0.13649059457752624,
        0.16794063646711607,
        0.12539308732642562,
        0.141184978826022,
        0.14862702766571148,
        0.1615893500083652,
        0.14012523586767475,
        0.1892093063525673,
        0.09781848183978056,
        0.1584238309748688,
        0.15243517299509296,
        0.09354528532030897,
        0.23060567238376659,
        0.23717713494995785,
        0.2669605983208514,
        0.21360974485579942,
        0.18500622614266898,
        0.10635835589089866,
        0.2328363453943097,
        0.17213978135925992
    ]
}