{
    "bins": [
        0.0,
        0.7853982,
        1.570796,
        2.356194,
        3.141593,
        3.926991,
        4.712389,
        5.497787,
        6.283185
    ],
    "yvals": [
        0.029215676837558324,
        0.010354267608083443,
        0.006181170565751378,
        -0.00019792411245748976,
        -0.02921318872724401,
        -0.04108155355628612,
        -0.00962114240168679,
        0.010285548218864831
    ]
}