{
    "bins": [
        [
            -1.0,
            -0.75,
            -0.5,
            -0.25,
            0.0,
            0.25,
            0.5,
            0.75,
            1.0
        ],
        [
            0.0,
            0.7853982,
            1.570796,
            2.356194,
            3.141593,
            3.926991,
            4.712389,
            5.497787,
            6.283185
        ]
    ],
    "zvals": [
        -0.0033300188363049464,
        -0.0017059202355799823,
        0.0029350235167392843,
        0.0065961530381373045,
        0.0037343374951298567,
        0.0012854552723587278,
        -0.003424442639273337,
        -0.0053060180952841755,
        -0.0061904037977168775,
        -0.002616920495575618,
        0.0023580839268752918,
        0.004816966662804512,
        0.005018382527075443,
        0.0020645593698990833,
        -0.0015340502522288065,
        -0.001190391113804721,
        -0.002694488477309981,
        -0.001743998773615103,
        0.0010083173117323957,
        0.004024616277840945,
        0.0030562303443604382,
        0.003104270700969446,
        0.0,
        -0.005343186511806754,
        -0.0015923474232561266,
        -0.0005742954716705343,
        0.00043392109478251797,
        0.00182679224190507,
        0.0008010353986131869,
        0.0007813118953702455,
        -0.0005655446028637711,
        -0.00203698863506146,
        0.0012337548010677895,
        0.0008846070106129658,
        -0.0002787280843597769,
        -0.0008844136547156286,
        -0.0010039607943997818,
        -0.0006119740564656393,
        0.00025234492575738676,
        0.001350184237800453,
        0.0018803755852763605,
        0.0006800869572081816,
        -0.0030045240756915613,
        -0.003996618279371377,
        -0.005337986600424242,
        -0.0005241276397444354,
        0.0022519980952332456,
        0.006509321388646267,
        0.003893184883795252,
        0.0022731400571786675,
        -0.0034941586304014023,
        -0.00529946689517048,
        -0.004675115546512722,
        -0.0008633839149068372,
        0.0032495218984514864,
        0.0033554080860913834,
        0.0046557713017422245,
        0.0019354849224176589,
        -0.002108012498121972,
        -0.004181164987477702,
        -0.005895329501730331,
        -0.0010256338824392221,
        0.0007922118467324848,
        0.005994453767389274
    ]
}