{
    "bins": [
        0.0,
        0.7853982,
        1.570796,
        2.356194,
        3.141593,
        3.926991,
        4.712389,
        5.497787,
        6.283185
    ],
    "yvals": [
        0.005895948068126461,
        0.01527580036511434,
        0.01535401159666819,
        0.006074163578003029,
        -0.005959266512010469,
        -0.016112391424475236,
        -0.014857626324487715,
        -0.006564227308956734
    ]
}