{
    "bins": [
        [
            -1.0,
            -0.75,
            -0.5,
            -0.25,
            0.0,
            0.25,
            0.5,
            0.75,
            1.0
        ],
        [
            0.0,
            0.7853982,
            1.570796,
            2.356194,
            3.141593,
            3.926991,
            4.712389,
            5.497787,
            6.283185
        ]
    ],
    "zvals": [
        0.0017610577666208047,
        0.0008380614256877215,
        -0.0003573673475104343,
        -0.003283069624483861,
        -0.0025812680959207937,
        -0.0007366975724409792,
        0.001338270787549752,
        0.000979207993908821,
        0.0028703269246097072,
        0.0013673468400344385,
        -0.0010116908879319788,
        -0.0027505861352000705,
        -0.001757552731226715,
        -0.0009888469285636076,
        0.0013431747980005044,
        0.0035804919289328476,
        0.0018169275152400397,
        0.0006522967087506485,
        -0.001137768621768836,
        -0.0025953106637518005,
        -0.0016807152551954543,
        -0.0008037341577136689,
        0.0005959409114869151,
        0.0025238225714860497,
        0.0007406637804874012,
        0.00016521497768392016,
        -0.0003336906383769758,
        -0.0006604113323291728,
        -0.0007758965518119473,
        -0.0002575435639000864,
        0.0002885348829510644,
        0.0005939765571086254,
        -0.0006678966160095605,
        -0.0003902613936529998,
        0.0002764198024441112,
        0.0006665162547953333,
        0.0008042979483013705,
        0.00030470288949042404,
        -0.00019397334854430497,
        -0.000907895360059486,
        -0.0014841694315062093,
        -0.000981266817910618,
        0.0010133012816431926,
        0.0015082988391887436,
        0.0023029368549448807,
        0.0007357553749818565,
        -0.00111519917290342,
        -0.002195351146807097,
        -0.0029866159611773996,
        -0.001093125038038049,
        0.0006127700859946169,
        0.0017727076301344922,
        0.0027336316109794006,
        0.0006502517195103631,
        -0.0008781203924634392,
        -0.0018743123868408124,
        -0.0025970484780841107,
        -0.0010188880080896584,
        0.0006856849648203843,
        0.00281195010434187,
        0.0020934339023017624,
        0.001622397306843155,
        -0.000848679013697514,
        -0.0010487559173820156
    ]
}