{
    "bins": [
        [
            -1.0,
            -0.75,
            -0.5,
            -0.25,
            0.0,
            0.25,
            0.5,
            0.75,
            1.0
        ],
        [
            0.0,
            0.7853982,
            1.570796,
            2.356194,
            3.141593,
            3.926991,
            4.712389,
            5.497787,
            6.283185
        ]
    ],
    "zvals": [
        -2.2903561530953342e-05,
        -0.00014882924296452063,
        -0.00012957333733979465,
        -6.486491579439241e-05,
        0.00010959783447373176,
        0.00015630979452455954,
        0.0001295969177410689,
        5.968948227522862e-05,
        -9.275732997605545e-05,
        -0.00021002345562974584,
        -0.00017326950157754416,
        -5.2224767283890104e-05,
        7.672074540551413e-05,
        0.0001108479522484142,
        0.00023720844718219303,
        0.00011117048935698847,
        -5.640639359754071e-05,
        -8.366460919549305e-05,
        -0.00014576319267428747,
        -4.033586495526478e-05,
        4.178706337423827e-05,
        0.0001257304449463839,
        0.00014142669067148124,
        5.369950012605076e-05,
        -2.6463523853250492e-05,
        -7.118003131661433e-05,
        -6.942946124130696e-05,
        -2.0788720128240552e-05,
        1.067255582519945e-05,
        6.495412516965923e-05,
        3.5306552856004226e-05,
        2.5454701947292973e-05,
        2.8841706028865353e-05,
        3.5352576745185684e-05,
        4.4239618639212226e-05,
        1.3415591310913307e-05,
        -2.836116211143903e-05,
        -4.484568588155306e-05,
        -5.819821288060323e-05,
        -9.307500146422581e-06,
        4.143130452807251e-05,
        0.00012492680779090543,
        0.00017872436649953277,
        4.5895087719744995e-05,
        -5.1915843941543e-05,
        -0.00013426879110973037,
        -0.0001290258951512482,
        -5.0151316911935105e-05,
        8.380757684445928e-05,
        0.00017319340594027638,
        0.00020646444223183663,
        6.575338140231908e-05,
        -0.00010939910720424545,
        -0.00023882204945772722,
        -0.0001604933040318412,
        -7.382565272638842e-05,
        6.077273922960353e-05,
        5.079859403731459e-05,
        0.0002164027410306622,
        5.4504678513723605e-05,
        -6.464656136124613e-05,
        -0.00013124912464763092,
        -0.00010101716581911339,
        -0.0001212776706841627
    ]
}