{
    "bins": [
        -1.0,
        -0.75,
        -0.5,
        -0.25,
        0.0,
        0.25,
        0.5,
        0.75,
        1.0
    ],
    "yvals": [
        0.0006444108,
        0.0005114384,
        6.484292e-05,
        -0.0017354792,
        0.0009769132,
        -0.0009278392,
        0.0007567668,
        -0.00010297128
    ]
}