{
    "bins": [
        [
            -1.0,
            -0.75,
            -0.5,
            -0.25,
            0.0,
            0.25,
            0.5,
            0.75,
            1.0
        ],
        [
            0.0,
            0.7853982,
            1.570796,
            2.356194,
            3.141593,
            3.926991,
            4.712389,
            5.497787,
            6.283185
        ]
    ],
    "zvals": [
        -0.0028986086293551474,
        -0.012137589384640496,
        -0.006981978563734567,
        -0.002629503729951273,
        0.002934764794409967,
        0.005513194584147147,
        0.005651330917573002,
        0.0036825879363074523,
        -0.002699792283710352,
        -0.0074621955905656975,
        -0.007595725988607052,
        -0.004373998948305257,
        0.004503118673589695,
        0.01138827957290444,
        0.011567078092890487,
        0.004592632525165586,
        -0.0036377531804885725,
        -0.007342398972851719,
        -0.006927417691412509,
        -0.002874761999951617,
        0.002681659999134196,
        0.008991945484964313,
        0.0067635568208729855,
        0.0027179773821680224,
        -0.0011251433985970428,
        -0.002215771421819618,
        -0.0020832535860799244,
        -0.001082338021820756,
        0.0008459547898008395,
        0.002351458496201926,
        0.0014408078451944113,
        0.0010878275727720216,
        0.0006409258386382856,
        0.0032048824175468786,
        0.002831048716701597,
        0.0010045732169254099,
        -0.000799418384054963,
        -0.002206383515109537,
        -0.002595534493339683,
        -0.0011540956304956216,
        0.002435651113027761,
        0.0070471498646927705,
        0.006005933297512854,
        0.002771895049522599,
        -0.002470199312959798,
        -0.007792059567251255,
        -0.007153086715270475,
        -0.0029671239295236307,
        0.002730819602082103,
        0.008625152756985058,
        0.009542703189975021,
        0.004663948897312067,
        -0.002570226560291724,
        -0.01035869202620837,
        -0.011104632301075381,
        -0.003901114084833423,
        0.003300033537128045,
        0.007480881662770127,
        0.009554712387859406,
        0.002227999271707756,
        -0.005173356693039706,
        -0.009139244052060232,
        -0.007298908324187229,
        -0.0039541149837407285
    ]
}