{
    "bins": [
        -1.0,
        -0.75,
        -0.5,
        -0.25,
        0.0,
        0.25,
        0.5,
        0.75,
        1.0
    ],
    "yvals": [
        0.0007292268,
        4.770696e-05,
        -0.0009291732,
        -0.0007989136,
        -0.0006963836,
        0.0009198216,
        0.0007007452,
        -0.0004686564
    ]
}