{
    "bins": [
        -1.0,
        -0.75,
        -0.5,
        -0.25,
        0.0,
        0.25,
        0.5,
        0.75,
        1.0
    ],
    "yvals": [
        0.0005120812,
        -0.00032125488,
        -0.00036549316,
        0.0004336712,
        -6.1399e-05,
        5.825196e-05,
        0.00029754464,
        -0.0007265892
    ]
}