{
    "bins": [
        -1.0,
        -0.75,
        -0.5,
        -0.25,
        0.0,
        0.25,
        0.5,
        0.75,
        1.0
    ],
    "yvals": [
        -0.036556,
        -0.029048128,
        -0.01576112,
        -0.005414884,
        0.005519548,
        0.01687714,
        0.024959556,
        0.03982118
    ]
}