{
    "bins": [
        -1.0,
        -0.75,
        -0.5,
        -0.25,
        0.0,
        0.25,
        0.5,
        0.75,
        1.0
    ],
    "yvals": [
        -0.3765504,
        -0.05208084,
        0.15908616,
        0.231735,
        0.27395236,
        0.17354724,
        -0.039596868,
        -0.37323536
    ]
}