{
    "bins": [
        0.0,
        0.7853982,
        1.570796,
        2.356194,
        3.141593,
        3.926991,
        4.712389,
        5.497787,
        6.283185
    ],
    "yvals": [
        -0.0013167193405841774,
        0.01811000743826886,
        -0.028744012589795243,
        -0.0004719342652588048,
        -0.006329830226203783,
        0.01967007810052993,
        -0.006560329921899472,
        -0.014476558381864995
    ]
}