{
    "bins": [
        0.0,
        0.7853982,
        1.570796,
        2.356194,
        3.141593,
        3.926991,
        4.712389,
        5.497787,
        6.283185
    ],
    "yvals": [
        0.011515474570733673,
        -0.01543919527149172,
        -0.012030744921683021,
        0.01443650934111197,
        0.014423973577727466,
        -0.01172567029709778,
        -0.014863903396749168,
        0.013450085179743268
    ]
}