{
    "bins": [
        0.0,
        0.7853982,
        1.570796,
        2.356194,
        3.141593,
        3.926991,
        4.712389,
        5.497787,
        6.283185
    ],
    "yvals": [
        0.00013158904616791838,
        -5.5562264116349696e-05,
        -0.00018962182231174518,
        0.0003048016358564246,
        0.00013604007140328848,
        0.00031818199180542865,
        -0.00029103613709227687,
        -0.00020418653981802863
    ]
}