{
    "bins": [
        [
            -1.0,
            -0.75,
            -0.5,
            -0.25,
            0.0,
            0.25,
            0.5,
            0.75,
            1.0
        ],
        [
            0.0,
            0.7853982,
            1.570796,
            2.356194,
            3.141593,
            3.926991,
            4.712389,
            5.497787,
            6.283185
        ]
    ],
    "zvals": [
        0.0016206240350436249,
        0.0009391801199341276,
        -0.0009480788084512568,
        -0.0031228122266516766,
        -0.001756150130252432,
        -0.0006784448139669316,
        0.0007345019977132614,
        0.0008860985131105506,
        0.002880492977956914,
        0.0011063249731537318,
        -0.0012262552234663193,
        -0.0036578681663714877,
        -0.004349914310960811,
        -0.0019184489901935074,
        0.0019634926495865792,
        0.0042953666803327755,
        0.004166644639623569,
        0.001954294244267045,
        -0.0020466229860529317,
        -0.0036204802909094616,
        -0.004311730867661999,
        -0.0015792726744911503,
        0.002058374989495772,
        0.003837135312287529,
        0.005246673598182425,
        0.0015857441923061153,
        -0.0018863735329094297,
        -0.0036607426289058174,
        -0.003646256292987758,
        -0.0020768629408274538,
        0.0018812810829668528,
        0.004867426196654436,
        0.005698383316895811,
        0.0015840461992636086,
        -0.0016550248409086862,
        -0.005030235587262016,
        -0.004722167359733535,
        -0.0017561409629258035,
        0.0018026911196616243,
        0.005652899549018461,
        0.002725404259902811,
        0.002299476774699394,
        -0.0018838942803521275,
        -0.003661658851106253,
        -0.0032292621066007288,
        -0.0016719207331824125,
        0.0015409868627116446,
        0.0022360245378776115,
        0.005643124723229566,
        0.0007239439682667815,
        -0.0012309219020165576,
        -0.003347036601778205,
        -0.003950687422173215,
        -0.0018896768262715213,
        0.0013720034937700378,
        0.0037402962574389046,
        0.002048499219886167,
        0.0007201670287337194,
        -0.0006690350624778776,
        -0.002752094158510515,
        -0.0029047402718112335,
        -0.0009422575560416505,
        0.0002891761883783764,
        0.0013883065655884027
    ]
}