{
    "bins": [
        0.0,
        0.7853982,
        1.570796,
        2.356194,
        3.141593,
        3.926991,
        4.712389,
        5.497787,
        6.283185
    ],
    "yvals": [
        0.006822071912056839,
        0.01718273211358626,
        0.01708871171049583,
        0.006372712468439608,
        -0.007257508931777262,
        -0.01693778186346286,
        -0.01794664615901747,
        -0.006772460586861695
    ]
}