{
    "bins": [
        [
            -1.0,
            -0.75,
            -0.5,
            -0.25,
            0.0,
            0.25,
            0.5,
            0.75,
            1.0
        ],
        [
            0.0,
            0.7853982,
            1.570796,
            2.356194,
            3.141593,
            3.926991,
            4.712389,
            5.497787,
            6.283185
        ]
    ],
    "zvals": [
        -0.0017805149031408524,
        -0.000505924921103675,
        0.00043403563543579186,
        0.001368569096726632,
        0.001082667386471572,
        0.0007331778283112512,
        -0.0006985176942136346,
        -0.0020380800562262704,
        -0.002620965008577814,
        -0.0009311963949988146,
        0.0008936732713859726,
        0.0023319586605024963,
        0.0030375636301594846,
        0.0012891542886536511,
        -0.000688376084482008,
        -0.0016366280535473738,
        -0.004106018577582683,
        -0.001028655287804473,
        0.001545370372728222,
        0.0029451822576804913,
        0.0026066096424997255,
        0.0010221823839632902,
        -0.0012763740167405573,
        -0.002984490920526918,
        -0.0032354344585969253,
        -0.0017575119258037137,
        0.0013024178823984784,
        0.003107976455279419,
        0.003792033593159136,
        0.0014113175740197966,
        -0.0012051484724942007,
        -0.0030522833009506015,
        -0.002729772999225106,
        -0.0011274312202045893,
        0.0012752377775344477,
        0.0030141163917957623,
        0.003545697850007256,
        0.0008667213310958267,
        -0.0014516502461172553,
        -0.002938180132875307,
        -0.0020064655101068476,
        -0.0011424371191261294,
        0.0012600123758909497,
        0.001443872477555994,
        0.0034612301024448742,
        0.0016324370573900116,
        -0.002081739449298318,
        -0.002830761473800545,
        -0.0033006635360254195,
        -0.000816783036570767,
        0.0008921861272883305,
        0.00226442305121346,
        0.0026339343874061294,
        0.0011313657534141929,
        -0.0006084206988049372,
        -0.0022785772309071328,
        -0.0006039855960963496,
        -0.0012083884115794568,
        0.0011349939775757007,
        0.0027655441374384235,
        0.0015138739849095612,
        8.176369178429282e-05,
        -0.0005547322504004341,
        -0.0017037191334839158
    ]
}