{
    "bins": [
        0.0,
        0.7853982,
        1.570796,
        2.356194,
        3.141593,
        3.926991,
        4.712389,
        5.497787,
        6.283185
    ],
    "yvals": [
        0.00127564718126423,
        -0.0007902431099246776,
        -0.0005749393301230715,
        0.000583004052717154,
        0.000837304780506189,
        -0.0011650542782130845,
        -0.0003155870017494316,
        -0.0005819300532978186
    ]
}