{
    "bins": [
        -1.0,
        -0.75,
        -0.5,
        -0.25,
        0.0,
        0.25,
        0.5,
        0.75,
        1.0
    ],
    "yvals": [
        0.0012954612,
        0.00020389212,
        -0.005111004,
        0.002793138,
        0.0023100352,
        0.000699514,
        -0.0023223512,
        -0.0004469304
    ]
}