{
    "bins": [
        0.0,
        0.7853982,
        1.570796,
        2.356194,
        3.141593,
        3.926991,
        4.712389,
        5.497787,
        6.283185
    ],
    "yvals": [
        -0.003976396941067601,
        -0.013473821800875937,
        -0.010358638550136367,
        -0.004624101889612796,
        0.0042538470940847815,
        0.01152810167583824,
        0.011596048118278888,
        0.004743658629128163
    ]
}