{
    "bins": [
        -1.0,
        -0.75,
        -0.5,
        -0.25,
        0.0,
        0.25,
        0.5,
        0.75,
        1.0
    ],
    "yvals": [
        -0.0013831936,
        0.0019466848,
        -0.000752562,
        -9.738564e-06,
        0.0004209864,
        -0.0005676956,
        -0.000798818,
        0.0005247736
    ]
}