{
    "bins": [
        -1.0,
        -0.75,
        -0.5,
        -0.25,
        0.0,
        0.25,
        0.5,
        0.75,
        1.0
    ],
    "yvals": [
        -0.20985864,
        -0.038401688,
        0.09055936,
        0.13313336,
        0.1721842,
        0.1018842,
        -0.029272248,
        -0.21747076
    ]
}