{
    "bins": [
        [
            -1.0,
            -0.75,
            -0.5,
            -0.25,
            0.0,
            0.25,
            0.5,
            0.75,
            1.0
        ],
        [
            0.0,
            0.7853982,
            1.570796,
            2.356194,
            3.141593,
            3.926991,
            4.712389,
            5.497787,
            6.283185
        ]
    ],
    "zvals": [
        -0.0010343986018811857,
        -0.0006004681958620204,
        0.0010045979236005186,
        0.002230489725604438,
        0.0013068864448343384,
        0.0004390495519469111,
        -0.0011670546652779868,
        -0.001874708109773644,
        -0.0030636189387752604,
        -0.0012233240276456083,
        0.0009642056638799693,
        0.0022270866145742483,
        0.0024996824539914786,
        0.0009841395063394612,
        -0.0007092842100438251,
        -0.0006096557414202737,
        -0.0019447195066146063,
        -0.0011650829681468422,
        0.0006644610757857801,
        0.0033217455076973617,
        0.0022278742752082376,
        0.0022623342560077826,
        0.0,
        -0.004156423112867617,
        -0.004035777520243871,
        -0.001219315358408185,
        0.0015506578830096337,
        0.004796639160477668,
        0.002185747353571055,
        0.0014858448837404734,
        -0.001300341482916942,
        -0.004388519451284573,
        -0.0031110924369319917,
        -0.0029277102635123244,
        0.001083562728705701,
        0.0013936019781028498,
        0.002777134140906902,
        0.0015025227973587915,
        -0.0005848321487958972,
        -0.0035796118655764347,
        -0.001527935256281463,
        -0.0004927061420340113,
        0.0020742925242997826,
        0.0032463300819074127,
        0.0043547658639314065,
        0.00038473049332949673,
        -0.0018506291077899362,
        -0.004590852026615806,
        -0.0018734053630375012,
        -0.0011326484489770662,
        0.0016590121186965082,
        0.0023865785416075144,
        0.002121445178113516,
        0.00034856289422687616,
        -0.0015533826162022315,
        -0.0015666039383853796,
        -0.0015886575752274452,
        -0.0006677080073308073,
        0.0007296983185595076,
        0.0014556152987207777,
        0.002043868713696749,
        0.00033217451534126654,
        -0.00026162877929406496,
        -0.0020192778693095734
    ]
}