{
    "bins": [
        [
            -1.0,
            -0.75,
            -0.5,
            -0.25,
            0.0,
            0.25,
            0.5,
            0.75,
            1.0
        ],
        [
            0.0,
            0.7853982,
            1.570796,
            2.356194,
            3.141593,
            3.926991,
            4.712389,
            5.497787,
            6.283185
        ]
    ],
    "zvals": [
        -7.594354048685112e-05,
        -0.00013524209005933043,
        -0.0002740354826470147,
        -0.00010620038986553331,
        0.00014705787384230665,
        0.00016889296891512334,
        0.00036654042918367514,
        9.940580444564415e-05,
        -0.00020296904169120835,
        -0.00035344453473131707,
        -0.00013485881043751068,
        -0.00014760599389609613,
        0.0001368318228465058,
        0.00020224314296700532,
        0.00037656204879564254,
        0.0001595598664626088,
        -0.00010887017566375883,
        -0.00029975439197817974,
        -0.00029877921767053144,
        -0.00015936730247937672,
        9.534427131212451e-05,
        0.00022802736956294774,
        0.00010865416005643,
        0.00016239353805331822,
        -3.42178324320071e-05,
        -6.918954955055897e-05,
        -8.142903343273094e-05,
        -6.517512754663554e-05,
        3.8920195875212304e-05,
        9.712553380579021e-05,
        6.724835051782664e-05,
        3.410925925454357e-05,
        3.013929494618144e-05,
        7.052466915491741e-05,
        6.624687101316786e-05,
        3.999095491590899e-05,
        -3.374785268106106e-05,
        -9.624628532285544e-05,
        -0.0001131528218813901,
        -3.0861677773561946e-05,
        5.062549926903321e-05,
        0.00024713769251709134,
        0.00013119442626540942,
        5.0310494411120976e-05,
        -5.9352837669563695e-05,
        -0.00038457765362274934,
        -0.00016449591162697136,
        -9.095271441995017e-05,
        0.0001236647091882818,
        0.0004120116455635603,
        0.0004308369005268667,
        0.0001811918782682433,
        -0.00013258882757531847,
        -0.000355427795843636,
        -0.00029662189106669494,
        -0.00014599074609306366,
        0.00011801498908451789,
        0.0005313872791596818,
        0.000253323181367918,
        0.00010357991288504314,
        -9.364439430709014e-05,
        -0.0002484267084968386,
        -0.0001576552524961867,
        -0.00012252763567006795
    ]
}