{
    "bins": [
        0.0,
        0.7853982,
        1.570796,
        2.356194,
        3.141593,
        3.926991,
        4.712389,
        5.497787,
        6.283185
    ],
    "yvals": [
        6.64573333628725e-05,
        -2.6155064350829603e-05,
        5.09708962844316e-05,
        -4.360519939546651e-05,
        0.00011889510795800342,
        -0.00011748822889796003,
        -0.00019068930656813494,
        9.311046119292385e-05
    ]
}