{
    "bins": [
        -1.0,
        -0.75,
        -0.5,
        -0.25,
        0.0,
        0.25,
        0.5,
        0.75,
        1.0
    ],
    "yvals": [
        -0.642264,
        -0.11339076,
        0.3121352,
        0.4509416,
        0.5344888,
        0.29496696,
        -0.09634684,
        -0.7393264
    ]
}