{
    "bins": [
        -1.0,
        -0.75,
        -0.5,
        -0.25,
        0.0,
        0.25,
        0.5,
        0.75,
        1.0
    ],
    "yvals": [
        0.0006796864,
        -6.169068e-05,
        0.00011336252,
        -0.0013272704,
        -0.00030125536,
        8.650416e-06,
        0.0004417196,
        0.00011011576
    ]
}