{
    "bins": [
        0.0,
        0.7853982,
        1.570796,
        2.356194,
        3.141593,
        3.926991,
        4.712389,
        5.497787,
        6.283185
    ],
    "yvals": [
        0.007277633180213552,
        -0.007622176940144217,
        -0.007210670258900585,
        0.00808086208411266,
        0.006961051594223563,
        -0.00783589466741703,
        -0.007467500553859319,
        0.007632620658570561
    ]
}