{
    "bins": [
        -1.0,
        -0.75,
        -0.5,
        -0.25,
        0.0,
        0.25,
        0.5,
        0.75,
        1.0
    ],
    "yvals": [
        0.0001531858,
        0.0006490124,
        0.000560686,
        0.0013742984,
        -0.0022725552,
        0.0006053564,
        -0.0007022628,
        -0.0007362268
    ]
}