{
    "bins": [
        0.0,
        0.7853982,
        1.570796,
        2.356194,
        3.141593,
        3.926991,
        4.712389,
        5.497787,
        6.283185
    ],
    "yvals": [
        0.011169172529297876,
        -0.011747848033187768,
        -0.009544257815782574,
        0.011688169962019304,
        0.009330904840603105,
        -0.009935442921932576,
        -0.011897375598104403,
        0.010647252730462775
    ]
}