{
    "bins": [
        [
            -1.0,
            -0.75,
            -0.5,
            -0.25,
            0.0,
            0.25,
            0.5,
            0.75,
            1.0
        ],
        [
            0.0,
            0.7853982,
            1.570796,
            2.356194,
            3.141593,
            3.926991,
            4.712389,
            5.497787,
            6.283185
        ]
    ],
    "zvals": [
        0.0029165006998997448,
        0.0059845036489789,
        0.0024248770686963812,
        0.0063773903455441126,
        0.004396360571328166,
        0.0029359784465965034,
        0.0035821736240734003,
        0.0044074138207634865,
        0.0033408428998182066,
        0.003459659805515116,
        0.0012222042836880157,
        0.002789525833366225,
        0.0032967667348274368,
        0.0038033445463319243,
        0.002890544157229838,
        0.002613775436148297,
        0.0012522692310728493,
        0.002318481156937287,
        0.001883094685751683,
        0.0020216664396058566,
        0.0017147713643273852,
        0.001619072623052262,
        0.0022890320576319273,
        0.002058279241862088,
        0.00032430957952284584,
        0.0008761720493742152,
        0.0008460525746182192,
        0.0004957568828073374,
        0.00031329904074112733,
        0.0007237507607607865,
        0.0007207489705856141,
        0.0005066933198200149,
        -0.000512857808943285,
        -0.0005830736984493717,
        -0.000766662507416622,
        -0.0007612573991054229,
        -0.00048241997051176583,
        -0.0005302672021064481,
        -0.0006919060145302128,
        -0.0007930822334663445,
        -0.0018155162565944255,
        -0.0019415429989745323,
        -0.0007156290186631492,
        -0.0018740533155759047,
        -0.0017643284041976163,
        -0.0019830343341847067,
        -0.0017955095378394143,
        -0.0015725820539395315,
        -0.002675265107559452,
        -0.0027787151937527705,
        -0.0027151365295047867,
        -0.0021987183584394683,
        -0.00255650307232766,
        -0.00398481788851003,
        -0.002729465570322309,
        -0.0026267787796760375,
        -0.0032398887596126395,
        -0.008976373501428193,
        -0.004814427334930826,
        -0.0066453102181184345,
        -0.0010949118790727756,
        -0.004130334429168397,
        -0.005261388493477194,
        -0.004606575010376906
    ]
}