{
    "bins": [
        0.0,
        0.7853982,
        1.570796,
        2.356194,
        3.141593,
        3.926991,
        4.712389,
        5.497787,
        6.283185
    ],
    "yvals": [
        0.0702577495084659,
        0.06308861573077999,
        0.08836333935151353,
        0.07528965532168999,
        0.07148573080145351,
        0.059705461434839416,
        0.07444440907667196,
        0.08191264810962087
    ]
}