{
    "bins": [
        -1.0,
        -0.75,
        -0.5,
        -0.25,
        0.0,
        0.25,
        0.5,
        0.75,
        1.0
    ],
    "yvals": [
        -0.00014111904,
        -0.00038966988,
        -0.0018541956,
        0.0015591684,
        0.0004840776,
        0.0012140016,
        -0.0013760632,
        0.00027167472
    ]
}