{
    "bins": [
        -1.0,
        -0.75,
        -0.5,
        -0.25,
        0.0,
        0.25,
        0.5,
        0.75,
        1.0
    ],
    "yvals": [
        9.158936e-05,
        -0.00011335648,
        -1.7244172e-05,
        1.9071776e-05,
        -7.431548e-06,
        -3.1610688e-05,
        -6.004008e-05,
        0.00010285604
    ]
}