{
    "bins": [
        [
            -1.0,
            -0.75,
            -0.5,
            -0.25,
            0.0,
            0.25,
            0.5,
            0.75,
            1.0
        ],
        [
            0.0,
            0.7853982,
            1.570796,
            2.356194,
            3.141593,
            3.926991,
            4.712389,
            5.497787,
            6.283185
        ]
    ],
    "zvals": [
        -0.0006157554218993626,
        -0.00017284952924492532,
        0.0002908328261594759,
        0.0005414007402606828,
        0.0003180053425142411,
        0.00022425180609067,
        -0.00029446262913834776,
        -0.0003120945049516297,
        -0.0008045946629365842,
        -0.0003748266674543778,
        0.00036291709426303616,
        0.000761487091274626,
        0.000716416899457345,
        0.00032936605389878766,
        -0.00033215898181558916,
        -0.0007944904366957901,
        -0.0005844097936562625,
        -0.00019451467778493906,
        0.00034240245073198565,
        0.0005793355988484834,
        0.00041805566095151744,
        0.00028105979388793966,
        -0.0002749044433522877,
        -0.0004692867565234443,
        -0.00012075744507690493,
        -7.471393477292653e-05,
        7.789986732841186e-05,
        0.00015666696799970464,
        0.00019202778718560522,
        8.912765247683343e-05,
        -5.409277843844778e-05,
        -0.00019640971838481893,
        0.00012375490547342737,
        7.01506421331967e-05,
        -3.024483892243169e-05,
        -0.0002271665739324853,
        -0.00014648517057593724,
        -8.103707928973593e-05,
        8.770345735537908e-05,
        0.0002227066531873013,
        0.0006306421379626284,
        0.00022854247872861367,
        -0.00028291225595175953,
        -0.00047455889299578943,
        -0.0004056173303216967,
        -0.00021906549290932753,
        0.0002771041433769885,
        0.0006551496184100292,
        0.0007065277205881041,
        0.0002727608353372011,
        -0.0002618378962003978,
        -0.0008510380074331646,
        -0.0009321103440548611,
        -0.00043329303104922614,
        0.00022284345007244738,
        0.00045607511096284955,
        0.0009312168018719676,
        7.362775907953906e-05,
        -0.0002915243481648795,
        -0.000565402807999501,
        -0.0005409965393341973,
        -0.00018791995905260774,
        0.00039725153361735077,
        0.000611410775173861
    ]
}