{
    "bins": [
        -1.0,
        -0.75,
        -0.5,
        -0.25,
        0.0,
        0.25,
        0.5,
        0.75,
        1.0
    ],
    "yvals": [
        0.04703612,
        0.02791814,
        0.019518088,
        0.006965,
        -0.00613188,
        -0.018301608,
        -0.02933904,
        -0.05423632
    ]
}