{
    "bins": [
        0.0,
        0.7853982,
        1.570796,
        2.356194,
        3.141593,
        3.926991,
        4.712389,
        5.497787,
        6.283185
    ],
    "yvals": [
        0.0026223907821535625,
        0.0023570641527134403,
        -0.0023791300716324722,
        -0.0026737225282945356,
        0.0022082893004565832,
        0.0027236343866421874,
        -0.002353554503576531,
        -0.0025065699174176667
    ]
}