{
    "bins": [
        [
            -1.0,
            -0.75,
            -0.5,
            -0.25,
            0.0,
            0.25,
            0.5,
            0.75,
            1.0
        ],
        [
            0.0,
            0.7853982,
            1.570796,
            2.356194,
            3.141593,
            3.926991,
            4.712389,
            5.497787,
            6.283185
        ]
    ],
    "zvals": [
        -0.003092834182711394,
        -0.010569202001839069,
        -0.0034455707806742577,
        -0.00646989873936687,
        -0.016279995620055047,
        -0.014464742716431674,
        -0.01943819566640099,
        -0.004025097593831409,
        -0.00540745318744046,
        -0.0034713787077071006,
        -0.0032671735858762064,
        -0.006901144513807632,
        -0.007220145709563811,
        -0.004311405427566662,
        -0.00439934249896231,
        -0.004143627052780883,
        -0.0031304874393651527,
        -0.004384396289370813,
        -0.003265720055309538,
        -0.0023135893985095474,
        -0.0036999090906775912,
        -0.003936353797692381,
        -0.0028006249060985645,
        -0.0032734195910863037,
        -0.0012079793409254056,
        -0.0010386960595000394,
        -0.0008662874109687065,
        -0.0009557302721291981,
        -0.0006769164168994571,
        -0.0007781598628975374,
        -0.0011764165429501987,
        -0.0013318842166646723,
        0.0011143799412832878,
        0.0006888682397633403,
        0.0013856001670490635,
        0.0008375676566942409,
        0.0010346530039546825,
        0.001055477095689065,
        0.0014396385017532514,
        0.0006981357222707469,
        0.0034205196803354016,
        0.002606911809531425,
        0.0032417052246122356,
        0.004246025777980364,
        0.0019773984654913807,
        0.0031659902367971405,
        0.004701562774542335,
        0.002864611318083316,
        0.005548736933698091,
        0.006662081304531282,
        0.004082067945169202,
        0.006158892486494126,
        0.0074708160703235785,
        0.004076838494623109,
        0.003591833439861065,
        0.0041894499349374465,
        0.010785662610380314,
        0.005346039930338486,
        0.004073601919027042,
        0.0029658311253261084,
        0.012139088716803451,
        0.00818480311892824,
        0.010306229453092574,
        0.006947346440912761
    ]
}