{
    "bins": [
        [
            -1.0,
            -0.75,
            -0.5,
            -0.25,
            0.0,
            0.25,
            0.5,
            0.75,
            1.0
        ],
        [
            0.0,
            0.7853982,
            1.570796,
            2.356194,
            3.141593,
            3.926991,
            4.712389,
            5.497787,
            6.283185
        ]
    ],
    "zvals": [
        0.004119845449098304,
        0.002901745332110683,
        -0.0014665328916040024,
        -0.007441751262733973,
        -0.0054493390612148215,
        -0.0013479682912357815,
        0.002711355516566124,
        0.00632974873885597,
        0.007155707767091903,
        0.0037643196861513995,
        -0.0011380533181902682,
        -0.005959737662003644,
        -0.007287566303963084,
        -0.003574464411674082,
        0.002350290171352614,
        0.005679494982161911,
        0.0033155186757494477,
        0.0029351933504270064,
        -0.002378038650467662,
        -0.005128364054448759,
        -0.004454017453571309,
        -0.0018663250988670717,
        0.002630372881010648,
        0.005182035095582114,
        0.0009374673891536802,
        0.000961334498263173,
        -0.0011567653597284436,
        -0.0014266231558736388,
        -0.0008880287446619418,
        -0.0009497778196532207,
        0.0009401954168459816,
        0.0014920262083682417,
        -0.0014175392813479835,
        -0.000794695885320789,
        0.0005931245050280242,
        0.0021533019522561145,
        0.0013817626222628525,
        0.0006566143534870221,
        -0.0010485241877366636,
        -0.002157144275895788,
        -0.004621827246357325,
        -0.0018601126715659248,
        0.0008073929396306078,
        0.004844151826014548,
        0.004387237044148316,
        0.002102811058851691,
        -0.0012848324034438593,
        -0.004083367668366867,
        -0.005886843132566385,
        -0.002319758980735622,
        0.0025457946162327897,
        0.00501102446017884,
        0.005862016455351298,
        0.003860441712354756,
        -0.0026107517462483996,
        -0.005683187377609825,
        -0.004480996773356496,
        -0.0026585768383868657,
        0.0014604580098243189,
        0.008533568288220383,
        0.0015976857593220247,
        0.001834599018586755,
        -0.0027721593383227363,
        -0.0065718425562581026
    ]
}