{
    "bins": [
        0.0,
        0.7853982,
        1.570796,
        2.356194,
        3.141593,
        3.926991,
        4.712389,
        5.497787,
        6.283185
    ],
    "yvals": [
        0.35126436500618413,
        0.2955787500296028,
        0.37616635132760723,
        0.30334925305481675,
        0.32183606273507176,
        0.3175323848545579,
        0.3034237418480822,
        0.26315345850129496
    ]
}