{
    "bins": [
        -1.0,
        -0.75,
        -0.5,
        -0.25,
        0.0,
        0.25,
        0.5,
        0.75,
        1.0
    ],
    "yvals": [
        -0.00172678,
        -0.0025786996,
        0.0019656276,
        -0.00017559336,
        0.004741168,
        -0.005835416,
        0.0032589256,
        -0.002371524
    ]
}