{
    "bins": [
        [
            -1.0,
            -0.75,
            -0.5,
            -0.25,
            0.0,
            0.25,
            0.5,
            0.75,
            1.0
        ],
        [
            0.0,
            0.7853982,
            1.570796,
            2.356194,
            3.141593,
            3.926991,
            4.712389,
            5.497787,
            6.283185
        ]
    ],
    "zvals": [
        0.00017007423750143555,
        3.196053261162687e-05,
        -0.00028300469316193833,
        -0.00012556980592030295,
        0.00019377945958609514,
        7.869976750641077e-05,
        -0.0001508020646856753,
        -0.00020363866472794688,
        0.00036907408242086624,
        0.0008440680633431874,
        -0.0004482510014031104,
        -0.0003164673751812773,
        0.000424595631768861,
        0.0006196241905377912,
        -0.00036310359843035007,
        -0.0006285185345519088,
        0.0009530284128484123,
        0.0006191873723099301,
        -0.000853968561162621,
        -0.0005679574331008825,
        0.0008642227252934178,
        0.0008539782377851741,
        -0.0006766388506209592,
        -0.0010170109931525167,
        0.000551813334942708,
        0.0006027304889318507,
        -0.00095010580622818,
        -0.0009674766583609096,
        0.0007391844644371387,
        0.0009393734132248874,
        -0.0007046995281373267,
        -0.0008933941772197029,
        0.0009611863128792502,
        0.0006739377166577243,
        -0.0011052342888573693,
        -0.0006573540327909763,
        0.000987820697277049,
        0.0005659062029697047,
        -0.0004562182231174514,
        -0.0006720246295508775,
        0.0011838942335238353,
        0.00047339592751596707,
        -0.0005744970066132077,
        -0.0007810093977710693,
        0.000511182355952014,
        0.0006517959047514765,
        -0.0007325193086817132,
        -0.00033266379593530933,
        0.0004545780726260895,
        0.0004304547835504504,
        -0.00031413168864703,
        -0.0006952685195677612,
        0.00040944631893638625,
        0.000440980598371781,
        -0.0005644251704231486,
        -0.0005531366262710117,
        0.0003939512975710919,
        8.67114728358037e-05,
        -0.00024040295493495025,
        -9.274058153881021e-05,
        0.00023515904038462018,
        8.001451493382974e-05,
        -0.00019863325345875597,
        -0.00022700449962948728
    ]
}