{
    "bins": [
        -1.0,
        -0.75,
        -0.5,
        -0.25,
        0.0,
        0.25,
        0.5,
        0.75,
        1.0
    ],
    "yvals": [
        0.00034322628,
        -0.0003903614,
        -1.0853216e-05,
        -0.0005173132,
        0.0009780076,
        -0.00012498348,
        -0.00026729524,
        3.2444052e-05
    ]
}