{
    "bins": [
        -1.0,
        -0.75,
        -0.5,
        -0.25,
        0.0,
        0.25,
        0.5,
        0.75,
        1.0
    ],
    "yvals": [
        1.1853452,
        1.0387364,
        0.7676368,
        0.7186744,
        0.710112,
        0.8299452,
        0.8967468,
        1.2917396
    ]
}