{
    "bins": [
        0.0,
        0.7853982,
        1.570796,
        2.356194,
        3.141593,
        3.926991,
        4.712389,
        5.497787,
        6.283185
    ],
    "yvals": [
        -0.0012167831553471856,
        0.00022930023486187506,
        -0.00047396199124520317,
        0.0004542209755805648,
        -0.00026212811848260365,
        -0.0001593380680877721,
        -0.00013042457454691766,
        0.00011572637057899309
    ]
}