{
    "bins": [
        0.0,
        0.7853982,
        1.570796,
        2.356194,
        3.141593,
        3.926991,
        4.712389,
        5.497787,
        6.283185
    ],
    "yvals": [
        0.003811596461514681,
        0.008958549412794382,
        0.008381106139817013,
        0.0038873566174644995,
        -0.0031775711168095656,
        -0.009386498310410775,
        -0.008834890081207237,
        -0.003358718764244371
    ]
}