{
    "bins": [
        -1.0,
        -0.75,
        -0.5,
        -0.25,
        0.0,
        0.25,
        0.5,
        0.75,
        1.0
    ],
    "yvals": [
        -0.0007368884,
        0.0012619328,
        -0.0023044116,
        0.0012415164,
        0.0004057984,
        -0.0007241856,
        0.0020973224,
        -0.0008521632
    ]
}