{
    "bins": [
        -1.0,
        -0.75,
        -0.5,
        -0.25,
        0.0,
        0.25,
        0.5,
        0.75,
        1.0
    ],
    "yvals": [
        6.70118e-05,
        -3.8061216e-05,
        -0.00015940408,
        6.388808e-05,
        4.603072e-05,
        8.26678e-05,
        -5.827204e-05,
        -9.362632e-05
    ]
}