{
    "bins": [
        0.0,
        0.7853982,
        1.570796,
        2.356194,
        3.141593,
        3.926991,
        4.712389,
        5.497787,
        6.283185
    ],
    "yvals": [
        -0.0008130764750925071,
        -0.000356842354282123,
        0.0003446418249091544,
        0.0008285582232725022,
        0.0008193207774911572,
        0.0003414495580584622,
        -0.0003370147364775567,
        -0.0008019450011331836
    ]
}