{
    "bins": [
        0.0,
        0.7853982,
        1.570796,
        2.356194,
        3.141593,
        3.926991,
        4.712389,
        5.497787,
        6.283185
    ],
    "yvals": [
        0.035493104007623136,
        -0.029277736708709902,
        -0.030725568437913013,
        0.03289842487703702,
        0.028815364948726625,
        -0.03683840549632162,
        -0.030499835752064563,
        0.029860363790078413
    ]
}