{
    "bins": [
        0.0,
        0.7853982,
        1.570796,
        2.356194,
        3.141593,
        3.926991,
        4.712389,
        5.497787,
        6.283185
    ],
    "yvals": [
        0.009297761313942405,
        0.023126229790814284,
        0.02198195055245876,
        0.008922527275945093,
        -0.009832510396003042,
        -0.01973060792107951,
        -0.026236914277856585,
        -0.009515621379224293
    ]
}