{
    "bins": [
        [
            -1.0,
            -0.75,
            -0.5,
            -0.25,
            0.0,
            0.25,
            0.5,
            0.75,
            1.0
        ],
        [
            0.0,
            0.7853982,
            1.570796,
            2.356194,
            3.141593,
            3.926991,
            4.712389,
            5.497787,
            6.283185
        ]
    ],
    "zvals": [
        0.0011839049287355127,
        0.0005418925288560777,
        0.0014483627409288033,
        0.0021322807897641836,
        0.0017393973501333075,
        0.0006666958662996343,
        0.0015532807570174615,
        0.0016933284780455264,
        0.0015524206701772426,
        0.0006290957270315755,
        0.0018023753561888373,
        0.0012857077740104075,
        0.0010577765667852473,
        0.0008718071601913936,
        0.0015370673212816946,
        0.0004386410456863909,
        0.0005339676103153788,
        0.0014018399338526285,
        0.00036231505555145297,
        0.0007120172039944029,
        0.0004588317260802802,
        0.000638471195495787,
        0.0011649752100209069,
        0.0006351892925624971,
        0.0003797130678425288,
        0.00013011261299687875,
        9.628025536097624e-05,
        0.0002440107512232636,
        0.00024816518503994144,
        0.0002353044953004719,
        0.0003178468496227391,
        0.00019947685122702124,
        -0.0002322662313206218,
        -0.00024635347845384847,
        -0.00014599257955838954,
        -0.00015708693288379535,
        -0.00013324368027420487,
        -0.00016986144604391664,
        -0.00013052679023883436,
        -0.00015029888031291145,
        -0.000426914958552235,
        -0.00038370094746891317,
        -0.0005134864107115121,
        -0.0007264068327054147,
        -0.0006682563490103104,
        -0.000613635889065162,
        -0.0008091902449458748,
        -0.0005093697717590319,
        -0.0007367926231559991,
        -0.0006544759865637514,
        -0.001408136511679429,
        -0.0008124762063613527,
        -0.0012893758323805251,
        -0.0010302593080196284,
        -0.0005082239068599615,
        -0.001333003139809371,
        -0.0017381389465878582,
        -0.0020871415733530194,
        -0.0017117940203565584,
        -0.0021283475023523074,
        -0.0015392786841830505,
        -0.0011950058441707264,
        -0.0012337576617205547,
        -0.0026444910733156956
    ]
}