{
    "bins": [
        [
            -1.0,
            -0.75,
            -0.5,
            -0.25,
            0.0,
            0.25,
            0.5,
            0.75,
            1.0
        ],
        [
            0.0,
            0.7853982,
            1.570796,
            2.356194,
            3.141593,
            3.926991,
            4.712389,
            5.497787,
            6.283185
        ]
    ],
    "zvals": [
        0.05981684195354662,
        0.0669523647761682,
        0.11066435106786626,
        0.12283203823788928,
        0.11570459817824844,
        0.06841249914056315,
        0.120715509843417,
        0.10727661644160033,
        0.11166126940448805,
        0.08536474128142452,
        0.03355981044005715,
        0.07916226020150267,
        0.08578025408773637,
        0.050770788822991665,
        0.08992373293540347,
        0.12159847618659586,
        0.06745429261233346,
        0.08578898489402441,
        0.08464136654282288,
        0.1003844924681595,
        0.06380067176132354,
        0.05779581817116928,
        0.030057351813984765,
        0.08721636673380886,
        0.055760912108023676,
        0.051786445034605395,
        0.06847534625756624,
        0.08504823662877087,
        0.06201289027983262,
        0.08275742999090908,
        0.04614715087127801,
        0.07835573810985005,
        0.06011528928892376,
        0.051466810831402886,
        0.039901731351493136,
        0.06144158574176947,
        0.05144148571806904,
        0.06997720900740773,
        0.08382552540240747,
        0.032793758069157304,
        0.0488526100518183,
        0.06858384375408232,
        0.036918382781723415,
        0.035945479940768965,
        0.03777096453008537,
        0.10310583933241493,
        0.045476560928344616,
        0.057760116526907386,
        0.0863103073065357,
        0.09616568826650647,
        0.10720796335106535,
        0.11031442617064702,
        0.08436293446125401,
        0.08997975548702698,
        0.0750612046376487,
        0.08019633357864421,
        0.121461342794012,
        0.20742833758892626,
        0.09292898632285798,
        0.06882096870507858,
        0.08697373815568664,
        0.0927669283598889,
        0.07571096437729663,
        0.09858858820623433
    ]
}