{
    "bins": [
        [
            -1.0,
            -0.75,
            -0.5,
            -0.25,
            0.0,
            0.25,
            0.5,
            0.75,
            1.0
        ],
        [
            0.0,
            0.7853982,
            1.570796,
            2.356194,
            3.141593,
            3.926991,
            4.712389,
            5.497787,
            6.283185
        ]
    ],
    "zvals": [
        0.00013469376425869067,
        0.00015415821129114444,
        -7.552787249267252e-05,
        -0.00018137710895990445,
        -0.0005874265022319892,
        -0.00016030618870941868,
        0.00019425666986674277,
        0.0004835211192287224,
        0.0005835699648916945,
        0.00022645436490909446,
        -0.00043230637205595135,
        -0.0005154908524202348,
        -0.0007058678529866383,
        -0.00032339282758550445,
        0.0002760445022778261,
        0.0007234110603795785,
        0.0008920152860039659,
        0.0002759204571237658,
        -0.00020876045011573754,
        -0.000976816115121104,
        -0.0009729120776981858,
        -0.00018205139305167576,
        0.0002577177431060431,
        0.0009768087008115633,
        0.0009584519037604109,
        0.00040565140365812075,
        -0.00040890009905805724,
        -0.0004455089960644208,
        -0.0005977901649864143,
        -0.00028159475832635183,
        0.00025075994591277294,
        0.0006397999485611117,
        0.0008540859910297731,
        0.0002946788493677981,
        -0.0004722604335636201,
        -0.0007765856590089879,
        -0.001118994955423874,
        -0.0003022459440945865,
        0.00040513283710933833,
        0.001051987400018844,
        0.00074749190919969,
        0.00016727986760339792,
        -0.0004141636724310478,
        -0.0005870605895856756,
        -0.0007247831035984302,
        -0.0002856368363555803,
        0.0003873418572494456,
        0.0003466897038189556,
        0.0006103579050728662,
        0.00011689821387327542,
        -0.00022515738517286783,
        -0.00043735156270889065,
        -0.0009916439817773915,
        -0.00021957565463624816,
        0.00026625155653566733,
        0.0005105798588740996,
        0.0005064971628404546,
        0.00021082906012723741,
        -0.0001331718695489421,
        -0.0003501943343447089,
        -0.0002600524574801565,
        -0.00015008451765856294,
        0.00020655754152671643,
        0.0004655343660157017
    ]
}