{
    "bins": [
        0.0,
        0.7853982,
        1.570796,
        2.356194,
        3.141593,
        3.926991,
        4.712389,
        5.497787,
        6.283185
    ],
    "yvals": [
        0.00043048379790022436,
        -0.00012082226357140292,
        0.0003345120563077574,
        -0.0005262228497871783,
        -0.00020540910468323057,
        0.00015572715998767508,
        -0.00011606616008698778,
        -0.00013276975495226626
    ]
}