{
    "bins": [
        0.0,
        0.7853982,
        1.570796,
        2.356194,
        3.141593,
        3.926991,
        4.712389,
        5.497787,
        6.283185
    ],
    "yvals": [
        -0.010127083306276995,
        -0.00900676956314367,
        0.009341022004130391,
        0.009619952406356515,
        -0.00910566617180079,
        -0.009694543403471872,
        0.009389309623910427,
        0.00967834397337401
    ]
}