{
    "bins": [
        [
            -1.0,
            -0.75,
            -0.5,
            -0.25,
            0.0,
            0.25,
            0.5,
            0.75,
            1.0
        ],
        [
            0.0,
            0.7853982,
            1.570796,
            2.356194,
            3.141593,
            3.926991,
            4.712389,
            5.497787,
            6.283185
        ]
    ],
    "zvals": [
        0.002261016131689632,
        0.006956490074201888,
        0.005651035525937169,
        0.0018055918074762,
        -0.002015036452855749,
        -0.0032021522845741912,
        -0.007651488799309396,
        -0.0034853167438674416,
        0.005157261628559882,
        0.0076588755405222675,
        0.0032628669795441295,
        0.004232152574678603,
        -0.0050095365661740904,
        -0.0067808423245284575,
        -0.006766831593663342,
        -0.004438609214691151,
        0.0006814097613159796,
        0.005790181739750226,
        0.0055563013911418165,
        0.002285461529744754,
        -0.0031498155075515843,
        -0.00311281006572464,
        -0.0056030191062365845,
        -0.002489236285297391,
        0.0004205971951552728,
        0.0016494912514397162,
        0.0014087186369203897,
        0.0007644145205175967,
        -0.0010044512463744494,
        -0.0005906513640218082,
        -0.0017065177145854718,
        -0.0003572788828084615,
        -0.0008327118651405109,
        -0.002417897783772758,
        -0.0029062808919808818,
        -0.0005209005868354811,
        0.0013406741550144,
        0.0009069017237120544,
        0.0015856740149580216,
        0.0005862087756780639,
        -0.0022509743465162,
        -0.007311418493914803,
        -0.003989273718547794,
        -0.0023504094097395083,
        0.003728024772153735,
        0.005709573999424497,
        0.006801499367199816,
        0.0027175042462547656,
        -0.004413708613032217,
        -0.003534587440912108,
        -0.009665020792006093,
        -0.004649319390526345,
        0.0021547887822479803,
        0.009128304375615933,
        0.008324370573900114,
        0.0049478654134591646,
        -0.001864426987482273,
        -0.006012469095278851,
        -0.004964035049745481,
        -0.002503633439818487,
        0.002017180079399234,
        0.004200662084701007,
        0.0047714814654480926,
        0.0019997214151296545
    ]
}