{
    "bins": [
        0.0,
        0.7853982,
        1.570796,
        2.356194,
        3.141593,
        3.926991,
        4.712389,
        5.497787,
        6.283185
    ],
    "yvals": [
        0.001321790653454515,
        0.0004629675560588532,
        -0.0005925619876801317,
        -0.0010675962154268086,
        -0.0014898675575950023,
        -0.0004762219919072879,
        0.0005610156888609343,
        0.0012995831412863292
    ]
}