{
    "bins": [
        -1.0,
        -0.75,
        -0.5,
        -0.25,
        0.0,
        0.25,
        0.5,
        0.75,
        1.0
    ],
    "yvals": [
        -0.028379168,
        -0.026194936,
        -0.015442292,
        -0.0034959548,
        0.004508772,
        0.01413424,
        0.0218126,
        0.034207568
    ]
}