{
    "bins": [
        -1.0,
        -0.75,
        -0.5,
        -0.25,
        0.0,
        0.25,
        0.5,
        0.75,
        1.0
    ],
    "yvals": [
        0.025702384,
        0.018289728,
        0.009937596,
        0.0037727468,
        -0.0034125712,
        -0.0112246,
        -0.018539924,
        -0.023639756
    ]
}