{
    "bins": [
        0.0,
        0.7853982,
        1.570796,
        2.356194,
        3.141593,
        3.926991,
        4.712389,
        5.497787,
        6.283185
    ],
    "yvals": [
        -0.00030910982479970034,
        -0.00018450038948415693,
        -0.0004370693584653896,
        0.000429667213734675,
        0.000344054861356917,
        -0.0013254299094217204,
        0.000581588570380877,
        0.0004434638234372893
    ]
}