{
    "bins": [
        -1.0,
        -0.75,
        -0.5,
        -0.25,
        0.0,
        0.25,
        0.5,
        0.75,
        1.0
    ],
    "yvals": [
        -0.0001677454,
        -0.0006468412,
        -0.00030549148,
        -4.128e-05,
        0.0005410572,
        0.000259396,
        6.080932e-05,
        0.000373272
    ]
}