{
    "bins": [
        [
            -1.0,
            -0.75,
            -0.5,
            -0.25,
            0.0,
            0.25,
            0.5,
            0.75,
            1.0
        ],
        [
            0.0,
            0.7853982,
            1.570796,
            2.356194,
            3.141593,
            3.926991,
            4.712389,
            5.497787,
            6.283185
        ]
    ],
    "zvals": [
        0.0005705212973495482,
        0.0006153014434214101,
        0.0005665662504870144,
        0.0005247972049875286,
        -0.00022507268926073143,
        -0.0007947685122702122,
        -0.0005228895413535559,
        -0.0002974468486041473,
        0.0006186329431363606,
        0.001471791237510469,
        0.0008449158261161858,
        0.0005575652630064465,
        -0.0008377240583754985,
        -0.000989500864529831,
        -0.001453717987568087,
        -0.0007089872905202204,
        0.0006721166409599615,
        0.001480099384031888,
        0.001531673877448122,
        0.0006594966380145634,
        -0.0007843345666782952,
        -0.0018473981344490314,
        -0.0011318923653994538,
        -0.0005935808341757939,
        0.0008312522233944513,
        0.0010401755645355767,
        0.0017055953796673792,
        0.0007166375307327868,
        -0.0005816363168737377,
        -0.001627736765308799,
        -0.0021859836668797227,
        -0.0005569690780979835,
        0.0008488499209700251,
        0.0019602815286724764,
        0.001985605769304226,
        0.0008368648292141957,
        -0.00042766001441307453,
        -0.0020630442145256295,
        -0.001009125564363546,
        -0.0008865354890132139,
        0.0006100762644986963,
        0.00242880945171988,
        0.00134397846696834,
        0.0008790910097924749,
        -0.0004515257741934661,
        -0.0021734565150407824,
        -0.002153694305307628,
        -0.0006424136552423105,
        0.0005440190721088997,
        0.0006474792773802014,
        0.0013461017216748708,
        0.000498229562298908,
        -0.00037656372947219105,
        -0.0010933121805759632,
        -0.0013051680803872689,
        -0.0006011168859610034,
        0.0002580035452080231,
        0.0007938066544113058,
        0.001133824634134541,
        0.0003854293168185852,
        -0.00038449199004835747,
        -0.0006769678557877663,
        -0.0011294783027204045,
        -0.0003388171092872659
    ]
}