{
    "bins": [
        [
            -1.0,
            -0.75,
            -0.5,
            -0.25,
            0.0,
            0.25,
            0.5,
            0.75,
            1.0
        ],
        [
            0.0,
            0.7853982,
            1.570796,
            2.356194,
            3.141593,
            3.926991,
            4.712389,
            5.497787,
            6.283185
        ]
    ],
    "zvals": [
        -0.0005446419408651561,
        -0.0005245122917329282,
        -0.0005165350561116786,
        -0.00047598262793815634,
        -0.0003662350553477344,
        -0.000366468720317597,
        -0.0006082775866503354,
        -0.0006053537187515122,
        -0.00041111018589041836,
        -0.00024391843216265693,
        -0.00041742530538656843,
        -0.0004352975748632224,
        -0.0003211905301515918,
        -0.00038122480576726714,
        -0.0005132709785357234,
        -0.00030255091049378796,
        -0.00019727078569826108,
        -0.0002377905820464483,
        -0.00026342027863580003,
        -0.0002680301859309727,
        -0.00016710294653156737,
        -0.000313861710877797,
        -0.00021219809574254077,
        -0.0002464811980677313,
        -4.733316679360864e-05,
        -8.074909300739064e-05,
        -7.510632825650182e-05,
        -6.700436338727196e-05,
        -4.6306076664315406e-05,
        -6.0024497133937206e-05,
        -6.429830480851748e-05,
        -5.591361322539656e-05,
        7.690534559412028e-05,
        7.750446970948989e-05,
        8.446245088477436e-05,
        6.32048169147147e-05,
        9.557839464831839e-05,
        6.54372432830234e-05,
        7.16798871400233e-05,
        7.348274378086017e-05,
        0.00023213040213231962,
        0.00021214599786248446,
        0.00017912345078546167,
        0.00023065412611933552,
        0.0002884329219071094,
        0.0001601227403176479,
        0.0002015365458022557,
        0.0002488638881178715,
        0.00034345482329855095,
        0.0005583178358788374,
        0.00033977443283532687,
        0.0004358346267311265,
        0.0003258580745049006,
        0.0003000158900328242,
        0.00038108403637391496,
        0.000429738858515046,
        0.0005218453518228078,
        0.0007437082202165577,
        0.00030287961008304077,
        0.0003374968391861971,
        0.0007391971968352349,
        0.00046059470485027986,
        0.00048595305819469886,
        0.00034877150183728516
    ]
}