{
    "bins": [
        -1.0,
        -0.75,
        -0.5,
        -0.25,
        0.0,
        0.25,
        0.5,
        0.75,
        1.0
    ],
    "yvals": [
        -0.0434686,
        -0.027821816,
        -0.01691552,
        -0.005942204,
        0.005468924,
        0.018389596,
        0.030998036,
        0.036755092
    ]
}