{
    "bins": [
        [
            -1.0,
            -0.75,
            -0.5,
            -0.25,
            0.0,
            0.25,
            0.5,
            0.75,
            1.0
        ],
        [
            0.0,
            0.7853982,
            1.570796,
            2.356194,
            3.141593,
            3.926991,
            4.712389,
            5.497787,
            6.283185
        ]
    ],
    "zvals": [
        0.10807557236571207,
        0.15106505263956685,
        0.13869166970122157,
        0.18086266980222793,
        0.09063725652471737,
        0.14693793465224003,
        0.11222799141327075,
        0.04396097774631461,
        0.08035536623333232,
        0.11005561767552698,
        0.07870735601567615,
        0.11233230498128977,
        0.1285581068451918,
        0.11974800037687901,
        0.1274982110980675,
        0.12987295613179564,
        0.0827456951136379,
        0.10452430602683124,
        0.09906039995008901,
        0.07371631489217582,
        0.08581391854830286,
        0.07313632069345734,
        0.09658053623767825,
        0.07584068204910123,
        0.08780947040622196,
        0.06545014513664286,
        0.07272857837682298,
        0.06059432212162227,
        0.059713928479573394,
        0.08010761422870954,
        0.07708051204612186,
        0.08372509224622422,
        0.09670574747943145,
        0.07002336904941674,
        0.08673813786131364,
        0.08692651760442782,
        0.08031382814827638,
        0.07800982431837108,
        0.05354722064481958,
        0.09460767661746021,
        0.05404010347871946,
        0.09312620941897215,
        0.07536107807761162,
        0.0685420276827447,
        0.06235228508348631,
        0.09522519792512843,
        0.0804651399672523,
        0.04759065340120552,
        0.17392787505751858,
        0.05510191141355374,
        0.09280660251235681,
        0.10024581136466944,
        0.11627582448643868,
        0.14155401465244374,
        0.0851223965428993,
        0.1043186257158791,
        0.1681924404715977,
        0.1374978132100701,
        0.0866697394187406,
        0.19158369185598656,
        0.18267258128999558,
        0.20554200545455942,
        0.06281844364258632,
        0.07595919521058116
    ]
}