{
    "bins": [
        -1.0,
        -0.75,
        -0.5,
        -0.25,
        0.0,
        0.25,
        0.5,
        0.75,
        1.0
    ],
    "yvals": [
        0.0008515392,
        -0.0024083824,
        -0.0029118712,
        -0.0008728352,
        0.0043614,
        -0.0022967568,
        0.004267652,
        -0.004657492
    ]
}