{
    "bins": [
        -1.0,
        -0.75,
        -0.5,
        -0.25,
        0.0,
        0.25,
        0.5,
        0.75,
        1.0
    ],
    "yvals": [
        -0.0002404002,
        2.380832e-05,
        -0.00021300284,
        0.0011473768,
        -8.488196e-05,
        -3.3380968e-05,
        -0.00013147244,
        -6.27074e-05
    ]
}