{
    "bins": [
        [
            -1.0,
            -0.75,
            -0.5,
            -0.25,
            0.0,
            0.25,
            0.5,
            0.75,
            1.0
        ],
        [
            0.0,
            0.7853982,
            1.570796,
            2.356194,
            3.141593,
            3.926991,
            4.712389,
            5.497787,
            6.283185
        ]
    ],
    "zvals": [
        0.0021300283092067183,
        0.0018655937156941361,
        -0.0013997178500581874,
        -0.0019880667024022186,
        0.0015425468361263965,
        0.0013401164759777849,
        -0.0015819413851321244,
        -0.0023151619943009793,
        0.0044948058195193215,
        0.0030151528308329867,
        -0.005041051288646012,
        -0.004465616584691348,
        0.0037968515325987576,
        0.004104964362017729,
        -0.00467088584386515,
        -0.0034191622591348597,
        0.005489536390585056,
        0.007187883643167831,
        -0.006381207999001781,
        -0.006706624276323245,
        0.005322178054947935,
        0.007269374253563163,
        -0.00623694483561201,
        -0.006126855428712578,
        0.005282202072782953,
        0.007180605802562727,
        -0.007376682904718374,
        -0.00646781062873775,
        0.00568026911196616,
        0.0063028630070359245,
        -0.0063576785273199085,
        -0.005599958237734246,
        0.0059548341210866025,
        0.009065902654680214,
        -0.008425394513355014,
        -0.007325316176873156,
        0.009292246733503266,
        0.007808525104469328,
        -0.006843495909080493,
        -0.008366861132826925,
        0.00502440774628717,
        0.005743117691442476,
        -0.004482332269753681,
        -0.006046623435986041,
        0.007518557470225284,
        0.005492384752698634,
        -0.006640521111589285,
        -0.005924160743979487,
        0.004949836146810624,
        0.006308884491400408,
        -0.00457685708392433,
        -0.004160127018241684,
        0.0038953977473841278,
        0.004266722349687675,
        -0.003991205987282882,
        -0.005067079875426218,
        0.0012478490528753437,
        0.0015053635240638563,
        -0.0011044825680737668,
        -0.0007614524591958992,
        0.0019496744325806783,
        0.0015454014397795772,
        -0.0012226290364885067,
        -0.0014941749278709652
    ]
}