{
    "bins": [
        [
            -1.0,
            -0.75,
            -0.5,
            -0.25,
            0.0,
            0.25,
            0.5,
            0.75,
            1.0
        ],
        [
            0.0,
            0.7853982,
            1.570796,
            2.356194,
            3.141593,
            3.926991,
            4.712389,
            5.497787,
            6.283185
        ]
    ],
    "zvals": [
        0.08497742928364235,
        0.08296585501003441,
        0.10046590391113806,
        0.05776727497743185,
        0.12938550900307863,
        0.05715634620918313,
        0.07821838099918768,
        0.10744086437704199,
        0.043646191193206195,
        0.11560796325123396,
        0.0845299325946845,
        0.060196460652483644,
        0.0667585096982676,
        0.0818945808367223,
        0.06644789011431149,
        0.07561516581402043,
        0.10380981265299563,
        0.049650956496185755,
        0.07646467141500235,
        0.049606887709304444,
        0.0636149824674878,
        0.0747727903559724,
        0.05844140168424163,
        0.0851409858441198,
        0.05159044163839438,
        0.0392481669798413,
        0.05855502560485259,
        0.059631703121598066,
        0.051800539344383334,
        0.062261935986595345,
        0.05119926457668597,
        0.05444169707587747,
        0.052475546799063195,
        0.05251672464577823,
        0.06040550141456945,
        0.03679756149422141,
        0.07264780404330032,
        0.05646268516089933,
        0.030567951535399894,
        0.038396140555489074,
        0.0816626776073589,
        0.04957137389485939,
        0.056291918237632396,
        0.07435486930846615,
        0.04064188602466519,
        0.055976154764845354,
        0.06906302282409685,
        0.04185093926900758,
        0.07098452733912555,
        0.06675216049752113,
        0.04620304609892056,
        0.0832783846172455,
        0.06123738537658612,
        0.08931344362985394,
        0.07376209259509194,
        0.07956816798616755,
        0.1685352474706461,
        0.11739768051298335,
        0.09059417008955971,
        0.07651285524937007,
        0.13077935008747152,
        0.041725489497044826,
        0.10260469214334644,
        0.09352211235577379
    ]
}