{
    "bins": [
        [
            -1.0,
            -0.75,
            -0.5,
            -0.25,
            0.0,
            0.25,
            0.5,
            0.75,
            1.0
        ],
        [
            0.0,
            0.7853982,
            1.570796,
            2.356194,
            3.141593,
            3.926991,
            4.712389,
            5.497787,
            6.283185
        ]
    ],
    "zvals": [
        0.2632401754931447,
        0.2366065196515702,
        0.2873145589879272,
        0.20194800349885852,
        0.23182676808446157,
        0.12365272129544513,
        0.12471954346713389,
        0.20832602069269343,
        0.16515352339743075,
        0.16871567503754148,
        0.16463612079480727,
        0.15709666042355544,
        0.1756072207976083,
        0.21402733391223308,
        0.18861076804371799,
        0.14183743783406633,
        0.13542389070919694,
        0.14685954047744976,
        0.09824690157092329,
        0.1820074127927334,
        0.13014853615619082,
        0.15510826358101246,
        0.15717498643999606,
        0.14686413767287418,
        0.11862884330521765,
        0.15126357624123724,
        0.126243051293739,
        0.12154683161042985,
        0.13024825629808068,
        0.10843526466835926,
        0.12494129091237821,
        0.11031334431714879,
        0.15684105209306565,
        0.10188752756883199,
        0.12083208768038628,
        0.12346707851677938,
        0.11139468142266719,
        0.09183023129674384,
        0.1543543528249372,
        0.11700809016575038,
        0.13755417315700494,
        0.13433610330968584,
        0.1346332432728375,
        0.1554935516851944,
        0.15573861914596163,
        0.1210820501198119,
        0.1429411839602342,
        0.10961739143720765,
        0.14090854804607394,
        0.19255887908012984,
        0.16397337400910114,
        0.26315887848087405,
        0.08808359583294072,
        0.15852966266784488,
        0.1779664323056591,
        0.19453123129929034,
        0.15398105063138673,
        0.20290746931045642,
        0.12204645288121439,
        0.22935185810015038,
        0.19786090619023722,
        0.48130272804361623,
        0.1747585300701046,
        0.21861272883302482
    ]
}