{
    "bins": [
        0.0,
        0.7853982,
        1.570796,
        2.356194,
        3.141593,
        3.926991,
        4.712389,
        5.497787,
        6.283185
    ],
    "yvals": [
        0.2664835493638768,
        0.24386852114940988,
        0.2805988810768554,
        0.24467436296710338,
        0.21999572191423958,
        0.2545462300642477,
        0.2696769026659096,
        0.2313665173580784
    ]
}