{
    "bins": [
        -1.0,
        -0.75,
        -0.5,
        -0.25,
        0.0,
        0.25,
        0.5,
        0.75,
        1.0
    ],
    "yvals": [
        -0.00037930936,
        -0.0004649144,
        -0.0001922528,
        -9.945252e-05,
        0.0006390328,
        0.0008266292,
        -0.0008228736,
        -1.1615256e-05
    ]
}