{
    "bins": [
        [
            -1.0,
            -0.75,
            -0.5,
            -0.25,
            0.0,
            0.25,
            0.5,
            0.75,
            1.0
        ],
        [
            0.0,
            0.7853982,
            1.570796,
            2.356194,
            3.141593,
            3.926991,
            4.712389,
            5.497787,
            6.283185
        ]
    ],
    "zvals": [
        0.0006405672943991977,
        0.0018933753061187591,
        0.0016148913035174527,
        0.0016916054132994822,
        -0.0011305361103542404,
        -0.002076301187423447,
        -0.0016246402460917907,
        -0.0017117227189272193,
        0.0012175215069247674,
        0.0032891999442830116,
        0.0027592573446838424,
        0.001457269489775261,
        -0.0013801807491233737,
        -0.0037460197250311317,
        -0.0030159088767733057,
        -0.0013715904547757954,
        0.001060047247370824,
        0.002094434183543677,
        0.0023330703668713194,
        0.0009352739180976804,
        -0.000691132903317808,
        -0.001548271322310472,
        -0.003005525860773774,
        -0.0006248510946042645,
        0.000600772958226795,
        0.0007427049069910815,
        0.00085136249392028,
        0.00032550329195733634,
        -0.000398890702548262,
        -0.0008951868988716551,
        -0.0008740582481748109,
        -0.00019398699767506414,
        -0.00041884557413042196,
        -0.0008131420790840004,
        -0.001019437788229662,
        -0.0003996879547847655,
        0.0003844991711208838,
        0.0008114336934904344,
        0.0010037428157443746,
        8.729566410915232e-05,
        -0.0006776929206102077,
        -0.0013156746810342478,
        -0.002508677129302596,
        -0.0004800994144377571,
        0.0007556163881242375,
        0.0010557398923857716,
        0.0017028874532402684,
        0.0007837565158047259,
        -0.0008773694668513372,
        -0.003900394933624718,
        -0.003210461447571805,
        -0.0010895618660069595,
        0.0015567286904219256,
        0.0027298327726834044,
        0.003029558516828411,
        0.0010171576703785852,
        -0.0010186445550804675,
        -0.002212751805518172,
        -0.0015784924331358116,
        -0.0012210965381926895,
        0.001448056144782645,
        0.00494150074229881,
        0.0016197998976315196,
        0.0011971958166432817
    ]
}