{
    "bins": [
        0.0,
        0.7853982,
        1.570796,
        2.356194,
        3.141593,
        3.926991,
        4.712389,
        5.497787,
        6.283185
    ],
    "yvals": [
        0.00015826952493652266,
        6.293046657375409e-05,
        -6.031240211968965e-05,
        -0.00015072988379155055,
        -0.00014949910745889339,
        -6.369830328062971e-05,
        7.026540683831638e-05,
        0.00014039913521552132
    ]
}