{
    "bins": [
        [
            -1.0,
            -0.75,
            -0.5,
            -0.25,
            0.0,
            0.25,
            0.5,
            0.75,
            1.0
        ],
        [
            0.0,
            0.7853982,
            1.570796,
            2.356194,
            3.141593,
            3.926991,
            4.712389,
            5.497787,
            6.283185
        ]
    ],
    "zvals": [
        0.0012282819084637575,
        -0.00035609669393013327,
        -0.00044029905856648484,
        0.0012523076805547246,
        0.001376148143998329,
        -0.0005270540541228779,
        -0.0012098187161159058,
        0.002421324729627527,
        0.0014718393803296213,
        -0.004092549278849521,
        -0.002079031522871207,
        0.0014917401218998243,
        0.0006204971237512698,
        -0.005290112783582338,
        -0.0033663737366277993,
        0.002972026921382536,
        0.004624653838014907,
        -0.004951015650922373,
        -0.003716763220685564,
        0.0054189170090616365,
        0.003051137894417861,
        -0.003947089246471217,
        -0.004064162628374405,
        0.004958056424895404,
        0.00325452133707462,
        -0.007882324091052967,
        -0.009202972251011592,
        0.006341816070557767,
        0.00521383553306731,
        -0.005965963753409101,
        -0.003976427747460524,
        0.006515682494735155,
        0.004337789416884326,
        -0.0039206455633056265,
        -0.0033502937364240813,
        0.007627863035221588,
        0.006327614788935035,
        -0.004458800760888112,
        -0.005784359012882641,
        0.0035938237683314713,
        0.0038781973271647422,
        -0.00471700888390571,
        -0.004328778530121036,
        0.004168380148179461,
        0.003935234365251756,
        -0.002543063771489105,
        -0.0022382934512183636,
        0.003576145088222787,
        0.002915857459311722,
        -0.0035532256392875046,
        -0.0023339458465644176,
        0.002544556333787031,
        0.002934957817565106,
        -0.003994914680200358,
        -0.002786819421490761,
        0.005352888599156098,
        0.0016442935570771615,
        -0.0012578950437599902,
        -0.0008880990274994337,
        0.0010729715724109657,
        0.0007492598656986647,
        -0.000855496958230095,
        -0.0011812660587370992,
        0.001030634659115506
    ]
}