{
    "bins": [
        [
            -1.0,
            -0.75,
            -0.5,
            -0.25,
            0.0,
            0.25,
            0.5,
            0.75,
            1.0
        ],
        [
            0.0,
            0.7853982,
            1.570796,
            2.356194,
            3.141593,
            3.926991,
            4.712389,
            5.497787,
            6.283185
        ]
    ],
    "zvals": [
        -0.023364071880989795,
        -0.02469705415523191,
        -0.0365101311691652,
        -0.03077255764267589,
        -0.019988846419267677,
        -0.014686327186980363,
        -0.0280904407701573,
        -0.025734794333573556,
        -0.0030298831853701725,
        -0.00149056236215584,
        -0.0036882069982352903,
        -0.0012326636524874618,
        -0.0019811565601134703,
        -0.0019516046641320712,
        -0.002581029236132509,
        -0.002819535063751118,
        0.008487159761761613,
        0.012417564704153743,
        0.005358241299315763,
        0.014426547525525243,
        0.007370596818428361,
        0.011543110626714101,
        0.009519963126975116,
        0.008129860274663295,
        0.02218028510887853,
        0.014628108201983759,
        0.0161045024306148,
        0.015601532469483665,
        0.01460162108892561,
        0.01867547409084312,
        0.020118258513517992,
        0.022150247390495016,
        0.01887340205261484,
        0.016681131523413995,
        0.014063147601598172,
        0.010972624105709329,
        0.02154536171469751,
        0.01331979455002432,
        0.0211655237217309,
        0.014016287283644728,
        0.009821682810070101,
        0.014501874082153018,
        0.008403082258931143,
        0.004903020757602187,
        0.008992964076812007,
        0.006934064003218752,
        0.012164079867786781,
        0.012137122834537396,
        -0.0018608389986124235,
        -0.001292212939735762,
        -0.004091598909088132,
        -0.0040469478570764675,
        -0.003505349389736158,
        -0.00390074331740086,
        -0.0026099923860259393,
        -0.004012727814432938,
        -0.020789764988002262,
        -0.020801703289721463,
        -0.028045581985184587,
        -0.019736118838959562,
        -0.025506991359794645,
        -0.027859607485631495,
        -0.020286703047372165,
        -0.018146335997799846
    ]
}