{
    "bins": [
        0.0,
        0.7853982,
        1.570796,
        2.356194,
        3.141593,
        3.926991,
        4.712389,
        5.497787,
        6.283185
    ],
    "yvals": [
        0.0016525158830259603,
        -0.0011936775223969306,
        -0.0031601570159333235,
        -0.0017420457627269708,
        -0.00091283935024026,
        0.001993598150237205,
        0.00048449397630246076,
        0.0007863392827585506
    ]
}