{
    "bins": [
        -1.0,
        -0.75,
        -0.5,
        -0.25,
        0.0,
        0.25,
        0.5,
        0.75,
        1.0
    ],
    "yvals": [
        0.00014959908,
        2.852434e-05,
        -0.00021390464,
        -9.902536e-06,
        -5.270556e-05,
        -0.00017287476,
        0.000170491,
        0.00030163328
    ]
}