{
    "bins": [
        [
            -1.0,
            -0.75,
            -0.5,
            -0.25,
            0.0,
            0.25,
            0.5,
            0.75,
            1.0
        ],
        [
            0.0,
            0.7853982,
            1.570796,
            2.356194,
            3.141593,
            3.926991,
            4.712389,
            5.497787,
            6.283185
        ]
    ],
    "zvals": [
        0.003309012421979067,
        0.0013512495196701592,
        -0.0015347413667974711,
        -0.002287690205869883,
        -0.0043515690134174,
        -0.0019606456853722577,
        0.0012342435300319076,
        0.0026306917002589776,
        0.00383560237342026,
        0.0013155050854484185,
        -0.0013995131130967995,
        -0.002889102227020916,
        -0.003799033865632455,
        -0.0016182755749314364,
        0.0009504806480281338,
        0.004729595440782891,
        0.0020263127672052214,
        0.001606133350513587,
        -0.000837275368666587,
        -0.00254009490717457,
        -0.004110447441933897,
        -0.0008727524134260593,
        0.0011937799688820194,
        0.0027492389845657876,
        0.0010912742096938852,
        0.00029359058556059105,
        -0.0004987058281279047,
        -0.000925579991825811,
        -0.00040080988237810625,
        -0.00045550531068324604,
        0.0004108420444156976,
        0.0011802632550630384,
        -0.0005227182848139962,
        -0.0005809631756034967,
        0.00037869885077374796,
        0.0009898489812184637,
        0.0012360668094392904,
        0.00048449850903618303,
        -0.000253244342358906,
        -0.0009586344757689735,
        -0.003211860174876897,
        -0.0008467072354926382,
        0.0013143394813839612,
        0.003606486893922707,
        0.0033647720009472894,
        0.0008770136924209129,
        -0.0017698787111757354,
        -0.004457814763979538,
        -0.0042856171557306855,
        -0.0011210629823511092,
        0.0013023048187033837,
        0.0029497261901275658,
        0.003615748448557291,
        0.0013298424493059572,
        -0.0021306338951716207,
        -0.0032530783118877317,
        -0.0012081229623393584,
        -0.002137985107674098,
        0.00040856182470543604,
        0.00402065294200782,
        0.0024556186799558942,
        0.0018419461215842163,
        -0.001471489868830835,
        -0.002678637837122071
    ]
}