{
    "bins": [
        -1.0,
        -0.75,
        -0.5,
        -0.25,
        0.0,
        0.25,
        0.5,
        0.75,
        1.0
    ],
    "yvals": [
        -0.6590912,
        -0.11170312,
        0.3149398,
        0.4536332,
        0.5416364,
        0.2912162,
        -0.11086472,
        -0.6771796
    ]
}