{
    "bins": [
        -1.0,
        -0.75,
        -0.5,
        -0.25,
        0.0,
        0.25,
        0.5,
        0.75,
        1.0
    ],
    "yvals": [
        -0.962802,
        -0.12143376,
        0.37296652,
        0.545978,
        0.607126,
        0.34014908,
        -0.13133748,
        -0.7138528
    ]
}