{
    "bins": [
        0.0,
        0.7853982,
        1.570796,
        2.356194,
        3.141593,
        3.926991,
        4.712389,
        5.497787,
        6.283185
    ],
    "yvals": [
        -8.657780219002283e-06,
        1.272165009884163e-07,
        -4.1590034606658034e-05,
        -2.8790983945739686e-06,
        -1.8506617027290615e-05,
        1.8849003944496936e-05,
        2.3697259223985803e-05,
        7.612792495015268e-06
    ]
}