{
    "bins": [
        [
            -1.0,
            -0.75,
            -0.5,
            -0.25,
            0.0,
            0.25,
            0.5,
            0.75,
            1.0
        ],
        [
            0.0,
            0.7853982,
            1.570796,
            2.356194,
            3.141593,
            3.926991,
            4.712389,
            5.497787,
            6.283185
        ]
    ],
    "zvals": [
        0.0007068327887688054,
        0.003999017567912719,
        0.002792151240517547,
        0.0014802025467310245,
        -0.0019434538921667736,
        -0.003741261882510524,
        -0.003414634109075909,
        -0.0009520828930045662,
        0.0022896838826470443,
        0.002155386225935443,
        0.005020821545254764,
        0.0017952520947951296,
        -0.001041204077423166,
        -0.005165676510508049,
        -0.0026256007782041726,
        -0.0012826811374615167,
        0.0012845315917454356,
        0.0019146491115712317,
        0.0022311984497032085,
        0.001640711027133979,
        -0.0008541926513691145,
        -0.0058291261245890635,
        -0.0032680042475280056,
        -0.0013175266552754147,
        0.0005553203457812864,
        0.0017143923754306416,
        0.0006415503986513845,
        0.0006171156316725639,
        -0.00023740529005676094,
        -0.0007474426978423681,
        -0.0008849668575677557,
        -0.0004604897898899667,
        -0.0003754598368063487,
        -0.0010494839685061506,
        -0.0007679729258286884,
        -0.00037211572716542803,
        0.00039540390986480726,
        0.0004600832189539572,
        0.0009248727396810282,
        0.0006639471961986154,
        -0.0020178243342039745,
        -0.0022131892908281636,
        -0.003279254594485854,
        -0.0014832629020408738,
        0.0011856612825599246,
        0.003235962403774902,
        0.0032036424844473763,
        0.0013440767610816428,
        -0.0013885776667173417,
        -0.003451193267921046,
        -0.004581959719785383,
        -0.0008717780389330774,
        0.001991026205821761,
        0.0032189376596324423,
        0.004198390624880635,
        0.001663039630862315,
        -0.0022909459176249703,
        -0.0038075808208273563,
        -0.0038048123371844603,
        -0.001087455930043201,
        0.0018803842128449519,
        0.003266800781259948,
        0.004192653915594387,
        0.002115571977519678
    ]
}