{
    "bins": [
        -1.0,
        -0.75,
        -0.5,
        -0.25,
        0.0,
        0.25,
        0.5,
        0.75,
        1.0
    ],
    "yvals": [
        -0.00028941576,
        0.00037640216,
        0.00012909208,
        -0.00024159296,
        0.0002919474,
        -0.00032573124,
        -6.59242e-05,
        0.00032169196
    ]
}