{
    "bins": [
        0.0,
        0.7853982,
        1.570796,
        2.356194,
        3.141593,
        3.926991,
        4.712389,
        5.497787,
        6.283185
    ],
    "yvals": [
        0.31793286513770974,
        0.33378384813402834,
        0.30448142215793783,
        0.3585175178476163,
        0.3052271587144351,
        0.3634920129666743,
        0.31136672107644797,
        0.311777595563014
    ]
}