{
    "bins": [
        -1.0,
        -0.75,
        -0.5,
        -0.25,
        0.0,
        0.25,
        0.5,
        0.75,
        1.0
    ],
    "yvals": [
        6.377316e-07,
        -3.9649916e-06,
        2.1555148e-06,
        1.8641916e-06,
        1.2263016e-06,
        -2.056972e-06,
        -6.26682e-07,
        4.24698e-07
    ]
}