{
    "bins": [
        -1.0,
        -0.75,
        -0.5,
        -0.25,
        0.0,
        0.25,
        0.5,
        0.75,
        1.0
    ],
    "yvals": [
        0.5485044,
        0.4670736,
        0.4410032,
        0.33672284,
        0.3143712,
        0.36867596,
        0.4485404,
        0.6453392
    ]
}