{
    "bins": [
        -1.0,
        -0.75,
        -0.5,
        -0.25,
        0.0,
        0.25,
        0.5,
        0.75,
        1.0
    ],
    "yvals": [
        0.5792612,
        0.5277188,
        0.419094,
        0.329734,
        0.37336892,
        0.438214,
        0.391738,
        0.693812
    ]
}