{
    "bins": [
        0.0,
        0.7853982,
        1.570796,
        2.356194,
        3.141593,
        3.926991,
        4.712389,
        5.497787,
        6.283185
    ],
    "yvals": [
        0.004633480188775578,
        0.00461280258233471,
        0.015082633263644677,
        -0.008429938158821185,
        0.004761886330242754,
        -0.005641169190652384,
        -0.0034442842991706125,
        -0.004563571590454777
    ]
}