{
    "bins": [
        [
            -1.0,
            -0.75,
            -0.5,
            -0.25,
            0.0,
            0.25,
            0.5,
            0.75,
            1.0
        ],
        [
            0.0,
            0.7853982,
            1.570796,
            2.356194,
            3.141593,
            3.926991,
            4.712389,
            5.497787,
            6.283185
        ]
    ],
    "zvals": [
        0.0020180901866085252,
        0.0057696825735951895,
        0.0034624844983053185,
        0.0031163839016856406,
        -0.001868973946967015,
        -0.0071890684722904835,
        -0.006632576095177224,
        -0.0030371933720228475,
        0.003559916994971468,
        0.006284585976685954,
        0.00499192002016812,
        0.0034116575142061553,
        -0.003916471903417119,
        -0.008924438310257986,
        -0.005571936776004014,
        -0.0022211862011362396,
        0.0036686190520935744,
        0.0054677616871348506,
        0.007462896518707714,
        0.0019377121692286344,
        -0.0018093578033048206,
        -0.0049299061112964395,
        -0.00562847880946985,
        -0.0021387057262687204,
        0.0009088826534107158,
        0.0023253291516732028,
        0.0021475094156083925,
        0.0009550554558892997,
        -0.0008264828787442796,
        -0.002159988693630491,
        -0.0022358992510803444,
        -0.0010133873526543232,
        -0.0006709885507758994,
        -0.0020921275817171884,
        -0.0018625848296023166,
        -0.0007956923805607087,
        0.0010653584552036033,
        0.001641050270054164,
        0.002222118212676885,
        0.0006860985131105505,
        -0.0013165428695915014,
        -0.0053251078625379394,
        -0.0049123297996684495,
        -0.001716628108770192,
        0.0019975360263204127,
        0.006434139124367519,
        0.00804599960784214,
        0.0022297169078607285,
        -0.004369740597826682,
        -0.005858025067042459,
        -0.0075021224907626475,
        -0.0028899400177489405,
        0.0028705155857285084,
        0.008091902449458748,
        0.004912073114522829,
        0.002912106218757879,
        -0.001459911672830419,
        -0.011468150280023704,
        -0.011941634687126784,
        -0.006286593183846682,
        0.001800646296527365,
        0.0018362262190634562,
        0.005416978398213391,
        0.0032361610291852037
    ]
}