{
    "bins": [
        0.0,
        0.7853982,
        1.570796,
        2.356194,
        3.141593,
        3.926991,
        4.712389,
        5.497787,
        6.283185
    ],
    "yvals": [
        -0.0014603305686211147,
        -0.001096366962066866,
        0.001415868133099397,
        0.0010156450415648608,
        -0.0013588931980982885,
        -0.0011155811448463075,
        0.0012991324143937215,
        0.0013602135477808705
    ]
}