{
    "bins": [
        [
            -1.0,
            -0.75,
            -0.5,
            -0.25,
            0.0,
            0.25,
            0.5,
            0.75,
            1.0
        ],
        [
            0.0,
            0.7853982,
            1.570796,
            2.356194,
            3.141593,
            3.926991,
            4.712389,
            5.497787,
            6.283185
        ]
    ],
    "zvals": [
        0.000289745049071923,
        0.0007216511174337386,
        0.0005466639843748013,
        0.0002499613572209794,
        -0.00021687027468875644,
        -0.0004426956014657538,
        -0.0006964321274054685,
        -0.00038568185811524864,
        0.000328643024646606,
        0.0004890190423247939,
        0.0008342954782161403,
        0.0003028866092266479,
        -0.00026052095880050615,
        -0.0007567556831058904,
        -0.001038145755400447,
        -0.0002489335598002542,
        0.00020348312486583237,
        0.0005565037233361234,
        0.0006551501277059531,
        0.00024146559901400437,
        -0.00018800526611985254,
        -0.0007683029495873431,
        -0.0005107321383553308,
        -0.00021633169424928512,
        4.024480320937838e-05,
        0.0002113753310742658,
        0.00018885691076371474,
        7.143182000486378e-05,
        -5.299595873684423e-05,
        -0.00015748336512188727,
        -0.00016188047333963167,
        -5.202758346723573e-05,
        -7.641825509658666e-05,
        -0.00019714391866134585,
        -0.0002151105554126698,
        -7.178893785197079e-05,
        0.00011200344284044519,
        0.0001627196402333594,
        0.00018917282702527895,
        7.808138039567202e-05,
        -0.00018284951506127717,
        -0.0005027374917525871,
        -0.00043134084884351636,
        -0.00019033831211906306,
        0.00027825718934858495,
        0.00037524378722634903,
        0.00046445506609387865,
        0.00021198704351169733,
        -0.00033443162971343704,
        -0.0010867848114675136,
        -0.0006481335577630706,
        -0.00027614035668494614,
        0.0002799208554134336,
        0.0006060259893709941,
        0.0007689808224619876,
        0.0003639408809291596,
        -0.00018503200032798646,
        -0.0006648315032204063,
        -0.0002994768512270213,
        -0.00011067521094373688,
        0.00031398139541990164,
        0.0005940458213542689,
        0.0005742775000700283,
        0.00019655221938431221
    ]
}