{
    "bins": [
        -1.0,
        -0.75,
        -0.5,
        -0.25,
        0.0,
        0.25,
        0.5,
        0.75,
        1.0
    ],
    "yvals": [
        0.0010223176,
        -0.0015035268,
        -0.00965518,
        -0.0006741916,
        0.012293536,
        0.005651132,
        -0.009502752,
        0.0015297604
    ]
}