{
    "bins": [
        0.0,
        0.7853982,
        1.570796,
        2.356194,
        3.141593,
        3.926991,
        4.712389,
        5.497787,
        6.283185
    ],
    "yvals": [
        0.006122776955689483,
        0.014961042671624493,
        0.015048103000007642,
        0.006451326013911401,
        -0.00639869340130736,
        -0.015266208979396437,
        -0.015856979518664424,
        -0.006739221388391619
    ]
}