{
    "bins": [
        [
            -1.0,
            -0.75,
            -0.5,
            -0.25,
            0.0,
            0.25,
            0.5,
            0.75,
            1.0
        ],
        [
            0.0,
            0.7853982,
            1.570796,
            2.356194,
            3.141593,
            3.926991,
            4.712389,
            5.497787,
            6.283185
        ]
    ],
    "zvals": [
        0.14367427885625406,
        0.17420838204537878,
        0.16517668748838174,
        0.16889530035052247,
        0.13705219519275574,
        0.11442865910022691,
        0.18122903292343504,
        0.16626220082047577,
        0.11732102263539691,
        0.11666658602812485,
        0.13333866396400298,
        0.10804098299081105,
        0.11756546362481185,
        0.13940829999567103,
        0.07391381185080687,
        0.11755380074815573,
        0.10196865742753167,
        0.09266366674314595,
        0.07468743235913514,
        0.09878133280027095,
        0.11153855752115484,
        0.08156786750157247,
        0.10414790972220457,
        0.08545313331584753,
        0.06020808298261952,
        0.11961917896892504,
        0.07526324233064002,
        0.06550015979139266,
        0.09770888135696802,
        0.09057323802708947,
        0.0919533281215384,
        0.0974340143468662,
        0.06047851904931791,
        0.07555549557179814,
        0.07237940509143137,
        0.09576635569945977,
        0.10413314014041286,
        0.07943091273468994,
        0.10243723564358455,
        0.08894231969014439,
        0.10950007270197461,
        0.11476100391419482,
        0.12761463614625965,
        0.1122486786970699,
        0.07673485290260476,
        0.05821929773185062,
        0.12505313229725568,
        0.1061618695234773,
        0.15541925102451212,
        0.11178946516020288,
        0.07811046119292386,
        0.1386544164176425,
        0.09869009088385758,
        0.1662810956992506,
        0.1504407192277037,
        0.03413118953702455,
        0.14930138622675732,
        0.17880758005688324,
        0.19536036506331828,
        0.09201432647609688,
        0.12528944560592206,
        0.1690944973121908,
        0.07611503976327928,
        0.18584457816291872
    ]
}