{
    "bins": [
        [
            -1.0,
            -0.75,
            -0.5,
            -0.25,
            0.0,
            0.25,
            0.5,
            0.75,
            1.0
        ],
        [
            0.0,
            0.7853982,
            1.570796,
            2.356194,
            3.141593,
            3.926991,
            4.712389,
            5.497787,
            6.283185
        ]
    ],
    "zvals": [
        0.0005452612445508533,
        0.0038484314572819023,
        0.0013623584475641651,
        0.0014047662398347846,
        -0.0014075034568460825,
        -0.005166980308073106,
        -0.002454498228923425,
        -0.0003869682886893016,
        0.0015863906996476434,
        0.0026242986675032703,
        0.0026239384363087254,
        0.002300216323168224,
        -0.0025495308111301526,
        -0.003296672515081526,
        -0.0036181299162972155,
        -0.0011821451035016644,
        0.001990208788357294,
        0.006887480458947045,
        0.005351854728430683,
        0.0010849476508118805,
        -0.002131700870132085,
        -0.006256349010310698,
        -0.0043578527065258645,
        -0.0020284467238266463,
        0.0030675379699113135,
        0.005582648690892691,
        0.00485675542845793,
        0.002246694482676958,
        -0.0015278011912431653,
        -0.003337396835744426,
        -0.00631884471312634,
        -0.0024705624409535045,
        0.0022573293394357154,
        0.004177601719790914,
        0.005935110606342263,
        0.002283675940509219,
        -0.001998907050947417,
        -0.0040565221709248055,
        -0.0072698071550984355,
        -0.001983604236323495,
        0.002472527184299633,
        0.0040082954141200805,
        0.004833501485870859,
        0.00258155459836338,
        -0.0014636996783796237,
        -0.004783607801394963,
        -0.007808565848143237,
        -0.00213696087843361,
        0.002104228402866215,
        0.0051567294942766575,
        0.003308337938217312,
        0.002332810711498232,
        -0.0026964076812011225,
        -0.002923110575784507,
        -0.0029303160945151384,
        -0.0011564124176532155,
        0.0014422228113076907,
        0.0016254402546072829,
        0.0015306007909365702,
        0.0002460718692027874,
        -0.0015951352053353834,
        -0.0031655761792110508,
        -0.002784684962273905,
        -0.0010514928736767859
    ]
}