{
    "bins": [
        [
            -1.0,
            -0.75,
            -0.5,
            -0.25,
            0.0,
            0.25,
            0.5,
            0.75,
            1.0
        ],
        [
            0.0,
            0.7853982,
            1.570796,
            2.356194,
            3.141593,
            3.926991,
            4.712389,
            5.497787,
            6.283185
        ]
    ],
    "zvals": [
        -0.048139290362519294,
        -0.0641395736020651,
        -0.0768232666749852,
        -0.08596012981936571,
        -0.08663846864901613,
        -0.056416797598160436,
        -0.07772258141731965,
        -0.09108080234479846,
        -0.0072156824398120585,
        -0.004425370175470316,
        -0.007307245498460655,
        -0.007566666114930119,
        -0.007915619851336517,
        -0.0048550355361230875,
        -0.003844911751748796,
        -0.01594120687855075,
        0.028419077099998444,
        0.026693209479323726,
        0.02988695667674224,
        0.03235917030706686,
        0.03360299364144038,
        0.032076740709805734,
        0.02722554933931587,
        0.025873098734654282,
        0.06228412542834959,
        0.05483570236636772,
        0.03282247217334397,
        0.06423262570998944,
        0.05408732897206256,
        0.05278628160499519,
        0.07339412629011026,
        0.05504531460482457,
        0.047749673987029756,
        0.05598329916381227,
        0.05563105584684454,
        0.04261811894336509,
        0.032449076773814034,
        0.04566734318141886,
        0.0377550388465466,
        0.039656204879564255,
        0.03160820587569464,
        0.03204635408960911,
        0.029585804904010457,
        0.035106787760106645,
        0.03376960980292793,
        0.036615056315396785,
        0.04157385682163694,
        0.027631504027257524,
        -0.010426685469867386,
        -0.007318935703665073,
        -0.011468116801927178,
        -0.005002666924709607,
        -0.012360056939284282,
        -0.01706398539339291,
        -0.013869864705537834,
        -0.007701430357602135,
        -0.0674967678815663,
        -0.08430652594137644,
        -0.07818797603253384,
        -0.08377540587650353,
        -0.10293283150708299,
        -0.0501650729948383,
        -0.052597129098877274,
        -0.05420905069786275
    ]
}