{
    "bins": [
        -1.0,
        -0.75,
        -0.5,
        -0.25,
        0.0,
        0.25,
        0.5,
        0.75,
        1.0
    ],
    "yvals": [
        -0.0015592016,
        0.0028602512,
        -0.002687426,
        0.001862588,
        -0.0026617356,
        0.0013894528,
        0.0009498488,
        -0.000533424
    ]
}