{
    "bins": [
        0.0,
        0.7853982,
        1.570796,
        2.356194,
        3.141593,
        3.926991,
        4.712389,
        5.497787,
        6.283185
    ],
    "yvals": [
        6.75415859114523e-05,
        -0.00010308121565912203,
        -0.000672777241602347,
        0.0001461481361702778,
        7.881405351172269e-05,
        -0.00017129073412460946,
        0.000281381414263851,
        0.00011951663997107201
    ]
}