{
    "bins": [
        -1.0,
        -0.75,
        -0.5,
        -0.25,
        0.0,
        0.25,
        0.5,
        0.75,
        1.0
    ],
    "yvals": [
        0.0010725592,
        0.0008629832,
        -0.0023340076,
        0.00014266476,
        -0.0004058372,
        0.0032295112,
        -0.000650262,
        -0.004604164
    ]
}