{
    "bins": [
        [
            -1.0,
            -0.75,
            -0.5,
            -0.25,
            0.0,
            0.25,
            0.5,
            0.75,
            1.0
        ],
        [
            0.0,
            0.7853982,
            1.570796,
            2.356194,
            3.141593,
            3.926991,
            4.712389,
            5.497787,
            6.283185
        ]
    ],
    "zvals": [
        0.001717733501299086,
        0.0005960683872554774,
        -0.0009620941229796869,
        -0.004076744177163455,
        -0.0031082702018594387,
        -0.0009938242776273943,
        0.0010974792398249042,
        0.00407950414948854,
        0.0035196785528665586,
        0.0012959287637423992,
        -0.0013928540688924599,
        -0.0033893050538643414,
        -0.003073532654781396,
        -0.001586905492501891,
        0.001389752456716213,
        0.0037096641448030178,
        0.0025077684160722544,
        0.0006731590029918597,
        -0.0011373591478460604,
        -0.002341945431557718,
        -0.0021459341633159232,
        -0.0006916747941807849,
        0.0013852299089124242,
        0.002023091986483287,
        0.0012394222446651902,
        0.00036288235082909573,
        -0.0004092281874922015,
        -0.0008026396774123727,
        -0.0009314019134247856,
        -0.0004989006338187773,
        0.0004256123901512355,
        0.0006919747694799326,
        -0.0010907083820665747,
        -0.00044849445720372526,
        0.0005367021561042938,
        0.0007852518274151101,
        0.0009014125322447978,
        0.00030163743732477047,
        -0.0005566334520841664,
        -0.00047883228630579667,
        -0.0025730132816703674,
        -0.0009278268923085855,
        0.0012984835713867368,
        0.0020883494886038815,
        0.0017985897595868584,
        0.0005219198419145454,
        -0.0010421615537600049,
        -0.002329201755033754,
        -0.002705088959969605,
        -0.001857919642759376,
        0.0012337316876284384,
        0.0033147141771252575,
        0.0034762971130560547,
        0.0012344925757386703,
        -0.0012432641794351401,
        -0.003073595807475955,
        -0.0024763784790950627,
        -0.0008295266424224768,
        0.0010268948991466749,
        0.0025095295512217357,
        0.003505550052330155,
        0.002355518603306859,
        -0.0010992755265483236,
        -0.0027990618769082685
    ]
}