{
    "bins": [
        [
            -1.0,
            -0.75,
            -0.5,
            -0.25,
            0.0,
            0.25,
            0.5,
            0.75,
            1.0
        ],
        [
            0.0,
            0.7853982,
            1.570796,
            2.356194,
            3.141593,
            3.926991,
            4.712389,
            5.497787,
            6.283185
        ]
    ],
    "zvals": [
        -0.09599538170573857,
        -0.0853729918774919,
        -0.030049630887779198,
        -0.1032608903245357,
        -0.06453899806212898,
        -0.09150616630039804,
        -0.06734420001069523,
        -0.06994150736314583,
        -0.01266514743731269,
        -0.01809447900159639,
        -0.008101283680376067,
        -0.010296127191402079,
        -0.01385557895487383,
        -0.013336285552038587,
        -0.005169857830042858,
        -0.010065388503663114,
        0.03562483845774029,
        0.02454103640219007,
        0.0364820740567203,
        0.017332800270945088,
        0.022353212002067736,
        0.030825808061645185,
        0.030608562792367698,
        0.04083312155111168,
        0.054398596788227935,
        0.0660337474843958,
        0.06590936060443242,
        0.05776121436365465,
        0.05861206674832376,
        0.07107784842844013,
        0.04433780580037129,
        0.0596538824901515,
        0.0873933248128147,
        0.04913167823999507,
        0.075461001937871,
        0.044421538606491735,
        0.05152536675672714,
        0.04303556158788284,
        0.05867435363981066,
        0.03258216089167531,
        0.03194574675623142,
        0.02293063209497149,
        0.03357371421877826,
        0.04371014987286717,
        0.04400555132556995,
        0.03008786882574186,
        0.036072951548132295,
        0.04952132804005105,
        -0.016379543523272654,
        -0.010388478297239946,
        -0.0186749953526747,
        -0.007281567712716722,
        -0.013942760231118486,
        -0.014345027616571474,
        -0.01108133201255924,
        -0.008378376313665175,
        -0.08161648447882869,
        -0.07997027748231533,
        -0.055957667322809594,
        -0.05551980585664102,
        -0.07880610849531063,
        -0.11089052938764807,
        -0.13767063323308695,
        -0.07450072447345168
    ]
}