{
    "bins": [
        [
            -1.0,
            -0.75,
            -0.5,
            -0.25,
            0.0,
            0.25,
            0.5,
            0.75,
            1.0
        ],
        [
            0.0,
            0.7853982,
            1.570796,
            2.356194,
            3.141593,
            3.926991,
            4.712389,
            5.497787,
            6.283185
        ]
    ],
    "zvals": [
        -0.010959266267735272,
        -0.005929902019078739,
        -0.005102233517274045,
        -0.009945553788583892,
        -0.0066248857267270835,
        -0.007110565598588233,
        -0.0034805558455712907,
        -0.004970392590762901,
        -0.004957956868248488,
        -0.0059396906892278025,
        -0.002934732708766766,
        -0.004227364689794615,
        -0.006562593742280982,
        -0.003941406522552897,
        -0.005714468333252696,
        -0.006309707944252469,
        -0.002676871935790023,
        -0.002508115505289167,
        -0.0027104250329132496,
        -0.0027931779897860834,
        -0.0030507009185151974,
        -0.003586173124963395,
        -0.002019926712316558,
        -0.00292429214232784,
        -0.0010629751888914438,
        -0.0006881333255580802,
        -0.0012288638371882794,
        -0.0011680401935831343,
        -0.0009563523207342006,
        -0.0010322068556324311,
        -0.0013535557768163406,
        -0.0009765841013091453,
        0.0010097018302308307,
        0.001117229510956104,
        0.0011136167904680176,
        0.0010144749356696405,
        0.0006800052966776078,
        0.0014673808693172127,
        0.0006206285220996235,
        0.0011821889029511156,
        0.0024165199258159745,
        0.00427297351736916,
        0.0022880501350907444,
        0.00392950182009399,
        0.0027111130917063693,
        0.004154066091332039,
        0.0038308444890361327,
        0.00262960333486971,
        0.004645205451196603,
        0.0022961913058579995,
        0.004540820322944546,
        0.0038568773324132066,
        0.0034943119284744795,
        0.0037289644231332402,
        0.0046526718937405,
        0.005079255103781778,
        0.005283429475646875,
        0.008122691456482306,
        0.009144153664766147,
        0.005908614602259488,
        0.007452471231146499,
        0.00563387734626266,
        0.009192597893042765,
        0.008021945561358702
    ]
}