{
    "bins": [
        0.0,
        0.7853982,
        1.570796,
        2.356194,
        3.141593,
        3.926991,
        4.712389,
        5.497787,
        6.283185
    ],
    "yvals": [
        0.0028476523119100603,
        0.0029908576265428805,
        -0.003485432863338079,
        -0.0025954438444663157,
        0.0032635351757962197,
        0.0028337556245368596,
        -0.0027840394296904255,
        -0.003159687190443572
    ]
}