{
    "bins": [
        [
            -1.0,
            -0.75,
            -0.5,
            -0.25,
            0.0,
            0.25,
            0.5,
            0.75,
            1.0
        ],
        [
            0.0,
            0.7853982,
            1.570796,
            2.356194,
            3.141593,
            3.926991,
            4.712389,
            5.497787,
            6.283185
        ]
    ],
    "zvals": [
        0.0003183107880817654,
        0.00036249594791327403,
        -0.00020367940840185488,
        -0.0006719631677656834,
        -0.0006136801978105366,
        -0.00018174764896269156,
        0.000242233975640376,
        0.0005285223542713377,
        0.0006808368035475509,
        0.00028257176172380417,
        -0.0003439397604781271,
        -0.000954692328357943,
        -0.0006127593907802157,
        -0.00020500851797432642,
        0.00019813164790335607,
        0.0007842800720144438,
        0.0006067454700048969,
        0.00023637239625575726,
        -9.334385878242625e-05,
        -0.00047788484579175687,
        -0.00044490507997219233,
        -0.00022058222710014545,
        0.0003489726227976135,
        0.0005164026391714775,
        0.00014287723093839533,
        0.00011260520464915996,
        -7.44157739133535e-05,
        -0.00018218311966274468,
        -0.0002125807297701292,
        -9.290917471142022e-05,
        3.541056126957289e-05,
        0.00021430225185192737,
        -0.00020269249407498004,
        -4.364374842913999e-05,
        0.00014696579313927465,
        0.0001869874038546013,
        0.00022840918871705801,
        4.6969470255844814e-05,
        -9.028528211174464e-05,
        -0.00017972121141128454,
        -0.00048469746938559314,
        -0.00019394289110562826,
        0.000222170873875411,
        0.00030105309530569814,
        0.0005144112921092234,
        0.0002423603828886756,
        -0.00015487969157038854,
        -0.00043100527375929153,
        -0.0008718787488945099,
        -0.00021817916984233975,
        0.0002960833106272235,
        0.0006614757594547486,
        0.0005860407080231932,
        0.0003198314230492057,
        -0.00020948028897450725,
        -0.0008645710837053318,
        -0.00038011480036496135,
        -0.0002571489759711575,
        0.0002602291322361402,
        0.0005962146628656263,
        0.0007201133692726488,
        0.0002622105480278789,
        -0.0001392520480062338,
        -0.0008192676833910963
    ]
}