{
    "bins": [
        -1.0,
        -0.75,
        -0.5,
        -0.25,
        0.0,
        0.25,
        0.5,
        0.75,
        1.0
    ],
    "yvals": [
        0.0006095824,
        0.0006529784,
        -0.0027641204,
        0.000452098,
        0.0014108612,
        5.812844e-05,
        -0.0009394272,
        0.0005793928
    ]
}