{
    "bins": [
        0.0,
        0.7853982,
        1.570796,
        2.356194,
        3.141593,
        3.926991,
        4.712389,
        5.497787,
        6.283185
    ],
    "yvals": [
        -0.006183785498871781,
        -0.0027604126214766577,
        0.002742881952844291,
        0.006495178883599293,
        0.006604917506792732,
        0.0025926587539056634,
        -0.0025554126697546983,
        -0.006917095536275877
    ]
}