{
    "bins": [
        -1.0,
        -0.75,
        -0.5,
        -0.25,
        0.0,
        0.25,
        0.5,
        0.75,
        1.0
    ],
    "yvals": [
        0.014357256,
        0.010487952,
        0.006394604,
        0.0021068088,
        -0.0022679792,
        -0.005713236,
        -0.010506468,
        -0.014993864
    ]
}