{
    "bins": [
        0.0,
        0.7853982,
        1.570796,
        2.356194,
        3.141593,
        3.926991,
        4.712389,
        5.497787,
        6.283185
    ],
    "yvals": [
        3.2151257795090435e-05,
        3.118685843021205e-06,
        0.00023805662861377296,
        -0.00014676692992988277,
        2.9369160603923094e-05,
        -0.0002166436634674395,
        7.906027262610805e-05,
        -7.537159503843912e-06
    ],
    "yerrs": [
        9.025981151584907e-05,
        0.00020391758614105024,
        0.00019798989577867411,
        9.147157063205884e-05,
        9.184717267497778e-05,
        0.00020431813753066184,
        0.0002040801656315729,
        9.230231669632845e-05
    ]
}