{
    "bins": [
        -1.0,
        -0.75,
        -0.5,
        -0.25,
        0.0,
        0.25,
        0.5,
        0.75,
        1.0
    ],
    "yvals": [
        -0.00011711312,
        -0.0035806172,
        0.0008043332,
        0.0024856876,
        0.0018124376,
        -6.647024e-05,
        -0.0025697712,
        -0.00014306156
    ],
    "yerrs": [
        0.0014166128617233433,
        0.0019945233014432295,
        0.002187695408414983,
        0.0022415469658251643,
        0.0022402317737234244,
        0.002172767820085708,
        0.0020064787065902294,
        0.001454438723356883
    ]
}