{
    "bins": [
        -1.0,
        -0.75,
        -0.5,
        -0.25,
        0.0,
        0.25,
        0.5,
        0.75,
        1.0
    ],
    "yvals": [
        -20.9095,
        -2.99061,
        9.000548,
        15.055776,
        15.095736,
        9.015388,
        -2.9102936,
        -21.326616
    ],
    "yerrs": [
        0.36375220136790926,
        0.07216641878325403,
        0.1100498723306847,
        0.1714858828008883,
        0.17176220771753023,
        0.11054088836263258,
        0.07093926416308531,
        0.36984100367590395
    ]
}