{
    "bins": [
        [
            -1.0,
            -0.75,
            -0.5,
            -0.25,
            0.0,
            0.25,
            0.5,
            0.75,
            1.0
        ],
        [
            0.0,
            0.7853982,
            1.570796,
            2.356194,
            3.141593,
            3.926991,
            4.712389,
            5.497787,
            6.283185
        ]
    ],
    "zvals": [
        5.873020844712911,
        6.863151386469379,
        6.136246845548373,
        6.987037162003008,
        6.863093616230239,
        6.17841145508392,
        6.484559420828677,
        6.409687827063478,
        5.3598187518127745,
        5.057400466362396,
        4.739616856676489,
        5.069635179061853,
        5.498730579909802,
        5.132200489433385,
        5.398052961683123,
        5.33460487548988,
        4.23243547031302,
        4.2690697631187655,
        4.275070728471426,
        4.305048516741173,
        4.024856187563501,
        4.308004349387191,
        4.202940674664311,
        4.28494088347564,
        3.7996628971138455,
        3.828384036726357,
        3.790535244551171,
        3.855855176795489,
        3.6466728970534668,
        3.7887746085424214,
        3.650204354989446,
        3.768340128189785,
        3.7584170679280904,
        3.767018955235169,
        3.996576003503957,
        3.6415493271572794,
        3.8644177856322512,
        3.6931761985642955,
        3.810322409784594,
        3.6341798680414272,
        4.23831579955238,
        4.301765551164009,
        4.1355175337854195,
        4.333422375123982,
        4.08228235875314,
        4.080277260700945,
        4.457714432682539,
        4.198500123504263,
        5.219023929517537,
        4.884467463494295,
        5.105773123944804,
        5.165023128371694,
        5.04617735211956,
        5.542698097015782,
        5.083638104502432,
        4.965300140820324,
        6.292767159384882,
        7.208836082810519,
        6.489280594042767,
        6.2726232144425955,
        6.611791728524898,
        6.772729240461526,
        6.4705435970043235,
        6.7628947361719804
    ],
    "zerrs": [
        0.2775363493287672,
        0.31109627290658776,
        0.29473606797085233,
        0.30550335094819575,
        0.305282104728221,
        0.29733575381232435,
        0.30049892407283707,
        0.2899208816533506,
        0.1896770976429421,
        0.19429073728941526,
        0.18887121058377757,
        0.18516059953773806,
        0.1934288218053367,
        0.19807873193406397,
        0.2016766201350461,
        0.18819810989911517,
        0.13734255328307912,
        0.14781558815834375,
        0.1475393812204626,
        0.138505497723438,
        0.13464199806993013,
        0.14980991326004217,
        0.1465907529009006,
        0.1378817485780084,
        0.11760314811516728,
        0.12661265831140703,
        0.12512129099189426,
        0.11776760306256544,
        0.11538101121867751,
        0.12656833720091626,
        0.12368993621830537,
        0.11658233132461446,
        0.11694717911730837,
        0.12534667786587245,
        0.12835082839330691,
        0.1143095291378203,
        0.11855128141281891,
        0.12491932721594069,
        0.12626103356247825,
        0.1146377271038733,
        0.137969236441483,
        0.14849181279439405,
        0.1441679580406556,
        0.13838480467263403,
        0.1350981238303991,
        0.14594444989798228,
        0.1513186585746785,
        0.13777868646290134,
        0.1886393396493089,
        0.19151712251349629,
        0.1955798469361069,
        0.18501604573954705,
        0.1838522309549956,
        0.20589833346829198,
        0.19696028069123958,
        0.1838911654544325,
        0.29236519753071144,
        0.3201609749417755,
        0.3006428667321183,
        0.29120544560545025,
        0.29800057383296097,
        0.31180908307649613,
        0.3046132938702359,
        0.30171672308895325
    ]
}