{
    "bins": [
        [
            -1.0,
            -0.75,
            -0.5,
            -0.25,
            0.0,
            0.25,
            0.5,
            0.75,
            1.0
        ],
        [
            0.0,
            0.7853982,
            1.570796,
            2.356194,
            3.141593,
            3.926991,
            4.712389,
            5.497787,
            6.283185
        ]
    ],
    "zvals": [
        0.006615869504157254,
        0.018461289298238422,
        0.01641189817137299,
        0.007830236605852567,
        -0.007412649382860662,
        -0.016686994364640606,
        -0.01786797012470111,
        -0.007500793228401398,
        0.012886884640173608,
        0.03004684250452446,
        0.028012650910748442,
        0.012821870157716016,
        -0.01330126127135541,
        -0.030182791400029035,
        -0.031974137952986904,
        -0.01286905747149853,
        0.015120666179270591,
        0.03659867649234566,
        0.03662463617172441,
        0.015230174726476607,
        -0.014643408819477507,
        -0.03705333601562521,
        -0.03595649594218474,
        -0.01489680900638912,
        0.016385588864349317,
        0.039681506619957424,
        0.03883757789044536,
        0.016606321118310566,
        -0.015384877476133114,
        -0.03892292060840492,
        -0.03789157089781233,
        -0.016146763806375877,
        0.01608582754582325,
        0.0384871309799951,
        0.0411434049997581,
        0.015560712453160751,
        -0.016367080130074173,
        -0.03786458330680751,
        -0.03907746645649722,
        -0.015660299618792006,
        0.014808381277166155,
        0.03667055344438194,
        0.03534490283907014,
        0.015321287651244781,
        -0.014688776900374073,
        -0.03484925604597924,
        -0.038070389789635325,
        -0.014621346120056332,
        0.012954906186441476,
        0.02906290799388539,
        0.03011198398773616,
        0.012242052765537007,
        -0.012480953605687814,
        -0.03259141479861167,
        -0.030190629464297087,
        -0.012380795469303464,
        0.007139349186183518,
        0.019456285719160405,
        0.017678899105931012,
        0.007012053745930413,
        -0.007576907504220787,
        -0.018300133180884092,
        -0.017541480879757782,
        -0.008050226764010095
    ],
    "zerrs": [
        0.0003554762789568417,
        0.0008432926146101082,
        0.0007935971260602493,
        0.00039302141841008513,
        0.00038031190157406506,
        0.0008062920151579328,
        0.0008307027129636277,
        0.00038302886546246633,
        0.0005202166731728272,
        0.0011526728934582733,
        0.0011133579328595593,
        0.0005324067675054534,
        0.0005343091962238193,
        0.0011627934204883133,
        0.0011915983571814553,
        0.0005189483055502317,
        0.0005657212657169255,
        0.0012730146994626725,
        0.0012691493989026366,
        0.0005659897636826684,
        0.0005651720912961804,
        0.0012939413435991457,
        0.0012598582264409545,
        0.0005533119926836305,
        0.0005879417941262598,
        0.0013214638857867538,
        0.0012922411351139285,
        0.0005893961364613208,
        0.0005632363927440915,
        0.0013094351792597551,
        0.0012938857149986413,
        0.0005746796901284906,
        0.0005828302385984906,
        0.0012908743197602344,
        0.00133242958928471,
        0.0005626583473085127,
        0.0005826191776703471,
        0.0012910724999967921,
        0.0013057761505969067,
        0.0005714447787022707,
        0.0005583294370541718,
        0.0012711690777354769,
        0.0012382518405492972,
        0.0005621547173262892,
        0.0005551421354152656,
        0.0012554447204256875,
        0.0012981737310719772,
        0.0005538974252605962,
        0.0005304867628686431,
        0.0011373993725142652,
        0.0011514312457083144,
        0.0005075724713670164,
        0.0005226125673532243,
        0.0012086876712126642,
        0.0011679950036681324,
        0.0005194800947400831,
        0.0003755784214607597,
        0.0008685407736399194,
        0.0008209118857855947,
        0.0003663546099862904,
        0.0003887732710296019,
        0.0008474958098637622,
        0.0008331693729729274,
        0.0004027980538831797
    ]
}