{
    "bins": [
        0.0,
        0.7853982,
        1.570796,
        2.356194,
        3.141593,
        3.926991,
        4.712389,
        5.497787,
        6.283185
    ],
    "yvals": [
        0.1257808332130122,
        -0.10566654248331228,
        0.09321266415244248,
        -0.013689666016890778,
        -0.06890706367981582,
        -0.024700253884018048,
        0.02559360986404346,
        -0.021938023779026688
    ],
    "yerrs": [
        0.06469679261342409,
        0.07089492075768798,
        0.06800709825300781,
        0.06688435456275246,
        0.06767423501097634,
        0.06931215110853813,
        0.06849782859868889,
        0.06595978249964335
    ]
}