{
    "bins": [
        [
            -1.0,
            -0.75,
            -0.5,
            -0.25,
            0.0,
            0.25,
            0.5,
            0.75,
            1.0
        ],
        [
            0.0,
            0.7853982,
            1.570796,
            2.356194,
            3.141593,
            3.926991,
            4.712389,
            5.497787,
            6.283185
        ]
    ],
    "zvals": [
        -2.9995571673069787,
        -3.5573198702619235,
        -3.1695135459983352,
        -3.587131126981318,
        -3.5328656299099297,
        -3.194851018209876,
        -3.308994929959079,
        -3.2725690668934737,
        -0.5106525581545769,
        -0.4334021307418992,
        -0.44471572374770507,
        -0.47016474428920846,
        -0.4990781234482388,
        -0.4755162096160165,
        -0.49478679599387837,
        -0.479446649978737,
        1.4421942907432177,
        1.4363360834471397,
        1.434463545871011,
        1.454514711630649,
        1.3936297265844828,
        1.4383438715148247,
        1.4162618188485332,
        1.4441096106687312,
        2.4220126809559788,
        2.4299171706363323,
        2.404150252483455,
        2.459798395465235,
        2.3155699403359815,
        2.41181668402517,
        2.324216257235186,
        2.4021268197779984,
        2.3943716703195905,
        2.3926300786684145,
        2.5483008614740554,
        2.319671402688315,
        2.466900093965097,
        2.350103259748561,
        2.425014069299897,
        2.3234971313907096,
        1.449363138341799,
        1.4479067804875438,
        1.4151632675407886,
        1.4645671817763963,
        1.406422221599749,
        1.3903508794267367,
        1.523161505376892,
        1.3818145704470859,
        -0.472733041659632,
        -0.4158419083934281,
        -0.49597126552397647,
        -0.46301398397502413,
        -0.4314738260092334,
        -0.5165976995103121,
        -0.4621109297451739,
        -0.4477586650335245,
        -3.2218749673732376,
        -3.7228925265642454,
        -3.319027041067078,
        -3.2330008059597737,
        -3.394733370851465,
        -3.5024504773376055,
        -3.320387370479681,
        -3.4395249287622334
    ],
    "zerrs": [
        0.15176980484972064,
        0.17131147678848935,
        0.16297851530669114,
        0.16757695287043942,
        0.16909943880885794,
        0.16422997092081995,
        0.16354871168500798,
        0.15862560146791785,
        0.03226958196049034,
        0.031778510718656686,
        0.03253195236959754,
        0.03163696584380001,
        0.032344096624301176,
        0.03344931403240083,
        0.03433708849199185,
        0.031439155429784316,
        0.048044072610174134,
        0.05120462117055467,
        0.051001911989163595,
        0.04799441247323363,
        0.0478102806493878,
        0.05142345584013429,
        0.05078040737439387,
        0.04785315609951779,
        0.07503712655399691,
        0.08043105392254207,
        0.0794093609983371,
        0.07516806621744238,
        0.07332331487723996,
        0.08062336248995869,
        0.07881474134009842,
        0.07436053616096289,
        0.07454796201897557,
        0.0796746431418213,
        0.08189532298806718,
        0.07286095048449184,
        0.07571438906302701,
        0.07955534898389663,
        0.08041105268064128,
        0.07333884292457146,
        0.04841696748435946,
        0.051409974334706905,
        0.05075913864283739,
        0.04808583563962227,
        0.04773573396073809,
        0.05139860790442137,
        0.05325879178276089,
        0.046650002620647724,
        0.031302129101517445,
        0.031293642029968836,
        0.033355236098507955,
        0.03133410364438889,
        0.02979836003769168,
        0.03450740160191875,
        0.032228514068245104,
        0.03142123067707002,
        0.16147809263035903,
        0.1760640213827946,
        0.16454830330956516,
        0.16104923248089087,
        0.16454373189063123,
        0.17166921948026193,
        0.1673693949395117,
        0.16461796232714188
    ]
}