{
    "bins": [
        -1.0,
        -0.75,
        -0.5,
        -0.25,
        0.0,
        0.25,
        0.5,
        0.75,
        1.0
    ],
    "yvals": [
        -0.016288716,
        -0.008318884,
        -0.00893978,
        -0.0035748856,
        0.003484828,
        0.007538008,
        0.01096066,
        0.014324448
    ],
    "yerrs": [
        0.002043023249990073,
        0.001562701251039366,
        0.0016488410475239874,
        0.0007964720208519569,
        0.0007518990357754158,
        0.0013829088183969327,
        0.001692568226099025,
        0.0018213757437717238
    ]
}