{
    "bins": [
        [
            -1.0,
            -0.75,
            -0.5,
            -0.25,
            0.0,
            0.25,
            0.5,
            0.75,
            1.0
        ],
        [
            0.0,
            0.7853982,
            1.570796,
            2.356194,
            3.141593,
            3.926991,
            4.712389,
            5.497787,
            6.283185
        ]
    ],
    "zvals": [
        0.0023905040780587477,
        0.0006197256982385232,
        -0.0005689390601962319,
        -0.000585122211767522,
        -0.0018889144102735168,
        -0.0006854618932057379,
        0.0007446848604147198,
        0.0024851043674671957,
        0.0024118277836643882,
        0.00042253757267972993,
        -0.0003318169386731314,
        -0.002196647563849712,
        -0.0024274739686120914,
        -0.000711275557106079,
        0.0,
        0.0016794089111507801,
        0.0024843739137675636,
        0.0006389679217334197,
        -0.0009916979671453201,
        -0.0015702306725626084,
        -0.0023940504050175824,
        -0.0010335305157385174,
        0.0004102593589492208,
        0.0014723485417584463,
        0.0002735084954358184,
        0.00045222851400907916,
        -0.0006037178602441057,
        -0.0009571262504790559,
        -0.0015125701873445051,
        -0.0003709564832097867,
        7.98322379226838e-05,
        0.0007442682563490105,
        -0.0002830680284217611,
        -0.00022364157373499136,
        0.0003217640482914396,
        0.001154926349536987,
        0.0009755772232676933,
        0.00019243777040430461,
        -0.0009479163430515486,
        -0.0005401943982541337,
        -0.0019978614669603264,
        -0.00025858305179871907,
        0.0005323120252407061,
        0.001395491972869841,
        0.0016692678107150763,
        0.0007551697355990213,
        -0.0005692665374752674,
        -0.00142646301620325,
        -0.0025544845913830715,
        -0.0007652035694523208,
        0.0006316731135042363,
        0.0019648698304938,
        0.0016958535672359739,
        0.0003186522501967156,
        -0.0012432977929661142,
        -0.001529683548977716,
        -0.000979629441473128,
        -0.00047091662339772275,
        0.00040173634259318215,
        0.003047488474011299,
        0.0012052518595667414,
        0.00017893903473143556,
        -0.0005745397874708111,
        -0.0026913019895645272
    ],
    "zerrs": [
        0.0007702854336609749,
        0.0002692200793788421,
        0.00028089611737361976,
        0.00034438303999799897,
        0.0006299667370623747,
        0.0002831371589271904,
        0.00031357788848400707,
        0.0007522105970672929,
        0.000991930931148116,
        0.00023934606318781775,
        0.00023709046324381738,
        0.0009994148670347562,
        0.0010892899275507764,
        0.0004957055480818404,
        0.0,
        0.0008430099914600039,
        0.0010173162772266998,
        0.0003154982792409083,
        0.0005605999551050895,
        0.0009143290009496754,
        0.0012031972573260837,
        0.0005188658281886561,
        0.00041025937918695403,
        0.0008506409874085705,
        0.00027350848554010644,
        0.00023411403951291424,
        0.0002806861477606202,
        0.0005971406202610334,
        0.0007773742900726487,
        0.00035550446086849227,
        5.975350103224542e-05,
        0.000533192943228191,
        0.00026230053579330055,
        0.0001708832086069806,
        0.00019655088348773415,
        0.0005773890218113403,
        0.0005340953110911211,
        0.0001516222550362116,
        0.0004748186957063489,
        0.00034935502761904884,
        0.0009042833308601959,
        0.0001646087863611553,
        0.0003333868000647488,
        0.0008062840720333721,
        0.00083880234665546,
        0.00033260038129927276,
        0.0004173796154147099,
        0.0008241413672859818,
        0.0009787839709368162,
        0.0003738634064777499,
        0.0003317098346504013,
        0.0008857371118877017,
        0.0007622565924680552,
        0.00016721543299014435,
        0.0005024346388852596,
        0.0007676402409484932,
        0.00046656479016682893,
        0.00021330508019477333,
        0.00019966063152763834,
        0.0007833459687336203,
        0.0004889435299424007,
        0.00012956491305669604,
        0.0002517279276446804,
        0.0008368717704849079
    ]
}