{
    "bins": [
        [
            -1.0,
            -0.75,
            -0.5,
            -0.25,
            0.0,
            0.25,
            0.5,
            0.75,
            1.0
        ],
        [
            0.0,
            0.7853982,
            1.570796,
            2.356194,
            3.141593,
            3.926991,
            4.712389,
            5.497787,
            6.283185
        ]
    ],
    "zvals": [
        0.000782785089143316,
        0.00022361636358034107,
        -0.00023551631147520117,
        -0.0003094878908682084,
        -0.0005599438755891916,
        -0.00024212081008609656,
        0.00011557503329522105,
        0.0003391711718135265,
        0.0006390648718064289,
        0.00012686742947331912,
        -0.00013357355124408264,
        -0.0001056756629432938,
        -0.00036549662718774416,
        -0.0001334867672186586,
        0.00012761789564017228,
        0.00018743638257291212,
        0.0004410047794863803,
        0.0001974686458250838,
        -0.00011395796780740467,
        -0.0004088711088249412,
        -0.0002478059276952576,
        -0.00021405397008905045,
        0.00010209952151647956,
        0.00025438389198852054,
        0.0002692125854120878,
        0.00011882314923724004,
        -9.290352152666548e-05,
        -0.00021823969727488834,
        -0.00030893849997071536,
        -0.00020278274199832447,
        7.409705652420813e-05,
        0.00028541575099503695,
        -0.0002937412385207911,
        -0.0003283776959904904,
        9.302967412700315e-06,
        0.0005172728765888421,
        0.00019313474187609332,
        4.194905512873728e-05,
        -0.0003093252083656949,
        0.0,
        -0.0004082247196390315,
        -0.00019094761915554128,
        4.72027074171312e-05,
        0.0008057117465135556,
        0.0011432303112562034,
        5.0509290830890844e-05,
        -3.549805830929033e-05,
        -0.0009404414067772011,
        -0.000689857959949488,
        -0.00012919908866564179,
        0.00027639693505713035,
        0.000740073771420641,
        0.00031046455427693976,
        0.0002911882637847309,
        -0.00016073384449667559,
        -0.0005695695685499582,
        -0.00044324038430442034,
        -0.00015155041177859166,
        0.00010514251373189138,
        0.00048548898076009777,
        0.0004046811934840678,
        0.00014129834809867102,
        -0.00020096302766240816,
        -0.0005504816666199813
    ],
    "zerrs": [
        0.0002090923791555535,
        6.769073371051377e-05,
        8.452531146567459e-05,
        0.00012547760215792027,
        0.00019136430915469592,
        8.82604840039558e-05,
        4.956268175286708e-05,
        0.0001226980345765737,
        0.00024514015463046693,
        7.910389189132614e-05,
        8.545968908936553e-05,
        0.00010567566473850809,
        0.00018303963714937275,
        6.157465650819404e-05,
        6.923087123035714e-05,
        0.0001331699868505563,
        0.00022284260607348784,
        0.00011454412449732387,
        8.70329663428528e-05,
        0.00023640436691589004,
        0.00017587508107975666,
        0.00012758631387698485,
        7.963356016263492e-05,
        0.0001801599327432541,
        0.00014605042376040624,
        7.029639840645662e-05,
        5.172092562309971e-05,
        0.00013066378980671446,
        0.00018226995998608082,
        9.752284219546954e-05,
        7.409704371798178e-05,
        0.0001653388252187986,
        0.00012599717532844816,
        0.00013071248662372678,
        9.302964461857834e-06,
        0.00025595855082803935,
        0.00012343020765654525,
        4.194905156439851e-05,
        0.00015241473376909564,
        0.0,
        0.0002381135131392639,
        0.00011320789810025468,
        3.542017494192411e-05,
        0.0003605491866495363,
        0.00040647714596775126,
        4.12789483193836e-05,
        2.6337311853680678e-05,
        0.0003847845134465673,
        0.00028433346078623323,
        7.829343148395979e-05,
        0.00013284419660259148,
        0.00030456819834123825,
        0.0001800687745336671,
        0.00013745682810805784,
        8.644759366961045e-05,
        0.00025638292692864423,
        0.00017060610935529217,
        6.59776869815968e-05,
        5.492345096263e-05,
        0.00017563282206611725,
        0.00014273302442017026,
        7.54662629090549e-05,
        8.145339298529598e-05,
        0.00020269581077571338
    ]
}