{
    "bins": [
        -1.0,
        -0.75,
        -0.5,
        -0.25,
        0.0,
        0.25,
        0.5,
        0.75,
        1.0
    ],
    "yvals": [
        -0.013272264,
        -0.0096483,
        -0.008949728,
        -0.005476088,
        0.005623144,
        0.009712968,
        0.008764688,
        0.014878604
    ],
    "yerrs": [
        0.000975742916961225,
        0.0009321422209083762,
        0.0009916032271024536,
        0.00068040964131911,
        0.000674153217006342,
        0.0010159875589789474,
        0.0008707219073849009,
        0.0010169202918616583
    ]
}