{
    "bins": [
        -1.0,
        -0.75,
        -0.5,
        -0.25,
        0.0,
        0.25,
        0.5,
        0.75,
        1.0
    ],
    "yvals": [
        0.00014799164,
        0.00011395756,
        0.0004523152,
        -0.00024711248,
        6.82656e-05,
        -0.00054607,
        -0.00030911476,
        8.826572e-06
    ],
    "yerrs": [
        0.00021602840553964193,
        0.0003554501821634081,
        0.00042616428756994646,
        0.00022816169704838716,
        0.000230344889242197,
        0.0003463977136183205,
        0.0003584280792571921,
        0.00022061981778616354
    ]
}