{
    "bins": [
        -1.0,
        -0.75,
        -0.5,
        -0.25,
        0.0,
        0.25,
        0.5,
        0.75,
        1.0
    ],
    "yvals": [
        -0.006668484,
        -0.005248076,
        -0.004705552,
        -0.0013960884,
        0.0019037888,
        0.003416664,
        0.004878056,
        0.006971108
    ],
    "yerrs": [
        0.0005878292269018274,
        0.0005667652776943908,
        0.0005493740437989403,
        0.0002585241187974538,
        0.0002774503342942661,
        0.00045841849875414057,
        0.000542622963023129,
        0.0005962586016151045
    ]
}