{
    "bins": [
        0.0,
        0.7853982,
        1.570796,
        2.356194,
        3.141593,
        3.926991,
        4.712389,
        5.497787,
        6.283185
    ],
    "yvals": [
        0.00037795783081753944,
        -0.0005394659878089804,
        0.0003037858512499396,
        9.739916908475819e-05,
        -0.00013553446787488633,
        2.3006030063738387e-05,
        -0.0001491716301798579,
        0.0004660537714636402
    ],
    "yerrs": [
        0.00029887793808457434,
        0.0002907344245734974,
        0.0003294774884882387,
        0.0003160996833624679,
        0.0003006280430886562,
        0.0003082765482014617,
        0.0003117507328484333,
        0.000290850921679288
    ]
}