{
    "bins": [
        -1.0,
        -0.75,
        -0.5,
        -0.25,
        0.0,
        0.25,
        0.5,
        0.75,
        1.0
    ],
    "yvals": [
        4.263676e-05,
        -2.6086704e-05,
        -5.019948e-06,
        -0.00022282372,
        0.000546946,
        -0.0004902156,
        5.109092e-05,
        5.946692e-06
    ],
    "yerrs": [
        2.917522784829623e-05,
        8.901997977982247e-05,
        0.00020364306027949983,
        0.0004553029760500144,
        0.00043500914932906873,
        0.00022469132604531044,
        9.112771696909783e-05,
        2.4600660153743843e-05
    ]
}