{
    "bins": [
        -1.0,
        -0.75,
        -0.5,
        -0.25,
        0.0,
        0.25,
        0.5,
        0.75,
        1.0
    ],
    "yvals": [
        -0.00030990732,
        0.000711702,
        0.0001857662,
        -0.008707224,
        -0.0038909068,
        5.5577e-05,
        0.001203412,
        0.0004319828
    ],
    "yerrs": [
        0.000668176982542799,
        0.0014053577480485173,
        0.003517577120689751,
        0.007437945953016868,
        0.00516365451981443,
        0.0030120528547819343,
        0.0012213050724532344,
        0.0006133397101117782
    ]
}