{
    "bins": [
        -1.0,
        -0.75,
        -0.5,
        -0.25,
        0.0,
        0.25,
        0.5,
        0.75,
        1.0
    ],
    "yvals": [
        -0.00024979424,
        0.0008112076,
        0.0014632508,
        -0.0008104732,
        -0.005680484,
        -0.0014201996,
        -0.000547854,
        0.0005258996
    ],
    "yerrs": [
        0.0002548795794095714,
        0.0007984039078060678,
        0.0024104386322825145,
        0.0037393727816306304,
        0.003986170693786205,
        0.0019424384674938868,
        0.0009072759227489727,
        0.0002584379229138015
    ]
}