{
    "bins": [
        0.0,
        0.7853982,
        1.570796,
        2.356194,
        3.141593,
        3.926991,
        4.712389,
        5.497787,
        6.283185
    ],
    "yvals": [
        0.0004001943218102613,
        0.0010255338122923186,
        0.0011420905069786276,
        0.00040236924162113783,
        -0.0004511275811754039,
        -0.0009876106127084613,
        -0.0011953599321617833,
        -0.0005087910842655572
    ],
    "yerrs": [
        6.0958020816891954e-05,
        0.00014218079369753732,
        0.00015949675422845906,
        6.619983986274488e-05,
        7.358922969413717e-05,
        0.0001405475093821989,
        0.00017263643491020628,
        8.748079476730093e-05
    ]
}