{
    "bins": [
        0.0,
        0.7853982,
        1.570796,
        2.356194,
        3.141593,
        3.926991,
        4.712389,
        5.497787,
        6.283185
    ],
    "yvals": [
        -0.0017470450021403155,
        0.0016185568637956458,
        0.0017691654422343835,
        -0.0013063130969099782,
        -0.0016088416318859986,
        0.001728424314805997,
        0.0019249845301363136,
        -0.0017504730085892762
    ],
    "yerrs": [
        0.0002480581944929836,
        0.0002474538187484993,
        0.00024398673587479704,
        0.00019235595263052417,
        0.0002580376836384793,
        0.0002468979430338092,
        0.000272907303112097,
        0.0002623194152474795
    ]
}