{
    "bins": [
        [
            -1.0,
            -0.75,
            -0.5,
            -0.25,
            0.0,
            0.25,
            0.5,
            0.75,
            1.0
        ],
        [
            0.0,
            0.7853982,
            1.570796,
            2.356194,
            3.141593,
            3.926991,
            4.712389,
            5.497787,
            6.283185
        ]
    ],
    "zvals": [
        0.00030440757312659997,
        0.001045109115406231,
        0.0006743724837598263,
        0.0002090913790315496,
        -0.0003630967229353779,
        -0.0007270871583579283,
        -0.000818432947371906,
        -0.000265364821402652,
        0.00040072997366176797,
        0.0008532832661359631,
        0.0012790330507589788,
        0.0006374288737316957,
        -0.0004145223186206228,
        -0.002109498114331842,
        -0.0012406876513563828,
        -0.0004521890812046887,
        0.0012425579788698268,
        0.0026740950891382684,
        0.002296605797315502,
        0.0005628048927997108,
        -0.0004563052617908371,
        -0.0014493833699601988,
        -0.002575858863913583,
        -0.0007210031092516153,
        0.002918730906182367,
        0.002899957702962753,
        0.0016376323851092062,
        0.0010050356570354686,
        -0.002896514633345131,
        -0.0038127593907802165,
        -0.0051065981833414405,
        -0.0013312893590256153,
        0.0015152777279092311,
        0.0041700218666260586,
        0.002467686956167447,
        0.0021603449966195527,
        -0.0013347148834094301,
        -0.00299862948466892,
        -0.0031670027170937545,
        -0.0013962144033980229,
        0.00020927931843999642,
        0.0024026311252718048,
        0.0022460943368839753,
        0.0011287944089564668,
        -0.0007427459708326223,
        -0.002328512677648785,
        -0.0031014578595820216,
        -0.0008204217479545404,
        0.000552636866241863,
        0.0010060608776851678,
        0.0015693739989152001,
        0.0004906442203262291,
        -0.0006917909136514224,
        -0.0011845235154660442,
        -0.0008607365946946646,
        -0.0004527374401258981,
        0.00032957320248505785,
        0.0008028955517828036,
        0.0006062959162106348,
        0.0003172085525955597,
        -0.0003366020285256646,
        -0.0006102159669365088,
        -0.000687597880310365,
        -0.0003115239916577329
    ],
    "zerrs": [
        7.842786477995621e-05,
        0.0002113630164782881,
        0.0001570479778666447,
        6.25707747526834e-05,
        9.014025664293607e-05,
        0.00015922030749848732,
        0.00020240627216753303,
        7.872708515389618e-05,
        0.0001339285651287444,
        0.00030580978294136694,
        0.0003683159669923383,
        0.00017601041352045333,
        0.00014984455476309475,
        0.0005047908072811139,
        0.0003533177474454264,
        0.00019190720499720178,
        0.0003780886913660867,
        0.0008419746681248996,
        0.0007197850661162729,
        0.00021917834455778955,
        0.00020738683857992002,
        0.0006109653664343135,
        0.0008382435376233637,
        0.00027707579967085395,
        0.0008415172559371919,
        0.0011146390644078581,
        0.0006733587447394863,
        0.0003866314336812282,
        0.000871513964763691,
        0.0014765095793865552,
        0.0015571635212604205,
        0.0005070040282429798,
        0.0006486423305248141,
        0.0014906455155847687,
        0.001039750922673737,
        0.0006589670783073066,
        0.0006031096006631838,
        0.0013542157546126746,
        0.001223052927023502,
        0.0005565232021868821,
        0.00014543513691028575,
        0.0008381527720725704,
        0.0007672219810698767,
        0.0003409966349532942,
        0.0002890724811303497,
        0.0008001387455852148,
        0.0008999048566750696,
        0.0003299817469266074,
        0.00017447354491553576,
        0.00034894916303112894,
        0.0004304311419573671,
        0.0001830544245395303,
        0.00021570116413303003,
        0.0003584481010595761,
        0.00029295288570131554,
        0.0001688267976329447,
        9.161301308236454e-05,
        0.00019560031950117106,
        0.00017751070882322085,
        8.619388834269806e-05,
        8.748042228582451e-05,
        0.0001530449674029886,
        0.0001796484611601423,
        8.495677340337521e-05
    ]
}