{
    "bins": [
        -1.0,
        -0.75,
        -0.5,
        -0.25,
        0.0,
        0.25,
        0.5,
        0.75,
        1.0
    ],
    "yvals": [
        0.33616444,
        0.30314052,
        0.23108976,
        0.2909404,
        0.28240148,
        0.23708988,
        0.26034428,
        0.32598664
    ],
    "yerrs": [
        0.035901812767602695,
        0.03868617737642219,
        0.03963878908342181,
        0.050182881543410794,
        0.046899176965059845,
        0.038914708787295325,
        0.035223671586022944,
        0.03543777419647007
    ]
}