{
    "bins": [
        0.0,
        0.7853982,
        1.570796,
        2.356194,
        3.141593,
        3.926991,
        4.712389,
        5.497787,
        6.283185
    ],
    "yvals": [
        -3.012529185832104e-05,
        3.346686227030429e-05,
        0.00017066952042149336,
        -0.00015263273826424532,
        0.00023126860521671807,
        0.0001625071619739292,
        -0.0001927313285748118,
        -1.8189542117499666e-05
    ],
    "yerrs": [
        0.000396387979031405,
        0.00019159345068941783,
        0.00018507748353651176,
        0.000322516511032425,
        0.00036274575361754357,
        0.0001752492380240633,
        0.00015387323030566344,
        0.0003740084888359282
    ]
}