{
    "bins": [
        [
            -1.0,
            -0.75,
            -0.5,
            -0.25,
            0.0,
            0.25,
            0.5,
            0.75,
            1.0
        ],
        [
            0.0,
            0.7853982,
            1.570796,
            2.356194,
            3.141593,
            3.926991,
            4.712389,
            5.497787,
            6.283185
        ]
    ],
    "zvals": [
        0.0009715448800366489,
        0.0003914292095037699,
        -0.0002958423117960576,
        -0.000834191538313647,
        -0.0008566393089872901,
        -0.0004583243145513486,
        0.000372205786110991,
        0.001001573724404697,
        0.0016536442278579197,
        0.0007651103682745227,
        -0.0007328040051031453,
        -0.0011380778432363678,
        -0.0021011145941293454,
        -0.0006304956213282948,
        0.000489852227787695,
        0.001825291635578395,
        0.0031842507405797464,
        0.000704923797851229,
        -0.0013498796788379908,
        -0.0015681252458941252,
        -0.003014308159684643,
        -0.0010257795410734433,
        0.0010275055449593712,
        0.0018409748942574342,
        0.00576862029986827,
        0.0015403216051789299,
        -0.0019076371470260942,
        -0.007273643078231575,
        -0.0076469815303833195,
        -0.0012746826449774513,
        0.0014354948701168072,
        0.004800893305050434,
        0.0023312515867747086,
        0.0014633211348440243,
        -0.003116298233507089,
        -0.005192311169227361,
        -0.006612789948535644,
        -0.0028969490627681767,
        0.0022677669156274914,
        0.005320925186975267,
        0.0030136101661552062,
        0.0010555695470499153,
        -0.0012232330614541929,
        -0.003606592827339989,
        -0.002561302677114023,
        -0.0012457021790226103,
        0.0015169628646877129,
        0.0014517225661384422,
        0.0020328404113989567,
        0.0009823984737415868,
        -0.0005747954540245839,
        -0.0014092006737976494,
        -0.002121272526795331,
        -0.0006647106307884667,
        0.0010826296985732076,
        0.0009622265399198879,
        0.0009181391044695544,
        0.00036767722038437086,
        -0.0003087069231141409,
        -0.000983977315988434,
        -0.000617170912072605,
        -0.00025933582718570716,
        0.00040084701005095515,
        0.0011890093939633157
    ],
    "zerrs": [
        0.0002161224771508472,
        0.00010586289072432306,
        8.09806623920838e-05,
        0.00019740110115356,
        0.0001917866717448416,
        0.00010733620325900394,
        0.00010138154214734205,
        0.00021587804063969226,
        0.0004232421794820575,
        0.00022435898760067338,
        0.00021719026035913077,
        0.00036928209882461946,
        0.0005171435550777479,
        0.00020652047049583077,
        0.00016359652150583855,
        0.0004580095439874922,
        0.0009582534017403213,
        0.00036401053188572823,
        0.00046082546277730367,
        0.0006691145672549652,
        0.0009254180219896658,
        0.00036220544619951645,
        0.00039519522700636557,
        0.0006577893519526152,
        0.0017502326209775415,
        0.0006728753079419873,
        0.0007066676859045804,
        0.0020410239296962036,
        0.002223847518490365,
        0.0005942263527125121,
        0.0005027038948359987,
        0.0014559963476350655,
        0.001167385285003272,
        0.0006567285225768361,
        0.0009705249548336286,
        0.001689489109741823,
        0.0019324367927489585,
        0.000885100783657708,
        0.0007419031037817099,
        0.0014973617168564512,
        0.0008850774067046025,
        0.0004139294079826223,
        0.00042205485649541744,
        0.0010222106820417499,
        0.0008299759582699865,
        0.000518817335377605,
        0.00044526082704809033,
        0.0005616312612882307,
        0.0004908853529122152,
        0.00024892784387075997,
        0.0001857837954474134,
        0.0004005389597573279,
        0.0005200706940650767,
        0.00019216505277106356,
        0.00025652963188833937,
        0.00030912576065786774,
        0.00019988052974374035,
        9.26433879926022e-05,
        7.49595713529801e-05,
        0.00019677221264043687,
        0.00016990221939266442,
        8.156160752233779e-05,
        0.0001035930193697915,
        0.0002329447959207611
    ]
}