{
    "bins": [
        -1.0,
        -0.75,
        -0.5,
        -0.25,
        0.0,
        0.25,
        0.5,
        0.75,
        1.0
    ],
    "yvals": [
        0.20895976,
        0.19824896,
        0.15796968,
        0.23796584,
        0.2397184,
        0.1900998,
        0.14264484,
        0.15432456
    ],
    "yerrs": [
        0.027716022802703855,
        0.029715208227438016,
        0.030381923573072196,
        0.0426021595696744,
        0.045016636924586004,
        0.036662466910997685,
        0.02782652259985067,
        0.025757695549097556
    ]
}