{
    "bins": [
        [
            -1.0,
            -0.75,
            -0.5,
            -0.25,
            0.0,
            0.25,
            0.5,
            0.75,
            1.0
        ],
        [
            0.0,
            0.7853982,
            1.570796,
            2.356194,
            3.141593,
            3.926991,
            4.712389,
            5.497787,
            6.283185
        ]
    ],
    "zvals": [
        -0.00011471684045112402,
        -0.0001019986559677147,
        9.259208706923116e-05,
        4.9105588369733094e-05,
        -0.00012663663518369027,
        -0.00010342027863579996,
        8.178110970488849e-05,
        0.00010320016093751196,
        -0.00022440957975202898,
        -0.0005853675678745217,
        0.0002955372944672638,
        0.000537991008391913,
        -0.00023554116511628493,
        -0.00022100947545066328,
        0.00029195638389708156,
        0.00017131008736971578,
        -0.000339605973122933,
        -0.00042761224948682054,
        0.00015826386112518753,
        0.0005363271407271972,
        -0.00036146488786576987,
        -0.0009300970972678822,
        0.0003855643635456165,
        0.00019017731137588846,
        -0.0008499219886167296,
        -0.0004511801280828645,
        0.0003359295541878131,
        0.0010119391544934485,
        -0.00042122429647134307,
        -0.0007694829882429039,
        0.0013891504689342224,
        0.0006828476772286155,
        -0.0007427865253574556,
        -0.0009047155466949359,
        0.0008630294449438376,
        0.0008401345048822319,
        -0.0015119055561638808,
        -0.0009465142513731894,
        0.00037970812250604164,
        0.0005922444416716112,
        -0.0002396923242248327,
        -0.0005934185198889021,
        0.0002855336020718159,
        0.00030462401912913055,
        -0.00010170013165299628,
        -0.0002461041662953051,
        0.000366038008754797,
        0.00023499382478692337,
        -0.0003504746000181818,
        -0.00015078453237327632,
        6.10755311319866e-05,
        0.00034292928817072595,
        -0.0003441409832976401,
        -0.0003917320390426256,
        0.00037559459025869694,
        0.00021513240420780298,
        -0.00016787428338898663,
        -0.00012963703234208194,
        8.963511493535764e-05,
        0.00017147116306488803,
        -0.00012780720093506727,
        -9.88206234291404e-05,
        0.00013036875571366367,
        0.00014869133865887108
    ],
    "zerrs": [
        4.514585913687199e-05,
        3.793257725932613e-05,
        4.1259973628168904e-05,
        2.3934564330878067e-05,
        4.989443267770471e-05,
        5.154769197020253e-05,
        3.7193508567798166e-05,
        3.9239762015279464e-05,
        9.831989272423334e-05,
        0.0001905700494089758,
        0.00011883243662411843,
        0.00015397030567500456,
        9.682507152542149e-05,
        0.00010096249304501474,
        0.00010866211365877743,
        0.00010054404503207169,
        0.00021113268553848028,
        0.00023981842111681518,
        0.00015826387837478113,
        0.00026064426582885283,
        0.00018174815714931824,
        0.0003247071271524087,
        0.0001579988556588621,
        0.0001287032820331545,
        0.00043270787932575913,
        0.00023469271744685024,
        0.00020955921344728676,
        0.00042053538164313093,
        0.00030020992450296427,
        0.00036347055328304933,
        0.000519095732416388,
        0.0003479770502679239,
        0.00036279313315830197,
        0.00038436357551186064,
        0.00031555820910007294,
        0.0003921416860291532,
        0.0006092445969852316,
        0.00040778526673396654,
        0.0002792952564223017,
        0.00038600088754746164,
        0.0001746747222031974,
        0.00021966470750964728,
        0.00014800028258670354,
        0.0001619469286054496,
        7.325830190146991e-05,
        0.00013960457154663485,
        0.0002051759169254183,
        0.0001935504096123877,
        0.00012320808442937962,
        8.166925482897312e-05,
        5.607530836041988e-05,
        0.00012082555719053455,
        0.00014527616012318997,
        0.00014914806563293552,
        0.0001373414456619883,
        0.00011374532431453657,
        5.036234751933317e-05,
        4.588807467329265e-05,
        3.047822298829885e-05,
        5.5629849909106084e-05,
        4.547956993423326e-05,
        4.313896416219471e-05,
        4.537604895143224e-05,
        4.5854961306009816e-05
    ]
}