{
    "bins": [
        [
            -1.0,
            -0.75,
            -0.5,
            -0.25,
            0.0,
            0.25,
            0.5,
            0.75,
            1.0
        ],
        [
            0.0,
            0.7853982,
            1.570796,
            2.356194,
            3.141593,
            3.926991,
            4.712389,
            5.497787,
            6.283185
        ]
    ],
    "zvals": [
        5.644622052864394e-05,
        0.0003401832294411825,
        0.00013229470917929513,
        9.41225542685947e-05,
        -6.942910473416023e-05,
        -0.00028111581643956317,
        -0.00017801522285516394,
        -9.05554635993471e-05,
        0.00010867638861408136,
        0.0003593148847628552,
        0.0005641669573897566,
        9.855851611728562e-05,
        -0.0003239821848285836,
        -0.00035157308778479196,
        -0.00045907873460334774,
        -0.00026570391062875133,
        0.00015753858361274573,
        0.0004362855103490231,
        0.00048709540895189454,
        0.0002666472964696925,
        -0.00033283176173099486,
        -0.00037855196982930955,
        -0.0007493693643222928,
        -1.2778805140833059e-05,
        0.00028340609896992377,
        0.0009976274443345779,
        0.0004390368704784072,
        0.0002568094433529964,
        -0.0002623119488463173,
        -0.0009107540380800564,
        -0.000759671911565856,
        -0.00024079088564014683,
        0.00038025047676452527,
        0.0005326503333724643,
        0.0007725540426637197,
        0.0001666143705301382,
        0.0,
        -0.0013047830526688382,
        -0.0008530197428564883,
        -0.00020957466150919667,
        0.0004839484480611236,
        0.00030853674405505085,
        0.0007584103855624793,
        0.00023419846472939233,
        -0.00016957084178976768,
        -0.0003267057466405569,
        -0.00041920188235773463,
        -0.00014234627539158493,
        0.000164467298244381,
        0.0004805105896655172,
        0.0002862932678718307,
        9.744443270235894e-05,
        -0.00013360533130973084,
        -0.0002479140002902987,
        -0.0005168737379010388,
        -0.00015642983557381102,
        6.811912734202853e-05,
        0.0002008089149218396,
        8.024843455165408e-05,
        0.00010058530759524776,
        -8.425195887944708e-05,
        -0.00023841568224008725,
        -0.0003233455649237712,
        -0.0001274931690684214
    ],
    "zerrs": [
        2.3414964834689638e-05,
        8.558845570834361e-05,
        4.597655518464149e-05,
        3.739811768189565e-05,
        2.928951957989069e-05,
        8.140414686565146e-05,
        6.71691624783793e-05,
        2.8560618842577237e-05,
        4.800394247758508e-05,
        0.00012840201971794628,
        0.00018434465297758503,
        7.193095787924417e-05,
        0.00011814798281286368,
        0.00014529538807443393,
        0.00015405698284996276,
        9.058267203697622e-05,
        0.00010980370077457246,
        0.0002198529661689321,
        0.00021990139459422177,
        0.00014087577754051016,
        0.00016739752071428488,
        0.0001923190020670051,
        0.000253606767785256,
        1.2778805111863957e-05,
        0.00014920073892523276,
        0.00037732575661868434,
        0.00025348027026631664,
        0.00016744711650553453,
        0.00016914705982861073,
        0.0003730160671673521,
        0.0003141409341679554,
        0.00014136863197505948,
        0.00017714981376951193,
        0.0002667734829146236,
        0.00031673350585146416,
        0.0001146558729938611,
        0.0,
        0.0004627152333171249,
        0.0003493690598422887,
        0.00011836852466314964,
        0.0001880494289475288,
        0.0001799017932631064,
        0.0002539228635679916,
        0.00010897814571115453,
        0.0001061894092356757,
        0.00018991179949724788,
        0.00021374046238970646,
        0.00010132827345534047,
        6.780006835152849e-05,
        0.00016311401783464854,
        0.00011823776260420366,
        4.3899385677228565e-05,
        5.97839661919212e-05,
        0.00012647711867188368,
        0.0001664887518189689,
        7.222209475125215e-05,
        3.0342585109589094e-05,
        6.473295089221233e-05,
        4.025592381357216e-05,
        3.270877288890204e-05,
        3.6118087735073366e-05,
        7.780008266769452e-05,
        9.671787054460181e-05,
        4.569603859075097e-05
    ]
}