{
    "bins": [
        0.0,
        0.7853982,
        1.570796,
        2.356194,
        3.141593,
        3.926991,
        4.712389,
        5.497787,
        6.283185
    ],
    "yvals": [
        -0.026523577466818743,
        -0.0020185503448061607,
        -0.0073523449257573885,
        -0.00959737789327463,
        -0.007293955421327783,
        -0.02020448231342581,
        -0.004315008441579939,
        -0.007713876276741221
    ],
    "yerrs": [
        0.007887330670369164,
        0.004913240492617738,
        0.004450598781466144,
        0.005414004311203617,
        0.00499476576816252,
        0.005792722020460334,
        0.004427628050129762,
        0.005984359845788862
    ]
}