{
    "bins": [
        [
            -1.0,
            -0.75,
            -0.5,
            -0.25,
            0.0,
            0.25,
            0.5,
            0.75,
            1.0
        ],
        [
            0.0,
            0.7853982,
            1.570796,
            2.356194,
            3.141593,
            3.926991,
            4.712389,
            5.497787,
            6.283185
        ]
    ],
    "zvals": [
        0.06722638274444734,
        0.033681780111938175,
        0.03580580037127674,
        0.03803667180630482,
        0.01611312990356481,
        0.030907891285692102,
        0.05150754139939242,
        0.028119506288531423,
        0.019568937132781815,
        0.03801171839289593,
        0.007108385812034154,
        0.03559755996633559,
        0.01562033516764748,
        0.030244319440589366,
        0.035162600363128,
        0.03420456380077363,
        0.026310673999507508,
        0.024202823078954383,
        0.023925953465631443,
        0.012905990458353016,
        0.027492333823106237,
        0.020128199969951546,
        0.013576591740748005,
        0.027256611297711484,
        0.03559326211850243,
        0.011708665341308568,
        0.02213969477895284,
        0.04960622053249368,
        0.047681246960139936,
        0.03504881346782142,
        0.024846027109822033,
        0.0138156908981179,
        0.04540998948049537,
        0.03218673645380723,
        0.026891690582354428,
        0.03494495409339712,
        0.010313991122972044,
        0.03669978787824772,
        0.018904198890244188,
        0.02897508269692564,
        0.007631502083911066,
        0.01997360827850549,
        0.036957909238373415,
        0.004971481756406617,
        0.023768570839243282,
        0.04614444650992237,
        0.024138019195363375,
        0.01581158088001243,
        0.024510089277006233,
        0.05362586959118042,
        0.016348399155587362,
        0.030006042788442565,
        0.01905328508603281,
        0.005024399349119811,
        0.024030236898998983,
        0.051565397416341786,
        0.0578742859354656,
        0.027579771677486237,
        0.04119359611305352,
        0.02737795693653799,
        0.036360372702757056,
        0.03262954069147109,
        0.049694758580999705,
        0.020869989483039177
    ],
    "zerrs": [
        0.021261638561429857,
        0.015070061618402615,
        0.016020809766942968,
        0.017014571135365367,
        0.011393744354209414,
        0.01545521480778338,
        0.01947130302368899,
        0.01406204044135707,
        0.01129928703761144,
        0.015519181730702955,
        0.007108388275112659,
        0.01593542922491763,
        0.011045629440238229,
        0.015126276707901135,
        0.015726699407224858,
        0.015297423505699105,
        0.01316521550070439,
        0.012103110769699159,
        0.01196508371392129,
        0.009153462977997217,
        0.013759586812637316,
        0.011629735341816093,
        0.009600249779230673,
        0.013628332599091637,
        0.015928935744441715,
        0.008279846032958036,
        0.011070164029680188,
        0.016541860367880832,
        0.01687117602984128,
        0.014316437962270837,
        0.012427009439199171,
        0.009770251288199807,
        0.018555156271756926,
        0.014400458264781126,
        0.012026453599663253,
        0.013209905050508761,
        0.007293261667809813,
        0.013875515785961386,
        0.010937045476962677,
        0.0144910934980116,
        0.007631501357641052,
        0.011570899230448706,
        0.013991091342049287,
        0.004971481859031041,
        0.01062997469581098,
        0.015389083210129809,
        0.012086500086215356,
        0.011185892823590995,
        0.014151670550117233,
        0.018989094989814645,
        0.009444940624134604,
        0.012251870342893727,
        0.009526701197854516,
        0.005024399562414648,
        0.012056342650703678,
        0.01951241566047456,
        0.020475584860505366,
        0.013801329172682746,
        0.015574405917988799,
        0.012253109829488951,
        0.013749637413815394,
        0.013327837419212413,
        0.01757699694533706,
        0.01205098550513863
    ]
}