{
    "bins": [
        0.0,
        0.7853982,
        1.570796,
        2.356194,
        3.141593,
        3.926991,
        4.712389,
        5.497787,
        6.283185
    ],
    "yvals": [
        -0.003568591066289686,
        -0.0054834671041859295,
        -0.01004413940448028,
        -0.002895309263189793,
        0.0030297072312381735,
        0.006207569919964147,
        0.006761998375346004,
        0.0022957952528526943
    ],
    "yerrs": [
        0.0006287664734559404,
        0.0010118211112823262,
        0.0015727186771364596,
        0.0005303899821551561,
        0.0005012040222875562,
        0.0009664570366613909,
        0.0010413386986125612,
        0.0004468703529036175
    ]
}