{
    "bins": [
        -1.0,
        -0.75,
        -0.5,
        -0.25,
        0.0,
        0.25,
        0.5,
        0.75,
        1.0
    ],
    "yvals": [
        0.021887976,
        0.018767876,
        0.010928676,
        0.004727656,
        -0.006090476,
        -0.013500856,
        -0.013607304,
        -0.01618796
    ],
    "yerrs": [
        0.002901746784266332,
        0.0028069553612410725,
        0.0020930230767958577,
        0.000994867066496826,
        0.0012113983325066945,
        0.002599330067536634,
        0.0026512357873263556,
        0.002700886669225497
    ]
}