{
    "bins": [
        [
            -1.0,
            -0.75,
            -0.5,
            -0.25,
            0.0,
            0.25,
            0.5,
            0.75,
            1.0
        ],
        [
            0.0,
            0.7853982,
            1.570796,
            2.356194,
            3.141593,
            3.926991,
            4.712389,
            5.497787,
            6.283185
        ]
    ],
    "zvals": [
        -0.0003330388075755712,
        -0.00024374552615247965,
        0.0004562244874573147,
        0.00040949825502706273,
        -0.0003407024718677663,
        -0.000254643225472945,
        0.00042193394941163594,
        0.00032491613169374,
        -0.000774431110231727,
        -0.0008379284994177472,
        0.0005726385857870788,
        0.0012705679533587387,
        -0.0013394559191645507,
        -0.0011802800618285255,
        0.0013965642896977078,
        0.0012762716482598634,
        -0.002021595669559721,
        -0.0024074159616948253,
        0.0007836572030995752,
        0.003813993142339117,
        -0.00243728249880952,
        -0.001213024733956542,
        0.0017128635417966436,
        0.0017657050310797842,
        -0.004069769958729215,
        -0.007781590424623038,
        0.004895899913165046,
        0.003059070867164333,
        -0.005318419451029922,
        -0.006365302687299944,
        0.003064433573805893,
        0.0063899984466474335,
        -0.005281657126283202,
        -0.010787476104465787,
        0.005692344518320649,
        0.005501927045998277,
        -0.0022682364864692797,
        -0.0038546718988334582,
        0.006416476741728399,
        0.006985767725408011,
        -0.002000160937470954,
        -0.0022063306008751234,
        0.0021598313211900213,
        0.0017670895939516094,
        -0.0034116022704412273,
        -0.0019613347627572266,
        0.003235528483647782,
        0.003351295521506294,
        -0.0011566025998022403,
        -0.001631125526452964,
        0.0009684231434253718,
        0.0009300205373319803,
        -0.0014859294268638316,
        -0.0008033949666283847,
        0.0008502863516331849,
        0.0009461888112778491,
        -0.00031738310579270486,
        -0.0004573176548240904,
        0.00033122610447187294,
        0.0002576193756294572,
        -0.00027875151197227386,
        -0.00032342073700213146,
        0.00033827379239570265,
        0.0005921899470077592
    ],
    "zerrs": [
        9.374945939366636e-05,
        6.279764907533687e-05,
        0.00011749331128704022,
        0.00011743186183141173,
        9.400499123030514e-05,
        8.82216241496068e-05,
        0.00010819971225887257,
        0.00010264727629890104,
        0.0002585980175583841,
        0.0003337008636618637,
        0.00023421140223337845,
        0.0003577182121037972,
        0.0004028101599860503,
        0.00037555310139544205,
        0.0003991726489984046,
        0.0003581570853039538,
        0.0008173240725727866,
        0.0009258212222496658,
        0.0004366815634515819,
        0.0010807338146259478,
        0.0009331003248425349,
        0.0005146291037371214,
        0.0006434334731116613,
        0.0007555217496543613,
        0.001754982612829459,
        0.00280847936563981,
        0.0017529437455502063,
        0.0013189163609652074,
        0.0021900796589580736,
        0.002464986483973882,
        0.0013526166262410766,
        0.002012097289833213,
        0.0022018200771891936,
        0.0032023258531322387,
        0.0021087797330793423,
        0.001910394343969775,
        0.0012272725699941783,
        0.001885460697104293,
        0.0022910709825090924,
        0.002194126992297378,
        0.0009783657043871022,
        0.0009969045825658216,
        0.000781802089518506,
        0.0007872413494979438,
        0.0011871981847896584,
        0.0009022730340964742,
        0.0012868396344022548,
        0.0010863358461780438,
        0.0003815447150704644,
        0.0005152664232669633,
        0.00031891958661800057,
        0.00034615384048236256,
        0.0004500923869599644,
        0.00029624737451285755,
        0.00031102660788756087,
        0.0003086887087154225,
        9.503709250800463e-05,
        0.00012459218839301433,
        9.573024018996942e-05,
        7.80006955398942e-05,
        7.730630660006972e-05,
        0.00010268172518974135,
        0.00011774122102414762,
        0.0001618179904643444
    ]
}