{
    "bins": [
        0.0,
        0.7853982,
        1.570796,
        2.356194,
        3.141593,
        3.926991,
        4.712389,
        5.497787,
        6.283185
    ],
    "yvals": [
        6.980820684335664e-05,
        -3.8419562672571784e-05,
        -2.8429458694827342e-05,
        4.0296677230299504e-05,
        -6.942690202928958e-05,
        -4.2777852757455464e-05,
        3.038414918296202e-05,
        -2.1203211620095803e-05
    ],
    "yerrs": [
        4.637894326765346e-05,
        4.833673009621809e-05,
        4.5614835737640185e-05,
        4.856595123877239e-05,
        5.252027016344577e-05,
        4.753326686534836e-05,
        4.861760803259818e-05,
        4.6310936744670855e-05
    ]
}