{
    "bins": [
        -1.0,
        -0.75,
        -0.5,
        -0.25,
        0.0,
        0.25,
        0.5,
        0.75,
        1.0
    ],
    "yvals": [
        0.2053846,
        0.0192231,
        -0.1033336,
        -0.29630496,
        -0.2643476,
        -0.08470632,
        0.027009132,
        0.19470996
    ],
    "yerrs": [
        0.016829455130811573,
        0.004514593226415864,
        0.014658823963742794,
        0.03774138100281971,
        0.03555425375394623,
        0.012714860596955044,
        0.004958957955054671,
        0.01651155231951254
    ]
}