{
    "bins": [
        [
            -1.0,
            -0.75,
            -0.5,
            -0.25,
            0.0,
            0.25,
            0.5,
            0.75,
            1.0
        ],
        [
            0.0,
            0.7853982,
            1.570796,
            2.356194,
            3.141593,
            3.926991,
            4.712389,
            5.497787,
            6.283185
        ]
    ],
    "zvals": [
        -4.288990731071194e-05,
        -1.0389272799083472e-05,
        1.433117986040199e-05,
        2.1451710531844328e-05,
        2.4282099012220547e-05,
        1.1261352842762526e-05,
        -8.779721873495987e-06,
        -1.7197721410036697e-05,
        -7.966058491094072e-05,
        -2.1692024092759107e-05,
        2.3922159210998764e-05,
        8.725761046296214e-05,
        2.3175439713368246e-05,
        4.767882271154243e-05,
        -3.715489471580015e-05,
        -3.376330981234992e-05,
        -4.644799542448658e-05,
        -3.6374046374970746e-05,
        2.9660218131444193e-05,
        4.902030178291543e-05,
        9.705570933463031e-05,
        1.6906546744453135e-05,
        -1.949621975100523e-05,
        -0.00016248011836037275,
        -9.26469655774612e-05,
        -3.592138913554379e-05,
        3.4065739917850575e-05,
        0.00010898959637076188,
        0.00014089213366980812,
        6.030588313186436e-05,
        -8.8652173802327e-05,
        -0.0001420861779632747,
        -2.2050470703905355e-05,
        -4.9422089035645375e-05,
        3.591710190247493e-05,
        0.0001900660937943644,
        0.00010899513367744758,
        3.645284556365054e-05,
        -4.194248011836038e-05,
        -0.00010333868942879918,
        -0.00011495091279811947,
        -2.7426040663724803e-05,
        6.14719670791115e-05,
        7.018231497620954e-05,
        0.00011719082554322773,
        1.5030178329967741e-05,
        -3.1061286124996505e-05,
        -9.707063170519918e-05,
        -9.689291368378486e-05,
        -1.3296395788223497e-05,
        1.0638509392690078e-05,
        6.944057733712419e-05,
        6.390599415837573e-05,
        2.1450260886836998e-05,
        -2.539189557396378e-05,
        -6.967570582048848e-05,
        -1.959318470554172e-05,
        -1.1183519994581088e-05,
        1.1420436517536335e-05,
        2.325533391308112e-05,
        3.664598076389294e-05,
        8.37866661234177e-06,
        -1.9259901349379554e-05,
        -2.8840883220991147e-05
    ],
    "zerrs": [
        1.1011039850443053e-05,
        3.9704561587042926e-06,
        4.593481362196087e-06,
        6.782543534820493e-06,
        8.101383883945415e-06,
        3.848345619425469e-06,
        3.614267603061653e-06,
        6.678306779164213e-06,
        2.0938852843203158e-05,
        8.000311549599896e-06,
        7.922366162979245e-06,
        2.316183421191103e-05,
        1.064206706886525e-05,
        1.1955021848983282e-05,
        1.0611399041641012e-05,
        1.3414232018063512e-05,
        2.382428349676755e-05,
        1.2530861728053096e-05,
        1.2001446871055162e-05,
        2.502445022434529e-05,
        3.302675883187765e-05,
        6.600345489990515e-06,
        1.08986376603469e-05,
        4.819493187694934e-05,
        3.806511313549767e-05,
        1.4766800845719774e-05,
        1.64586288465202e-05,
        4.907943831394971e-05,
        4.7508241943305695e-05,
        2.277979955956764e-05,
        3.220683693187941e-05,
        5.435545301208505e-05,
        2.205046708086587e-05,
        2.2668926962419716e-05,
        1.6742711353482443e-05,
        6.75038179267096e-05,
        4.520344332718972e-05,
        1.8754970205113308e-05,
        1.869701569742837e-05,
        4.6299156580385625e-05,
        3.9441370350898024e-05,
        1.3156850093344053e-05,
        1.8850974780048113e-05,
        2.9177637004885748e-05,
        4.013431551382194e-05,
        9.428014006453609e-06,
        1.5549434281045424e-05,
        3.759158719780612e-05,
        2.4975400479157473e-05,
        6.9416510291249154e-06,
        5.310464522592464e-06,
        2.277844399050108e-05,
        2.05185398167747e-05,
        8.51074481363907e-06,
        9.620674144375627e-06,
        2.237614115374385e-05,
        7.0734787238804375e-06,
        3.653251273679423e-06,
        3.914240201173136e-06,
        7.67467255595068e-06,
        1.022295589492912e-05,
        3.4128189286670124e-06,
        5.252194312452049e-06,
        8.613007220785066e-06
    ]
}