{
    "bins": [
        [
            -1.0,
            -0.75,
            -0.5,
            -0.25,
            0.0,
            0.25,
            0.5,
            0.75,
            1.0
        ],
        [
            0.0,
            0.7853982,
            1.570796,
            2.356194,
            3.141593,
            3.926991,
            4.712389,
            5.497787,
            6.283185
        ]
    ],
    "zvals": [
        -0.00037078363561311955,
        -0.0004698930911189209,
        0.0003069712426056599,
        0.00045193630243990635,
        0.00043680768221971523,
        0.0004027167881761859,
        -0.00025617977127520065,
        -0.0009647083389568094,
        -0.0015005774141066276,
        -0.0002098819222564667,
        0.000780165470245659,
        0.0010799596128846611,
        0.001011953175332761,
        0.00041643635456163635,
        -0.00047276112238635705,
        -0.0009660279246955049,
        -0.0017200513064583036,
        -0.00028932905083258446,
        0.0006089269389532442,
        0.0016647731917152938,
        0.0012637607938904857,
        0.00043001988800582644,
        -0.001014913712538102,
        -0.0017556948196965109,
        -0.0024041251940735285,
        -0.0009515672185483585,
        0.0005114894613940958,
        0.0009898698623247548,
        0.0026944738845782637,
        0.0006838718713314781,
        -0.0006603189720371074,
        -0.0013022798632031153,
        -0.0009698891594098381,
        -0.0005282545991343495,
        0.0011482321065243357,
        0.0015467435023472148,
        0.003511411539117745,
        0.0007820559767149905,
        -0.000550520373110194,
        -0.000673327408524086,
        -0.0009709770152261617,
        -0.0006533871116012803,
        0.0006693762907468571,
        0.0024603056535595284,
        0.0007251834101945763,
        0.0002942045688937329,
        -0.0008476319012780784,
        -0.0027571014950381854,
        -0.0011320504681574264,
        -0.0006868397135820854,
        0.0002770870310339472,
        0.0011917458514716724,
        0.0018371755466655116,
        0.00027570194983944456,
        -0.0003573406094744322,
        -0.0010517556703734925,
        -0.0009072579998273487,
        -0.00026487346921521805,
        0.00036428322964917155,
        0.0004775578782249532,
        0.0005981150957858306,
        9.489502137769643e-05,
        -0.0002541736037015628,
        -0.000474644142205608
    ],
    "zerrs": [
        0.000188600216372646,
        0.0001789602125485258,
        0.00011450598918414633,
        0.00023406797522050067,
        0.0002221970040720013,
        0.0001599893950086402,
        0.0001349402785045372,
        0.0003361465757954136,
        0.0005371088595286529,
        0.00014671923897032,
        0.0003092382612895281,
        0.0004871429941825022,
        0.0004602212254985586,
        0.0001939189290353568,
        0.00023278829762162214,
        0.00043704911523907475,
        0.0007035926465299312,
        0.0002043880637292397,
        0.0002764416802571449,
        0.0006813457189417179,
        0.0005690524512662569,
        0.00024925782306616033,
        0.0003799619980379316,
        0.0007190980707203276,
        0.000910376595991443,
        0.00043339044355853406,
        0.0002730431823734121,
        0.000571796627030848,
        0.0009030791894161091,
        0.0002723234879452426,
        0.0003370201271698406,
        0.0006521444317397056,
        0.0005623495085943785,
        0.00028512451839937577,
        0.00047756518826450566,
        0.0006937022311535736,
        0.001016619599712631,
        0.00039321702326851283,
        0.00031632156222155284,
        0.00047810418992856227,
        0.0005622279567878179,
        0.0003436786977831724,
        0.00035211690371533095,
        0.0008222221669107479,
        0.000421294532142862,
        0.00015321935734302565,
        0.0003615238828408443,
        0.0009217537270398444,
        0.0005101234911900564,
        0.0002756732082029034,
        0.00016226027461435305,
        0.0004930493584679045,
        0.0005901232330239524,
        0.00015738049175429412,
        0.00021132847582603276,
        0.00047309476759347865,
        0.00032305853049014415,
        9.928641332419816e-05,
        0.00015173071828686397,
        0.0002244704121159662,
        0.00024226875737097308,
        5.2084616218356e-05,
        0.00013266931048599827,
        0.0002506231735211112
    ]
}