{
    "bins": [
        0.0,
        0.7853982,
        1.570796,
        2.356194,
        3.141593,
        3.926991,
        4.712389,
        5.497787,
        6.283185
    ],
    "yvals": [
        -4.884332558949078e-05,
        -0.00018656520300922667,
        0.00013132513706426554,
        5.922239524114495e-06,
        -7.398413288549242e-05,
        0.00018363555802281142,
        -8.623122289590756e-05,
        9.159567505901469e-06
    ],
    "yerrs": [
        0.00010710848208636346,
        0.00026322154311456765,
        0.00026704404351387656,
        0.00010555904044123426,
        0.000122200360651134,
        0.00022193742283325746,
        0.00023242653575228494,
        0.00010693940327273706
    ]
}