{
    "bins": [
        [
            -1.0,
            -0.75,
            -0.5,
            -0.25,
            0.0,
            0.25,
            0.5,
            0.75,
            1.0
        ],
        [
            0.0,
            0.7853982,
            1.570796,
            2.356194,
            3.141593,
            3.926991,
            4.712389,
            5.497787,
            6.283185
        ]
    ],
    "zvals": [
        -0.0009264553954923756,
        -0.0008430591478611221,
        -0.0010523851601353712,
        -0.000969537267045158,
        -0.0013877891209297703,
        -0.0011775252801764205,
        -0.001048261900335881,
        -0.001085563243094584,
        -0.0007408461083817099,
        -0.0006911728044056146,
        -0.001025525911703366,
        -0.0008469992958992818,
        -0.0007836261360482198,
        -0.0010039399132669045,
        -0.0005422881137970814,
        -0.001047660931145738,
        -0.0008185121891035655,
        -0.0008468391431705055,
        -0.0005778298391388826,
        -0.00078378200125032,
        -0.0010280871609044074,
        -0.0008808991110239652,
        -0.0006184889699235293,
        -0.00043685764414984514,
        -0.0004142981229139562,
        -0.00019655807541095734,
        -0.00018140759207433687,
        -0.0001458290626802428,
        -0.00015942770417036963,
        -0.0003137477813796318,
        -5.859801018082553e-05,
        -0.00030768868777358746,
        0.00014540751430293575,
        0.00032205290109037736,
        0.00026734297770047803,
        0.00042927571845647884,
        0.0001880597607837045,
        0.00029778038650467666,
        0.00030036806816416655,
        0.00047369165696882357,
        0.0005343918537119132,
        0.0008928046398907661,
        0.000860252763567007,
        0.0007085977955154005,
        0.0005130448511455337,
        0.00030119302570161884,
        0.0004528904326214226,
        8.705695710964379e-05,
        0.0006510648993084018,
        0.0007516512014675875,
        0.00043736943562372205,
        0.0013097363251035462,
        0.0007115953949462562,
        0.0007508722965935744,
        0.0009755446283285674,
        0.000623096570146601,
        0.0013036963924796365,
        0.001281267148953053,
        0.001084609331829213,
        0.000925248949896804,
        0.000853959903131915,
        0.0014236420260810446,
        0.0009705840860302677,
        0.0010328811634356086
    ],
    "zerrs": [
        0.0002479747048464051,
        0.00023399124842965498,
        0.00026328855580970407,
        0.000250578451205907,
        0.0003031375373555117,
        0.0002778709412600288,
        0.0002622919497943101,
        0.0002718786504133054,
        0.0002472300881763506,
        0.0002307023989673313,
        0.0002742257542833453,
        0.0002556168157444424,
        0.000248030775125624,
        0.0002786345851099536,
        0.00020516542383982377,
        0.0002908805225288531,
        0.00027344944428139194,
        0.0002564630557072122,
        0.00020462411237162135,
        0.0002484443416886537,
        0.0002968401921320433,
        0.00026601370040330133,
        0.0002189782958895307,
        0.00019572064105799594,
        0.0001675679910710573,
        0.00010539989802184524,
        8.863054415530964e-05,
        9.27287126221603e-05,
        9.653767041924986e-05,
        0.00013587751816840254,
        5.859800965493875e-05,
        0.00014659560106382937,
        9.226241574097064e-05,
        0.0001279477585097637,
        0.00010165887270642258,
        0.00014272682745306137,
        0.00010952934289141027,
        0.00011369549854356455,
        0.0001236856162472245,
        0.00017024453261736154,
        0.00021825639367723955,
        0.0002582802933729021,
        0.00024869243810369764,
        0.00023653012686666918,
        0.00020950053578690028,
        0.00015105134988632263,
        0.00018507662512819842,
        8.705698406058827e-05,
        0.00023039626463150766,
        0.00023780804683757817,
        0.00017859207923643134,
        0.00031789964682326434,
        0.0002374357588572417,
        0.00023757363831972603,
        0.00027073775637013705,
        0.0002205021978745988,
        0.0002921234725926557,
        0.00028667758676872155,
        0.00026323830766413636,
        0.0002474915137473741,
        0.00023708258614984766,
        0.0003037930334686197,
        0.00025084052217343546,
        0.0002585893568779691
    ]
}