{
    "bins": [
        [
            -1.0,
            -0.75,
            -0.5,
            -0.25,
            0.0,
            0.25,
            0.5,
            0.75,
            1.0
        ],
        [
            0.0,
            0.7853982,
            1.570796,
            2.356194,
            3.141593,
            3.926991,
            4.712389,
            5.497787,
            6.283185
        ]
    ],
    "zvals": [
        0.09302822440896859,
        0.13554542678881962,
        0.08742288623093007,
        0.1072509132300907,
        0.10252809403639936,
        0.10651695064158556,
        0.09653306985757543,
        0.11361556815780027,
        0.06258486459480045,
        0.12573409296537372,
        0.08894929704430111,
        0.06782432878065799,
        0.06189198342751062,
        0.08310268169768704,
        0.09545514503474674,
        0.055546410864300656,
        0.09442435696949648,
        0.05941748245284109,
        0.12176965054660187,
        0.13205476452096324,
        0.11787221255974674,
        0.10831344108337432,
        0.09920931807822278,
        0.0998349881206726,
        0.18933947136624454,
        0.12054390781333993,
        0.14668720826892867,
        0.15080472473226986,
        0.17988194520485148,
        0.08044293466497242,
        0.09133219081281084,
        0.11318113873475616,
        0.1255937179382382,
        0.2635987011932042,
        0.13161968836182422,
        0.10046496112167193,
        0.2873431814188474,
        0.13441159768677793,
        0.1710358824443149,
        0.04144608975322067,
        0.10452160445491215,
        0.1793818622868564,
        0.064415442871003,
        0.1413253136303968,
        0.08312661860610795,
        0.09327108039490808,
        0.06818158436868953,
        0.09108314510604817,
        0.07782319847435351,
        0.08825122759447504,
        0.045543619922637966,
        0.07391173148934492,
        0.05319152837160266,
        0.0810826612749205,
        0.06071744516792761,
        0.08583561455465892,
        0.11437169069142251,
        0.07099653194852341,
        0.07519224647885532,
        0.12131856546799781,
        0.06135844501768528,
        0.12268567019523861,
        0.09624175258913317,
        0.09015281424195123
    ],
    "zerrs": [
        0.01987241907535887,
        0.02363699992911945,
        0.01910459231409382,
        0.02151998243961858,
        0.021447605734415613,
        0.02134219745627384,
        0.020171217849299494,
        0.02191319323772939,
        0.0189858135766171,
        0.026323729080777375,
        0.022346318465241977,
        0.019718654253546068,
        0.020703922301250233,
        0.022314113782212493,
        0.023244050595173194,
        0.01770577369199142,
        0.030127736974441596,
        0.022644811133696086,
        0.0316839457577567,
        0.0369457796106344,
        0.03643912147325163,
        0.03287221729972198,
        0.027713430237972972,
        0.030456390208174845,
        0.06129245282797604,
        0.042978350003475684,
        0.042681073840226146,
        0.05105171369490203,
        0.06420104906250394,
        0.03618975988802224,
        0.032402069505759315,
        0.043267648781215966,
        0.05648960547654456,
        0.07089218126133379,
        0.044015203006694904,
        0.041312681628909595,
        0.07804333150119967,
        0.045470323991179756,
        0.044259453821426625,
        0.0239324489571982,
        0.035628373251486135,
        0.04893619834940326,
        0.026568240863197437,
        0.03855436885259475,
        0.030094541349473338,
        0.02854433504198456,
        0.022818338750101173,
        0.029089777668992452,
        0.0225592225650705,
        0.024719380577876527,
        0.017320344958559906,
        0.021505652604698607,
        0.017881785316729192,
        0.021780568795595937,
        0.018375598786493738,
        0.023120885072082684,
        0.02296019317049244,
        0.01779527346152366,
        0.018281127349451965,
        0.022997120870404793,
        0.01645259179085654,
        0.02281152873600067,
        0.02009317973544151,
        0.01971436432892339
    ]
}