{
    "bins": [
        0.0,
        0.7853982,
        1.570796,
        2.356194,
        3.141593,
        3.926991,
        4.712389,
        5.497787,
        6.283185
    ],
    "yvals": [
        -0.003582347145689919,
        -0.003013680455942199,
        0.004197117894366933,
        0.004233156650314045,
        -0.0045248294495275,
        -0.003685334059928852,
        0.003625153107087108,
        0.003392709174202125
    ],
    "yerrs": [
        0.0005757237830000596,
        0.0005142210071866455,
        0.0006298467807096493,
        0.0006658312643048035,
        0.0007066851435021407,
        0.0005885069489781953,
        0.000499993832172566,
        0.0005344814438161304
    ]
}