{
    "bins": [
        0.0,
        0.7853982,
        1.570796,
        2.356194,
        3.141593,
        3.926991,
        4.712389,
        5.497787,
        6.283185
    ],
    "yvals": [
        -0.001473639740961973,
        -0.0006678506102257989,
        0.0004199217466813005,
        0.0018074239972294339,
        0.00157418786398743,
        0.0007174351093331027,
        -0.0006730003132169933,
        -0.0014169873108920577
    ],
    "yerrs": [
        0.00027267983498785973,
        0.0001136754752671023,
        8.435735991155518e-05,
        0.0002783303630864243,
        0.00029912861032321597,
        0.0001279723192046315,
        0.0001277794952861776,
        0.0002897370422078396
    ]
}