{
    "bins": [
        0.0,
        0.7853982,
        1.570796,
        2.356194,
        3.141593,
        3.926991,
        4.712389,
        5.497787,
        6.283185
    ],
    "yvals": [
        0.0004323762137473704,
        0.00018488898237300892,
        0.00017495753745234906,
        6.640814414074885e-05,
        -0.0003507063934463799,
        -0.0001552840725339255,
        -6.266947458486017e-05,
        0.00039853781140262654
    ],
    "yerrs": [
        0.0003016807360236948,
        0.00018531720375583377,
        0.00015525983553296707,
        0.0003192172685223978,
        0.0002819679753176988,
        0.00013288811883590044,
        0.00013398185815636244,
        0.000315800332981736
    ]
}