{
    "bins": [
        -1.0,
        -0.75,
        -0.5,
        -0.25,
        0.0,
        0.25,
        0.5,
        0.75,
        1.0
    ],
    "yvals": [
        -8.705304e-05,
        0.0002287648,
        0.0026770336,
        0.0016055976,
        0.005601756,
        0.00036427876,
        -9.171068e-05,
        7.784868e-05
    ],
    "yerrs": [
        0.0004770615054686345,
        0.0015816401613515003,
        0.0028777457844639436,
        0.004736707717391902,
        0.004600031304241309,
        0.0027212388355306117,
        0.0014220739783850909,
        0.0005621175677738599
    ]
}