{
    "bins": [
        0.0,
        0.7853982,
        1.570796,
        2.356194,
        3.141593,
        3.926991,
        4.712389,
        5.497787,
        6.283185
    ],
    "yvals": [
        -4.4818832026862294e-05,
        0.00020531366398021485,
        0.00010378624595428053,
        0.0001045141132087003,
        -0.00027292162699675825,
        -8.011135755374984e-05,
        -0.0006117420721723255,
        -0.0003061851443471973
    ],
    "yerrs": [
        0.00047602404239514753,
        0.0003716614340150353,
        0.00041283492716899956,
        0.00039593887763151605,
        0.00043193766824905697,
        0.0004156887167291445,
        0.0004290956059048953,
        0.00038678456219821706
    ]
}