{
    "bins": [
        -1.0,
        -0.75,
        -0.5,
        -0.25,
        0.0,
        0.25,
        0.5,
        0.75,
        1.0
    ],
    "yvals": [
        -0.0005253672,
        0.00034067828,
        9.657796e-05,
        0.00032218596,
        -0.0005914528,
        0.0005983668,
        -0.00037705992,
        0.00017068452
    ],
    "yerrs": [
        0.000267146910893613,
        0.00039523408759872927,
        0.000480720792144463,
        0.00040544573003054306,
        0.00038284566080863447,
        0.0005953377528764659,
        0.0004696199314339203,
        0.0002448977255917253
    ]
}