{
    "bins": [
        -1.0,
        -0.75,
        -0.5,
        -0.25,
        0.0,
        0.25,
        0.5,
        0.75,
        1.0
    ],
    "yvals": [
        0.0005383512,
        -0.00011390456,
        0.000435978,
        -2.0204332e-05,
        0.0009200712,
        -0.000553368,
        0.0001966468,
        -0.0004292532
    ],
    "yerrs": [
        0.0006966492374215305,
        0.0009278858550489926,
        0.0007775715015353893,
        0.0003366255605268263,
        0.0003755326244149768,
        0.0008156964141149574,
        0.0009556651296348527,
        0.0006941031623613308
    ]
}