{
    "bins": [
        [
            -1.0,
            -0.75,
            -0.5,
            -0.25,
            0.0,
            0.25,
            0.5,
            0.75,
            1.0
        ],
        [
            0.0,
            0.7853982,
            1.570796,
            2.356194,
            3.141593,
            3.926991,
            4.712389,
            5.497787,
            6.283185
        ]
    ],
    "zvals": [
        -0.00010852517869279557,
        -0.0003266624378117688,
        -0.00036987046058176886,
        -0.00015886773474374174,
        0.00019136860547136605,
        0.00031252648975423937,
        0.00014455264719288822,
        0.00017657951764583056,
        -0.00020354587010767275,
        -0.0004074903189186422,
        -0.0008223601282407139,
        -0.00033276828720179175,
        0.0003285447123623945,
        0.0005159325590337639,
        0.0006700623123562832,
        0.0005329058642879153,
        -0.0004222811816986593,
        -0.0009765604130798431,
        -0.0015208640714644045,
        -0.00030774747612360087,
        0.0004097142085923314,
        0.0015151329644333194,
        0.0014917073891199115,
        0.00026837216290339424,
        -0.0004364489248893109,
        -0.0014975916662868165,
        -0.0015914524865100247,
        -0.0002135410409231486,
        0.00016062852209962334,
        0.0007858415733169681,
        0.0021351584801591046,
        0.0009807104168841787,
        -0.0006781339707679492,
        -0.0012648606858842743,
        -0.0008915958533125883,
        -0.0009305670111624792,
        0.0008241874820154875,
        0.0022597979623070093,
        0.0010620322435249392,
        0.0004896808497093194,
        -0.0005840329147685848,
        -0.0009835545757831254,
        -0.0006889627933862833,
        -0.0003859308708057943,
        0.00036622094785064373,
        0.0005875268335289879,
        0.00021595461154726652,
        0.00014405486135691718,
        -0.0003673532228619826,
        -0.000581664476269223,
        -0.0007915543456947945,
        -0.00036734220440820525,
        0.00035405773887888675,
        0.0006772556079847416,
        0.0007830348434806303,
        0.0006112325216005135,
        -0.00012252347917273047,
        -0.0003297854921416892,
        -0.00018736900272218676,
        -0.00014286562626130157,
        0.00018043407291589737,
        0.00035677213336423073,
        0.00023305829655792358,
        0.00017640763027153115
    ],
    "zerrs": [
        4.409322864746711e-05,
        0.00010937382651817661,
        0.00012439468230857482,
        7.14555609912074e-05,
        6.2610969206275e-05,
        0.00010653455495016788,
        6.53411585756779e-05,
        5.825145461620579e-05,
        9.173221740862188e-05,
        0.00018636652053028355,
        0.0002803170501846634,
        0.00015927863486709496,
        0.00012597514720159638,
        0.00021675654862166844,
        0.00022632018662543173,
        0.00017065928102091344,
        0.00019780900471496967,
        0.00040798155281780685,
        0.0005804070061415101,
        0.0001958877677124209,
        0.00018966948782345094,
        0.0004846353077300761,
        0.0005057805229652883,
        0.00014988645664288194,
        0.00025649928172838285,
        0.0006181664639242557,
        0.0007119638242956588,
        0.00015768689745925647,
        0.00013988513241704943,
        0.00045468549878444444,
        0.0007571692411243173,
        0.0004420221837569076,
        0.0003202683023722594,
        0.0005683659530576472,
        0.0005153224175115278,
        0.0004066294937114873,
        0.00032490425587219663,
        0.0007202324951928539,
        0.0005341344043271768,
        0.0003462659502194267,
        0.00024590365278443193,
        0.00041350753060193795,
        0.00035482091806825737,
        0.0001800637196549468,
        0.00015453767220370985,
        0.0002716395589732783,
        0.00021595462411935993,
        0.0001005157278692795,
        0.00012797686217664244,
        0.00023858669286292805,
        0.0002566474003794557,
        0.00012080808142128898,
        0.00012700939749541658,
        0.00022803425695313033,
        0.00026787493824418897,
        0.0001875009447566498,
        4.698621787478576e-05,
        0.00011424315381022615,
        6.906813249134268e-05,
        4.5444189401565246e-05,
        6.135447642288646e-05,
        0.00010961587657341886,
        8.747727929439463e-05,
        5.5390913228364474e-05
    ]
}