{
    "bins": [
        -1.0,
        -0.75,
        -0.5,
        -0.25,
        0.0,
        0.25,
        0.5,
        0.75,
        1.0
    ],
    "yvals": [
        7.302984e-06,
        -3.7924456e-06,
        -0.0002110238,
        -0.00036331008,
        -0.00014142284,
        0.00033818036,
        2.425616e-05,
        2.9296084e-05
    ],
    "yerrs": [
        3.486993432744031e-05,
        8.383711827108564e-05,
        0.00019082393979791948,
        0.00038314047554389237,
        0.0003692029035638804,
        0.0002178836753866613,
        0.00012043296558666984,
        4.009315153489434e-05
    ]
}