{
    "bins": [
        0.0,
        0.7853982,
        1.570796,
        2.356194,
        3.141593,
        3.926991,
        4.712389,
        5.497787,
        6.283185
    ],
    "yvals": [
        0.12339254151588328,
        0.0847830615262737,
        0.10314137545550156,
        0.08570102584800846,
        0.10841305936607933,
        0.08254085189929183,
        0.10757000909093227,
        0.0881830231296744
    ],
    "yerrs": [
        0.01555102412254855,
        0.012933594337385786,
        0.01352987302007622,
        0.011998977368145381,
        0.013694598294594646,
        0.011213470784095752,
        0.0134115251388089,
        0.01281630821669888
    ]
}