{
    "bins": [
        0.0,
        0.7853982,
        1.570796,
        2.356194,
        3.141593,
        3.926991,
        4.712389,
        5.497787,
        6.283185
    ],
    "yvals": [
        -1.5959789569163768e-05,
        -0.00015760000855617368,
        0.00016827239183191201,
        -7.632902511971622e-05,
        -0.00015485906508547255,
        0.00012419103435455658,
        8.586065918171427e-05,
        4.138634170191419e-05
    ],
    "yerrs": [
        0.00012125520279242878,
        0.00013778935077841752,
        0.0001319094263092668,
        0.00010923334446700249,
        0.00011035832766996949,
        0.0001136621755695498,
        0.00011660866543244339,
        0.00011925969082751045
    ]
}