{
    "bins": [
        0.0,
        0.7853982,
        1.570796,
        2.356194,
        3.141593,
        3.926991,
        4.712389,
        5.497787,
        6.283185
    ],
    "yvals": [
        3.8697504017707194e-05,
        -0.0003509138935708758,
        3.7907939668804865e-05,
        2.55611606330031e-05,
        -0.00015814707956984862,
        0.00047211986788863743,
        -0.00014574075818884187,
        -7.740464070445815e-05
    ],
    "yerrs": [
        0.00012872539354101848,
        0.0002472774936103606,
        0.00027304294488126105,
        0.00011879813804653461,
        0.0001118876607018621,
        0.00023834903003598607,
        0.0002532375397761175,
        0.0001329595264454956
    ]
}