{
    "bins": [
        0.0,
        0.7853982,
        1.570796,
        2.356194,
        3.141593,
        3.926991,
        4.712389,
        5.497787,
        6.283185
    ],
    "yvals": [
        0.0005191780424248489,
        -0.00045107256475635654,
        -4.436376206713031e-05,
        -4.038627500162338e-07,
        -0.000806185271671178,
        0.00019223081800564813,
        0.0004935526955760011,
        0.0008296408954440934
    ],
    "yerrs": [
        0.0009476840465024493,
        0.000394672752972017,
        0.00043517764671618866,
        0.000797123883032819,
        0.0008704495368110522,
        0.00037150848971628385,
        0.0003622588110647927,
        0.0007680573654552557
    ]
}