{
    "bins": [
        [
            -1.0,
            -0.75,
            -0.5,
            -0.25,
            0.0,
            0.25,
            0.5,
            0.75,
            1.0
        ],
        [
            0.0,
            0.7853982,
            1.570796,
            2.356194,
            3.141593,
            3.926991,
            4.712389,
            5.497787,
            6.283185
        ]
    ],
    "zvals": [
        -0.00022317402815539937,
        -0.00025669784152693067,
        0.00013346252473268335,
        9.755204679404991e-05,
        -0.00011794962554017195,
        -0.0001930238681534713,
        0.00017991341969294554,
        0.00015460365317966182,
        -0.00029144905094002,
        -0.0004271269922070064,
        0.0005859413953180427,
        0.000590581857119757,
        -0.0003451117522580907,
        -0.0007219768830580166,
        0.00030332712841132784,
        0.0005498414816437018,
        -0.0011249009737990233,
        -0.0003697845855947139,
        0.0013348605420436521,
        0.000743963259438833,
        -0.0005942388445094078,
        -0.0013977626630065267,
        0.001356316160723608,
        0.0004936003911392696,
        -0.0020428394157256786,
        -0.0017314644884413987,
        0.0014784397210076932,
        0.0012961962009118934,
        -0.0047807185656189586,
        -0.0023135872513044345,
        0.0022599415837575346,
        0.0013399723452313353,
        -0.0020439033346396768,
        -0.001202380755331884,
        0.0029189801858420833,
        0.0016566845641514697,
        -0.0018992597383746832,
        -0.0035440767610816436,
        0.0024409163252261915,
        0.0010913340752077294,
        -0.0015556791446682714,
        -0.0009603189619324118,
        0.0005748738855968567,
        0.001379773083490048,
        -0.000928146493879536,
        -0.001033576861667588,
        0.0012794165505896377,
        0.0011901145661180703,
        -0.00036883196320032307,
        -0.00046537675557532755,
        0.0006396491969676522,
        0.0008605536803586457,
        -0.00030649769925566393,
        -0.00039400130889052443,
        0.00045894881321317354,
        0.0004986759324571747,
        -0.0001361813154142701,
        -0.00016300829974313653,
        0.00012090664860363793,
        0.00012044705939274178,
        -9.585484047578423e-05,
        -0.00015670556838698346,
        0.00014295788886653648,
        0.00018638560322282468
    ],
    "zerrs": [
        5.392641666513445e-05,
        6.037405595236913e-05,
        3.481642818240198e-05,
        2.9289247607823974e-05,
        3.73005497468766e-05,
        5.0777426814686965e-05,
        5.446562148560935e-05,
        4.71619492753974e-05,
        0.0001087028372842209,
        0.00012038231151526814,
        0.00015669722144134374,
        0.00017229076024170763,
        0.00012979507289056884,
        0.0001999802181348729,
        0.00012000514251605469,
        0.00015961712077012182,
        0.00039208096275939976,
        0.00016263027997130258,
        0.00041568410703547254,
        0.0002976641581148149,
        0.0002811347175721033,
        0.0004631195049417892,
        0.00047097433481449577,
        0.00027138821457999067,
        0.0007806763635016985,
        0.0006301558577295781,
        0.0006122503866481424,
        0.0005233323072634407,
        0.001457011168396937,
        0.001024327306361568,
        0.0008070852533427805,
        0.0006026770051447843,
        0.0007489613282203421,
        0.0005730062715653084,
        0.0008334762780251974,
        0.0006713541447318576,
        0.0008260790874580295,
        0.0012277077652725612,
        0.0009584307909746195,
        0.000582235065635981,
        0.00048224188474842183,
        0.0003324457053657581,
        0.00028040928918714224,
        0.0004334880730678826,
        0.00034734728766764336,
        0.00034356734600537265,
        0.00043842703441857045,
        0.00037001822747065305,
        0.00013166883176646407,
        0.00013853402198333255,
        0.00017033006053737823,
        0.00021290796450231656,
        0.00010168568540697574,
        0.0001412641568874998,
        0.0001378148558998403,
        0.0001391713246499786,
        4.092173166010155e-05,
        4.782754198622532e-05,
        4.201159818393881e-05,
        3.696567064704581e-05,
        3.4150773519592396e-05,
        4.227362642525507e-05,
        3.5440369711326826e-05,
        5.2365231316333524e-05
    ]
}