{
    "bins": [
        0.0,
        0.7853982,
        1.570796,
        2.356194,
        3.141593,
        3.926991,
        4.712389,
        5.497787,
        6.283185
    ],
    "yvals": [
        -0.0005460943251461487,
        -3.0219654294931816e-05,
        -0.00012665037344123617,
        -0.001805745869297007,
        0.00011413855140960375,
        -0.0006075467469996105,
        0.00011752903623385853,
        0.0010285233728631856
    ],
    "yerrs": [
        0.0007690411813932856,
        0.0007459258606427927,
        0.0007295593002917644,
        0.0007588918307749388,
        0.0007177738527907914,
        0.0006825707874161267,
        0.0007105463030722887,
        0.0008014629447914292
    ]
}