{
    "bins": [
        -1.0,
        -0.75,
        -0.5,
        -0.25,
        0.0,
        0.25,
        0.5,
        0.75,
        1.0
    ],
    "yvals": [
        0.001599874,
        -7.336992e-05,
        -0.004561576,
        -0.0006395616,
        -0.00026655784,
        -0.0009853092,
        -0.0014159432,
        0.0002870914
    ],
    "yerrs": [
        0.0016952418116599178,
        0.0027109945038675384,
        0.002415955297599689,
        0.0011187863424264705,
        0.001240008903193844,
        0.0023387863519355504,
        0.0025024432860706355,
        0.0016903897775365302
    ]
}