{
    "bins": [
        -1.0,
        -0.75,
        -0.5,
        -0.25,
        0.0,
        0.25,
        0.5,
        0.75,
        1.0
    ],
    "yvals": [
        0.00020389616,
        -0.000562238,
        -0.000831086,
        -0.00027191652,
        -0.00032296332,
        -0.000503766,
        0.00027467308,
        0.000699598
    ],
    "yerrs": [
        0.00035134564178313074,
        0.0005093519019302863,
        0.00048666505935807635,
        0.0003441808129457538,
        0.00030099565445368143,
        0.0005333587160626514,
        0.000541588035318359,
        0.00035074510402855234
    ]
}