{
    "bins": [
        0.0,
        0.7853982,
        1.570796,
        2.356194,
        3.141593,
        3.926991,
        4.712389,
        5.497787,
        6.283185
    ],
    "yvals": [
        -5.120181075026655e-05,
        -0.000324564825620851,
        0.00015596792963567518,
        -0.0001710731742719306,
        0.00016470566515320887,
        0.00020725084606785355,
        -0.00020374498025205063,
        0.00039701718109799115
    ],
    "yerrs": [
        0.00015146038635787166,
        0.00039119857113451126,
        0.0004035790616637854,
        0.0002194168455505956,
        0.00014607129612216737,
        0.0003586793154237009,
        0.000341389737445423,
        0.00021765013211203638
    ]
}