{
    "bins": [
        0.0,
        0.7853982,
        1.570796,
        2.356194,
        3.141593,
        3.926991,
        4.712389,
        5.497787,
        6.283185
    ],
    "yvals": [
        -0.0007307112494018957,
        -0.001592042911248287,
        -0.0017160076801825321,
        -0.0007099075756398978,
        0.0007037890343494633,
        0.0017526960852968817,
        0.0016838902059847368,
        0.0008449859816296962
    ],
    "yerrs": [
        0.0001362225828812081,
        0.000269174347328587,
        0.0002957944349000623,
        0.00013877659620818952,
        0.00011849911643502984,
        0.0002688495529896848,
        0.00028460002951581365,
        0.00016174741625550796
    ]
}