{
    "bins": [
        [
            -1.0,
            -0.75,
            -0.5,
            -0.25,
            0.0,
            0.25,
            0.5,
            0.75,
            1.0
        ],
        [
            0.0,
            0.7853982,
            1.570796,
            2.356194,
            3.141593,
            3.926991,
            4.712389,
            5.497787,
            6.283185
        ]
    ],
    "zvals": [
        0.0030230968189130045,
        0.002215054332976232,
        0.002236743154426164,
        0.002954288457204555,
        0.002798616752270822,
        0.002731343853689468,
        0.0036695677860142254,
        0.0032568353879179734,
        0.0023144539928917586,
        0.002536822486643074,
        0.0018428730401656235,
        0.003205780501375734,
        0.002628530248358156,
        0.0026200194041746993,
        0.0013585494233496905,
        0.0016012584702278338,
        0.002785132433458594,
        0.0031239109658825117,
        0.001944284553818574,
        0.0014755868036501192,
        0.002261465906457617,
        0.0016228388664091332,
        0.002298093450709068,
        0.0011279549986121689,
        0.0013270654299946192,
        0.000761645117926228,
        0.0008086361309807259,
        0.002064925471002637,
        0.0005472629163812486,
        0.0008365674473324355,
        0.0016277418582680376,
        0.0006512102144390488,
        -0.0013138833269544035,
        -0.0005924320134331927,
        -0.001644660668858337,
        -0.001045977904224477,
        -0.002138923704924127,
        -0.0014074769734580433,
        -0.0006789413774926854,
        -0.0010991288493222547,
        -0.0010099636082690283,
        -0.0015066545895595837,
        -0.002505397772848926,
        -0.002621043826131686,
        -0.0016038543515516969,
        -0.002152772479685459,
        -0.0017634748242292449,
        -0.0021461847369104586,
        -0.0025565737227307116,
        -0.0025559603044469944,
        -0.0030315641241765333,
        -0.002154436152834419,
        -0.002453468432565399,
        -0.0020411139320446452,
        -0.0019662448847590653,
        -0.0016386509769569064,
        -0.0030332032846522947,
        -0.002703775335250493,
        -0.002748252987657214,
        -0.002578182045049714,
        -0.00405341699367709,
        -0.0021809803437238197,
        -0.003509605575771775,
        -0.002988092661300386
    ],
    "zerrs": [
        0.0006946591135060057,
        0.0005927923843483374,
        0.0005990681929781327,
        0.0006982378789057229,
        0.0006802788640502398,
        0.0006636741470174407,
        0.0007661378380110343,
        0.0007295292126991858,
        0.0006694557122955651,
        0.0007049798052996547,
        0.0006160582101315775,
        0.0008317228463655666,
        0.0007620734986635271,
        0.0007279891327677952,
        0.0005138084120421319,
        0.0005673003379738653,
        0.0008041308050022781,
        0.0008350073047665724,
        0.0006878919605741668,
        0.0006646519937217486,
        0.0008018558236252348,
        0.0006142541685685384,
        0.000693086075894628,
        0.0005045094264665303,
        0.00047982302577992923,
        0.0003392815099718167,
        0.0004217555468619326,
        0.0007600989277031421,
        0.0003468926661391517,
        0.00037222989339897255,
        0.0005095919933725926,
        0.0003404834660068623,
        0.0005178626722257244,
        0.00026613923027156845,
        0.0005826265234319732,
        0.0006019557762059983,
        0.0008044527013083049,
        0.0005112856758945001,
        0.00030641767143653985,
        0.00044177826822068984,
        0.000505089055166125,
        0.0006159375179550672,
        0.000837535869272335,
        0.0009294255052420391,
        0.0007184223329335597,
        0.0007179020601320045,
        0.0006235342255597393,
        0.0007158025118066453,
        0.0007390613764532479,
        0.0007390431516428656,
        0.00081170043467171,
        0.0007204494277993104,
        0.0007792350796999338,
        0.0006465643639316323,
        0.0006229005628710097,
        0.000580316502377143,
        0.000716009029311913,
        0.0006777081086403993,
        0.0006884271895143551,
        0.0006672666117534607,
        0.0008473442979226117,
        0.0006057466461704461,
        0.0007672385468066078,
        0.0007053303586835948
    ]
}