{
    "bins": [
        0.0,
        0.7853982,
        1.570796,
        2.356194,
        3.141593,
        3.926991,
        4.712389,
        5.497787,
        6.283185
    ],
    "yvals": [
        0.12809005673809795,
        0.1293895908544689,
        0.13882057249954802,
        0.12448575819424268,
        0.16374335050509417,
        0.12713895375338366,
        0.11845134568715482,
        0.15317444149335754
    ],
    "yerrs": [
        0.013834132256566526,
        0.014453373128277054,
        0.015424999452957324,
        0.014137044042075563,
        0.0161004031013624,
        0.014887674644477775,
        0.014144748778230519,
        0.015343031031320977
    ]
}