{
    "bins": [
        0.0,
        0.7853982,
        1.570796,
        2.356194,
        3.141593,
        3.926991,
        4.712389,
        5.497787,
        6.283185
    ],
    "yvals": [
        0.004537722393557816,
        0.004383916023192323,
        -0.003933837366532638,
        -0.005133492657871987,
        0.0034733612767030206,
        0.0043789798293349365,
        -0.004707102640954014,
        -0.004046452881214366
    ],
    "yerrs": [
        0.0005302101582213877,
        0.0005378710981747084,
        0.0005348933327464243,
        0.00060348803918017,
        0.000423087837210738,
        0.0004902551978264577,
        0.0005412609671498059,
        0.0005047131277767278
    ]
}