{
    "bins": [
        -1.0,
        -0.75,
        -0.5,
        -0.25,
        0.0,
        0.25,
        0.5,
        0.75,
        1.0
    ],
    "yvals": [
        -0.00025090508,
        0.000487098,
        0.0005034836,
        -0.0012506112,
        0.00164053,
        -0.0002759392,
        0.00026089524,
        -0.00021136584
    ],
    "yerrs": [
        0.00018832363632852888,
        0.0004213105268089085,
        0.000640932570556373,
        0.0010858685003258912,
        0.0011807510152441116,
        0.000545007889851147,
        0.00043636535151178076,
        0.00021475854348546882
    ]
}