{
    "bins": [
        -1.0,
        -0.75,
        -0.5,
        -0.25,
        0.0,
        0.25,
        0.5,
        0.75,
        1.0
    ],
    "yvals": [
        -0.00010504356,
        -0.00011099776,
        0.00023350824,
        0.0004927588,
        -0.0004781032,
        -0.00023822004,
        0.0002540538,
        3.3980184e-05
    ],
    "yerrs": [
        8.221228132098026e-05,
        0.0001866110822003881,
        0.0003394184202426262,
        0.0004512751710431231,
        0.0005431740789102514,
        0.0003589587831492635,
        0.0002029441696624961,
        9.348556252170706e-05
    ]
}