{
    "bins": [
        -1.0,
        -0.75,
        -0.5,
        -0.25,
        0.0,
        0.25,
        0.5,
        0.75,
        1.0
    ],
    "yvals": [
        7.801264e-05,
        -0.00028547892,
        0.0007294428,
        0.0004688,
        0.0026394732,
        0.0021650868,
        -0.0005491724,
        -0.00035721788
    ],
    "yerrs": [
        0.0003950012658207566,
        0.0007761012305105566,
        0.0015004074113386672,
        0.0016785536631278729,
        0.0017668901493867694,
        0.0012522689806906502,
        0.0007400708074231816,
        0.0003814162031167528
    ]
}