{
    "bins": [
        -1.0,
        -0.75,
        -0.5,
        -0.25,
        0.0,
        0.25,
        0.5,
        0.75,
        1.0
    ],
    "yvals": [
        0.005941356,
        -0.0021653908,
        0.0010615404,
        0.0005373672,
        -0.0013594364,
        0.009791768,
        -0.00677092,
        -0.0023558148
    ],
    "yerrs": [
        0.003679729337872556,
        0.005698864448291431,
        0.004345432544638105,
        0.002146141467844093,
        0.0021032801049788875,
        0.004233464774862312,
        0.005139990661470116,
        0.003761954385688375
    ]
}