{
    "bins": [
        -1.0,
        -0.75,
        -0.5,
        -0.25,
        0.0,
        0.25,
        0.5,
        0.75,
        1.0
    ],
    "yvals": [
        -0.00034611552,
        0.000728526,
        -0.0001661006,
        0.00010725848,
        -0.0007328128,
        -0.0001271102,
        8.702048e-05,
        0.00022388748
    ],
    "yerrs": [
        0.00033425817566665444,
        0.0006019877739622293,
        0.0005578521667969033,
        0.0003131328663682559,
        0.0003945888391731322,
        0.0006254318188260012,
        0.0004901671551623997,
        0.00036228276249360803
    ]
}