{
    "bins": [
        [
            -1.0,
            -0.75,
            -0.5,
            -0.25,
            0.0,
            0.25,
            0.5,
            0.75,
            1.0
        ],
        [
            0.0,
            0.7853982,
            1.570796,
            2.356194,
            3.141593,
            3.926991,
            4.712389,
            5.497787,
            6.283185
        ]
    ],
    "zvals": [
        5.88657320579548e-05,
        0.00014885348545666923,
        0.0002074761585845648,
        7.434335923524222e-05,
        -5.2453711366721064e-05,
        -0.00011706727035210176,
        -0.00013788942676197294,
        -7.079610592336626e-05,
        8.828469431175166e-05,
        0.0001959987664849583,
        0.00019793215668998396,
        9.848986311416235e-05,
        -9.562331454880198e-05,
        -0.0002383788601447929,
        -0.00016789118383291022,
        -6.896238594954406e-05,
        8.354350697518786e-05,
        0.00016620800312911493,
        0.00017034512438279703,
        8.990951096194419e-05,
        -9.582234739584258e-05,
        -0.0002090979095948806,
        -0.0002655506125556725,
        -0.00011350683347805828,
        5.108761390082126e-05,
        0.0001652000553095514,
        8.874517123802203e-05,
        9.595520238757626e-05,
        -0.00011276081680880264,
        -0.0001653167438674405,
        -4.427383823233572e-05,
        -5.728830478305268e-05,
        -4.356958291984881e-05,
        -0.0001999058311597002,
        -0.00018322180601427563,
        -3.947351091610761e-05,
        3.273871336570757e-05,
        0.00013119605601236573,
        0.0001743115210377414,
        3.50683755242565e-05,
        -0.0001128637167744973,
        -0.00019305259067443274,
        -0.0002304937878629689,
        -6.0087726111186805e-05,
        6.18217515196117e-05,
        0.00013848077025915525,
        0.00015099529155918404,
        4.649406288276773e-05,
        -8.707532051894185e-06,
        -0.00019489333940074697,
        -0.0001875060542552948,
        -0.00010049317607992881,
        5.6490594577526275e-05,
        0.00019589100048637766,
        0.0002828345883233724,
        9.892411236086674e-05,
        -5.826573068285616e-05,
        -0.0001676617887139485,
        -0.00013686518172951806,
        -5.926170010402356e-05,
        6.777745805311445e-05,
        0.00015421536596731852,
        0.0001418952429214233,
        7.84404849515787e-05
    ],
    "zerrs": [
        1.5830160254254432e-05,
        3.4408480110838604e-05,
        4.314544538312191e-05,
        1.8326295383283016e-05,
        1.54696195163971e-05,
        3.125160719285737e-05,
        3.182518873749632e-05,
        1.7504998040801222e-05,
        2.6007856821363792e-05,
        5.718410471531233e-05,
        5.597363786130938e-05,
        2.8669804856952925e-05,
        2.8846433007029217e-05,
        6.447706510283537e-05,
        5.1685507337134086e-05,
        2.411486889190889e-05,
        3.126458158441905e-05,
        6.327170808771521e-05,
        6.0459561428203845e-05,
        3.201146273510411e-05,
        3.293839248743029e-05,
        7.41932471073835e-05,
        7.783181549223028e-05,
        3.585293550413162e-05,
        2.226274586759816e-05,
        6.0626662966244435e-05,
        4.100263009728621e-05,
        3.197106922525352e-05,
        4.200204273166323e-05,
        6.0802660263462345e-05,
        2.6907121169176724e-05,
        2.451657158870737e-05,
        2.2615210780149383e-05,
        7.187755306301498e-05,
        6.137438520059463e-05,
        2.102833875205715e-05,
        1.8308349061152224e-05,
        5.301897767425035e-05,
        6.194443445548083e-05,
        2.0977267883474876e-05,
        4.470614320441973e-05,
        7.34084498450811e-05,
        7.068082520547431e-05,
        2.490295583098101e-05,
        2.4700327253803995e-05,
        5.7168461780723664e-05,
        6.217545880394307e-05,
        2.4828403510986587e-05,
        5.319662223740308e-06,
        6.254176274262482e-05,
        5.463736545546851e-05,
        2.8425064657856834e-05,
        2.05658650734316e-05,
        5.76771056722368e-05,
        7.149829147317977e-05,
        3.3305515874575514e-05,
        1.918749176992137e-05,
        3.7092951489682335e-05,
        3.125322976319139e-05,
        1.6337990810923094e-05,
        1.6906346492905003e-05,
        3.69501300364025e-05,
        3.6161065035739043e-05,
        1.961565664054936e-05
    ]
}