{
    "bins": [
        [
            -1.0,
            -0.75,
            -0.5,
            -0.25,
            0.0,
            0.25,
            0.5,
            0.75,
            1.0
        ],
        [
            0.0,
            0.7853982,
            1.570796,
            2.356194,
            3.141593,
            3.926991,
            4.712389,
            5.497787,
            6.283185
        ]
    ],
    "zvals": [
        -7.329392911773925e-05,
        0.0001225719246985413,
        0.00011863778619247823,
        -4.6086429954710926e-05,
        -0.00016579288462664784,
        5.817218785889449e-05,
        3.8605226904066486e-05,
        -0.00013050601096514127,
        -0.00028330026730389755,
        0.0002335279268671239,
        0.00030590044792576506,
        -0.00015677840180596106,
        -0.00015278067934983277,
        0.00031109002060102016,
        0.0003039721007692916,
        -0.00015467291742530541,
        -0.0006895258990916964,
        0.00033851946109347386,
        0.00033285182799039473,
        -0.0005637557470788734,
        -0.0009392394683969144,
        0.0006618157927573029,
        0.0004350706775418324,
        -0.0005939072928629818,
        -0.002341381989416324,
        0.0013102802172351388,
        0.0009832283759316934,
        -0.000804862751289472,
        -0.0003948052834359139,
        0.0007272486051657887,
        0.0002564416512392444,
        -0.00035757244097896874,
        -0.0005022330328742795,
        0.0010327327120091246,
        0.0005261250983577754,
        -0.0017711043686075485,
        -0.0005338485710429615,
        0.00015951968301421705,
        0.0009254003702581368,
        -0.0009993409710745383,
        -0.0002444402851954588,
        5.0021937927506286e-05,
        0.0007000644259343672,
        -0.0005756971934010611,
        -0.00015255012108510583,
        0.00035939719734453114,
        0.0005316499405397011,
        -0.0002784281599902216,
        -0.00017071666321618765,
        0.00018176984962270075,
        0.00011493515389649582,
        -0.0002702949201615994,
        -0.0002877430805782545,
        0.0004865664542053839,
        0.0002571597075622806,
        -0.00038871955365305243,
        -0.00013750466960581268,
        0.00011249825247791628,
        0.00015596912648109626,
        -6.406746125217883e-05,
        -9.827644073450654e-05,
        8.725385091380422e-05,
        7.067586115574525e-05,
        -4.066808420698805e-05
    ],
    "zerrs": [
        3.6030861562521635e-05,
        6.165850678416633e-05,
        5.006442916842617e-05,
        2.2157944377947823e-05,
        6.713420564606541e-05,
        2.532068547799057e-05,
        2.7571613402605735e-05,
        4.962665827391952e-05,
        0.00017036077537957995,
        0.00011097645148878348,
        0.00016020692386556627,
        7.384159775583275e-05,
        9.594587777699228e-05,
        0.00014530073467090688,
        0.00013333773860975628,
        8.40306327001032e-05,
        0.00032084240501319204,
        0.00019847574977328934,
        0.00025828414421438935,
        0.0002778061711088559,
        0.0003879404369928361,
        0.00028536246467034484,
        0.0002464042419892421,
        0.00027713144773417066,
        0.0008367697350154051,
        0.0005998026564790701,
        0.000545939812488359,
        0.0004655149938219546,
        0.00029545783688489087,
        0.00031403601301095566,
        0.00013432238514032743,
        0.0002788733995445195,
        0.0003738736921385866,
        0.0004924145427255427,
        0.00029219537087920113,
        0.0006252949355265262,
        0.0003202256593515634,
        0.00015951966244569365,
        0.0004415344529216136,
        0.0005198227590066722,
        0.0002444402821103591,
        4.045903753547709e-05,
        0.0003115684987625427,
        0.0002875272925083871,
        0.00012963027021451143,
        0.0002009116583454742,
        0.0002686138428424163,
        0.00020066291715398088,
        8.947258880817804e-05,
        0.00010031813685949947,
        7.834856933793323e-05,
        0.00012588459544654286,
        0.0001309776042951845,
        0.0001719294332244723,
        0.0001127648573437534,
        0.00017493814577168031,
        4.995820787228828e-05,
        5.107269479009964e-05,
        6.372789999928309e-05,
        2.522327720785966e-05,
        4.302123085768985e-05,
        4.131450787033636e-05,
        3.741081733747651e-05,
        3.336687916616819e-05
    ]
}