{
    "bins": [
        [
            -1.0,
            -0.75,
            -0.5,
            -0.25,
            0.0,
            0.25,
            0.5,
            0.75,
            1.0
        ],
        [
            0.0,
            0.7853982,
            1.570796,
            2.356194,
            3.141593,
            3.926991,
            4.712389,
            5.497787,
            6.283185
        ]
    ],
    "zvals": [
        -0.0004224113067740669,
        0.0003444501117777514,
        0.0007232608180820426,
        -0.0003044179582607057,
        -0.0008001828372366619,
        0.0006583373015974067,
        0.0004288993860437639,
        -0.0006462425419978153,
        -0.0012870887659279075,
        0.0013506964241560137,
        0.0017412012762955855,
        -0.00167419209853845,
        -0.0012829780569851206,
        0.002060577694366424,
        0.0009023450530813679,
        -0.0016191846681555086,
        -0.004996741780156869,
        0.004257784271868345,
        0.0025198363122900754,
        -0.0036075538675246596,
        -0.005171115790974765,
        0.0035659545860824713,
        0.0032339109597936343,
        -0.0014919788438473238,
        -0.0067816911217774625,
        0.0018461829152055173,
        0.0027441119025003887,
        -0.0027180574459605886,
        -0.0018086514098584407,
        0.003832662675484278,
        0.0008391108711761427,
        -0.004857768927346392,
        -0.001333749427997161,
        0.003477851351251557,
        0.004935235383843607,
        -0.0063447292395330274,
        -0.003548758718509595,
        0.007093901435959859,
        0.0040505827618608665,
        -0.008278707101367716,
        -0.0022894613203849968,
        0.0045756568200216495,
        0.0033476545649466904,
        -0.00477001371277529,
        -0.0034968365083690037,
        0.001915755833348188,
        0.0023545473759800767,
        -0.0009752680806419168,
        -0.0015056596768365398,
        0.0016724752730399805,
        0.0010845349746243307,
        -0.0031292400423224374,
        -0.0012431949151894958,
        0.001248473258144279,
        0.0016245241266211528,
        -0.001043981268095921,
        -0.0006377595466859994,
        0.000728669726347591,
        0.0005710337943310271,
        -0.0005696493120057449,
        -0.0005713862271103311,
        0.0007135719724267189,
        0.00048601020119735483,
        -0.0004664223743885267
    ],
    "zerrs": [
        0.00016516753919827687,
        0.000124163442786043,
        0.0002179441443072037,
        0.00010079782132395965,
        0.00021564499970546608,
        0.0002218236043077726,
        0.00013343844783321985,
        0.00021444267595055195,
        0.0005257908706458383,
        0.0005055262724747234,
        0.0005881803478857573,
        0.0006286319285696468,
        0.0005234402676523276,
        0.0006261548465392623,
        0.0003986188302548797,
        0.0005178577953665421,
        0.00189667866836926,
        0.0014521295186227456,
        0.0010623009579834547,
        0.0014237971340597456,
        0.0017408007352514748,
        0.001242375395163263,
        0.0013248765468772655,
        0.0008523422963665771,
        0.002770810182654679,
        0.0010424098390123448,
        0.001411390412290198,
        0.0016055153701259864,
        0.001309412993306276,
        0.0017184372020904858,
        0.0008391109008357929,
        0.0022990804899982137,
        0.0008503905424792333,
        0.0014865678309448087,
        0.0019007808165549217,
        0.002139231740111799,
        0.001988361992008518,
        0.0023384420924823703,
        0.0016590857034492772,
        0.003081078286328442,
        0.001059030120136406,
        0.0014827063678588969,
        0.0011141901508411195,
        0.0016980396355406662,
        0.001483480590501439,
        0.0010618744289348698,
        0.0010420462190481046,
        0.0009752679178270177,
        0.0005857286913495378,
        0.0005919124536566562,
        0.0004971954863290231,
        0.0008287047961465967,
        0.0004563437556890257,
        0.0004517628242991168,
        0.000536749581266606,
        0.0004418118802723378,
        0.00020372875795982947,
        0.0001913154881151343,
        0.000192265518324637,
        0.0001821220250694358,
        0.00020063415413807813,
        0.0001982926527406283,
        0.0001704471253094609,
        0.00015967424654262613
    ]
}