{
    "bins": [
        [
            -1.0,
            -0.75,
            -0.5,
            -0.25,
            0.0,
            0.25,
            0.5,
            0.75,
            1.0
        ],
        [
            0.0,
            0.7853982,
            1.570796,
            2.356194,
            3.141593,
            3.926991,
            4.712389,
            5.497787,
            6.283185
        ]
    ],
    "zvals": [
        -0.0007017546004052465,
        -0.0017650693699422127,
        -0.0013937356601366442,
        -0.0006358928391811042,
        0.0009198149218612727,
        0.0018470344971594024,
        0.0016721626487462412,
        0.0004532217805494795,
        -0.00039246237131686826,
        -0.0014401064021315059,
        -0.0029506288531419744,
        -0.0010869456161772552,
        0.0006944901820478277,
        0.001876338366025888,
        0.0018681096717842421,
        0.0008536110354240782,
        -0.0014853173842262434,
        -0.002273095239125956,
        -0.002963806375875671,
        -0.0007017599971479465,
        0.0003802418137046439,
        0.0017564949235928794,
        0.004400297428819529,
        0.0008618590829108301,
        -0.00028836954299105855,
        -0.0012296173989792178,
        -0.0021209139824649417,
        -0.0004339864960357729,
        0.0003312471893231202,
        0.0016831349201296673,
        0.0034032523637697078,
        0.00012316756599838557,
        0.0006147195142540433,
        0.000618372498624264,
        0.0007960967560396132,
        0.0005159522739397428,
        -0.00039228014331587285,
        -0.0011142350757195718,
        -0.001506924132732704,
        -0.0008279761343930087,
        0.0006897683238897159,
        0.0018058247680347462,
        0.002828152350782661,
        0.0010254685834843182,
        -0.0008434271541307716,
        -0.0018222241462290461,
        -0.0027768061543319445,
        -0.0009733332654272104,
        0.0009753691821549884,
        0.0021517646216987108,
        0.0011747160038604635,
        0.0009576640662898731,
        -0.0005457788280591495,
        -0.001629269746039588,
        -0.0013376550487778174,
        -0.0006734333420762468,
        0.000849871568333108,
        0.0011116196149263467,
        0.0024534343097385026,
        0.0006375353164442532,
        -0.0011433764791863484,
        -0.0011109210871430794,
        -0.0012991390352407317,
        -0.0008382552540240747
    ],
    "zerrs": [
        0.00017619043649874793,
        0.0004078013357696935,
        0.0003700333336867017,
        0.00016781970993277637,
        0.0002046253165918532,
        0.000448015411247459,
        0.00039234080144393094,
        0.00013627951942164375,
        0.00017541384855654325,
        0.0005154113805972248,
        0.0007474345843214308,
        0.0003453234918149748,
        0.00027341128441188796,
        0.0005726649376812534,
        0.0005997672583363698,
        0.00028112203117160704,
        0.00042692280045558294,
        0.0007260230945036932,
        0.0008953835156961688,
        0.0003103295801737777,
        0.00019715870750462434,
        0.000672628960276719,
        0.0011827908535386024,
        0.0003332623710917635,
        0.00015260093884298775,
        0.0004553896229995847,
        0.0006903693638340748,
        0.00022593465818422856,
        0.0001676384494228299,
        0.0006133248895007288,
        0.0009792946185015552,
        7.065017598478699e-05,
        0.0002208314433112776,
        0.0002977282177102234,
        0.00041771084339412115,
        0.00023923974124526802,
        0.0002013963062288902,
        0.0005236069882206009,
        0.0007546017906142218,
        0.00029285636050977804,
        0.0003116872784367631,
        0.0006401849367174,
        0.0008178241214181544,
        0.00037438007824612155,
        0.0002863958959357,
        0.0007508388323303286,
        0.0009312549430147182,
        0.0004236183463444174,
        0.000262673224892449,
        0.0006062578589684287,
        0.0004491360602264603,
        0.0002877936979338877,
        0.00022393452778845044,
        0.0005516382557231064,
        0.0005098268427686727,
        0.0002788260995490513,
        0.00020819623362254789,
        0.0002879484851501269,
        0.0004516471170465726,
        0.00016083291598788254,
        0.00024274915849976909,
        0.00029771598833220974,
        0.000364884495065056,
        0.0002071384849954293
    ]
}