{
    "bins": [
        0.0,
        0.7853982,
        1.570796,
        2.356194,
        3.141593,
        3.926991,
        4.712389,
        5.497787,
        6.283185
    ],
    "yvals": [
        0.17052992991325927,
        0.18052138674185234,
        0.16560266259908996,
        0.1732152702002422,
        0.20147593958731747,
        0.1530024267950772,
        0.22780462899065193,
        0.1914112335401924
    ],
    "yerrs": [
        0.016632392263337265,
        0.017035986296905684,
        0.016737665928031144,
        0.01733484218524042,
        0.018896483126162187,
        0.01573178341431284,
        0.018364739810394173,
        0.01728799931044859
    ]
}