{
    "bins": [
        -1.0,
        -0.75,
        -0.5,
        -0.25,
        0.0,
        0.25,
        0.5,
        0.75,
        1.0
    ],
    "yvals": [
        -0.0004876696,
        -0.0012583376,
        -0.000769428,
        0.005318096,
        -0.0004116068,
        0.0012517968,
        -0.0005254424,
        -0.00018283656
    ],
    "yerrs": [
        0.00027897334639710654,
        0.0006669044909130542,
        0.001486182761304948,
        0.002245093494712414,
        0.0024101784166322628,
        0.001492289516146247,
        0.0006415155804810979,
        0.0002621282739423582
    ]
}