{
    "bins": [
        [
            -1.0,
            -0.75,
            -0.5,
            -0.25,
            0.0,
            0.25,
            0.5,
            0.75,
            1.0
        ],
        [
            0.0,
            0.7853982,
            1.570796,
            2.356194,
            3.141593,
            3.926991,
            4.712389,
            5.497787,
            6.283185
        ]
    ],
    "zvals": [
        0.0006767181284601875,
        0.0006390891341941625,
        0.0007379331243522394,
        0.0006590377629714324,
        0.0007145289394676328,
        0.00036269488845146034,
        0.0006955322015080254,
        0.0007352348745476818,
        0.0005032090982637851,
        0.0003818247517372725,
        0.0002670228852123383,
        0.0005506235684028119,
        0.0002268395386797521,
        0.00034762594251576916,
        0.0004302833977168265,
        0.0006254067364571848,
        0.00033687686068035295,
        0.0003601987680637761,
        0.00031074395402076407,
        0.00034634869664972837,
        0.00023215938925232805,
        0.0004918843694534492,
        0.0002481505682469271,
        0.00016731033183175922,
        0.00011280769423713983,
        0.00016371036435294318,
        0.00020990249529537894,
        0.00013909668843479556,
        4.946335488503916e-05,
        0.00012718198925894898,
        0.0002837289119656532,
        0.00014689321847012601,
        -0.0002686130933327833,
        -0.0002178223060976234,
        -9.854748802517961e-05,
        -3.807502683349483e-05,
        -0.00024554129244026585,
        -5.1292822237897224e-05,
        -0.00016514704646561365,
        -0.00016030318386346798,
        -0.0003152481378235906,
        -0.0004865873064579503,
        -0.00022316863551982566,
        -0.00020369422420960558,
        -0.00035943279712960806,
        -0.0002221939449807614,
        -0.00019231497915706436,
        -0.00014667009592588727,
        -0.0002425397970099753,
        -0.00042994034360676844,
        -0.0002739998319323452,
        -0.0008082551671188785,
        -0.0006114861509705905,
        -0.0003545859806111043,
        -0.00038316079236259845,
        -0.00042651292720378726,
        -0.0004746419841552985,
        -0.0007231219644363658,
        -0.0003422643806070299,
        -0.0005284269524152692,
        -0.0007032775739179369,
        -0.0008130048714155118,
        -0.0005288223295704853,
        -0.0007823961863921224
    ],
    "zerrs": [
        0.0001477430757756849,
        0.00014295180885322205,
        0.00015748679272156588,
        0.00015156883239174346,
        0.00016013439038702702,
        0.00011503589141065991,
        0.0001559284058519485,
        0.00015699792604463372,
        0.00013451369684868618,
        0.00011514033798793348,
        0.00010099218742813909,
        0.00015300526143928082,
        0.00010145730871505888,
        0.00012316078097377307,
        0.00013639735957060112,
        0.00015661458317300258,
        0.00010664081138950171,
        0.00010885931218652718,
        0.00011001818751569767,
        0.0001226401106384268,
        0.00010393050316075135,
        0.000155595931148996,
        0.00011099453562635424,
        8.392269657472475e-05,
        4.982918401152208e-05,
        5.612724418183202e-05,
        6.604295751661948e-05,
        6.346618176030287e-05,
        3.882620406585381e-05,
        6.257048133156416e-05,
        0.00010547796466475811,
        6.299261793928075e-05,
        8.009814303352428e-05,
        6.910766496119016e-05,
        5.100102197732974e-05,
        2.802161395953187e-05,
        8.55733554646999e-05,
        3.777824859206381e-05,
        6.889000684522235e-05,
        6.703590064911747e-05,
        0.00011188184225968116,
        0.00013533749908844713,
        9.143191013028606e-05,
        9.11199703638833e-05,
        0.00011982795843147709,
        9.940698461697763e-05,
        9.622220229574466e-05,
        8.468814830978645e-05,
        9.906659404759294e-05,
        0.00012969716740250144,
        0.00010360702751509078,
        0.00017650061116386524,
        0.00015296562967065613,
        0.00011830221891189792,
        0.00012789177166237984,
        0.00013514237155044302,
        0.00012694846149347982,
        0.00015795259393905958,
        0.00010835027500101577,
        0.0001322303950757328,
        0.0001535933833165022,
        0.00016621892869056468,
        0.0001367286839252497,
        0.0001672328053775747
    ]
}