{
    "bins": [
        0.0,
        0.7853982,
        1.570796,
        2.356194,
        3.141593,
        3.926991,
        4.712389,
        5.497787,
        6.283185
    ],
    "yvals": [
        -0.0007052547357506039,
        0.0006676248647500667,
        -0.0004158389759077564,
        0.0004061447748214602,
        -0.0002879625361918415,
        0.00028098556400703854,
        -0.0003812632576095178,
        -2.1852525725810358e-06
    ],
    "yerrs": [
        0.0003092917286441822,
        0.0006767946226801016,
        0.000631890202179563,
        0.0002830785914522789,
        0.0003102393217847477,
        0.0006186666863199386,
        0.0006619863849008513,
        0.00034073926530564047
    ]
}