{
    "bins": [
        [
            -1.0,
            -0.75,
            -0.5,
            -0.25,
            0.0,
            0.25,
            0.5,
            0.75,
            1.0
        ],
        [
            0.0,
            0.7853982,
            1.570796,
            2.356194,
            3.141593,
            3.926991,
            4.712389,
            5.497787,
            6.283185
        ]
    ],
    "zvals": [
        0.001235121750979312,
        0.0004081600941586543,
        -0.00063097385020079,
        -0.0011641125084192875,
        -0.0011838471704791707,
        -0.0004672623561557326,
        0.0003464421859999644,
        0.001337421791244694,
        0.0019016106734138173,
        0.00043982481234350286,
        -0.0012165251248411637,
        -0.0018404719130021812,
        -0.002350161319483879,
        -0.0009099508784081448,
        0.0006179659230097353,
        0.002221908892052183,
        0.0049968079886101085,
        0.0007938901789640867,
        -0.0014421732675662534,
        -0.003676559302978486,
        -0.00273040114693442,
        -0.0014958775041443958,
        0.0019516474449896746,
        0.0032904468817083828,
        0.008343742066126456,
        0.0010509471760679746,
        -0.0020525033167897045,
        -0.0036107766880273595,
        -0.003046346947662203,
        -0.0041401215689370234,
        0.0030757195714784104,
        0.007348641071151189,
        0.0055977464679700046,
        0.004651880104578851,
        -0.004105449211737235,
        -0.012360550497263175,
        -0.011352501534253967,
        -0.002485639637483162,
        0.0033062875128278923,
        0.010251785718833003,
        0.0019403843808147253,
        0.0016450145391290886,
        -0.00192608995693903,
        -0.003848549336069947,
        -0.002895798053980274,
        -0.0018744167925052015,
        0.0019897468544610507,
        0.0027028502746378274,
        0.0016256090222768525,
        0.0009066493438102321,
        -0.0004296816645827976,
        -0.0016618712272360927,
        -0.0015172404309662102,
        -0.0009658023066012393,
        0.0011032230792540855,
        0.0017209689864247175,
        0.0012978685207070757,
        0.00041210189282424775,
        -0.0005300166285119139,
        -0.0008187772075085403,
        -0.0014444447273866238,
        -0.0003852617908372571,
        0.0004311252638789507,
        0.0007344520867127243
    ],
    "zerrs": [
        0.00024025610070573832,
        0.0001042448531304045,
        0.00012654480851984095,
        0.0002973751082989714,
        0.00022780215163267333,
        0.00011205953622690933,
        0.000100422437669677,
        0.00025946525577184095,
        0.0005322387162290495,
        0.00016322839198992624,
        0.0002997151341230717,
        0.0004911346150720296,
        0.0005415911379353923,
        0.0002576407723450551,
        0.00021321423095409546,
        0.0005668486511826702,
        0.001287100307361664,
        0.0003352842950072824,
        0.0005018821014717862,
        0.0010404808992920936,
        0.0008466891177979357,
        0.0004917728581083572,
        0.0006326937571547813,
        0.0010617252926209287,
        0.0021642141104678977,
        0.0004729056705852124,
        0.0008796239495097089,
        0.0013832806581219007,
        0.0012600697526072274,
        0.0012301336426239664,
        0.0011931063328858298,
        0.002138283045462298,
        0.0016343467884172174,
        0.0013490057511099504,
        0.0016770744357196793,
        0.00331794087172952,
        0.0027840362493998334,
        0.0010370576938932429,
        0.0010908631256576673,
        0.0023881059109690816,
        0.0007486596204997419,
        0.000576547652082829,
        0.0008470170008820443,
        0.0013261196206773302,
        0.0010833685622532244,
        0.0005892107032582417,
        0.0005898286681924295,
        0.0008771279462691395,
        0.0004358814830731943,
        0.00023914261795518281,
        0.00017083094159716636,
        0.0004966049151217858,
        0.0004785406942500018,
        0.0002847161912673165,
        0.0002975306612775424,
        0.00045881434951479264,
        0.00024454955377717873,
        0.00010491931348444034,
        0.000127245137914285,
        0.0002216428814094156,
        0.0002846858526622862,
        9.827021571103593e-05,
        0.00010271077101120758,
        0.00018262708451914796
    ]
}