{
    "bins": [
        -1.0,
        -0.75,
        -0.5,
        -0.25,
        0.0,
        0.25,
        0.5,
        0.75,
        1.0
    ],
    "yvals": [
        0.00016210452,
        -8.6125e-05,
        -0.0011356684,
        0.0008685256,
        0.0021408944,
        -0.00038889316,
        0.00030134556,
        -0.0003444704
    ],
    "yerrs": [
        0.00022473618311255535,
        0.0004704965887230215,
        0.0008932216746138665,
        0.0014267580033067977,
        0.0016424562094619144,
        0.0009433284051696949,
        0.0004278682040067946,
        0.00019413483973774518
    ]
}