{
    "bins": [
        [
            -1.0,
            -0.75,
            -0.5,
            -0.25,
            0.0,
            0.25,
            0.5,
            0.75,
            1.0
        ],
        [
            0.0,
            0.7853982,
            1.570796,
            2.356194,
            3.141593,
            3.926991,
            4.712389,
            5.497787,
            6.283185
        ]
    ],
    "zvals": [
        -0.0002102570135760433,
        -0.0005957144264982662,
        -0.0005747160038604632,
        -9.284417219782556e-05,
        0.0001379382173114777,
        0.0005473683406374859,
        0.00023676148907942222,
        0.00020838851130254983,
        -0.0003867630967323327,
        -0.0004220050017965418,
        -0.0006882278793681676,
        -0.0001516794902972884,
        0.00010640689179244151,
        0.0006663388498570154,
        0.000555880712708716,
        0.00018271419076697424,
        -0.00011966189889408963,
        -0.0002994928175250809,
        -0.0005061856027135288,
        -0.00016934057720980038,
        0.00017801282916432172,
        0.00021901339193631768,
        0.001041002905533246,
        0.00013175378597857394,
        -6.34592236142125e-05,
        -0.00018166116584487503,
        -0.0002317251126180612,
        -4.896712626321144e-05,
        7.845917611198397e-05,
        0.00019424577093397238,
        0.00017617559504862508,
        4.3749910236593426e-05,
        4.84539231182348e-05,
        0.00023008528926360628,
        0.00031896826831746464,
        0.00010060781844642024,
        -0.0001472496237576362,
        -0.00015245585040960126,
        -0.00015629410821010498,
        -3.434453869248458e-05,
        7.841204627156009e-05,
        0.00035544117897962026,
        0.0003395030799670995,
        0.00021902202574742267,
        -0.00010276349061240284,
        -0.0003621667485784278,
        -0.0005564404289290272,
        -0.00023826487971703524,
        0.00012038677959791604,
        0.0009654577591126433,
        0.00031291095724715373,
        0.00028963123202346836,
        -0.0004102599701043291,
        -0.0005017600757832336,
        -0.0005061931912227942,
        -0.00023237135821583456,
        0.00020374607428435662,
        0.0006325742190772624,
        0.00045140878891975796,
        8.936242597711483e-05,
        -0.00016557623014064202,
        -0.00028386458839976684,
        -0.0003144034489519964,
        -7.953139682046557e-05
    ],
    "zerrs": [
        0.00010522382662043365,
        0.00021016655647327945,
        0.00019211915445243409,
        6.729164889432292e-05,
        8.563922646513284e-05,
        0.00019179918152124008,
        0.00011887523278346694,
        8.360444342729087e-05,
        0.00014170503622926278,
        0.00021174922831263712,
        0.00026205791944295304,
        8.620953518654368e-05,
        6.345351005702784e-05,
        0.0002527043542917477,
        0.00022853936024441567,
        9.684933909876965e-05,
        5.884744860144538e-05,
        0.0001737270726478601,
        0.000227309217816383,
        8.886674273782788e-05,
        8.497544111745927e-05,
        0.00012682096415424492,
        0.00030350063267716045,
        6.65787505819303e-05,
        2.9543866671713713e-05,
        9.066988930263306e-05,
        0.00011699952957806145,
        3.27654116980324e-05,
        3.23888343452873e-05,
        8.894311993507803e-05,
        8.945884021669125e-05,
        2.3743493953208996e-05,
        3.5364379243193865e-05,
        0.0001081462198223099,
        0.0001278908387148638,
        5.7274437304902936e-05,
        5.11909291697757e-05,
        7.779664861344426e-05,
        7.245743640079124e-05,
        2.8346054125567424e-05,
        5.3728847684032415e-05,
        0.00017989069105776742,
        0.00017327531749445442,
        9.212732036464354e-05,
        6.46796399241245e-05,
        0.0001819167683636899,
        0.00022898320814720532,
        9.687358720523648e-05,
        6.60680521475776e-05,
        0.00032337604429724746,
        0.00018103589683266574,
        0.00013064410598258018,
        0.00014040087835250273,
        0.00022584675917660925,
        0.00022727172962048306,
        0.00011412453476583018,
        7.918986242307312e-05,
        0.00020574533120871173,
        0.00017988970801869453,
        4.9404812893459377e-05,
        7.460380449142571e-05,
        0.00014446692161818498,
        0.0001598010005587317,
        4.224577300798129e-05
    ]
}