{
    "bins": [
        0.0,
        0.7853982,
        1.570796,
        2.356194,
        3.141593,
        3.926991,
        4.712389,
        5.497787,
        6.283185
    ],
    "yvals": [
        0.0006752941374197189,
        0.00013319135857014114,
        0.0004170199058311838,
        0.0003304608230975593,
        -0.00014270726434240978,
        -0.0001344436833299805,
        2.998427548835114e-05,
        -0.0013406031082330236
    ],
    "yerrs": [
        0.0006136330113369423,
        0.00029269766382544407,
        0.0003053682734287328,
        0.000696458845039768,
        0.0006280752730831982,
        0.0003214864209298968,
        0.0002676847941766762,
        0.000657489745110263
    ]
}