{
    "bins": [
        [
            -1.0,
            -0.75,
            -0.5,
            -0.25,
            0.0,
            0.25,
            0.5,
            0.75,
            1.0
        ],
        [
            0.0,
            0.7853982,
            1.570796,
            2.356194,
            3.141593,
            3.926991,
            4.712389,
            5.497787,
            6.283185
        ]
    ],
    "zvals": [
        0.04371404467186198,
        0.028710352893781977,
        0.03407927700350651,
        0.05708756950288962,
        0.07517212928986321,
        0.023364128760195474,
        0.047312847753623016,
        0.07496805441317653,
        0.016997859175129252,
        0.0515526272164246,
        0.02239926763246151,
        0.038531966554579265,
        0.037978884590997165,
        0.02221002854603654,
        0.05078733584755756,
        0.07227555965255834,
        0.05269912765269897,
        0.05599664272041505,
        0.0513951907185911,
        0.025137765645232554,
        0.039054863903396735,
        0.04899401322641515,
        0.031084443810653967,
        0.04056281273952825,
        0.034196477659358016,
        0.0544277052978758,
        0.05823936399125031,
        0.029480317647463266,
        0.03179459076799278,
        0.027805723976888158,
        0.04022088164217378,
        0.06569515073886108,
        0.02862559145157195,
        0.03388331874624553,
        0.07701868352096645,
        0.022986594075113415,
        0.03725330596716568,
        0.09045523416153341,
        0.04545231334941012,
        0.03590752204614731,
        0.053843006006379944,
        0.06315968799505167,
        0.007886875189394424,
        0.061806648595172646,
        0.043870720322689884,
        0.07500732112890536,
        0.027507882627661396,
        0.04792035121046909,
        0.05991111260504543,
        0.02817589252223523,
        0.056048118278885374,
        0.036252146997895335,
        0.04284071006037701,
        0.026237688407660834,
        0.04128597730068068,
        0.04504080224293926,
        0.05256574308420875,
        0.05917714564517496,
        0.03176912087884105,
        0.026140501834099612,
        0.0623842688675041,
        0.031157553240522644,
        0.06662573625091993,
        0.005564674216129912
    ],
    "zerrs": [
        0.014584875552761617,
        0.011736621196802369,
        0.012890754710654442,
        0.016487257613882693,
        0.018803864877946865,
        0.010461579215331647,
        0.014976478592620555,
        0.01875106280651018,
        0.009818916483822267,
        0.018263217296489217,
        0.011218277164380404,
        0.014591228756999338,
        0.014359816911937663,
        0.01113062017824103,
        0.01695521781207551,
        0.0200668216855379,
        0.019995999722661254,
        0.021245991606902184,
        0.019450190698123673,
        0.012581461266887101,
        0.015966740747462814,
        0.020024017054792807,
        0.01564043719048056,
        0.01659598421163202,
        0.01713469671453198,
        0.02439330855883782,
        0.02387121663015942,
        0.014751975681479974,
        0.01592668190340941,
        0.01607123052003282,
        0.020152280464520105,
        0.02325542449963569,
        0.01657970980772955,
        0.01957956867276734,
        0.027266559392643077,
        0.01327292864155917,
        0.018668498958008702,
        0.03202697202445518,
        0.022762724786909914,
        0.017971161774294548,
        0.020363891570767,
        0.023945576400185645,
        0.007886874523323425,
        0.020612432545520153,
        0.01795784216168976,
        0.02656790892347169,
        0.015908863167400526,
        0.019607767397402342,
        0.02002833150150415,
        0.014093986833401096,
        0.018697820309894326,
        0.014811992195864633,
        0.016215473551303577,
        0.013144035855136339,
        0.01694351839081965,
        0.017068329350131924,
        0.016628347792398423,
        0.017863010024418348,
        0.012986922228773672,
        0.011693035770768943,
        0.018012782381902237,
        0.012723659653901685,
        0.01927437808553709,
        0.005564675032682027
    ]
}