{
    "bins": [
        0.0,
        0.7853982,
        1.570796,
        2.356194,
        3.141593,
        3.926991,
        4.712389,
        5.497787,
        6.283185
    ],
    "yvals": [
        4.265305166220141e-06,
        6.766055367101868e-06,
        -1.5345238974379872e-05,
        8.316192152014455e-06,
        -1.4985090361829284e-07,
        -1.2713624175258915e-05,
        3.216362914089418e-07,
        -7.439183700493255e-07
    ],
    "yerrs": [
        4.6799856723096284e-06,
        8.938313508320438e-06,
        9.676943370758938e-06,
        4.903446735044225e-06,
        4.497006583719239e-06,
        9.764947514433233e-06,
        9.51052695383927e-06,
        4.229460410788969e-06
    ]
}