{
    "bins": [
        -1.0,
        -0.75,
        -0.5,
        -0.25,
        0.0,
        0.25,
        0.5,
        0.75,
        1.0
    ],
    "yvals": [
        0.04435576,
        0.034391856,
        0.027286096,
        0.017347292,
        -0.02164022,
        -0.02778712,
        -0.033149152,
        -0.04452076
    ],
    "yerrs": [
        0.0033124033570807766,
        0.0032732716355353096,
        0.0032245384165799605,
        0.0023338932280633578,
        0.0027825050583961206,
        0.0035498901391451537,
        0.003454386892054797,
        0.003495322817709403
    ]
}