{
    "bins": [
        [
            -1.0,
            -0.75,
            -0.5,
            -0.25,
            0.0,
            0.25,
            0.5,
            0.75,
            1.0
        ],
        [
            0.0,
            0.7853982,
            1.570796,
            2.356194,
            3.141593,
            3.926991,
            4.712389,
            5.497787,
            6.283185
        ]
    ],
    "zvals": [
        -0.005018661871137468,
        -0.00570385605867498,
        -0.004227825892095473,
        -0.004620074637222609,
        -0.0036983990282633762,
        -0.005399407688840564,
        -0.004468643413912438,
        -0.004403416866353111,
        -0.0037391229060621733,
        -0.0038456720912638156,
        -0.0037513225141902586,
        -0.003827862271278675,
        -0.0036543077522479036,
        -0.002261958395615981,
        -0.005583803371029721,
        -0.004370501580090605,
        -0.004246143166612809,
        -0.0019216402184981927,
        -0.0030799767761058735,
        -0.0042147367134411935,
        -0.003258794140041099,
        -0.0033480558901346842,
        -0.0035158902874720854,
        -0.002532004919798625,
        -0.0013464492279203085,
        -0.001984258677577146,
        -0.0017146078803358302,
        -0.0019069823109018474,
        -0.002587309873465427,
        -0.0033238230807819736,
        -0.0014869592232218572,
        -0.0025205182595321104,
        0.0016118880842864167,
        0.001582616095945265,
        0.0011809314513151297,
        0.0024270395047612746,
        0.0015220064222215993,
        0.002165356163371947,
        0.0019740391495776666,
        0.0016473441490811032,
        0.0026962358711797407,
        0.005419348004285216,
        0.0048549621975100534,
        0.0041282705987657235,
        0.0034341819052251207,
        0.0020252457989452487,
        0.0021429344103244476,
        0.003129752303927436,
        0.00460677042549881,
        0.004578024537374563,
        0.0022783337874555326,
        0.0037077959101042912,
        0.004041689436438594,
        0.004425031894657232,
        0.005288121436520084,
        0.0036684233980733344,
        0.005072243353753548,
        0.005432131335229103,
        0.005261948718993429,
        0.00476951714988178,
        0.003955488045551426,
        0.005866758000402345,
        0.005543640294474904,
        0.003563604185393903
    ],
    "zerrs": [
        0.0009847225948617377,
        0.001060305947871693,
        0.0009241165766969878,
        0.0009884638035950256,
        0.0009005354338175833,
        0.0011081742141914744,
        0.0009783684721428503,
        0.0009631611369562568,
        0.000935349977388873,
        0.0009631934287744443,
        0.0009716375878963895,
        0.001026003236329798,
        0.0010680840171191019,
        0.0008644067733820498,
        0.0013233843638736369,
        0.0010636037842816594,
        0.0010300003479810482,
        0.0007269931348338363,
        0.0009753738971625561,
        0.0011696788460776807,
        0.0011549021479373511,
        0.0012733947280205572,
        0.001251372109813493,
        0.0009002312214442807,
        0.0004941152781376282,
        0.0006615681242202502,
        0.0006866058977235473,
        0.0006750295336448227,
        0.0009150544113944256,
        0.001332915491100357,
        0.000862528696979866,
        0.0007429992190925912,
        0.000588353041204427,
        0.000661375784846316,
        0.0005327790398948869,
        0.0007477304576385534,
        0.0005744803840355903,
        0.0007791252255522534,
        0.0007460587315739396,
        0.0005829772314346374,
        0.0008996414323034438,
        0.0014027332724997003,
        0.0013007620295812507,
        0.0010666296810505635,
        0.0009531872901044253,
        0.0007673784961033381,
        0.0008106602581568235,
        0.00094412722856051,
        0.001088148931880776,
        0.0011139524885346746,
        0.000809211284756874,
        0.0009279372496332275,
        0.0009539504202606225,
        0.0010186875908341152,
        0.0011308401922244023,
        0.000948542158119311,
        0.0010165959950792635,
        0.0010689564869827833,
        0.0010355028219639162,
        0.0009548866745128619,
        0.0008642430698235033,
        0.0010377252826005345,
        0.0010310333402075806,
        0.00084146152431942
    ]
}