{
    "bins": [
        -1.0,
        -0.75,
        -0.5,
        -0.25,
        0.0,
        0.25,
        0.5,
        0.75,
        1.0
    ],
    "yvals": [
        0.3031652,
        0.032945292,
        -0.21292936,
        -0.500392,
        -0.5932032,
        -0.21702988,
        0.031109876,
        0.29095208
    ],
    "yerrs": [
        0.021738205997735877,
        0.005864304221303666,
        0.024731253102097353,
        0.06416662060604407,
        0.07155162611709115,
        0.027702906706697766,
        0.00627944838341713,
        0.022361599227246693
    ]
}