{
    "bins": [
        -1.0,
        -0.75,
        -0.5,
        -0.25,
        0.0,
        0.25,
        0.5,
        0.75,
        1.0
    ],
    "yvals": [
        -0.011832224,
        -0.008209588,
        -0.006346604,
        -0.0030497648,
        0.0032945528,
        0.006704436,
        0.008840164,
        0.010517108
    ],
    "yerrs": [
        0.0010086305964028654,
        0.0009083017119878174,
        0.0008292550874127936,
        0.0004557458941120589,
        0.0004669226916739001,
        0.0008172527638374801,
        0.0009227413071928666,
        0.0009380077611619213
    ]
}