{
    "bins": [
        [
            -1.0,
            -0.75,
            -0.5,
            -0.25,
            0.0,
            0.25,
            0.5,
            0.75,
            1.0
        ],
        [
            0.0,
            0.7853982,
            1.570796,
            2.356194,
            3.141593,
            3.926991,
            4.712389,
            5.497787,
            6.283185
        ]
    ],
    "zvals": [
        0.03680430130855915,
        0.03803341440477679,
        0.04763630668781944,
        0.046844577087569506,
        0.047321184927896415,
        0.03335768616675877,
        0.03343031685845903,
        0.054451373698430616,
        0.04943551946006497,
        0.02889291515713438,
        0.039224739558796955,
        0.022980594576769264,
        0.021376097214405938,
        0.031373810475707864,
        0.011667439947644383,
        0.03415001820732929,
        0.03188743238780022,
        0.027631393925473178,
        0.022623744903857667,
        0.03287095094340584,
        0.05304979131599519,
        0.04236441651239245,
        0.04728177051634968,
        0.02240782889694143,
        0.03952391029162022,
        0.04614458049156745,
        0.0,
        0.04416816420698269,
        0.029586573940855457,
        0.05676398462944903,
        0.01372835174013685,
        0.08161202345817027,
        0.02943668065447565,
        0.055804485319413934,
        0.08477739948408325,
        0.04619362133132331,
        0.04150884010399821,
        0.029367011375124468,
        0.038431495878522744,
        0.019507668723373377,
        0.05811956278993254,
        0.043416744992155566,
        0.03678408653956339,
        0.03684232345597588,
        0.036317092735148285,
        0.04402202704870653,
        0.025129088691338664,
        0.02596682955647965,
        0.026466335166034246,
        0.019958736833742087,
        0.04788780210797584,
        0.0267876531546386,
        0.061269216371826744,
        0.0448596202180296,
        0.03446017433199474,
        0.055894463698659795,
        0.04462630548427536,
        0.039115087921050964,
        0.06507111044336758,
        0.017954868799170867,
        0.031146302893564782,
        0.031898359812477246,
        0.03484749897504196,
        0.05377212572479178
    ],
    "zerrs": [
        0.013019741317701986,
        0.01347697442369282,
        0.01507481436285021,
        0.014827494982366927,
        0.014980185333103887,
        0.012621480258294982,
        0.012665193316492697,
        0.015732020836694324,
        0.016506550898434745,
        0.012944964251539562,
        0.01610849951250822,
        0.011616468141809142,
        0.010698227310689732,
        0.014098089446119613,
        0.0082582220194812,
        0.013970118088744585,
        0.014270567212020953,
        0.015978611560931867,
        0.016147837469525746,
        0.01668019391353456,
        0.018778162703555007,
        0.019012945225789488,
        0.021350612094288565,
        0.013010772554130863,
        0.019818707767056878,
        0.026714381603060996,
        0.0,
        0.022119169327363856,
        0.0147990844642374,
        0.0232414392225775,
        0.01372835007933783,
        0.028999843881661512,
        0.017065596978148787,
        0.027937648441458622,
        0.04281899535707975,
        0.021110968009794378,
        0.01695489654927815,
        0.01723406536165978,
        0.022250427239551587,
        0.01379739808966476,
        0.02204944366600923,
        0.021918589823761055,
        0.021570537286936264,
        0.016518378100454964,
        0.014831904907316685,
        0.018100465980760993,
        0.01458830146001193,
        0.015066872406528448,
        0.013280381737887197,
        0.011564402140177633,
        0.018256458132457014,
        0.011999491706186766,
        0.01770388379392494,
        0.01590125540822712,
        0.014079134627473018,
        0.0186964815821013,
        0.014896937673341304,
        0.013885154359402534,
        0.018122721347174835,
        0.008978927703447432,
        0.011774990047163947,
        0.012060373734320088,
        0.013191850815404041,
        0.01623810805711012
    ]
}