{
    "bins": [
        0.0,
        0.7853982,
        1.570796,
        2.356194,
        3.141593,
        3.926991,
        4.712389,
        5.497787,
        6.283185
    ],
    "yvals": [
        -0.0015624889387319705,
        -0.0031211215513972665,
        -0.003806083030514466,
        -0.0014492162582330763,
        0.0012205182595321094,
        0.004074684427513186,
        0.003690349351538966,
        0.0013690205475440482
    ],
    "yerrs": [
        0.00030111602376038915,
        0.0005363104482706458,
        0.0005875342993262797,
        0.0002460099810756865,
        0.00021526912132717723,
        0.0006580955228223469,
        0.0005654662838807065,
        0.00023062889663876988
    ]
}