{
    "bins": [
        -1.0,
        -0.75,
        -0.5,
        -0.25,
        0.0,
        0.25,
        0.5,
        0.75,
        1.0
    ],
    "yvals": [
        0.4572468,
        0.4028804,
        0.5247168,
        0.73759,
        0.8077448,
        0.4725864,
        0.4079668,
        0.4754224
    ],
    "yerrs": [
        0.03847693750807099,
        0.043125287245420175,
        0.06423987546687805,
        0.10339018908968103,
        0.1101037837678615,
        0.06373980859713967,
        0.044716261024374565,
        0.04029959801288345
    ]
}