{
    "bins": [
        [
            -1.0,
            -0.75,
            -0.5,
            -0.25,
            0.0,
            0.25,
            0.5,
            0.75,
            1.0
        ],
        [
            0.0,
            0.7853982,
            1.570796,
            2.356194,
            3.141593,
            3.926991,
            4.712389,
            5.497787,
            6.283185
        ]
    ],
    "zvals": [
        -0.0003700638987968141,
        -0.0013107864575123585,
        -0.0006498906287003534,
        -0.0003012137270355578,
        0.000465579948000886,
        0.0008747605672538002,
        0.0008361263970623812,
        0.00035764832607162236,
        -0.00057052027875796,
        -0.0015993892521725932,
        -0.0019020287803126572,
        -0.0005693035005137516,
        0.00045068370431297237,
        0.0009891677849956332,
        0.0011316209106720417,
        0.0005401281897840332,
        -0.0003980611109116369,
        -0.0012562433966583557,
        -0.0008721646859299364,
        -0.0002958640385332806,
        0.0006003570164426187,
        0.0013447266226804758,
        0.0008290731578129817,
        0.0002918353751855748,
        -2.671910885459121e-05,
        -6.978354153780415e-05,
        -0.0003498232997792203,
        -0.00011212400321365319,
        0.00014970280036363725,
        0.0003613844700393941,
        0.0002983888423449004,
        9.684384223030874e-05,
        0.0001433363610968296,
        0.00025328897025176284,
        0.0005376514837063502,
        0.00016623219535548175,
        -0.00010730483143578158,
        -0.00031886457566736873,
        -0.00044757216086621063,
        -0.0001278026172717527,
        0.00020443010946549151,
        0.0012741752014074905,
        0.0014160789816118709,
        0.00023487450327795172,
        -0.0008822436522629288,
        -0.00045236285297390634,
        -0.0008129086144859041,
        -0.00030674440220117706,
        0.0003765246724527761,
        0.0009164695903146151,
        0.0012869602418137049,
        0.00032601824041028827,
        -0.0004382075839256019,
        -0.0011194818423270751,
        -0.001475101286226856,
        -0.0004461244872026668,
        0.00044569987555357265,
        0.0010460080229407313,
        0.00105851759235445,
        0.0005750692323264991,
        -0.0005345035256010326,
        -0.0009447877381913376,
        -0.0007045523416153341,
        -0.0003691459362004997
    ],
    "zerrs": [
        0.00015154977605569685,
        0.000398190245968476,
        0.00026787217858523715,
        0.0001366767103886814,
        0.00015906220841649052,
        0.0003179807770336484,
        0.00031702797876715337,
        0.0001400989219569064,
        0.00022894389645162743,
        0.0005358123675913371,
        0.0005767366525329523,
        0.00023376664236387978,
        0.0001792836673904216,
        0.00037655644066172196,
        0.0004282471339359852,
        0.00022439586496234205,
        0.0001842744512083033,
        0.0004513273467302277,
        0.00036195235279871355,
        0.00013589231997182853,
        0.0002003796318408618,
        0.0004295211420324096,
        0.0003399430309381151,
        0.00015279115385084813,
        2.129298656840021e-05,
        6.978354008045938e-05,
        0.00018286475643211584,
        6.014729765750719e-05,
        7.404453397399681e-05,
        0.00013465945066065197,
        0.00014207559022554574,
        5.580128859786315e-05,
        6.679953612970485e-05,
        0.00014460030739969515,
        0.00020999092986913987,
        8.85730815746541e-05,
        6.433742114144364e-05,
        0.00015255111611460161,
        0.00019626833697098756,
        6.517445829077695e-05,
        0.00010540730071257527,
        0.00042738372706600174,
        0.0004506429804509005,
        0.00014067114430268984,
        0.00025079083101571927,
        0.000227134790954155,
        0.0003345657532320568,
        0.00013683280228977314,
        0.0001789930194320044,
        0.0003760749793509238,
        0.0004561928225376422,
        0.00015214733291559298,
        0.0001752041638878126,
        0.0003971408823535811,
        0.00046918252260847837,
        0.00020201060875215,
        0.0001617131641136892,
        0.0003306874610180328,
        0.00034188204992428986,
        0.00017913464955070157,
        0.00019523578750706974,
        0.0003316450042020048,
        0.00027224380143817204,
        0.0001508550431111242
    ]
}