{
    "bins": [
        0.0,
        0.7853982,
        1.570796,
        2.356194,
        3.141593,
        3.926991,
        4.712389,
        5.497787,
        6.283185
    ],
    "yvals": [
        0.0004028444424751673,
        -0.00023888047560102662,
        -0.0001336922171943397,
        1.9199858925208715e-05,
        0.00041641970058492624,
        0.0003230674129549605,
        -0.00012349090524803988,
        -3.5330571251773e-05
    ],
    "yerrs": [
        0.0002271127704445879,
        0.0004365416647346384,
        0.0004637888516948946,
        0.00021630716784695544,
        0.0002547515507449798,
        0.00045621427883925885,
        0.0004892427903349222,
        0.00020797587948802866
    ]
}