{
    "bins": [
        -1.0,
        -0.75,
        -0.5,
        -0.25,
        0.0,
        0.25,
        0.5,
        0.75,
        1.0
    ],
    "yvals": [
        -4.361488e-05,
        0.0008447056,
        -0.007776188,
        -0.0025714352,
        -0.00215787,
        -0.0025426448,
        0.0021333248,
        0.0005010216
    ],
    "yerrs": [
        0.0009777872979334513,
        0.0018283645150789817,
        0.003425738110247192,
        0.004367540268846986,
        0.004261826838340573,
        0.0028562288423724033,
        0.001838783510911494,
        0.0008680026728069448
    ]
}