{
    "bins": [
        [
            -1.0,
            -0.75,
            -0.5,
            -0.25,
            0.0,
            0.25,
            0.5,
            0.75,
            1.0
        ],
        [
            0.0,
            0.7853982,
            1.570796,
            2.356194,
            3.141593,
            3.926991,
            4.712389,
            5.497787,
            6.283185
        ]
    ],
    "zvals": [
        0.0447995271697847,
        0.05316312319693281,
        0.041018194596879554,
        0.035637987825296445,
        0.04738413390408428,
        0.050673452186025446,
        0.03264173323588805,
        0.038776579517645834,
        0.0031098548481521856,
        0.002825497092046858,
        0.0036999992360561154,
        0.007491433016848761,
        0.0023709538348709817,
        0.005558817313005637,
        0.008277657951764586,
        0.002320827911453811,
        -0.04948845057195191,
        -0.030858986363343516,
        -0.028078813544215805,
        -0.02019312986138256,
        -0.017372664559879188,
        -0.016175656164135896,
        -0.029011731631605895,
        -0.02975748855994032,
        -0.1247641260191327,
        -0.04858342103835788,
        -0.03279182783760591,
        -0.04193786342992543,
        -0.10314597185121424,
        -0.06555438134550892,
        -0.08778759304199911,
        -0.05955971367383162,
        -0.07160209941912268,
        -0.07141502051571827,
        -0.04196079439978203,
        -0.0758876443692951,
        -0.04660436619395515,
        -0.05432720735219597,
        -0.05592262776324871,
        -0.05161912813630797,
        -0.006883499351029834,
        -0.02902354959486772,
        -0.023718593630235887,
        -0.03339358975501624,
        -0.029450719253168448,
        -0.026897440533334697,
        -0.036937792049381336,
        -0.019351488035365513,
        0.00814620659940397,
        0.00428188721689824,
        0.007597579825769866,
        0.003976767477422304,
        0.006959182478183034,
        0.007529787445346182,
        0.003959011864048547,
        0.0028479894270166217,
        0.035272915063976465,
        0.043939476275589265,
        0.028929607663885068,
        0.04694110891406788,
        0.04236129452837923,
        0.03846845039075731,
        0.031007020644310282,
        0.04296482547701931
    ],
    "zerrs": [
        0.009416229163927363,
        0.009982233830751332,
        0.00883074633526713,
        0.008268985595561386,
        0.009412614037691244,
        0.010198056679210317,
        0.007776033171329057,
        0.008934982658187433,
        0.0025410859290772502,
        0.0017965962407856476,
        0.002487632987996873,
        0.0027369037185478924,
        0.0025116650230736903,
        0.0027513950452651916,
        0.003051107676051285,
        0.0020358323397547677,
        0.013651470223095603,
        0.010701348746338088,
        0.0092898117370739,
        0.0067105040023201805,
        0.007184098767948371,
        0.007299624965172256,
        0.010223175365027953,
        0.009890681569409771,
        0.031800932643239466,
        0.018899365134731696,
        0.013557458449492838,
        0.01412003033965601,
        0.028041724418917738,
        0.025162584508574965,
        0.026867930476985002,
        0.021215259515452736,
        0.024305482137189544,
        0.025550287138356626,
        0.01745110490734599,
        0.021174510740704155,
        0.019307461538736196,
        0.0244270504975502,
        0.02137991895982976,
        0.018450294860982944,
        0.004192974155162265,
        0.011284136497684156,
        0.008527031400676939,
        0.009435944076412791,
        0.01009179222366259,
        0.009779876897017951,
        0.0114415718186652,
        0.007508545504476442,
        0.002940689527721067,
        0.0022000357500766804,
        0.002805093115426984,
        0.0023269015039862114,
        0.00304137479679131,
        0.0029214210391976685,
        0.0018806968293699192,
        0.00167922674498091,
        0.00822991117269032,
        0.009478743903996688,
        0.0076058567697843095,
        0.009896282131760888,
        0.009325526844053713,
        0.00889096931757025,
        0.007612377873241176,
        0.009076747911701565
    ]
}