{
    "bins": [
        [
            -1.0,
            -0.75,
            -0.5,
            -0.25,
            0.0,
            0.25,
            0.5,
            0.75,
            1.0
        ],
        [
            0.0,
            0.7853982,
            1.570796,
            2.356194,
            3.141593,
            3.926991,
            4.712389,
            5.497787,
            6.283185
        ]
    ],
    "zvals": [
        0.04547115081241592,
        0.046573901785821145,
        0.05068880745812952,
        0.04624224375126528,
        0.035750597786090604,
        0.053454936223417945,
        0.056079083471055446,
        0.06959365824715624,
        0.00953408347510855,
        0.007316623499581995,
        0.0013204393186639135,
        0.006197038702621216,
        0.007755960672168757,
        0.012638728389937334,
        0.003543490561473292,
        0.01081218439568219,
        -0.041582157942302383,
        -0.031311348211059416,
        -0.0332770900868095,
        -0.03277279446497895,
        -0.026457729711560244,
        -0.051165701975304255,
        -0.0501605759118307,
        -0.022666016465537224,
        -0.08295409895260773,
        -0.11670188024463526,
        -0.14486214632581193,
        -0.11056851358354161,
        -0.12205689344765325,
        -0.0711512889006593,
        -0.16607233530006446,
        -0.071942429188768,
        -0.07332917238669505,
        -0.13469072615176667,
        -0.12429158210232268,
        -0.15787486360435907,
        -0.1008909113595909,
        -0.10004680429540184,
        -0.09518506540632905,
        -0.10675983386766967,
        -0.030575751255859766,
        -0.04441290770104016,
        -0.04695265330443929,
        -0.055448810095250954,
        -0.03566853493388064,
        -0.021069888133150333,
        -0.020729938196939645,
        -0.062228271526028854,
        0.006147240979161908,
        0.002755916046619942,
        0.008892510548791824,
        0.011469507855243003,
        0.0018500261014160967,
        0.009331452333721249,
        0.008887244428939215,
        0.002475754203601232,
        0.04256273569254424,
        0.043928709757017396,
        0.05760401732624734,
        0.051142871330368385,
        0.042829138856987144,
        0.07733353026109058,
        0.06395488656706537,
        0.0747524185190184
    ],
    "zerrs": [
        0.010019871527205182,
        0.010254167298497156,
        0.010461833348729523,
        0.010212354523084879,
        0.008499511180911674,
        0.01121872571068458,
        0.011296379913912113,
        0.012293587097732357,
        0.0034352588379172938,
        0.003662593282866781,
        0.002035555844540806,
        0.0038883808752933017,
        0.003409157450267382,
        0.0044107482260958624,
        0.002490032618187454,
        0.0036678741425118077,
        0.011949248309525642,
        0.010665482618366858,
        0.012894564168737126,
        0.012657932398734053,
        0.009250122180569345,
        0.0159846410079204,
        0.016678333459069064,
        0.0094149491941721,
        0.02837193117425678,
        0.03605889431485983,
        0.04059056881659165,
        0.035664733966366456,
        0.03922358684816685,
        0.02938178019170337,
        0.0435406494870364,
        0.028159790967948094,
        0.030445262113412395,
        0.03809085756067459,
        0.03639361463535579,
        0.04300272590131142,
        0.03241269855698408,
        0.030822394075073756,
        0.0321002841409916,
        0.035891536738997185,
        0.010945856725358012,
        0.015139101682347458,
        0.014143465080097123,
        0.016203523531556716,
        0.011963084810282333,
        0.008037357738396344,
        0.009967273853031302,
        0.01586450099365373,
        0.0026276385909864233,
        0.0020780177722789623,
        0.003344870529947449,
        0.003977125578074428,
        0.0017947829706781392,
        0.0033426643855946157,
        0.003170172605772906,
        0.0032525138594048067,
        0.009817788431000573,
        0.00968100263289552,
        0.011180662629129092,
        0.01054872237513823,
        0.009645631859579508,
        0.012843587949678216,
        0.011621474583690318,
        0.012585083574646853
    ]
}