{
    "bins": [
        0.0,
        0.7853982,
        1.570796,
        2.356194,
        3.141593,
        3.926991,
        4.712389,
        5.497787,
        6.283185
    ],
    "yvals": [
        7.628885576768573e-05,
        -6.749288067779155e-06,
        9.49606696222807e-05,
        -2.0736606489185756e-05,
        -4.032251164377804e-05,
        6.542235910964888e-05,
        3.4631511666696386e-05,
        -1.4058362766393602e-05
    ],
    "yerrs": [
        5.594617776047825e-05,
        5.4339362063118665e-05,
        6.203934629113091e-05,
        5.913998820532769e-05,
        5.734840866535346e-05,
        5.4574866538440845e-05,
        5.586669572825643e-05,
        6.257375873627586e-05
    ]
}