{
    "bins": [
        -1.0,
        -0.75,
        -0.5,
        -0.25,
        0.0,
        0.25,
        0.5,
        0.75,
        1.0
    ],
    "yvals": [
        -0.0025720492,
        0.0026335256,
        -0.0023346468,
        0.0021193368,
        0.001946862,
        0.0010661044,
        -0.002000078,
        3.9606324e-05
    ],
    "yerrs": [
        0.002268168247727668,
        0.003448870655736454,
        0.0033973472003903282,
        0.0017372608324601117,
        0.001845747978462932,
        0.0033346491269697328,
        0.0035115093051279246,
        0.001981497615441412
    ]
}