{
    "bins": [
        [
            -1.0,
            -0.75,
            -0.5,
            -0.25,
            0.0,
            0.25,
            0.5,
            0.75,
            1.0
        ],
        [
            0.0,
            0.7853982,
            1.570796,
            2.356194,
            3.141593,
            3.926991,
            4.712389,
            5.497787,
            6.283185
        ]
    ],
    "zvals": [
        -0.0002991028499937993,
        -9.44608706568824e-05,
        0.00015392954909485386,
        0.0002990544169269378,
        0.0005047930857985377,
        0.00013796388582603983,
        -7.399509548025334e-05,
        -0.00034780383958196996,
        -0.0005452215194789088,
        -0.0002127904610886356,
        0.00026887152755672927,
        0.0005508700673161031,
        0.000604527131467103,
        0.00017727154894715805,
        -0.00021867802057046242,
        -0.0010458351052587353,
        -0.0006210561725249689,
        -0.0004377800905477453,
        0.0006978449142982286,
        0.0006926227306120839,
        0.000834498687289756,
        0.0006494220764504112,
        -0.0004797099559713675,
        -0.0005824063723105994,
        -0.0006644318767218973,
        -0.0005548098046620452,
        0.0005177064367365337,
        0.0007430811600218488,
        0.0008788135442157985,
        6.878102567106105e-05,
        -0.0006858693299448179,
        -0.0022131428906108754,
        -0.001615510195974475,
        -0.0003759542489169183,
        0.00039447169460579234,
        0.0019164801584926898,
        0.0015868163657152164,
        0.0006257520390935553,
        -0.00031679683421653737,
        -0.0005122528959839471,
        -0.00129093547706119,
        -0.00021655477007956987,
        0.0003221845230061702,
        0.0008686249918831066,
        0.0012716059883014722,
        0.00030865558608501685,
        -0.00018771792135961646,
        -0.0004814798611659313,
        -0.0008452084560417887,
        -0.00015473076191453554,
        0.000319333026058126,
        0.0006415062917065084,
        0.0007359285355959651,
        0.00022968512779507973,
        -0.0002631353784959983,
        -0.0009603793236040837,
        -0.0003032926737036066,
        -8.087239358195298e-05,
        7.683930949658645e-05,
        0.0003027432935361517,
        0.00034591043012587237,
        0.00015446466632204313,
        -0.0001041939500737206,
        -0.0003726954232121804
    ],
    "zerrs": [
        0.00010302946920364999,
        3.4378456921604545e-05,
        5.9134169659412794e-05,
        0.000108226456339924,
        0.00014507801934669214,
        4.943089124926567e-05,
        3.5696383813729055e-05,
        0.00011694566741656227,
        0.00021157590285769085,
        9.840796474646839e-05,
        0.00011688667663496845,
        0.000228689231289945,
        0.0002253919017766124,
        8.545632001473355e-05,
        8.096437341869993e-05,
        0.00028330947096623756,
        0.00028189611919905705,
        0.000186887017860281,
        0.0002958894921006391,
        0.00040313077635547136,
        0.00038349391250011583,
        0.00025082387337124935,
        0.0001999632261892532,
        0.00029545880257295196,
        0.0003869476813143814,
        0.0002674539021589907,
        0.00027938091613667805,
        0.000525445146039906,
        0.0005123620775847224,
        4.89922295894555e-05,
        0.0002923190015763852,
        0.0008453066616754594,
        0.0006759871008240278,
        0.00020986606669459414,
        0.00027947870788308136,
        0.000739397820538834,
        0.0005645689465229557,
        0.00022130364230441664,
        0.00022044908038457042,
        0.000363763272182231,
        0.00047139280811484723,
        0.0001173429491308547,
        0.00017446414881914436,
        0.0003604714463215163,
        0.0004537385098737831,
        0.00014886600501039343,
        0.0001877178693207347,
        0.0002781199244041171,
        0.0002593883529011548,
        6.771446801882798e-05,
        0.00010904275498240758,
        0.00020692254008368105,
        0.00022587598631015215,
        9.009390191653254e-05,
        0.00010234993151996298,
        0.0003029992313229631,
        9.545591822984349e-05,
        2.9227040210256545e-05,
        3.4774366158069044e-05,
        8.994781788052498e-05,
        0.00010915618478515142,
        4.923001506594652e-05,
        4.5939282805953957e-05,
        0.00011221927440471853
    ]
}