{
    "bins": [
        0.0,
        0.7853982,
        1.570796,
        2.356194,
        3.141593,
        3.926991,
        4.712389,
        5.497787,
        6.283185
    ],
    "yvals": [
        -0.005056149861306023,
        -0.0017508439672227246,
        0.001969442244568996,
        0.003455919857295464,
        0.00453437238190064,
        0.001053373830847545,
        -0.0015133257278475375,
        -0.003683220481844875
    ],
    "yerrs": [
        0.000775115948773479,
        0.000350534663451298,
        0.00032206675858634487,
        0.0005702255188538858,
        0.0006668525890192609,
        0.00019982357974480472,
        0.00025775899543574373,
        0.0006439809825019577
    ]
}