{
    "bins": [
        [
            -1.0,
            -0.75,
            -0.5,
            -0.25,
            0.0,
            0.25,
            0.5,
            0.75,
            1.0
        ],
        [
            0.0,
            0.7853982,
            1.570796,
            2.356194,
            3.141593,
            3.926991,
            4.712389,
            5.497787,
            6.283185
        ]
    ],
    "zvals": [
        0.013053877638120383,
        0.014381170917463736,
        0.01936645114960823,
        0.00966855827420203,
        0.017474819136285038,
        0.008598035645621713,
        0.014605644526724033,
        0.009160802548516806,
        0.0008723732751106381,
        0.00023357549511852463,
        0.0030954079333026067,
        0.003650708493389984,
        0.0009355348498468289,
        0.0003755038846546593,
        0.0017036646388200636,
        0.0018927519550597282,
        -0.006291371688908887,
        -0.0036879762077255624,
        -0.008341381057756706,
        -0.003057392739231906,
        -0.0006770187853801509,
        -0.012075161892441797,
        -0.004695655960417522,
        -0.008470024115161996,
        -0.014199090346782054,
        -0.012333693830056565,
        -0.010686194770040161,
        -0.021862584495269285,
        -0.005835772436395304,
        -0.017689074838489534,
        -0.014680246193649592,
        -0.028448012345333198,
        -0.014278728930114684,
        -0.01983857352286956,
        -0.0312413476988737,
        -0.013888329371440505,
        -0.010085144092549254,
        -0.01736689423706198,
        -0.012902059847364016,
        -0.01989189175424435,
        -0.004988949554506236,
        -0.0069223774245356934,
        -0.006351943855217357,
        -0.011832299251717918,
        -0.0042026045393545675,
        -0.00875403298709699,
        -0.0038889505702841116,
        -0.010008051968556073,
        0.0028958339858685695,
        0.0004609297352246212,
        0.0013782179226328566,
        0.001822031349670677,
        0.001035589089862719,
        0.002460437637987365,
        -0.0003648471730256508,
        0.002881372756233146,
        0.005867703796621892,
        0.012829452794494713,
        0.009441969549196716,
        0.012323045993183084,
        0.018162042684091374,
        0.007531590352916611,
        0.01552107339208911,
        0.014093292827330859
    ],
    "zerrs": [
        0.004395285848734761,
        0.004600760227055131,
        0.0054136839131571635,
        0.003987712733778854,
        0.005110550497056141,
        0.0030531281795943914,
        0.00447374219024956,
        0.003757868196339452,
        0.00114235648337518,
        0.0007255358004651543,
        0.0016659209020387943,
        0.0018780328021005864,
        0.0010121536079417172,
        0.0011064798257150097,
        0.0008544167361948363,
        0.0014053898054376178,
        0.003490058821374718,
        0.002206340219496716,
        0.0038224476016895056,
        0.003057392479141675,
        0.000677018854662619,
        0.0043016500713357044,
        0.0027706863809076445,
        0.004643992756789652,
        0.007128653091668726,
        0.006202395866197108,
        0.007557311431013074,
        0.011218717206686053,
        0.004167490777396711,
        0.006721035342222886,
        0.007371231175285684,
        0.011856123609298976,
        0.008282818907621182,
        0.008917656098384937,
        0.014018365446926839,
        0.008054444801493093,
        0.005859212215393019,
        0.006611918517005391,
        0.006485677129134886,
        0.009995357774826442,
        0.003624030921104718,
        0.004146106883865761,
        0.004256793009452184,
        0.00591550353874327,
        0.0021140345601873166,
        0.003441475397148703,
        0.0024010680575466924,
        0.00524227326884628,
        0.0014612029174691085,
        0.0003231475633647628,
        0.0011975443610688842,
        0.0013112538542397298,
        0.0009881141587449896,
        0.0011277073421550687,
        0.0005286570193169527,
        0.0014541020292593181,
        0.002949736424269187,
        0.004558137652772582,
        0.0038762204615884394,
        0.00418581325358844,
        0.005087205018259504,
        0.003168301657023415,
        0.004752674410701111,
        0.004748722277945259
    ]
}