{
    "bins": [
        [
            -1.0,
            -0.75,
            -0.5,
            -0.25,
            0.0,
            0.25,
            0.5,
            0.75,
            1.0
        ],
        [
            0.0,
            0.7853982,
            1.570796,
            2.356194,
            3.141593,
            3.926991,
            4.712389,
            5.497787,
            6.283185
        ]
    ],
    "zvals": [
        0.059755624599088716,
        0.06020205302332143,
        0.06347716699049401,
        0.044782898883242786,
        0.04522799395975032,
        0.06031841181159108,
        0.05666131057120086,
        0.05120710773391326,
        0.006669141844226278,
        0.006576066294048697,
        0.011054308770839754,
        0.006280486733494696,
        0.004861787781481489,
        0.00622637694519212,
        0.007029444943837394,
        0.010495636607172416,
        -0.04602045688416398,
        -0.011840338742991131,
        -0.03839013086358765,
        -0.023620391673531544,
        -0.01932645614070827,
        -0.05326232050501785,
        -0.049148324798382485,
        -0.01745521124321682,
        -0.08664873436175433,
        -0.0883586381321669,
        -0.08578600913167594,
        -0.0823393459884721,
        -0.19208498111785355,
        -0.11294467263731257,
        -0.1579293046328104,
        -0.07986773584857615,
        -0.09851390033743393,
        -0.061602922748192054,
        -0.13730877847919148,
        -0.08531485270544018,
        -0.10219526915016332,
        -0.15922918061925295,
        -0.10287237808092205,
        -0.04442156970096691,
        -0.06144984798793784,
        -0.031037107565109044,
        -0.0204224558758744,
        -0.0611010199911128,
        -0.03657929355562402,
        -0.03718525384582085,
        -0.05589207000781771,
        -0.03206762431276882,
        0.008100945482177066,
        0.007000340464411792,
        0.008243596240377491,
        0.014241128394612166,
        0.005088680643444469,
        0.0013322824860771232,
        0.008153053611035426,
        0.007367362789311918,
        0.04816645620017972,
        0.045636241914606836,
        0.04632703928454109,
        0.05070848320407844,
        0.04040023020175757,
        0.04570230634659117,
        0.05383614422241973,
        0.049282519181357745
    ],
    "zerrs": [
        0.01120559545968811,
        0.011305771311530648,
        0.011844563372083162,
        0.01009404477558247,
        0.010215719623233095,
        0.011698183696357481,
        0.011456415682815229,
        0.010773075172915104,
        0.002969639534425685,
        0.002854788147826613,
        0.004064829528438323,
        0.0030265601821427776,
        0.0028580569169397384,
        0.003797594007705116,
        0.00278485321052685,
        0.003905871093743758,
        0.01478986918857931,
        0.005350096258552252,
        0.012359136767340132,
        0.008982158225337683,
        0.008853164451387415,
        0.016768308228857262,
        0.016627868456941097,
        0.008449633802613526,
        0.03083449358537842,
        0.028339824547826537,
        0.029055861386563908,
        0.030268789760763515,
        0.057199850296418386,
        0.04660339616433623,
        0.04869451277992591,
        0.03503148984447938,
        0.033327201499155294,
        0.0252850026589734,
        0.03586665333525901,
        0.03272689988845815,
        0.04032199751940552,
        0.05161236151533406,
        0.037060117452891145,
        0.022753527125063268,
        0.016827328802297068,
        0.010632446500883477,
        0.00944983181440154,
        0.018803268473133072,
        0.013477437707422352,
        0.013130046983468582,
        0.016675557186409656,
        0.01010991022229177,
        0.003431793635974518,
        0.0028327735989625404,
        0.003643641644242023,
        0.004763104387229307,
        0.0031413833324060577,
        0.0013227586843719665,
        0.0029325217723690524,
        0.0034442411007999246,
        0.010402539580283542,
        0.010057564229379062,
        0.010456738344908716,
        0.010887731264304234,
        0.009598116448160042,
        0.009869947394301446,
        0.010856422422105591,
        0.010392331521357365
    ]
}