{
    "bins": [
        -1.0,
        -0.75,
        -0.5,
        -0.25,
        0.0,
        0.25,
        0.5,
        0.75,
        1.0
    ],
    "yvals": [
        0.00019415224,
        0.0023122656,
        -0.0039337708,
        -0.0030870008,
        0.0015032616,
        0.0022784876,
        -0.0023154284,
        4.510272e-05
    ],
    "yerrs": [
        0.0006407232163734977,
        0.0014896904376413241,
        0.0022146555488382386,
        0.003337092866553162,
        0.003381458383597231,
        0.002018194044189012,
        0.0012744567470102702,
        0.0007601066240995404
    ]
}