{
    "bins": [
        [
            -1.0,
            -0.75,
            -0.5,
            -0.25,
            0.0,
            0.25,
            0.5,
            0.75,
            1.0
        ],
        [
            0.0,
            0.7853982,
            1.570796,
            2.356194,
            3.141593,
            3.926991,
            4.712389,
            5.497787,
            6.283185
        ]
    ],
    "zvals": [
        0.10091497535899623,
        0.12493460002052463,
        0.09019544231077749,
        0.07690735536969108,
        0.1102349636744682,
        0.10713080501860206,
        0.08441534101181825,
        0.08313354503067237,
        0.06897357289588898,
        0.04567983256382944,
        0.06916987310892059,
        0.08470950434110561,
        0.06182781214110551,
        0.11954835637472978,
        0.07915701338684338,
        0.05743951474284377,
        0.15152670326975537,
        0.10158449641697494,
        0.0860014922370569,
        0.06964485567208514,
        0.056422807290061834,
        0.05849065060007793,
        0.10001955696347586,
        0.10293772074795202,
        0.23920192330463705,
        0.0970186572969774,
        0.06122607900707668,
        0.08315737605981165,
        0.1886014988579038,
        0.12163916893091148,
        0.16705099834733475,
        0.10949602621855418,
        0.1339181067641866,
        0.1345091621086792,
        0.07956363525244528,
        0.14267346915389503,
        0.08627294696446894,
        0.09533530770386481,
        0.10228908145933657,
        0.09790185358251488,
        0.02635389793355778,
        0.09643301776501029,
        0.08521025008976343,
        0.11946636041044106,
        0.0947145778318763,
        0.09005930751033236,
        0.11814142638509395,
        0.0659080873646228,
        0.0700189025134002,
        0.05811363362617007,
        0.08798682960740926,
        0.06171156316725639,
        0.079734249386935,
        0.0719070840516528,
        0.05129032668787036,
        0.06977934754099198,
        0.08716740119852578,
        0.1015824083031554,
        0.07091288747870508,
        0.10459870715394341,
        0.09512598707916238,
        0.08431888036384103,
        0.07617686828843467,
        0.10156094107700812
    ],
    "zerrs": [
        0.02109036252759397,
        0.02324539556620436,
        0.019246966126795922,
        0.017655571179385116,
        0.0216585958464609,
        0.021466457678231802,
        0.019951618252228763,
        0.019104897793313237,
        0.02096136759546833,
        0.0162633868504257,
        0.01929192523062967,
        0.02060059412998,
        0.01879404091457449,
        0.027600136562482794,
        0.022066358947348687,
        0.019251803593553246,
        0.03944340898203887,
        0.031144267787516708,
        0.026240619311522412,
        0.022109932736000554,
        0.02151701444158789,
        0.024154520983584588,
        0.03199008471776255,
        0.03130456489648487,
        0.0602113216039091,
        0.03713646993858206,
        0.02508898416422868,
        0.027790955677654914,
        0.050904549240272094,
        0.0463048453791139,
        0.05057478799158794,
        0.038772588635026646,
        0.0450716045085292,
        0.047725725293112704,
        0.03278299527922384,
        0.039593883668742946,
        0.035484683189591616,
        0.042756252747311436,
        0.03895730994519655,
        0.034726603152814846,
        0.015319109538595771,
        0.0328086920701951,
        0.028605261954665874,
        0.0320287898812533,
        0.03021272887877632,
        0.030309479417897155,
        0.03328322313945781,
        0.023487726400740785,
        0.020310515769969277,
        0.019475270655380735,
        0.02361042292263055,
        0.01960037275391984,
        0.022260013393721745,
        0.02086102463966292,
        0.017141799253878875,
        0.020190991777970672,
        0.020055994656575152,
        0.02173847741401412,
        0.01838977947833174,
        0.021869153358210047,
        0.020804928617239996,
        0.01937950294233906,
        0.01850312814947025,
        0.021205574141827336
    ]
}