{
    "bins": [
        -1.0,
        -0.75,
        -0.5,
        -0.25,
        0.0,
        0.25,
        0.5,
        0.75,
        1.0
    ],
    "yvals": [
        0.08119248,
        0.009239324,
        -0.0468226,
        -0.08882432,
        -0.1035108,
        -0.04189824,
        0.010459036,
        0.0715052
    ],
    "yerrs": [
        0.010305659027932177,
        0.002648706854297017,
        0.009823926709824337,
        0.017715159609780547,
        0.01943221243193888,
        0.00813714249598715,
        0.0024656257623572966,
        0.009215056375302323
    ]
}