{
    "bins": [
        0.0,
        0.7853982,
        1.570796,
        2.356194,
        3.141593,
        3.926991,
        4.712389,
        5.497787,
        6.283185
    ],
    "yvals": [
        -0.006639708367042349,
        -0.002422758250659729,
        0.002787939363227307,
        0.006049800165266317,
        0.005323769604709967,
        0.002162007033376709,
        -0.0025156506637399136,
        -0.005324286540072678
    ],
    "yerrs": [
        0.0011816723638406706,
        0.0004841062595885556,
        0.0005404048848901199,
        0.0010425409260907037,
        0.0009882799315113447,
        0.0004630806620095902,
        0.0005090093642753475,
        0.001034517492012569
    ]
}