{
    "bins": [
        -1.0,
        -0.75,
        -0.5,
        -0.25,
        0.0,
        0.25,
        0.5,
        0.75,
        1.0
    ],
    "yvals": [
        0.481068,
        0.4057352,
        0.4114284,
        0.6989648,
        0.6455572,
        0.4836452,
        0.35268256,
        0.4588404
    ],
    "yerrs": [
        0.039774110172321894,
        0.042422428030465205,
        0.054558944271310826,
        0.09517616508349136,
        0.09829863071274188,
        0.0629506854609225,
        0.04165882379520574,
        0.04032847133229823
    ]
}