{
    "bins": [
        [
            -1.0,
            -0.75,
            -0.5,
            -0.25,
            0.0,
            0.25,
            0.5,
            0.75,
            1.0
        ],
        [
            0.0,
            0.7853982,
            1.570796,
            2.356194,
            3.141593,
            3.926991,
            4.712389,
            5.497787,
            6.283185
        ]
    ],
    "zvals": [
        0.0316208262254739,
        0.021341933985554833,
        0.019556382878489636,
        0.01192306076274607,
        0.023352572835683302,
        0.025564302430105504,
        0.02152590661040645,
        0.02136589601705123,
        0.0024737286130780537,
        0.0048716067195502715,
        0.005894448419782074,
        0.003204604538584847,
        0.0011138210181334811,
        0.005285249007509569,
        0.0019043038052044955,
        0.003915461460304203,
        -0.014512286888358032,
        -0.007997806971193452,
        -0.009194640169697404,
        -0.022616881355845886,
        -0.017152068123422768,
        -0.015774091607057825,
        -0.0109460681081439,
        -0.014648501778716017,
        -0.02719941043918868,
        -0.02638539094456338,
        -0.020252763567006796,
        -0.02933691028381753,
        -0.01729833281979327,
        -0.03237952732245308,
        -0.019030259817315556,
        -0.024340184212335664,
        -0.02194769990560202,
        -0.02977919214950691,
        -0.023717508829918084,
        -0.025417114103786737,
        -0.022693661048283794,
        -0.02274018013796827,
        -0.0323819108273767,
        -0.024930274841545308,
        -0.013048056387193146,
        -0.010565804997161947,
        -0.011534539176315705,
        -0.0067428402633565865,
        -0.007970817343563388,
        -0.009165274166728209,
        -0.014981199340971078,
        -0.011858395361332728,
        0.0036574894111038197,
        0.0017792889157570851,
        0.004552860078584362,
        0.0044373461132494445,
        0.002670246677480716,
        0.0028120927224158966,
        0.004308196863246406,
        0.0025583630210415614,
        0.021002991858142785,
        0.02111958042153925,
        0.027370199567607768,
        0.030601378407662857,
        0.022815133219081275,
        0.019631646630116198,
        0.0269034858759508,
        0.02009004861229594
    ],
    "zerrs": [
        0.005360296497719249,
        0.004596064911771956,
        0.004527716956264418,
        0.003641215466907927,
        0.00493494400064757,
        0.004910701707075779,
        0.004559584503130078,
        0.004440350480419977,
        0.0011405125257045528,
        0.00164344399372325,
        0.0019676106055555166,
        0.0013933838470022502,
        0.0010252042190599371,
        0.0016102418172522475,
        0.0011816094595153309,
        0.0012264170497013958,
        0.0035913757691255345,
        0.0025778863825329655,
        0.0030078915506708834,
        0.005189001595012005,
        0.0040225270871268575,
        0.003921083176314714,
        0.0033022937784577657,
        0.003557388097858153,
        0.006636159375557867,
        0.007103279701126342,
        0.006755366485083502,
        0.007862156635184086,
        0.005490460449349197,
        0.007452346458935154,
        0.005788611406931385,
        0.006547206599741576,
        0.006343771321008985,
        0.007477109596995466,
        0.006900172287842956,
        0.006656995797743275,
        0.006093712427140267,
        0.006326267243154456,
        0.007875287845052197,
        0.006923165801781923,
        0.0037053818916605663,
        0.0031962302056645184,
        0.003239560873270395,
        0.002415964950120471,
        0.002643641770630949,
        0.0027129854936268423,
        0.00427091444112471,
        0.0036560215040712545,
        0.0013855669845232676,
        0.000951408649803346,
        0.001404340175329451,
        0.001616812378064758,
        0.0011131124687447525,
        0.0011964993748754685,
        0.0015806129253485438,
        0.0012899971123411442,
        0.004636395458259565,
        0.004460622028019101,
        0.005163873909904332,
        0.005340839467105522,
        0.004386126160134803,
        0.0042737958227944545,
        0.005331900244005737,
        0.004662504742522817
    ]
}