{
    "bins": [
        0.0,
        0.7853982,
        1.570796,
        2.356194,
        3.141593,
        3.926991,
        4.712389,
        5.497787,
        6.283185
    ],
    "yvals": [
        0.15856657170846586,
        0.10543557672303132,
        0.10856852194683463,
        0.1167070495378782,
        0.11193327459453674,
        0.1224503118164294,
        0.10575492934792298,
        0.12757073483762377
    ],
    "yerrs": [
        0.020327789755893118,
        0.014017309908803082,
        0.013943725783585293,
        0.014962883705529093,
        0.014488948763639082,
        0.015475830520349775,
        0.013742074375042917,
        0.016893517375446893
    ]
}