{
    "bins": [
        -1.0,
        -0.75,
        -0.5,
        -0.25,
        0.0,
        0.25,
        0.5,
        0.75,
        1.0
    ],
    "yvals": [
        0.7315924,
        0.5841292,
        0.697944,
        0.9470888,
        1.1281688,
        0.730076,
        0.5138552,
        0.6533504
    ],
    "yerrs": [
        0.05001091080954235,
        0.0525581278205379,
        0.07254945899178022,
        0.10391270182225078,
        0.11578555350301695,
        0.07407974082028096,
        0.04864590424691476,
        0.047249499468248336
    ]
}