{
    "bins": [
        [
            -1.0,
            -0.75,
            -0.5,
            -0.25,
            0.0,
            0.25,
            0.5,
            0.75,
            1.0
        ],
        [
            0.0,
            0.7853982,
            1.570796,
            2.356194,
            3.141593,
            3.926991,
            4.712389,
            5.497787,
            6.283185
        ]
    ],
    "zvals": [
        0.0011280937491326055,
        0.0017503578441396192,
        0.0014157769691290278,
        0.00025799671249899733,
        -0.0014697429838120286,
        -0.0023995243176071247,
        -0.0017927374401258984,
        -0.0011426716136277405,
        0.0006561115113327226,
        0.0015896143330169756,
        0.0009122717399331296,
        0.0012441818744357964,
        -0.0006776645726115928,
        -0.0020899732364992023,
        0.0,
        -0.000621567663783203,
        0.0007504993008641986,
        0.0023126130478083842,
        0.002050403489695671,
        0.000885057403943728,
        -0.0015356845828484406,
        -0.0043219952177112764,
        -0.0006643317146211223,
        -0.000644500749938248,
        6.52363603583507e-05,
        0.0011630366166037133,
        0.001896084787585403,
        0.00048229569938337076,
        -0.00044181889946243803,
        -0.0006076124461737871,
        -0.00023364536196934555,
        -0.00034604595377120905,
        -0.00017916175514535171,
        -0.0004509616400758952,
        -0.000991174920231526,
        -0.00019335435873995256,
        0.0005573928123066266,
        0.00053251625290617,
        0.0023109995187153526,
        0.0001827147000628981,
        -0.0011817225962575417,
        -0.0015476045387445697,
        -0.0015320171429007972,
        -0.0005574078907663494,
        0.001048792586688532,
        0.004165634748242293,
        0.0010941382585644478,
        0.0007849920677159862,
        -0.0016239813129187205,
        -0.0029781188590036795,
        -0.0017719123297996687,
        -0.0007748667874545296,
        0.001029990399771835,
        0.0017518109289812302,
        0.003199652660179935,
        0.0012303214421223382,
        -0.0005865804123309678,
        -0.0018162627906520745,
        -0.001177573663289186,
        -0.001651085881189052,
        0.0007939612782309094,
        0.0003945385142310014,
        0.0012876228358106338,
        0.0011422315819495342
    ],
    "zerrs": [
        0.0003981558430433766,
        0.0006541659498896332,
        0.0006522518120416767,
        0.00017955760917556698,
        0.0005136397734633089,
        0.0009090080521087263,
        0.0007517825452730944,
        0.00042777832036108865,
        0.000323784896266496,
        0.00079649864774404,
        0.0006450811412198287,
        0.0005649953394849824,
        0.00034289113521495496,
        0.0012098652423362223,
        0.0,
        0.00031786365928439904,
        0.0003514222908934586,
        0.0010372507777651199,
        0.001026188570526888,
        0.0005448416957616841,
        0.000817224466309927,
        0.001935086601200642,
        0.0006643313894336672,
        0.0003830244637187936,
        6.523635810057774e-05,
        0.0005541569360212833,
        0.000817138447943996,
        0.0003017453089998488,
        0.0003526119441067605,
        0.0005757779065011275,
        0.00017853855126464272,
        0.0002563147293491526,
        0.00015871068234068393,
        0.00035040638137076704,
        0.0006012056640981859,
        0.00015745389570039653,
        0.000337138553122047,
        0.0003650386128327979,
        0.0010108953199040001,
        0.00014555485937252694,
        0.0005465569693998559,
        0.0008950260516712631,
        0.0008866565588422327,
        0.0003334775083150972,
        0.0005422380207527899,
        0.001577085218334435,
        0.0007767744632407803,
        0.0004596520848296836,
        0.0006983366541607439,
        0.0012204055500386396,
        0.0008907150364505635,
        0.0004329513414720469,
        0.0005262318463119602,
        0.000876627005143774,
        0.0012151450677117218,
        0.0006377574704313207,
        0.00031473573552417993,
        0.0007230868714838719,
        0.0005804467786406639,
        0.0005124985999284268,
        0.00030649520096230214,
        0.0003105968656378949,
        0.0005253023923637902,
        0.00037660248594827714
    ]
}