{
    "bins": [
        0.0,
        0.7853982,
        1.570796,
        2.356194,
        3.141593,
        3.926991,
        4.712389,
        5.497787,
        6.283185
    ],
    "yvals": [
        0.0005623422615432528,
        0.0002992842607911558,
        0.000513030845507628,
        -0.0002787350123949738,
        0.00017304487661033,
        -0.0004963493668178428,
        8.856396374831616e-05,
        -0.00014014486922553918
    ],
    "yerrs": [
        0.0007850510113634046,
        0.0004082376004000522,
        0.00035134680538985625,
        0.000731877423553922,
        0.0007635417544665642,
        0.0003522118250140164,
        0.00037018345543148447,
        0.0008255908227588901
    ]
}