{
    "bins": [
        [
            -1.0,
            -0.75,
            -0.5,
            -0.25,
            0.0,
            0.25,
            0.5,
            0.75,
            1.0
        ],
        [
            0.0,
            0.7853982,
            1.570796,
            2.356194,
            3.141593,
            3.926991,
            4.712389,
            5.497787,
            6.283185
        ]
    ],
    "zvals": [
        0.0007631828033219327,
        0.00035875491375198654,
        -0.0002130139878125486,
        -0.00039301990453260066,
        -0.00041902311948846305,
        -0.0002828840918871706,
        0.0002447005976587667,
        0.0005096855352318189,
        0.0005566496078040412,
        0.00036770446772323525,
        -0.0005140527477788333,
        -0.0009138865723027404,
        -0.0007651646681045786,
        -0.0006338197958232643,
        0.00027588718076694877,
        0.0010491302498860453,
        0.002134616045720502,
        0.0002775792343701497,
        -0.0010326443408310182,
        -0.0012008342256610972,
        -0.000974878469260171,
        -0.0011070759029180113,
        0.0009727918838601578,
        0.0008878107660065345,
        0.0026954469719945883,
        0.001226486246842046,
        -0.0010474439710821777,
        -0.002873656319908734,
        -0.006053852950987905,
        -0.0015899475170550476,
        0.0015222055569278255,
        0.002721330077234728,
        0.0031966515838717222,
        0.0008664103719159895,
        -0.0020959325081041716,
        -0.0028246137313645676,
        -0.003479223018138573,
        -0.002613389389838019,
        0.0017464842029136824,
        0.0014142068097957982,
        0.0030690857198297627,
        0.0007269809006340481,
        -0.0004108110282939352,
        -0.0027279662948386744,
        -0.0018099633561582782,
        -0.0007738420520551366,
        0.0009945367826248606,
        0.0018176919218027044,
        0.0009063193676787137,
        0.00041138190099335647,
        -0.0005678883827053291,
        -0.0014827403650883183,
        -0.0011780264273654883,
        -0.0003393876735107551,
        0.0004280298141833823,
        0.0012525603579331757,
        0.0005051031693222623,
        0.0002270689324569027,
        -0.00019350831043623748,
        -0.00044719649502991476,
        -0.00040511490989281857,
        -0.0002104617531493587,
        0.00020332453100211617,
        0.0005174095172129291
    ],
    "zerrs": [
        0.0001513484346739978,
        7.876702688624982e-05,
        5.2250435869582834e-05,
        0.00010013548141756765,
        0.00010984390302351345,
        6.85747623832319e-05,
        6.646984979407878e-05,
        0.00011936727450680068,
        0.00019401770170894613,
        0.00010614655930382093,
        0.00014023903237308185,
        0.00025126127704632253,
        0.00025279897306188876,
        0.00017675569772973324,
        0.00011098594721281316,
        0.0002807412649711939,
        0.0006564573863176108,
        0.0001262122761140108,
        0.0003228105833829978,
        0.0004391869647707927,
        0.0004419271399155416,
        0.000382695544208216,
        0.00034302519098141976,
        0.0004033122749514514,
        0.0009543968099140676,
        0.00046069965007686724,
        0.0004455526714328815,
        0.0010566782229707433,
        0.0017805199645540507,
        0.0007305609932106216,
        0.0005591547399930832,
        0.001195844181575739,
        0.0010810535956263835,
        0.0004252313713550497,
        0.0006172664496006743,
        0.001089682082335677,
        0.0013464349106766002,
        0.0009164672247368094,
        0.0006914955911276419,
        0.0007178480428493896,
        0.0007689550226081606,
        0.0002563396878327864,
        0.00020103246213686878,
        0.0008155423660030257,
        0.0006325359009118249,
        0.00026082560368680206,
        0.0003518712969475165,
        0.0005201315373209118,
        0.00026074522174900517,
        0.0001238445590622915,
        0.00015297737187545856,
        0.00032974995057934295,
        0.0003279072053468517,
        0.00012430740875990943,
        0.000129587473056962,
        0.0003174254005148381,
        0.0001240752221218736,
        6.10969130638848e-05,
        5.8121711253248336e-05,
        0.000107683570110845,
        0.00010506799596148947,
        5.2564816948100355e-05,
        4.872857061050229e-05,
        0.00011880610965784272
    ]
}