{
    "bins": [
        -1.0,
        -0.75,
        -0.5,
        -0.25,
        0.0,
        0.25,
        0.5,
        0.75,
        1.0
    ],
    "yvals": [
        0.236718,
        0.16926776,
        0.13807232,
        0.18884084,
        0.18403956,
        0.14089812,
        0.17605776,
        0.23057736
    ],
    "yerrs": [
        0.03659382242947572,
        0.030470376433513257,
        0.02662523314451913,
        0.02998898731201172,
        0.02986720207853424,
        0.025250511281952295,
        0.029827171505189695,
        0.03353647805002785
    ]
}