{
    "bins": [
        0.0,
        0.7853982,
        1.570796,
        2.356194,
        3.141593,
        3.926991,
        4.712389,
        5.497787,
        6.283185
    ],
    "yvals": [
        -0.0025467921877080947,
        0.0016568775721042253,
        0.0016950679782734364,
        -0.0014636000300484214,
        -0.0018521692186636578,
        0.0019466130547824165,
        0.001443876862431532,
        -0.0027032510905298976
    ],
    "yerrs": [
        0.0004904592207582253,
        0.00029423306776636297,
        0.0003014317200155812,
        0.00022813358717721862,
        0.00031140350981871223,
        0.0003242563600343367,
        0.00032312761928105323,
        0.0005774592434623623
    ]
}