{
    "bins": [
        0.0,
        0.7853982,
        1.570796,
        2.356194,
        3.141593,
        3.926991,
        4.712389,
        5.497787,
        6.283185
    ],
    "yvals": [
        9.115131661875466e-05,
        -0.0002407653802951829,
        -0.00031475544882976535,
        7.036263096846316e-05,
        -0.00016803824303092185,
        0.00024197884384732332,
        -0.00017877942138890096,
        -5.304467289196052e-05
    ],
    "yerrs": [
        0.00024219906740016893,
        0.0004940996959427787,
        0.000361917290461158,
        0.0002130426180884136,
        0.0002271578291389666,
        0.0004346666167531228,
        0.0004392012993937628,
        0.0002492114787087438
    ]
}