{
    "bins": [
        0.0,
        0.7853982,
        1.570796,
        2.356194,
        3.141593,
        3.926991,
        4.712389,
        5.497787,
        6.283185
    ],
    "yvals": [
        -0.002351393216842106,
        -0.005194012511876147,
        -0.005797255658914335,
        -0.003183096744457276,
        0.0022795665382392104,
        0.004794096750946655,
        0.005070682634791534,
        0.0015215164795428565
    ],
    "yerrs": [
        0.000385945225665536,
        0.0007602248048823632,
        0.0008978585252515066,
        0.0006517697457021299,
        0.00044796694979857605,
        0.0007105574825289662,
        0.0006929268875557579,
        0.00027606622676187284
    ]
}