{
    "bins": [
        -1.0,
        -0.75,
        -0.5,
        -0.25,
        0.0,
        0.25,
        0.5,
        0.75,
        1.0
    ],
    "yvals": [
        9.485744e-05,
        0.000637968,
        -0.0011638552,
        -9.969356e-05,
        -0.0011964368,
        -0.0006789308,
        0.0012924712,
        -0.00021988576
    ],
    "yerrs": [
        0.0006068710571447612,
        0.0008523641475332007,
        0.0010116921270821476,
        0.0006316055731229737,
        0.0006852722670588676,
        0.0011932368080142348,
        0.0009653573845990924,
        0.0006231211760163507
    ]
}