{
    "bins": [
        -1.0,
        -0.75,
        -0.5,
        -0.25,
        0.0,
        0.25,
        0.5,
        0.75,
        1.0
    ],
    "yvals": [
        -0.00036374304,
        0.00010938008,
        -0.0006381412,
        -0.00034446412,
        0.0033508636,
        -0.0008482492,
        0.0002778148,
        -0.0002875324
    ],
    "yerrs": [
        0.0004590837832030227,
        0.0008376777423329332,
        0.0011448758185934403,
        0.0013251378796185701,
        0.0012721515632973927,
        0.001220668079372931,
        0.0008770968475601767,
        0.0004508033717708864
    ]
}