{
    "bins": [
        -1.0,
        -0.75,
        -0.5,
        -0.25,
        0.0,
        0.25,
        0.5,
        0.75,
        1.0
    ],
    "yvals": [
        -0.00010016216,
        9.643752e-05,
        -0.00039980364,
        -5.018792e-05,
        -0.0003273614,
        0.0024911324,
        -0.0002566756,
        0.00011686176
    ],
    "yerrs": [
        0.00025359138786638637,
        0.0005762003818117443,
        0.0011508018074368844,
        0.001176777430103076,
        0.001607444680230085,
        0.0009503839224229332,
        0.0005487011572796253,
        0.00026995033617315613
    ]
}