{
    "bins": [
        [
            -1.0,
            -0.75,
            -0.5,
            -0.25,
            0.0,
            0.25,
            0.5,
            0.75,
            1.0
        ],
        [
            0.0,
            0.7853982,
            1.570796,
            2.356194,
            3.141593,
            3.926991,
            4.712389,
            5.497787,
            6.283185
        ]
    ],
    "zvals": [
        0.0009118121228187179,
        0.000294165122438591,
        -0.00015357085197568624,
        -0.0007057951436149015,
        -0.0006009060374485291,
        -0.000176047405264592,
        0.00012020641763793646,
        0.0005165345468157547,
        0.0010144270766090373,
        0.0004426377053768167,
        -0.0005480920501452767,
        -0.001323507160054953,
        -0.0007916567141754879,
        -0.000337662433568713,
        0.00027437635440884754,
        0.001159821135271544,
        0.0017125534537766954,
        0.000707927116678962,
        -0.0006250532850860329,
        -0.0018028512895992992,
        -0.0021875696143865905,
        -0.000941426894389851,
        0.000711376906994925,
        0.0009790679375297623,
        0.0022808073662506484,
        0.0009096898412498737,
        -0.0007670429514717381,
        -0.0027310047504516817,
        -0.0015687231187245189,
        -0.0016070201350143498,
        0.0016268047537681537,
        0.002962333492063897,
        0.003231895362123315,
        0.0016983414010072347,
        -0.0019388717567398954,
        -0.0014411890007499373,
        -0.0026711883656439146,
        -0.0015184601947038322,
        0.0014340856482955142,
        0.003931260329157957,
        0.002142320163198744,
        0.0009076735381739036,
        -0.0011898222302577804,
        -0.0016943953328180964,
        -0.002233369068930656,
        -0.0003425696525837856,
        0.0008239985332277395,
        0.0010910116908879322,
        0.0009262435284420055,
        0.0001954486758175284,
        -0.00024478539543008773,
        -0.000843334407097539,
        -0.0009244576635030899,
        -0.00035387607302284963,
        0.0004134791787093933,
        0.0012149682072019538,
        0.00042432335597407785,
        0.00014737871687442976,
        -0.00024307660574638597,
        -0.000650923161348563,
        -0.0005643121067280537,
        -0.00016496645013101642,
        0.00017442117245014633,
        0.00043856210481819414
    ],
    "zerrs": [
        0.00015890251593106598,
        6.373009372296673e-05,
        4.752215949518068e-05,
        0.00013640898522173446,
        0.00012346381576450698,
        4.506584058053175e-05,
        3.986823663073022e-05,
        0.0001132994116896964,
        0.00026350926984963335,
        0.00013282475250702596,
        0.0001433182529237173,
        0.00031807816148018606,
        0.00021450024351365145,
        0.00011766517139444854,
        0.00010504717033466762,
        0.0002813944553387115,
        0.0005098157743682855,
        0.0002312961172425257,
        0.00023457293397962064,
        0.0005311957046841999,
        0.0006234514385851069,
        0.00027828471752335335,
        0.00022607645486044108,
        0.0003543569632489027,
        0.0007691084868870772,
        0.0003065738042336746,
        0.000302957581652637,
        0.0008681939993430846,
        0.0007123602757422922,
        0.0004905073435912619,
        0.000449438691079171,
        0.0009049539384687481,
        0.0009493727149701624,
        0.0005027001530247099,
        0.0005446738351292292,
        0.0006456592736937543,
        0.0009474015807340168,
        0.0004946294493102935,
        0.0004887211752472114,
        0.0010604937814776671,
        0.0006022902432401063,
        0.0002787875153251702,
        0.0003118466810026443,
        0.0005069994178097401,
        0.0005931703836469579,
        0.00017004024941026877,
        0.0002553489596397638,
        0.0004492874877314679,
        0.0002474642531616687,
        8.544816135075856e-05,
        8.052289074323014e-05,
        0.00023048714608684667,
        0.0002240255513091705,
        0.00010993290250671731,
        0.00013023672704219518,
        0.0002990006492810648,
        0.0001052720812743436,
        3.812141347752772e-05,
        5.4585618644184186e-05,
        0.00013216571547827442,
        0.00011647826035209781,
        4.0732881771315045e-05,
        4.782388250862271e-05,
        0.00010296455984185026
    ]
}