{
    "bins": [
        [
            -1.0,
            -0.75,
            -0.5,
            -0.25,
            0.0,
            0.25,
            0.5,
            0.75,
            1.0
        ],
        [
            0.0,
            0.7853982,
            1.570796,
            2.356194,
            3.141593,
            3.926991,
            4.712389,
            5.497787,
            6.283185
        ]
    ],
    "zvals": [
        -2.156669062903378e-05,
        -5.8247833136278194e-05,
        -2.8186066172819395e-05,
        -4.8342699697860583e-05,
        1.5157008293884115e-05,
        4.484418855153693e-05,
        3.739801221800922e-05,
        1.9542041105274017e-05,
        -3.30838700674384e-05,
        -0.0001352726478225429,
        -6.038579166231644e-05,
        -3.162657451817484e-05,
        3.157601623635404e-05,
        0.0001880486581325647,
        0.00011842622466571092,
        4.573215108772878e-05,
        -5.98597246594148e-05,
        -0.0001735934070607277,
        -0.00010810539369848155,
        -8.682516784462421e-05,
        5.2127914764234167e-05,
        0.0001473219947084154,
        0.0001228966714964897,
        6.314301793485598e-05,
        -4.9410732033763254e-05,
        -6.994804416309799e-05,
        -0.00016197662841005455,
        -0.00012724793385272964,
        6.0021543217578836e-05,
        0.00016948782655418023,
        0.0002931744669581538,
        6.344090512071587e-05,
        -3.238001309399487e-05,
        -0.00011687055909756814,
        -0.00018844621453072206,
        -7.357355942648259e-05,
        0.00011736261105834236,
        0.0002761294528379243,
        0.00032849087978324373,
        0.00010385170321289336,
        -3.0319636586893116e-06,
        -0.00015601719281617543,
        -0.00019806258737608198,
        -5.997277816753014e-05,
        5.716352728170938e-05,
        0.0002618302567615401,
        7.13618827651713e-05,
        5.891789895059576e-05,
        -4.2199979577238654e-05,
        -9.55854472727069e-05,
        -6.183733597488154e-05,
        -2.238984261502752e-05,
        3.21938074708619e-05,
        4.532582970672195e-05,
        0.00010634648929587294,
        2.7165498256934706e-05,
        -2.950640324869601e-05,
        -5.7533494491581206e-05,
        -5.572181238047463e-05,
        -1.8577390600191753e-05,
        1.7450332188266326e-05,
        6.328236129962136e-05,
        3.411464251245866e-05,
        2.2269682377597095e-05
    ],
    "zerrs": [
        1.0121184971923492e-05,
        1.9895225153168755e-05,
        1.1374318073899449e-05,
        1.3089653489062201e-05,
        6.259352574877638e-06,
        1.7285694227733664e-05,
        1.6301487731008557e-05,
        8.568612941648793e-06,
        1.6295881744531368e-05,
        4.613661760529567e-05,
        2.7740377019869475e-05,
        1.2314251085151354e-05,
        1.3337410109606502e-05,
        5.3327028633877685e-05,
        4.024801062241306e-05,
        2.0020130609159452e-05,
        3.062301211656197e-05,
        7.957515742051435e-05,
        5.610428030384087e-05,
        3.137256416098419e-05,
        2.4330276856180528e-05,
        6.64763467320001e-05,
        5.514075725845666e-05,
        2.8944676837487904e-05,
        3.721401750294144e-05,
        6.994802603963397e-05,
        8.170367060479183e-05,
        4.938309620895392e-05,
        3.970731475933234e-05,
        9.817612597003442e-05,
        0.000112941535727158,
        3.293417921482622e-05,
        3.238001166987616e-05,
        8.297547210951843e-05,
        9.632956444926873e-05,
        3.325761712140243e-05,
        5.847948170456541e-05,
        0.00012448862482413047,
        0.00012513970866046247,
        4.701693525964655e-05,
        2.5191898304890782e-06,
        7.026460324344362e-05,
        8.221482875343542e-05,
        2.8585292465553994e-05,
        2.8669361853864448e-05,
        9.978821552543675e-05,
        4.264867907190368e-05,
        3.0728786449256834e-05,
        1.635517626370766e-05,
        4.324438458790625e-05,
        2.8489678939054037e-05,
        1.1476992478700426e-05,
        1.7296614860107912e-05,
        2.273352333865363e-05,
        4.0996809770918375e-05,
        1.1802660253835754e-05,
        1.0832308494278536e-05,
        1.917878025420559e-05,
        1.964045435713316e-05,
        6.7175969600109045e-06,
        7.606156870037813e-06,
        2.04181938017266e-05,
        1.4360032763968562e-05,
        9.180687325902594e-06
    ]
}