{
    "bins": [
        [
            -1.0,
            -0.75,
            -0.5,
            -0.25,
            0.0,
            0.25,
            0.5,
            0.75,
            1.0
        ],
        [
            0.0,
            0.7853982,
            1.570796,
            2.356194,
            3.141593,
            3.926991,
            4.712389,
            5.497787,
            6.283185
        ]
    ],
    "zvals": [
        0.0008354941480640012,
        0.0019467923133983823,
        0.0024976569841023283,
        0.0005884861070615063,
        -0.0007972090583373014,
        -0.001238624493568866,
        -0.0021985979083216415,
        -0.0011678797246746238,
        0.0007086754209520724,
        0.0020172305040834083,
        0.0015826656039358393,
        0.001153487590383996,
        -0.000569141250678,
        -0.0019467240812938158,
        -0.002446255274395912,
        -0.0015893338154668083,
        0.0008876200633003743,
        0.0023697239793643425,
        0.002036240988645248,
        0.0012639476240738784,
        -0.00040985095454788514,
        -0.003146931874030747,
        -0.001669201602244977,
        -0.00042714603296672526,
        0.00026321272444983955,
        0.0010672446497812956,
        0.0013554442461019766,
        0.0005498148075054845,
        -0.00012306198895337136,
        -0.000850676472310854,
        -0.00200623836577124,
        -0.0005042540979223275,
        -0.000766548229929735,
        -0.0015661072643697244,
        -0.0006451582509759384,
        -4.467631356800811e-05,
        0.000808841377238037,
        0.0003704976075823978,
        0.0011647363502326213,
        0.0003765252267003482,
        -0.0009100285689475733,
        -0.0030955121086409967,
        -0.0016069116549825696,
        -0.0006065029367238818,
        0.0008630569469237249,
        0.001543717707455329,
        0.0012401483069730255,
        0.0005650246117255202,
        -0.0006038292422875427,
        -0.0023780132819317804,
        -0.001539524674114271,
        -0.0018468116205902986,
        0.0016235381297125782,
        0.0019029989890475916,
        0.002162234179358746,
        0.001047412394734899,
        -0.000780391398910769,
        -0.0024916489452860703,
        -0.001227421001836012,
        -0.0007193225354246695,
        0.0007597951611794273,
        0.002594634058146316,
        0.0018741886279313167,
        0.0009600508277332005
    ],
    "zerrs": [
        0.0002277424785634242,
        0.00046252746735222925,
        0.0005711814524246641,
        0.00019087711563669718,
        0.00022058599513727256,
        0.00042553056615712983,
        0.0005425730050467973,
        0.00029880266416089054,
        0.00022956204969221906,
        0.0006138927536439228,
        0.0006009640108401871,
        0.00036301851294556146,
        0.0002754742058746755,
        0.0006965805515028334,
        0.0007879250723970876,
        0.00044799474195161376,
        0.0003114665874435373,
        0.0007180474733125433,
        0.0007204222623684176,
        0.00046999270818898637,
        0.0002199641960944688,
        0.00100108808563548,
        0.0007474101182952269,
        0.0002815284955692921,
        0.0001339931972658068,
        0.0003627019703718975,
        0.00042626979637063004,
        0.00027177319686951456,
        8.739730257325935e-05,
        0.000425675492569145,
        0.0007458154966657526,
        0.0002350899171858639,
        0.0002608080340740084,
        0.0004972200274776424,
        0.0003353762963604342,
        3.843245544614803e-05,
        0.00030671042034225376,
        0.0002807941081951312,
        0.0004939213207293992,
        0.00017398446265270049,
        0.00033970006563536093,
        0.000862999870965547,
        0.0006568229417814751,
        0.00029643850769231093,
        0.00036027195516029375,
        0.0006924458253198454,
        0.0006210098965120593,
        0.0003311286061594353,
        0.0002921227178598781,
        0.0007221977865897935,
        0.0005868576511126128,
        0.00046069171134568944,
        0.0004575625235882204,
        0.000643724260094601,
        0.0007313101100300326,
        0.000369011133950891,
        0.0002359309674384376,
        0.0005765253821452077,
        0.0004146913405113335,
        0.00021614349883055075,
        0.0002397813672159918,
        0.0005837733297468743,
        0.0005122319552948406,
        0.00027554895756936833
    ]
}