{
    "bins": [
        0.0,
        0.7853982,
        1.570796,
        2.356194,
        3.141593,
        3.926991,
        4.712389,
        5.497787,
        6.283185
    ],
    "yvals": [
        -0.00255597224439781,
        -0.0020988103098837302,
        0.0016759248177357217,
        0.001904030944780933,
        -0.001990287726732178,
        -0.002601412277596837,
        0.002098599690857375,
        0.001729253193922063
    ],
    "yerrs": [
        0.000520174196595396,
        0.0004228508887174275,
        0.0003351342776935823,
        0.00044186776988687493,
        0.0004545130857179561,
        0.0005228668997697431,
        0.0003898355905195781,
        0.00037314225458089144
    ]
}