{
    "bins": [
        [
            -1.0,
            -0.75,
            -0.5,
            -0.25,
            0.0,
            0.25,
            0.5,
            0.75,
            1.0
        ],
        [
            0.0,
            0.7853982,
            1.570796,
            2.356194,
            3.141593,
            3.926991,
            4.712389,
            5.497787,
            6.283185
        ]
    ],
    "zvals": [
        0.019577243747184548,
        0.04876642638927687,
        0.04015511116656779,
        0.03430259524139959,
        0.02590780725186465,
        0.039555832838891886,
        0.032324253435837634,
        0.037226048449321245,
        0.004068590938965737,
        0.0057256386508849405,
        0.006761463614625962,
        0.003231383793460394,
        0.004017276336328841,
        0.007578053420049455,
        0.001167658180947749,
        0.006941937718201474,
        -0.03128580126616027,
        -0.012894647782308533,
        -0.009434813941466622,
        -0.03828283458471427,
        -0.014439807587999965,
        -0.02557499764450636,
        -0.00890689306568135,
        -0.024145419265136917,
        -0.06785200169799217,
        -0.06232958635738475,
        -0.04147839439367048,
        -0.040741151949518654,
        -0.08944917099355992,
        -0.0515052495677351,
        -0.02949079065645699,
        -0.11811433184194514,
        -0.0866425209530656,
        -0.051326550698257624,
        -0.06291118643031943,
        -0.02560012936099995,
        -0.013705815395506476,
        -0.03332394531180371,
        -0.06796065179692336,
        -0.12214770091087579,
        -0.03305515087760578,
        -0.020639079966865197,
        -0.013757783951576147,
        -0.012220621620348385,
        -0.04586550003947042,
        -0.03028057621740825,
        -0.023095052444747764,
        -0.01013945031690939,
        0.002441246236622391,
        0.006827077946997049,
        0.003972165959169747,
        0.00799631270220614,
        0.0028027603839072663,
        0.006422068810972272,
        0.001367271625341547,
        0.005483558654338311,
        0.03835295268056382,
        0.03762295234338573,
        0.05072078614918807,
        0.0384132039893099,
        0.024232554704748412,
        0.02826285271925827,
        0.024471001963335792,
        0.03266531363716231
    ],
    "zerrs": [
        0.006233378979434646,
        0.009843795543672595,
        0.008698774379359257,
        0.00796422689943718,
        0.007025672199687725,
        0.008731233616090704,
        0.007907658568355397,
        0.008613751033829303,
        0.00266552836794174,
        0.002350933973576819,
        0.0026315626434229747,
        0.0019647453961350726,
        0.0021365841141986683,
        0.003056989972558922,
        0.001919290997154701,
        0.0028448433319985685,
        0.012034053963333466,
        0.005705095655676643,
        0.004872075315320827,
        0.010476944086666913,
        0.0065024246133324965,
        0.009326419638064189,
        0.004515322705405386,
        0.010680593677369506,
        0.03065287185847124,
        0.02229448346278462,
        0.015853505173490743,
        0.015495070843798553,
        0.024263629654804286,
        0.018511074817175455,
        0.017641962283723715,
        0.040552455674569075,
        0.031247909753218627,
        0.02120268652304669,
        0.020133280175895135,
        0.012895436830141249,
        0.00977336887392356,
        0.016986977484292478,
        0.027936708236242797,
        0.043997449659226265,
        0.012552797250359552,
        0.008225183297869946,
        0.006453882668363421,
        0.004965014347436218,
        0.012876183482535955,
        0.011819446131170945,
        0.011334740925353847,
        0.005452026542759404,
        0.0018641040086802446,
        0.0026261637538125496,
        0.0026745092457365,
        0.0032477776084140356,
        0.0017072940926617507,
        0.0032742297867744677,
        0.0020782462789255634,
        0.0024167435897334603,
        0.009076597000975089,
        0.008960382007783752,
        0.010449652796175756,
        0.008902190050284416,
        0.007096928597245339,
        0.007888277065372627,
        0.00739847651876755,
        0.008469003190704432
    ]
}