{
    "bins": [
        [
            -1.0,
            -0.75,
            -0.5,
            -0.25,
            0.0,
            0.25,
            0.5,
            0.75,
            1.0
        ],
        [
            0.0,
            0.7853982,
            1.570796,
            2.356194,
            3.141593,
            3.926991,
            4.712389,
            5.497787,
            6.283185
        ]
    ],
    "zvals": [
        0.0014053971603194403,
        0.0016641564313014372,
        0.0009720523861787275,
        0.0026030962606267646,
        0.0010868981077109946,
        0.001141647928820802,
        0.0008761315918808045,
        0.0011980178202643757,
        0.000926369833798957,
        0.0016082800333792632,
        0.0007664888375065892,
        0.0009874135312115243,
        0.0010406601493764941,
        0.0021255587612904543,
        0.0014527268977002747,
        0.0013370800536797907,
        0.0011250374650718577,
        0.001007580617108935,
        0.0006001207031339525,
        0.0017059680493608982,
        0.0008282470798244964,
        0.0008518310461702222,
        0.0007892207517717133,
        0.0007666131057120087,
        0.0002718822630354895,
        0.0001338208994219235,
        0.0003481776118604836,
        0.0006424454321943369,
        0.00024753885291279063,
        0.00030570116043076255,
        0.0005903137008242956,
        0.0002638567961721319,
        -0.0001268959363543232,
        -0.00027219144234934197,
        -0.000297984410451771,
        -0.0002816001548257637,
        -0.0005085407398541884,
        -0.000664400469570842,
        -0.0007047580971685694,
        -0.0004677791387296633,
        -0.00031379740875392886,
        -0.0009705435895033064,
        -0.0009623268712168864,
        -0.0009032794796020877,
        -0.0008771858344431737,
        -0.001448850137127928,
        -0.00048818362155238497,
        -0.0007405524332886003,
        -0.001304979817880917,
        -0.0009132167164206469,
        -0.0008243998584157333,
        -0.0008322653835821028,
        -0.0009291864761560378,
        -0.0007260059231115946,
        -0.001170695112541667,
        -0.0010867667093626418,
        -0.0014963151176053114,
        -0.0016395355321850915,
        -0.0013600136491307593,
        -0.001346568050124841,
        -0.0012314418931548077,
        -0.001860110670004253,
        -0.0010361691779199847,
        -0.0017539606670758014
    ],
    "zerrs": [
        0.00046961960543778173,
        0.0005030384179154898,
        0.00036749916561266483,
        0.0005972961055011577,
        0.0003843651984625814,
        0.00040397897157892944,
        0.000357851010360464,
        0.00042403401788958673,
        0.0004146615234169807,
        0.0005367939331905531,
        0.0003433685431721898,
        0.00037321364890080224,
        0.00039338615200504453,
        0.000589835924167739,
        0.0004843258835268596,
        0.0004729973578991941,
        0.00046173333627097946,
        0.00045228569314250815,
        0.00030103322744177394,
        0.000474369495984492,
        0.0003393368456589076,
        0.0003810948109961466,
        0.00035491023786616877,
        0.00034313115060745353,
        0.00019474368373509216,
        0.00013382087922158667,
        0.0001812358723570614,
        0.000241519880417164,
        0.00014594648485516452,
        0.0001775038409526527,
        0.00024692119225587755,
        0.00015315562399794973,
        0.0001268959606048196,
        0.00019352345342801575,
        0.00016005996854063205,
        0.00013064587298255412,
        0.00022199700486220695,
        0.00032742440462254607,
        0.0002762024067010559,
        0.0002029298539933201,
        0.0002220927952193258,
        0.00043414711990674937,
        0.00039410933058068974,
        0.0003709989041168789,
        0.0003957274555107776,
        0.0005480248964605886,
        0.00028208604276010695,
        0.0003315201170843307,
        0.00046162164535346956,
        0.00040867363732212,
        0.00036878873588095366,
        0.0003722267018037229,
        0.00041620013768780916,
        0.00036305605656621347,
        0.00044263163359739295,
        0.00041080268250809153,
        0.00047337749577815706,
        0.00049479916253816,
        0.0004536210193559627,
        0.0004491488864759061,
        0.0004364318698300875,
        0.0005381838734180429,
        0.00039193814114103494,
        0.0005064835680769408
    ]
}