{
    "bins": [
        -1.0,
        -0.75,
        -0.5,
        -0.25,
        0.0,
        0.25,
        0.5,
        0.75,
        1.0
    ],
    "yvals": [
        -0.0013434608,
        -0.0014581836,
        -6.390716e-05,
        0.00011318408,
        0.004325696,
        -0.0026919324,
        0.0017626828,
        -0.0010124876
    ],
    "yerrs": [
        0.0010925114553175174,
        0.002131357126339929,
        0.0030559819371193935,
        0.0034794266194302765,
        0.0032486341745416644,
        0.0030532849195579505,
        0.002084800997697382,
        0.0011751859767713364
    ]
}