{
    "bins": [
        -1.0,
        -0.75,
        -0.5,
        -0.25,
        0.0,
        0.25,
        0.5,
        0.75,
        1.0
    ],
    "yvals": [
        9.576356e-05,
        -0.0012874672,
        -0.0029950628,
        -0.004899788,
        0.0022403968,
        -0.013742256,
        0.00474162,
        -0.0020983028
    ],
    "yerrs": [
        0.002347722981955069,
        0.004251505145239742,
        0.005159091392871423,
        0.004749482498125453,
        0.0033818913051722995,
        0.005151352443776294,
        0.004072919346120175,
        0.0023762807914890867
    ]
}