{
    "bins": [
        -1.0,
        -0.75,
        -0.5,
        -0.25,
        0.0,
        0.25,
        0.5,
        0.75,
        1.0
    ],
    "yvals": [
        4.96032e-05,
        0.00050475,
        -3.6265704e-06,
        8.369124e-06,
        0.00016880268,
        0.0004024548,
        0.0003428372,
        5.833028e-05
    ],
    "yerrs": [
        0.00025720454117297386,
        0.000359962153566177,
        0.00038768244737155693,
        0.00018185611895121922,
        0.0002344914838538918,
        0.0003445683212368775,
        0.00035315859326936957,
        0.0002593687413702738
    ]
}