{
    "bins": [
        [
            -1.0,
            -0.75,
            -0.5,
            -0.25,
            0.0,
            0.25,
            0.5,
            0.75,
            1.0
        ],
        [
            0.0,
            0.7853982,
            1.570796,
            2.356194,
            3.141593,
            3.926991,
            4.712389,
            5.497787,
            6.283185
        ]
    ],
    "zvals": [
        -0.0003727223719127444,
        -0.0005789051102511365,
        -0.0009332150069136924,
        -0.00037007151778904734,
        0.0003538234118243233,
        0.0008246412646836384,
        0.000550030939727374,
        0.0003471590200127834,
        -0.00040097392634717014,
        -0.0008291696258889444,
        -0.002129252684626139,
        -0.0004992769280327578,
        0.0005537722275839763,
        0.001221177543105534,
        0.0010450350013623667,
        0.0007894051168961471,
        -0.0010348152058408079,
        -0.001904453513875389,
        -0.001725869431804003,
        -0.001288094840966184,
        0.0006428547055123641,
        0.0022540536135819043,
        0.003116369025640504,
        0.0008018064726418964,
        -0.0029289947443220518,
        -0.004087417102517985,
        -0.003993705611677138,
        -0.0013145216635111583,
        0.0004327162534154656,
        0.006940521875533171,
        0.004260949480390835,
        0.002316983745820591,
        -0.001722318691333899,
        -0.006724144121615824,
        -0.005490505450739627,
        -0.003864879379780214,
        0.0033162753151905135,
        0.002796050410110543,
        0.005767669385458075,
        0.0032829383319030615,
        -0.00048350388376240227,
        -0.0020835164040439126,
        -0.002734814705410506,
        -0.0009214485885518062,
        0.0006727167627113894,
        0.0031862734562603935,
        0.002683825525402408,
        0.0007686120922131202,
        -0.0003645294323312684,
        -0.0015832435486832278,
        -0.0007462815031359898,
        -0.00027545168761355693,
        0.0003369535445723059,
        0.001519622408002058,
        0.0012928981229898729,
        0.0003728558514281932,
        -0.00038869775866560427,
        -0.0006897717309623225,
        -0.000905602000514389,
        -0.00020935702744719563,
        0.0003917446695815369,
        0.0006104711241943576,
        0.000695666146335998,
        0.00016549433535608703
    ],
    "zerrs": [
        8.410099079085135e-05,
        0.00013989087902069168,
        0.00017097277317150843,
        0.00010647791877705715,
        7.793918447080426e-05,
        0.00018101648179280922,
        0.00014288320516202147,
        7.779386458442062e-05,
        0.0001179918223724161,
        0.0002702976711134418,
        0.0004431546230345054,
        0.00015017831857348064,
        0.0001412213864534326,
        0.0003316267023608428,
        0.00031119864701658955,
        0.00023402117220721485,
        0.00030606367938779204,
        0.0006149903266079168,
        0.0005776329652308618,
        0.0004354049277625645,
        0.00023861832077738416,
        0.0007053706257087556,
        0.0008874158133701726,
        0.00028832415828045397,
        0.0008347469930363447,
        0.0016790263555856505,
        0.0016702903158577484,
        0.0005823940118767687,
        0.00020079930759917415,
        0.0019073162946714212,
        0.001439179718431738,
        0.0007597935639561383,
        0.000588353041204427,
        0.0019485390128374798,
        0.002124259195315969,
        0.0011509432079939365,
        0.0008940644612689696,
        0.0011597216163902605,
        0.0017431384928532953,
        0.0008581383932096317,
        0.00023804509390965264,
        0.0006706415770427279,
        0.001024609483554325,
        0.00035492940844778187,
        0.000281922367587151,
        0.0008598212473766377,
        0.0007183078727505186,
        0.0002834825932533669,
        0.00010606941755165892,
        0.00037418750847402563,
        0.00027664113557417,
        0.00010190313777839304,
        0.00011322428455959355,
        0.0003796558753488678,
        0.0003375926722504004,
        0.00013023321178182593,
        8.072423487370978e-05,
        0.00015036946790553116,
        0.00018084552522255404,
        6.56398039148412e-05,
        8.368770394950726e-05,
        0.00013778639549966864,
        0.00015377252381791528,
        4.594171625332271e-05
    ]
}