{
    "bins": [
        0.0,
        0.7853982,
        1.570796,
        2.356194,
        3.141593,
        3.926991,
        4.712389,
        5.497787,
        6.283185
    ],
    "yvals": [
        -6.820733737357686e-05,
        -0.00016273129361961544,
        -0.0001375390566311603,
        -6.63151595558436e-05,
        5.842209936872768e-05,
        0.00015138757674452955,
        0.00012850223708234555,
        5.647483186868315e-05
    ],
    "yerrs": [
        1.3578554407433832e-05,
        2.6072824388641604e-05,
        1.9945430648206836e-05,
        1.0248405620487055e-05,
        1.023117709745189e-05,
        2.410382184675236e-05,
        1.9073166346547734e-05,
        9.195334908009742e-06
    ]
}