{
    "bins": [
        -1.0,
        -0.75,
        -0.5,
        -0.25,
        0.0,
        0.25,
        0.5,
        0.75,
        1.0
    ],
    "yvals": [
        -1.993362e-05,
        -0.0001571366,
        -6.480492e-05,
        0.00035820532,
        -0.00013098764,
        -8.51728e-05,
        5.834932e-05,
        1.8666312e-05
    ],
    "yerrs": [
        2.1534511835655806e-05,
        7.395438594160592e-05,
        0.00019418172931560785,
        0.00039254187037818017,
        0.0003697627347367498,
        0.00018768548159087852,
        6.631763566352467e-05,
        1.892292577800801e-05
    ]
}