{
    "bins": [
        -1.0,
        -0.75,
        -0.5,
        -0.25,
        0.0,
        0.25,
        0.5,
        0.75,
        1.0
    ],
    "yvals": [
        0.00027960136,
        -0.000986902,
        0.00016727264,
        -0.0005690332,
        -0.00028196916,
        0.0011036792,
        -0.0015954448,
        0.0001489822
    ],
    "yerrs": [
        0.0012349040448553078,
        0.0014293170397081257,
        0.0010915603510571461,
        0.00047548711864781366,
        0.000535698422622281,
        0.0011846998607242258,
        0.0013246511993728765,
        0.0010905246443799425
    ]
}