{
    "bins": [
        [
            -1.0,
            -0.75,
            -0.5,
            -0.25,
            0.0,
            0.25,
            0.5,
            0.75,
            1.0
        ],
        [
            0.0,
            0.7853982,
            1.570796,
            2.356194,
            3.141593,
            3.926991,
            4.712389,
            5.497787,
            6.283185
        ]
    ],
    "zvals": [
        0.00041263817513205404,
        -0.0004690539749411063,
        -0.0005263058984107422,
        0.0007907425397791442,
        0.0006431210672805378,
        -0.0007292638891364635,
        -0.0008610049936465335,
        0.0006345913791478971,
        0.0007353538625375001,
        -0.0035921745642781278,
        -0.0027717376412977886,
        0.001704099954290749,
        0.0028374312132192843,
        -0.002296296145393801,
        -0.002111945281245942,
        0.0018306652168709372,
        0.005639457793511622,
        -0.0034025972570842443,
        -0.003594301997203966,
        0.002945919717239263,
        0.0034780226076460584,
        -0.0029672461605453546,
        -0.002598110002826593,
        0.0030693284169300158,
        0.001923601556509806,
        -0.008713872129511949,
        -0.002844059190372271,
        0.007968489901311309,
        0.010401437233097102,
        -0.0037268039898242684,
        -0.006994629474483003,
        0.007102223331355569,
        0.004399290449099577,
        -0.005368133193141106,
        -0.0012840832291398758,
        0.0063011131921481955,
        0.00736893651371661,
        -0.004259307001036419,
        -0.001714557460039369,
        0.004416000550039599,
        0.0032037847807647128,
        -0.007288026526175652,
        -0.002061561144795378,
        0.0019203925647982745,
        0.002486836992200132,
        -0.0051813322672072,
        -0.00379932925726829,
        0.003378450161574133,
        0.00287602645384214,
        -0.0015144503842511399,
        -0.0021941705988556127,
        0.0015203757580541865,
        0.002074095426777251,
        -0.001393618522074159,
        -0.0012430563866982092,
        0.002119897427800937,
        0.00048530801318363094,
        -0.000328122080301218,
        -0.0004646633171971409,
        0.0006078999336642904,
        0.0008774781703034637,
        -0.0005901364658427958,
        -0.0007935253209200942,
        0.0006384202659034021
    ],
    "zerrs": [
        0.00018314853176549058,
        0.00018549817987643832,
        0.00021490018965426467,
        0.00024697775398198167,
        0.0002547755086115157,
        0.0002750669990157058,
        0.00032754174654415135,
        0.00021759038795175984,
        0.0003771814187194892,
        0.0009802331055410586,
        0.0008391374843633196,
        0.0006848353261576001,
        0.0008723583577356496,
        0.0007995546991951357,
        0.0007022959959447684,
        0.0006525857710980031,
        0.0015806291791480413,
        0.001291984513306559,
        0.0013916249013389002,
        0.001183354778333152,
        0.001259679508046428,
        0.0013646081294238545,
        0.00118411170863863,
        0.0012566949935350993,
        0.00108448497364082,
        0.0032256698873950455,
        0.0019904683003269586,
        0.002730426447309427,
        0.002993107489832358,
        0.001936121126749499,
        0.0028775981377812303,
        0.0024141153272099923,
        0.00187783029574016,
        0.0027846792759162616,
        0.0007527264534199111,
        0.0022879655910774586,
        0.0025408089159989064,
        0.0021303185535180573,
        0.0012051410591603555,
        0.0016836471313350803,
        0.0013794708826022285,
        0.002407592255567485,
        0.0010762948481315292,
        0.0011248384277769297,
        0.0009706782162470524,
        0.0016488670853331592,
        0.0014331779141514215,
        0.0013885533769694312,
        0.0008259424362821694,
        0.0005575673083195597,
        0.0008188761038968923,
        0.0006340904122713547,
        0.0006974955964524238,
        0.0006163865302858924,
        0.0005482229383723258,
        0.0005875809559767299,
        0.00016358823503897905,
        0.00015243287886786705,
        0.0001873991013971925,
        0.00021894988315532518,
        0.00024878149302811974,
        0.00020367965937200143,
        0.0002169060786490095,
        0.0001833598303862496
    ]
}