{
    "bins": [
        0.0,
        0.7853982,
        1.570796,
        2.356194,
        3.141593,
        3.926991,
        4.712389,
        5.497787,
        6.283185
    ],
    "yvals": [
        -0.06342493527487077,
        -0.04102480297245548,
        -0.02412338712347116,
        -0.025526745004768276,
        -0.034699209827374136,
        -0.04093772838739086,
        -0.02556272106626195,
        -0.03311559234935664
    ],
    "yerrs": [
        0.017232359235495997,
        0.015303668462380755,
        0.011731104002358446,
        0.011689445107862623,
        0.012478856374776439,
        0.014292960465859053,
        0.01123571333907696,
        0.013080003161180092
    ]
}