{
    "bins": [
        [
            -1.0,
            -0.75,
            -0.5,
            -0.25,
            0.0,
            0.25,
            0.5,
            0.75,
            1.0
        ],
        [
            0.0,
            0.7853982,
            1.570796,
            2.356194,
            3.141593,
            3.926991,
            4.712389,
            5.497787,
            6.283185
        ]
    ],
    "zvals": [
        0.00018649912872222013,
        0.00030821741542948043,
        -0.00017143623997005342,
        -9.092927289186771e-05,
        0.0001403079203155597,
        0.00024413420966185303,
        -0.0001520050725874016,
        -0.00022907769054670375,
        0.0008078093379893154,
        0.00020057626848458195,
        -0.0007136600806215449,
        -0.0003523129008312972,
        0.0002113367744761254,
        0.0004148564167466687,
        -0.0004584747096376615,
        -0.00036211306878805404,
        0.0005460226417631209,
        0.0003429026666486715,
        -0.0007721257247917618,
        -0.0007092252472946872,
        0.0007248839441913523,
        0.000505315215979669,
        -0.0011572283097232234,
        -0.0006166891181286432,
        0.0012103949308771016,
        0.0011963893965580244,
        -0.0006844214016333122,
        -0.00040826891809131417,
        0.001279950292717832,
        0.000939211966417027,
        -0.0008449316142898252,
        -0.0006792128322200975,
        0.0006597733480927254,
        0.0006959021275587988,
        -0.001417207072083199,
        -0.0010253198692639028,
        0.0016773523742102726,
        0.0008968538244304164,
        -0.0006794099297426275,
        -0.00033788295870374005,
        0.00035602546580829953,
        0.0007527258161405595,
        -0.0007173646991716304,
        -0.000840303590913663,
        0.0004992862726923164,
        0.0003746783159620983,
        -0.0009847262152437365,
        -0.0010955973913862782,
        0.0002856752663807989,
        0.0007028499443212089,
        -0.0002883567312369016,
        -0.0006027983228906582,
        0.0008549749299081482,
        0.00026966577454997346,
        -0.0003292565552751599,
        -0.0004896229427627778,
        0.0001749123438276278,
        0.00016514663015353492,
        -0.00021710908354744988,
        -0.00010081189306327103,
        0.00016771914366983358,
        6.113669757244099e-05,
        -0.0001756519369797224,
        -8.450456965767676e-05
    ],
    "zerrs": [
        9.556427692991361e-05,
        0.0001243639749778774,
        7.232462980931903e-05,
        7.166490336378591e-05,
        8.668699873041231e-05,
        9.871382178681616e-05,
        8.189280499166178e-05,
        9.919068646619761e-05,
        0.0003043646859084193,
        0.00013811818827987984,
        0.00027820305573703926,
        0.00020046291623440813,
        0.00011300220727479111,
        0.0001942318044216624,
        0.00022219898856322995,
        0.0001841688988717017,
        0.0002753943248687958,
        0.00023862903407945578,
        0.0003507793930632305,
        0.0003739504851399839,
        0.00033330439732804853,
        0.0002920760838018063,
        0.00041337683765960896,
        0.0003164522425511536,
        0.0004883642389319034,
        0.0005308541086752745,
        0.00036068886027759933,
        0.00024622749046523235,
        0.00047910610169768627,
        0.00036964426593040386,
        0.0004280055796926301,
        0.0003933972620318149,
        0.00040647662767926925,
        0.0003614187426664281,
        0.0005762480264058786,
        0.00048102829568463253,
        0.0005351025666142018,
        0.0004445273582163207,
        0.0003654815922366609,
        0.0002840301405108939,
        0.00023511600483938579,
        0.0003889710390691095,
        0.00037498452787438426,
        0.00033636479624699897,
        0.0003132439474264134,
        0.00019229007008617568,
        0.0004125064335277524,
        0.00045087059473567615,
        0.0001613623172356598,
        0.000276678239266304,
        0.00016848252765865705,
        0.0002660610871051231,
        0.00028715818650672297,
        0.0001486468778377431,
        0.00019275246066025742,
        0.00024298486643484915,
        6.75144334639907e-05,
        6.67488389574218e-05,
        9.333047560365893e-05,
        6.16573819140459e-05,
        8.593518714628145e-05,
        3.350713580740535e-05,
        9.151510665277891e-05,
        4.764971139354868e-05
    ]
}