{
    "bins": [
        0.0,
        0.7853982,
        1.570796,
        2.356194,
        3.141593,
        3.926991,
        4.712389,
        5.497787,
        6.283185
    ],
    "yvals": [
        -0.0046514850683385825,
        -0.0015571281202977649,
        0.0019581486074576205,
        0.003678135571855834,
        0.004056400703846965,
        0.0020479132872760057,
        -0.0017716890035370605,
        -0.004226522094530417
    ],
    "yerrs": [
        0.0007668838850254148,
        0.00032911782241666724,
        0.00035380379023501786,
        0.0005507550697619644,
        0.0005974533149406499,
        0.0003749709397560945,
        0.000307737794996768,
        0.000639669268506841
    ]
}