{
    "bins": [
        [
            -1.0,
            -0.75,
            -0.5,
            -0.25,
            0.0,
            0.25,
            0.5,
            0.75,
            1.0
        ],
        [
            0.0,
            0.7853982,
            1.570796,
            2.356194,
            3.141593,
            3.926991,
            4.712389,
            5.497787,
            6.283185
        ]
    ],
    "zvals": [
        0.043003398785482316,
        0.053468598969846876,
        0.06164818346876362,
        0.048513288150354154,
        0.07401429593658244,
        0.05373963264485014,
        0.02810989078148914,
        0.052861708331317384,
        0.040777567353732155,
        0.02998495284809812,
        0.060672321549074495,
        0.045115865948390566,
        0.051569930150064024,
        0.03630627019676649,
        0.050908629764781686,
        0.0827794825044118,
        0.036878948793109025,
        0.04820589515274934,
        0.07498394444600064,
        0.03577761621799875,
        0.045048034245057905,
        0.07791596107960552,
        0.07259880977542597,
        0.03207704119440081,
        0.03122644793430899,
        0.06158642155605732,
        0.06348246366810205,
        0.030072378498062772,
        0.03651009042549127,
        0.029128171958675734,
        0.08615952676222757,
        0.09676627646110637,
        0.07094673759119895,
        0.050019610444541604,
        0.03718507049928827,
        0.08511031972284151,
        0.07195103628988103,
        0.08849862108128619,
        0.04302835505056036,
        0.02771898069513801,
        0.0697635416022089,
        0.04560725278323927,
        0.03306943485977811,
        0.045256222633336694,
        0.05948179139748253,
        0.03210257729202265,
        0.011793760615636915,
        0.02663104820740568,
        0.06692309709902569,
        0.03527985945466106,
        0.05473810730355821,
        0.0519612579084007,
        0.055968668114764725,
        0.04743069883040192,
        0.05435863091069752,
        0.07529751794631513,
        0.059431406896527136,
        0.04511344442268618,
        0.03414890794221529,
        0.05894155709391024,
        0.047691371763106075,
        0.056515499148202586,
        0.03700294627691948,
        0.06210003081240341
    ],
    "zerrs": [
        0.014340771193260425,
        0.01614381730338237,
        0.017876403005603753,
        0.016253861695748953,
        0.01982823186519014,
        0.016224045129357108,
        0.011482781113262007,
        0.015962652940666934,
        0.015451850583901614,
        0.013442887422433141,
        0.020286005296862936,
        0.018533786192229496,
        0.01834427784011338,
        0.014866296546626051,
        0.016985595540006025,
        0.022187048900564242,
        0.016564950421540825,
        0.019767065174873477,
        0.02854961410012195,
        0.020694165539071045,
        0.02027361801246998,
        0.02470511532329519,
        0.024282939109490274,
        0.01612027397115338,
        0.01804430039425114,
        0.025159802377970768,
        0.02848041367312713,
        0.021265904606061897,
        0.021198814995206455,
        0.016829521782164906,
        0.030530759310501202,
        0.03666890332238227,
        0.029144239891515093,
        0.022415802441318276,
        0.02155938737516357,
        0.032588475097419946,
        0.02549001931366056,
        0.028052054622250626,
        0.02179988240212916,
        0.019614850006938262,
        0.024849590325056757,
        0.01871662650304255,
        0.016645065540846504,
        0.01856788181405294,
        0.021091837531630967,
        0.014416444962088899,
        0.011793762970445706,
        0.015377325757089697,
        0.020222185793169607,
        0.014413537214250633,
        0.017363562998852056,
        0.01645987649261226,
        0.016915373030177212,
        0.015827344939671955,
        0.018160181510071146,
        0.022849321958614725,
        0.016524706176594142,
        0.014283074118240254,
        0.012076677916329796,
        0.015759772603149303,
        0.014387343930736303,
        0.01569050070533204,
        0.013115562627407406,
        0.01726981099802168
    ]
}