{
    "bins": [
        [
            -1.0,
            -0.75,
            -0.5,
            -0.25,
            0.0,
            0.25,
            0.5,
            0.75,
            1.0
        ],
        [
            0.0,
            0.7853982,
            1.570796,
            2.356194,
            3.141593,
            3.926991,
            4.712389,
            5.497787,
            6.283185
        ]
    ],
    "zvals": [
        -0.0005602630614635989,
        -0.0030835752277380965,
        -0.0027990450701427818,
        -0.0010409506505610524,
        0.0006611404663622773,
        0.002410567381123966,
        0.0021235857488814593,
        0.0010456777328182658,
        -0.0016505874345013776,
        -0.0023594173551288278,
        -0.0028318982223025785,
        -0.001345661504534638,
        0.0006119638705471619,
        0.005012733925984025,
        0.0023127591361322545,
        0.001084197820722742,
        -0.0013499842500275655,
        -0.0021526971427727453,
        -0.0013387714254428967,
        -0.0021459614794518455,
        0.001025496881835706,
        0.0029783758043692506,
        0.0017421699571427485,
        0.0010301987018046903,
        -0.000358800669520251,
        -0.0017349964565727075,
        -0.0013801827863070702,
        -0.0006090040858213469,
        0.001209911407974046,
        0.002256231362952287,
        0.0009474121400869371,
        0.0013770638580694122,
        0.0008978013955214055,
        0.0009794002478743893,
        0.0015436881682917454,
        0.0003028452035207583,
        -3.8546163855777565e-05,
        -0.001193696444350508,
        -0.0019907333606655484,
        -0.0009253494406657518,
        0.001288384923724042,
        0.00250857183455314,
        0.0019026735489522514,
        0.000981999722434075,
        -0.002913750226000065,
        -0.0038335763523716644,
        -0.0025069307535797144,
        -0.0012334388424722245,
        0.0006636995093698966,
        0.003169950310530536,
        0.002787297650363256,
        0.0012698182707133571,
        -0.0010040662186560187,
        -0.0033311808789938356,
        -0.002371634254225247,
        -0.0008451623253433292,
        0.0009959101001250066,
        0.0021452904502660946,
        0.002641825418450264,
        0.0008608449972561718,
        -0.00048632581188136445,
        -0.0017407602260255315,
        -0.001472982105887716,
        -0.0008095589751947423
    ],
    "zerrs": [
        0.00019660598789707865,
        0.0006631400345739098,
        0.000638344286338421,
        0.00027732397446838587,
        0.00021192384159496997,
        0.0005751962550298057,
        0.000544877855430088,
        0.00027883256482024544,
        0.000544265426497802,
        0.0007921477588136287,
        0.0008285083267209324,
        0.00043338568167632373,
        0.0002507937269204478,
        0.0011370391651444771,
        0.000826767228600555,
        0.0003680843052586806,
        0.0005405840791734928,
        0.0008800949688656533,
        0.0006701517731826001,
        0.0005836532744245253,
        0.000422731478304761,
        0.0009995614679301958,
        0.000784426337972054,
        0.0005029365196662203,
        0.00020701254621588593,
        0.000665589735552339,
        0.0005404004150785393,
        0.0002672799364557878,
        0.0003857556065141748,
        0.0008286839412159569,
        0.0005603620834962985,
        0.0005370819519282269,
        0.0003494921555131728,
        0.00047450725472198606,
        0.000565103934003027,
        0.00019165566862458356,
        3.535058190584149e-05,
        0.0006634452778500053,
        0.0008633748176064719,
        0.0004655037738784996,
        0.0005152586098695252,
        0.0009490480176033583,
        0.0007840042958922755,
        0.00041209368437438966,
        0.0008494594944042746,
        0.0012865300935105935,
        0.0011230245356296156,
        0.0005769432716858596,
        0.0003246749702933397,
        0.000926206508691909,
        0.0008518106407345709,
        0.00041644760445700525,
        0.00040975583884421033,
        0.0010162232869689058,
        0.0009047329236768302,
        0.00033791713545308524,
        0.000273150248209574,
        0.0005455953867784743,
        0.0005798588511743626,
        0.00022542239671662014,
        0.00016327093212053465,
        0.0005076211772147567,
        0.0004667568357624797,
        0.00024514302099818986
    ]
}