{
    "bins": [
        -1.0,
        -0.75,
        -0.5,
        -0.25,
        0.0,
        0.25,
        0.5,
        0.75,
        1.0
    ],
    "yvals": [
        -0.00021906168,
        -0.0008313388,
        -0.00144365,
        -0.0005676888,
        0.0039811732,
        0.0013392312,
        -0.00029589044,
        5.397592e-05
    ],
    "yerrs": [
        0.00022794339648254784,
        0.0006747515098167621,
        0.001499464971248078,
        0.003297990660993448,
        0.003302475677427466,
        0.0016523002148520105,
        0.000705838508442264,
        0.00019717257415776668
    ]
}