{
    "bins": [
        -1.0,
        -0.75,
        -0.5,
        -0.25,
        0.0,
        0.25,
        0.5,
        0.75,
        1.0
    ],
    "yvals": [
        0.0008170444,
        -0.0009163708,
        -0.0021487212,
        0.0006723048,
        -0.0012946904,
        0.000309163,
        -0.0010675056,
        0.00033980204
    ],
    "yerrs": [
        0.00031899361749100874,
        0.0009683944650812498,
        0.0020170037183902265,
        0.0025818833436079174,
        0.00245532726942866,
        0.0016693462193325865,
        0.0009265309924659833,
        0.0003805741767382543
    ]
}