{
    "bins": [
        -1.0,
        -0.75,
        -0.5,
        -0.25,
        0.0,
        0.25,
        0.5,
        0.75,
        1.0
    ],
    "yvals": [
        0.39372384,
        0.4300452,
        0.4445796,
        0.5517912,
        0.38963664,
        0.4118108,
        0.37879612,
        0.4162516
    ],
    "yerrs": [
        0.038695711390281995,
        0.045543948006293876,
        0.05402664527804776,
        0.06977107710219185,
        0.05773514700769367,
        0.052309586119563205,
        0.04189701660023062,
        0.03888822546735708
    ]
}