{
    "bins": [
        [
            -1.0,
            -0.75,
            -0.5,
            -0.25,
            0.0,
            0.25,
            0.5,
            0.75,
            1.0
        ],
        [
            0.0,
            0.7853982,
            1.570796,
            2.356194,
            3.141593,
            3.926991,
            4.712389,
            5.497787,
            6.283185
        ]
    ],
    "zvals": [
        0.00032225238102149965,
        -0.0004643387592886051,
        -0.0007805326726067549,
        0.0003113070935919195,
        0.00039516769841532555,
        -0.00022734684834949928,
        -0.00031414925935640284,
        0.0002635826931059158,
        0.0014645666363890318,
        -0.001472475222110375,
        -0.001070192692112789,
        0.0013729902890123363,
        0.00177138215274294,
        -0.0010686994364640604,
        -0.0014926215753032226,
        0.0014609693429318642,
        0.0029631068673190235,
        -0.0018355325161338624,
        -0.002769479423171437,
        0.0019779103360202904,
        0.0024621060914338964,
        -0.00232637567195231,
        -0.000692058803307368,
        0.003934347171752412,
        0.004549251067802294,
        -0.002468955731732378,
        -0.003358358946674171,
        0.002072829733676768,
        0.0028537780844871,
        -0.006622700847213771,
        -0.003107479265289701,
        0.0016211719408503718,
        0.004815261354049449,
        -0.0004494355853810642,
        -0.002874664819620117,
        0.00235911326599601,
        0.004193191732089971,
        -0.004860628114662886,
        -0.0037629161266007813,
        0.004567552247395589,
        0.002945261651987488,
        -0.0034706636560479284,
        -0.0024988171602168584,
        0.002408475182677849,
        0.002357704501412022,
        -0.0011729008731878616,
        -0.005132042607696991,
        0.0021690490681157836,
        0.00025224565067757986,
        -0.0020107008193809557,
        -0.0011160848385149951,
        0.000880544029213177,
        0.0010819202493512839,
        -0.0015888397984206736,
        -0.0008441320196893807,
        0.0008520923149791573,
        0.00019656317012185665,
        -0.0005449681677234134,
        -0.0005081520961346987,
        0.0004068310756698188,
        0.0004043713887735898,
        -0.00012561850170232167,
        -0.0005290082225826906,
        0.0006796492988268369
    ],
    "zerrs": [
        0.00010582427632251979,
        0.0001640821156820954,
        0.00021379785506815796,
        0.0001296149872034871,
        0.0001351375059701194,
        7.902989549548666e-05,
        0.0001330764033568094,
        9.799334005978157e-05,
        0.0005250827288205583,
        0.0005241913394685298,
        0.0004134888889494012,
        0.000427009086220735,
        0.0005045327159198048,
        0.0004174446455364891,
        0.0004678447632454162,
        0.0005499884300005891,
        0.0011752120462427264,
        0.0010835830997457697,
        0.0012721961401089314,
        0.0007802699483413385,
        0.0008523400139852513,
        0.0009741873883269788,
        0.0004991175927852866,
        0.001470605186475901,
        0.0020034287967472557,
        0.0014788416623869383,
        0.001858704762387835,
        0.0009984264638615052,
        0.0011784762126324972,
        0.0023388496916386045,
        0.0014310393494584145,
        0.0010961895269996848,
        0.001951051631997604,
        0.0004494355736149865,
        0.0013403802768592226,
        0.0011964949248582074,
        0.0017861524308573312,
        0.0018874750178028527,
        0.0017185330468448667,
        0.001838349476020456,
        0.0010634942535526037,
        0.0012221164500741102,
        0.0011249002742081003,
        0.001049508297077372,
        0.0010239675411533042,
        0.000801030531226899,
        0.0016107436732014657,
        0.0009069286359582901,
        0.00015585762765970443,
        0.000589601639170903,
        0.00041253375380320413,
        0.0004130190945750578,
        0.0005081702563102299,
        0.0005361507464683102,
        0.00037779422645712625,
        0.00035436453916465994,
        0.00011225621038964547,
        0.00017220375821808476,
        0.00016389147577436792,
        0.00014104864381140375,
        0.0001345821489404274,
        9.532651135513058e-05,
        0.00017501663759663877,
        0.00020814532494182707
    ]
}