{
    "bins": [
        [
            -1.0,
            -0.75,
            -0.5,
            -0.25,
            0.0,
            0.25,
            0.5,
            0.75,
            1.0
        ],
        [
            0.0,
            0.7853982,
            1.570796,
            2.356194,
            3.141593,
            3.926991,
            4.712389,
            5.497787,
            6.283185
        ]
    ],
    "zvals": [
        -0.000334085308573409,
        -0.0009635397501750069,
        -0.001204192524045134,
        -0.00030025477496151636,
        0.0004671505657004473,
        0.0008858240026075954,
        0.0007992569372471029,
        0.000415912339985587,
        -0.00043091603724072704,
        -0.0013220342608548177,
        -0.0007659326863577449,
        -0.00045298203842887504,
        0.0002534838133023001,
        0.0010137474248724852,
        0.001461354370650295,
        0.00038178788334067575,
        -0.00040982294077068163,
        -0.000982890963025361,
        -0.0010603948571297614,
        -0.0001894302895725612,
        0.0004594569886859909,
        0.0011535858252758476,
        0.0018993880809474947,
        0.0005036083106908855,
        -0.000510867990275506,
        -0.00029456894327944386,
        -0.0003534515239407282,
        -0.0003659377717567759,
        0.00016151031706217737,
        0.00031831906880333294,
        0.0007348742930335959,
        0.0002230669800534252,
        9.292875894036935e-05,
        0.00035656285260793954,
        0.0008492341462545106,
        0.0002435183136214841,
        -8.93493999220777e-05,
        -0.000739956047761772,
        -0.0010593971464149389,
        -0.00012862614878061826,
        0.0004188307026932325,
        0.0008563757117730658,
        0.0013805179030249636,
        0.0002699244078487495,
        -0.0007168060015431664,
        -0.0011547088227879371,
        -0.0012117448732999068,
        -0.00048085658481432353,
        0.0006269059440166783,
        0.0016473048434818636,
        0.0009599871657427192,
        0.0003472977683954271,
        -0.0007003358806617788,
        -0.000957833862576681,
        -0.0009274813534029883,
        -0.00034427844226748733,
        0.0004192064102005836,
        0.0007034229023814429,
        0.0007583905230214492,
        0.00023009339202112558,
        -0.0003683745056646438,
        -0.0007532899243440906,
        -0.0008691241892645515,
        -0.00046761942352794385
    ],
    "zerrs": [
        9.694150789586929e-05,
        0.00024199238293370475,
        0.0002724971646890724,
        9.14211122117641e-05,
        0.0001217496486354333,
        0.00022981709806280855,
        0.00023182325853981773,
        0.0001195076640457357,
        0.0001466926966622463,
        0.00038465819732320824,
        0.00029139583366155945,
        0.00016369743674678493,
        0.00011705036432807045,
        0.00032231334847723043,
        0.00040980185658300185,
        0.0001663942348900127,
        0.00018839587336415395,
        0.0003719849355694628,
        0.0004010694891024592,
        0.00010496185183630341,
        0.00018188190348563462,
        0.0004104482489864999,
        0.0005495413938948618,
        0.0001967998794985826,
        0.00017370667757052582,
        0.00015093371566495494,
        0.0001663337408200754,
        0.00012991280942944075,
        7.835936121577952e-05,
        0.00015362989840760383,
        0.0002902595832663636,
        0.00012617044602181108,
        6.460254039699753e-05,
        0.00017890121280288488,
        0.0002635370938304652,
        9.435027284290054e-05,
        4.9819924969044594e-05,
        0.0002593225121257958,
        0.00035451876716595696,
        7.046428904654005e-05,
        0.0001666932214303413,
        0.00032556743749366984,
        0.00041823510264849575,
        0.00012385616084489934,
        0.00020082765949178455,
        0.00041083759764952405,
        0.00043044256127541017,
        0.00020773568296156376,
        0.0001750983086520303,
        0.0004160842782607656,
        0.0003220706645986157,
        0.00012049140506479947,
        0.00020412374773730077,
        0.0003420682195851926,
        0.0003119506755484132,
        0.00014094954009502182,
        0.00011367538029374235,
        0.0002051528330969308,
        0.00020720584331957413,
        8.241389016715289e-05,
        0.00011667575021100901,
        0.00022519312748205564,
        0.00022868663020798714,
        0.00012190671110733577
    ]
}