{
    "bins": [
        0.0,
        0.7853982,
        1.570796,
        2.356194,
        3.141593,
        3.926991,
        4.712389,
        5.497787,
        6.283185
    ],
    "yvals": [
        0.002361080022847009,
        0.0017423336301680497,
        -0.0010577214355014912,
        -0.002881537918943111,
        -0.0029811624170165943,
        -0.001069655384913127,
        0.0011954083152745489,
        0.003418229992946252
    ],
    "yerrs": [
        0.0003766161904793809,
        0.00028838863735602033,
        0.0001823896806376409,
        0.0004052145296459622,
        0.00043782901610173815,
        0.00021090605413897687,
        0.0002031522645009386,
        0.0004447430482393298
    ]
}