{
    "bins": [
        0.0,
        0.7853982,
        1.570796,
        2.356194,
        3.141593,
        3.926991,
        4.712389,
        5.497787,
        6.283185
    ],
    "yvals": [
        -8.598852149139124e-05,
        -5.787720566571488e-05,
        -0.0006334765303705894,
        0.0001983032827900214,
        6.34794460897532e-05,
        -7.699736948655334e-06,
        0.00011052496950590659,
        -1.1734003651651777e-05
    ],
    "yerrs": [
        0.0001494786409446174,
        0.0003528829076125117,
        0.00039475128377626636,
        0.0001474272376506868,
        0.0001537081549951933,
        0.00033334334955497735,
        0.00030314339856245536,
        0.00017200400122544538
    ]
}