{
    "bins": [
        0.0,
        0.7853982,
        1.570796,
        2.356194,
        3.141593,
        3.926991,
        4.712389,
        5.497787,
        6.283185
    ],
    "yvals": [
        -0.00038067568782306854,
        -0.00010215147024857976,
        -0.00011613519514946565,
        0.0008726625575026198,
        -0.0007006181579275728,
        -0.0006512862268556835,
        0.0008912404920817219,
        -7.224417429125108e-05
    ],
    "yerrs": [
        0.0004838246382116801,
        0.00044764070267735225,
        0.00041317759869943403,
        0.0005020048958617891,
        0.0005392931928401986,
        0.000534993187355747,
        0.00044054428601332323,
        0.0005091033099059065
    ]
}