{
    "bins": [
        [
            -1.0,
            -0.75,
            -0.5,
            -0.25,
            0.0,
            0.25,
            0.5,
            0.75,
            1.0
        ],
        [
            0.0,
            0.7853982,
            1.570796,
            2.356194,
            3.141593,
            3.926991,
            4.712389,
            5.497787,
            6.283185
        ]
    ],
    "zvals": [
        0.0021023791498376234,
        0.00031979554819226637,
        -0.0005462305735436047,
        -0.0011251218807255931,
        -0.002963003725499682,
        -0.0002967540024293416,
        0.00109003384271414,
        0.0024132921143165636,
        0.0029744855539521227,
        0.001573190044586323,
        -0.0024865960952281524,
        -0.003188422190504444,
        -0.004621119992666137,
        -0.0013978818382527078,
        0.001912172427227979,
        0.004027006434953999,
        0.0039052276921439336,
        0.0015360944479345371,
        -0.0011712879329970286,
        -0.0037794944989744065,
        -0.0036764035559041387,
        -0.0017266323570979305,
        0.0013073066139715154,
        0.0042187497294365415,
        0.0019561211115584425,
        0.0018687396374168605,
        -0.00266008775168768,
        -0.004219754290494386,
        -0.003958376262735579,
        -0.003827015602280628,
        0.0032216425302840097,
        0.005057657391539068,
        0.004940838418015217,
        0.0014379719423711142,
        -0.0011122126616059632,
        -0.00422861602828626,
        -0.006658295539331649,
        -0.001901971739169186,
        0.0014353257838700892,
        0.005802418646342365,
        0.004445713779328753,
        0.0026180842370579598,
        -0.0012492529902036933,
        -0.004294286088981525,
        -0.003892684727997778,
        -0.001073555063802047,
        0.0017415195862479917,
        0.0030130420500179534,
        0.0030910424801075423,
        0.0011843068569838112,
        -0.0010112055289165495,
        -0.003967958706339071,
        -0.0035915568921744126,
        -0.0010716314530976653,
        0.002330887015245774,
        0.004152319715609157,
        0.002642949270828479,
        0.0008158209763256275,
        -0.0003331270515076434,
        -0.002343447343324858,
        -0.0027074237520339998,
        -0.0008145617890547214,
        0.0011399076646490063,
        0.0016021466823190284
    ],
    "zerrs": [
        0.0005253138622294402,
        0.00012905161025381876,
        0.00019513804749863244,
        0.000364884705797119,
        0.0006238561166676859,
        0.00012598974463827383,
        0.00024454362328709626,
        0.0005162577808493277,
        0.0008707641555222852,
        0.0004911597115805384,
        0.0006693334365913468,
        0.0009704315102186001,
        0.0011776690504713325,
        0.00041705726690608445,
        0.00046844794338410384,
        0.0009708846199259973,
        0.001248434215352943,
        0.0005857292110773083,
        0.0005123886549216606,
        0.0013478323138052042,
        0.001256417560786024,
        0.0005844136883977736,
        0.0004704460482977608,
        0.001184091336603819,
        0.000986072943683306,
        0.0007361548099095875,
        0.000876518260008812,
        0.001605464317414304,
        0.001528819329338759,
        0.0011326336009233572,
        0.0008403839554120513,
        0.0015441411474165967,
        0.0015758167412003462,
        0.0005058398295608967,
        0.0005698966771435752,
        0.001426714608568239,
        0.0019443708456999432,
        0.0007333983321241108,
        0.0005124736931375245,
        0.0016857310410453579,
        0.0012474514068861635,
        0.000648999859770549,
        0.00037211033237418366,
        0.001336478043777698,
        0.0013148963458728053,
        0.0004994208389416876,
        0.0005720297913185281,
        0.0010795902381707928,
        0.0008443754113425834,
        0.0003360370713851806,
        0.00030692557331801095,
        0.0009029935930821585,
        0.000993008469890018,
        0.0003522769385670716,
        0.000547912475245878,
        0.000996780081291819,
        0.0005348820734917473,
        0.0002054661496035123,
        0.00010716341440890264,
        0.0004822182647105748,
        0.0005718529215910672,
        0.00023023527627655686,
        0.000273453877240231,
        0.00040503671160702364
    ]
}