{
    "bins": [
        [
            -1.0,
            -0.75,
            -0.5,
            -0.25,
            0.0,
            0.25,
            0.5,
            0.75,
            1.0
        ],
        [
            0.0,
            0.7853982,
            1.570796,
            2.356194,
            3.141593,
            3.926991,
            4.712389,
            5.497787,
            6.283185
        ]
    ],
    "zvals": [
        0.0017386691235095775,
        0.0020970305748246303,
        0.004418635647149599,
        0.0006509603399036668,
        -0.0012856936228510891,
        -0.004144186259705271,
        -0.0023731937183440756,
        -0.0012043274874649543,
        0.0015335853838218626,
        0.00347357326440181,
        0.0021330219837585535,
        0.0022764831633348146,
        -0.0025321709502697984,
        -0.0016398513874494207,
        -0.004760519379983143,
        -0.0019017741323507323,
        0.0009165577410286908,
        0.004417514283844441,
        0.007814081522998532,
        0.001009121733029963,
        -0.0007965754942080318,
        -0.00098727575063853,
        -0.0032849449578430307,
        -0.0009736637984817891,
        0.0012440731338574495,
        0.0007036067582567712,
        0.002023960845329375,
        0.0010601011715064574,
        -0.0004393333316356801,
        -0.0017440120804993143,
        -0.0009944996040224196,
        -0.0005136524411826871,
        -0.00011594266449808516,
        -0.001345474611719055,
        -0.0020517215475465947,
        -0.0003413572464441641,
        0.0008308959279244405,
        0.0015074441238709549,
        0.0011263013147474277,
        1.5550210211892572e-05,
        -0.0013568658547982412,
        -0.003848667770650745,
        -0.0025784409942475033,
        -0.00155988739481461,
        0.0010673788321335165,
        0.0022129391722413355,
        0.003501974285648806,
        0.0003779229893633547,
        -0.0019122284721304428,
        -0.0014149303703168,
        -0.004074094408185405,
        -0.0013234470632124565,
        0.002277659479652354,
        0.004430152865171545,
        0.003819985281347802,
        0.0009996699762413453,
        -0.0019154502773242922,
        -0.001632213892119382,
        -0.0026116893600442075,
        -0.0013139089812948578,
        0.0012701977850720267,
        0.0030080896564544353,
        0.002510502955189599,
        0.0018738173512028301
    ],
    "zerrs": [
        0.0005301512361508661,
        0.0007603769611987225,
        0.0011599991441746322,
        0.0003234028607935696,
        0.0004330932577123863,
        0.001023307199520079,
        0.0008606733447801073,
        0.000417584800247822,
        0.000667887016974769,
        0.0012343426329886357,
        0.0010766390553264733,
        0.0008325323546863396,
        0.0008405220637833123,
        0.0009499240068009024,
        0.001517070998267627,
        0.000709211717916617,
        0.0005257681775189152,
        0.00157247785466254,
        0.0021730249210356626,
        0.0006390044425628332,
        0.0004525638655620015,
        0.0007056051951878711,
        0.0013480958243201509,
        0.0005144428353718747,
        0.0005003167753181604,
        0.000499976145871339,
        0.0009800718257009535,
        0.0005100782243553567,
        0.00030536879899964984,
        0.0007503263450796021,
        0.0005234848637933954,
        0.0002573695091639307,
        8.387851252716562e-05,
        0.0007895925367830772,
        0.0009406596445779399,
        0.0002445432588909174,
        0.00038784314148096005,
        0.0006326736685476205,
        0.0005334689434840871,
        1.5550210768868154e-05,
        0.000690091478635194,
        0.0015835838262445254,
        0.0012907452854738369,
        0.000644570064289241,
        0.0004699763910174072,
        0.0009140806295382307,
        0.00124121226283348,
        0.00031374208017498725,
        0.0006798402588038403,
        0.000834252586664257,
        0.0014499399139016973,
        0.0006124889245521036,
        0.0006906706217806699,
        0.0013429655495299801,
        0.0012802082803999612,
        0.0005056104893303868,
        0.000612916487658099,
        0.0006345745033881683,
        0.0008539901022376754,
        0.0004653185975938684,
        0.00040929572544551356,
        0.0008939968617029045,
        0.0007262840231453847,
        0.0004788992467917271
    ]
}