{
    "bins": [
        -1.0,
        -0.75,
        -0.5,
        -0.25,
        0.0,
        0.25,
        0.5,
        0.75,
        1.0
    ],
    "yvals": [
        2.0623568e-05,
        0.0032553836,
        -0.0014889456,
        0.0008874856,
        -0.0021625364,
        -0.0009105572,
        0.005130404,
        -0.00027616212
    ],
    "yerrs": [
        0.0015573248858218377,
        0.0021868219863537134,
        0.002051174102800637,
        0.0012176392897734535,
        0.001357013190798085,
        0.0018939161544271172,
        0.002178311272522823,
        0.0013796005218903043
    ]
}