{
    "bins": [
        0.0,
        0.7853982,
        1.570796,
        2.356194,
        3.141593,
        3.926991,
        4.712389,
        5.497787,
        6.283185
    ],
    "yvals": [
        -0.0044219174426424705,
        -0.022882684418010845,
        -0.004077039921160991,
        -0.010666389949567034,
        -0.015337459479143053,
        -0.007708555407576798,
        -0.007585546436329099,
        -0.009207580105882626
    ],
    "yerrs": [
        0.004419632324168368,
        0.006454130722882072,
        0.004435485802937755,
        0.005414234870263541,
        0.005877191383585694,
        0.005106253609276157,
        0.005043452194467923,
        0.0053619891126949395
    ]
}