{
    "bins": [
        0.0,
        0.7853982,
        1.570796,
        2.356194,
        3.141593,
        3.926991,
        4.712389,
        5.497787,
        6.283185
    ],
    "yvals": [
        -1.0140523622284848e-07,
        7.010810318032467e-06,
        -2.8388383978568836e-07,
        3.2916695845041823e-06,
        -3.5304482568073755e-06,
        -3.3384131357604683e-06,
        -6.266103300492236e-07,
        6.4243466369916924e-06
    ],
    "yerrs": [
        9.012978041560385e-06,
        5.305918722371627e-06,
        5.608067091710414e-06,
        9.208071431233686e-06,
        9.532638550933082e-06,
        4.024319098123965e-06,
        5.143557903953662e-06,
        1.008307296543025e-05
    ]
}