{
    "bins": [
        -1.0,
        -0.75,
        -0.5,
        -0.25,
        0.0,
        0.25,
        0.5,
        0.75,
        1.0
    ],
    "yvals": [
        -6.316988e-05,
        0.00025827128,
        -0.0001477164,
        -0.00031453836,
        -0.0010884136,
        0.001761512,
        0.00014424964,
        0.00012537596
    ],
    "yerrs": [
        0.00028472785603098267,
        0.0007772944873083817,
        0.0013762877606082239,
        0.0016926745700222474,
        0.0016062278792251116,
        0.0012636357703072513,
        0.0008584255355008959,
        0.0003098061329283202
    ]
}