{
    "bins": [
        0.0,
        0.7853982,
        1.570796,
        2.356194,
        3.141593,
        3.926991,
        4.712389,
        5.497787,
        6.283185
    ],
    "yvals": [
        0.002389011077438171,
        -0.002111065246172067,
        -0.003087831901787375,
        0.0026795832436761445,
        0.002590267609543186,
        -0.003084928915021429,
        -0.004091537029633384,
        0.0023793261505631546
    ],
    "yerrs": [
        0.000387067588762146,
        0.0003750204049353178,
        0.0005006394474532691,
        0.0004189269035279391,
        0.00040009538672583896,
        0.0005366928572153906,
        0.0006779420335795182,
        0.00043449669952817685
    ]
}