{
    "bins": [
        -1.0,
        -0.75,
        -0.5,
        -0.25,
        0.0,
        0.25,
        0.5,
        0.75,
        1.0
    ],
    "yvals": [
        0.16786552,
        0.030653312,
        -0.1035592,
        -0.23192028,
        -0.24868208,
        -0.12983344,
        0.016285468,
        0.1723642
    ],
    "yerrs": [
        0.015819431089644155,
        0.00493128461965034,
        0.015952303908840254,
        0.03648777767965596,
        0.036362439962136756,
        0.017836152051381487,
        0.004601060747262527,
        0.01617337565259646
    ]
}