{
    "bins": [
        0.0,
        0.7853982,
        1.570796,
        2.356194,
        3.141593,
        3.926991,
        4.712389,
        5.497787,
        6.283185
    ],
    "yvals": [
        0.0006122985766965089,
        0.0002297268976307293,
        -0.00043550747519092243,
        -0.0003874980742272399,
        0.00013089898369998392,
        -0.0007850078558896256,
        -0.0007047682830870465,
        9.205341750297304e-05
    ],
    "yerrs": [
        0.0003358747843579179,
        0.0007749466013377729,
        0.0007123887673114589,
        0.0003327634252192453,
        0.00031370352600381405,
        0.0007365471651831609,
        0.00078829329574476,
        0.00032935453097545975
    ]
}