{
    "bins": [
        -1.0,
        -0.75,
        -0.5,
        -0.25,
        0.0,
        0.25,
        0.5,
        0.75,
        1.0
    ],
    "yvals": [
        -1.4451824e-05,
        -0.0003204036,
        -0.0016052864,
        -0.006121036,
        -0.005091852,
        0.008254856,
        -0.0014102672,
        0.000533938
    ],
    "yerrs": [
        0.0005112931057622428,
        0.0013025673111206192,
        0.0025966655541289872,
        0.006822826393804843,
        0.005400779203040984,
        0.002816479220587292,
        0.0012388399089470763,
        0.0005173507900834791
    ]
}