{
    "bins": [
        -1.0,
        -0.75,
        -0.5,
        -0.25,
        0.0,
        0.25,
        0.5,
        0.75,
        1.0
    ],
    "yvals": [
        0.0004521032,
        -0.0005351236,
        0.003534752,
        -0.00022621412,
        -0.0025477472,
        -0.0015698268,
        0.0007800152,
        0.00013010052
    ],
    "yerrs": [
        0.000307428274561726,
        0.0009340680917363573,
        0.0019726903456954415,
        0.0026122232676400385,
        0.003031088517348182,
        0.0018888049131659944,
        0.0008735368109015212,
        0.00031525448767622644
    ]
}