{
    "bins": [
        -1.0,
        -0.75,
        -0.5,
        -0.25,
        0.0,
        0.25,
        0.5,
        0.75,
        1.0
    ],
    "yvals": [
        0.0004101924,
        0.0018485104,
        0.0009907716,
        -0.009860872,
        -0.001912542,
        -0.0015860396,
        0.0012883708,
        0.0004524748
    ],
    "yerrs": [
        0.0005437671560511906,
        0.0012775902316470645,
        0.001991663023706571,
        0.0046222228418803,
        0.0040636318730908685,
        0.002298714423324481,
        0.00111861392803773,
        0.0005512550045124307
    ]
}