{
    "bins": [
        [
            -1.0,
            -0.75,
            -0.5,
            -0.25,
            0.0,
            0.25,
            0.5,
            0.75,
            1.0
        ],
        [
            0.0,
            0.7853982,
            1.570796,
            2.356194,
            3.141593,
            3.926991,
            4.712389,
            5.497787,
            6.283185
        ]
    ],
    "zvals": [
        0.000441292888117136,
        0.0015686130009531475,
        0.0010101686024155908,
        0.0004999372802868351,
        -0.00026038859278989753,
        -0.0014907483848953017,
        -0.0010791068986679368,
        -0.0007081683426746696,
        0.0008271167415458807,
        0.002773990963560122,
        0.002414978902416355,
        0.001319682352536736,
        -0.0008902625165839483,
        -0.0015645535129959593,
        -0.003924526927748735,
        -0.001364377296606307,
        0.0024720041375190316,
        0.002374506269307095,
        0.004084565023083839,
        0.002317846088421299,
        -0.002296488149957091,
        -0.003975706584432352,
        -0.004877473586640151,
        -0.0021431707236331137,
        0.002525210269134816,
        0.009823618044257318,
        0.007644801743829245,
        0.0034338475093551174,
        -0.005045930343596494,
        -0.015029419479041203,
        -0.006775275720080776,
        -0.004370401248793607,
        0.0025797252909415883,
        0.006615816851027594,
        0.006786500602242431,
        0.0032979497045450786,
        -0.0023879633001357265,
        -0.010557755431004411,
        -0.00903482820175249,
        -0.003782601432649435,
        0.0014373193114015285,
        0.008207239694330693,
        0.007448646418758389,
        0.002431733170019315,
        -0.002160001426028586,
        -0.002522463260665294,
        -0.002685095200140566,
        -0.001646971853760769,
        0.001235983988758823,
        0.0028697335286653465,
        0.0018227049215811606,
        0.0008134290978216169,
        -0.0010078003763696873,
        -0.0030030725823085884,
        -0.0035387291538812177,
        -0.0009878583851754144,
        0.0005047843501551188,
        0.001625219220120046,
        0.0014948940537154415,
        0.0004576988256924188,
        -0.00046071846375977515,
        -0.0011784124736757672,
        -0.001434792041741894,
        -0.0003288425486186622
    ],
    "zerrs": [
        0.00011849632137764312,
        0.00032185423369333703,
        0.0002352221144129246,
        0.00013338695088161858,
        8.04265184490213e-05,
        0.00034706856260602976,
        0.00026744132306920495,
        0.0001860009097677955,
        0.0002524781184438033,
        0.0007197200211271834,
        0.0006477719619398537,
        0.00039450588650603743,
        0.0003266509473892512,
        0.0006324686462864811,
        0.000963659757343331,
        0.0003977625619223539,
        0.000671504718101645,
        0.0009424724035790658,
        0.001345567059633182,
        0.0007637145449106543,
        0.000918535636635552,
        0.0015714902401917578,
        0.0017833809643159027,
        0.000839101781873636,
        0.000941298089573296,
        0.003059159569443415,
        0.0027780703834614285,
        0.001329024830488031,
        0.00185867127007466,
        0.005822517714283821,
        0.0040193968590774305,
        0.0014917094164535046,
        0.0011860942503151529,
        0.002528066813351682,
        0.0028363796089009227,
        0.0012779490112169577,
        0.0009946906649773693,
        0.003917226679412605,
        0.003408513718844887,
        0.0013630446003295154,
        0.0005247170536973626,
        0.0022020526704801566,
        0.0020625988189231044,
        0.0007147269240489081,
        0.0007364103824011916,
        0.0009930070332417578,
        0.001032929981589002,
        0.0006123404065097053,
        0.00033659674599060077,
        0.000726423834972216,
        0.0006722405240493218,
        0.0002493009476890297,
        0.00029290861203952836,
        0.0007280122918824607,
        0.0007903458872869756,
        0.0003041564975433715,
        0.00013235249427964157,
        0.00035408655662954355,
        0.00033235451697359033,
        0.00012117868522022405,
        0.00012804590863723977,
        0.00022800900370019783,
        0.0002981352826765636,
        9.270517723102833e-05
    ]
}