{
    "bins": [
        [
            -1.0,
            -0.75,
            -0.5,
            -0.25,
            0.0,
            0.25,
            0.5,
            0.75,
            1.0
        ],
        [
            0.0,
            0.7853982,
            1.570796,
            2.356194,
            3.141593,
            3.926991,
            4.712389,
            5.497787,
            6.283185
        ]
    ],
    "zvals": [
        -0.0006296816060948447,
        -0.00041588952757443424,
        0.0005041488264548676,
        0.0007182774615195589,
        0.000895443584017275,
        0.00023164046763551736,
        -0.0002210580113522062,
        -0.0008232738051281009,
        -0.0011337550811804764,
        -0.0004925447970442494,
        0.0003133137084637344,
        0.0009576212854867399,
        0.0006901978360016193,
        0.0003414688094443837,
        -0.0005650948945630115,
        -0.0008270716248322508,
        -0.0005616901082788323,
        -0.00035309969037346424,
        0.0001299305065711907,
        0.00041229418422992646,
        0.0006688975525784378,
        0.0002670060784468512,
        -0.0004659081892238077,
        -0.0011556021278383702,
        -0.0007597847817833042,
        -0.00014410496184226644,
        0.00015676556344681298,
        0.0005529245644570467,
        0.00035491376346769395,
        0.00011307810816936129,
        -0.00020690299695186394,
        -0.00041310474434617874,
        0.00019629619726655852,
        9.704417302925981e-05,
        -0.0002940191342478591,
        -0.0004983757300429464,
        -0.00034412341258826726,
        -0.00027252373955625054,
        0.0003869544358401729,
        0.0003175380635041088,
        0.0007548038689164299,
        0.00036884396671342854,
        -0.0004563061785235003,
        -0.0005916070685091273,
        -0.0015118225409282932,
        -0.0002771304230466592,
        0.0003864221197405647,
        0.0006853819337456934,
        0.0014984623086734855,
        0.0006702957405788505,
        -0.0003354214296445879,
        -0.0009142206700033996,
        -0.0013239167912319609,
        -0.00024828303611672053,
        0.00032473828555713163,
        0.0006780715000547495,
        0.001060502048515008,
        0.00024079507225510435,
        -0.0002490350115482851,
        -0.0005468313557822202,
        -0.0006725135536377733,
        -0.00021139045426649933,
        0.00028109962082918476,
        0.0009881303491987505
    ],
    "zerrs": [
        0.00017505208437248188,
        0.0001094415243867638,
        0.00013000335876442635,
        0.00019644338090442178,
        0.00021097112610657506,
        7.10293098310001e-05,
        7.13371802256856e-05,
        0.00021763484751164254,
        0.0003298819373395835,
        0.00016297704486461197,
        0.00012960471569728265,
        0.00029069823036853245,
        0.0002450627520522788,
        0.00012138557382302502,
        0.00017884135036146435,
        0.0002777163167089253,
        0.0002519087895503413,
        0.00013879441602742413,
        6.149138255012419e-05,
        0.00020634417214651288,
        0.0002532401452367011,
        0.00011245949415155225,
        0.0001709043383857295,
        0.00038586021787782203,
        0.0002547131295154956,
        7.605427291630577e-05,
        8.255765471800483e-05,
        0.00018091692275706533,
        0.000148405590088229,
        6.489593271030735e-05,
        0.0001066148462696209,
        0.00021030604187496495,
        0.00011475347457285204,
        5.7656902141624585e-05,
        0.0001130492985388607,
        0.0001692143037092046,
        0.00015651630759082913,
        0.00010338275723481125,
        0.00015667590788705433,
        0.00017097823463467515,
        0.00028614787707360753,
        0.00015448340443969174,
        0.00015641381625600451,
        0.00024212285199208086,
        0.00039154891222712384,
        0.00011603146088211839,
        0.00016329523684128878,
        0.0002808812500760582,
        0.0003679899482801192,
        0.00018414704393824091,
        0.00013212888448444754,
        0.00029113235309217105,
        0.000332480689966912,
        0.00010395019259501827,
        0.00012682321392456502,
        0.0002579388021830324,
        0.00024376356660189401,
        7.903552777706143e-05,
        7.472416106453375e-05,
        0.00016727795373512656,
        0.0001872965102236989,
        6.897420099401322e-05,
        7.96220288439236e-05,
        0.000232434814748671
    ]
}