{
    "bins": [
        [
            -1.0,
            -0.75,
            -0.5,
            -0.25,
            0.0,
            0.25,
            0.5,
            0.75,
            1.0
        ],
        [
            0.0,
            0.7853982,
            1.570796,
            2.356194,
            3.141593,
            3.926991,
            4.712389,
            5.497787,
            6.283185
        ]
    ],
    "zvals": [
        0.0021157639526039147,
        0.0022956509427451924,
        -0.0008764061023837597,
        -0.0028924961707361484,
        -0.0020959905678394897,
        -0.001876487080435652,
        0.001149637763274162,
        0.004217353749309268,
        0.0034910805754329462,
        0.0015443363859689956,
        -0.002055906432152871,
        -0.0019693450080786965,
        -0.006057275419596177,
        -0.0018209218765517614,
        0.001577628667248962,
        0.005196988023906352,
        0.0016129250105233243,
        0.0006682458239633469,
        -0.0007212221064988708,
        -0.0032608781014490723,
        -0.005213193820203258,
        -0.0008492881316224388,
        0.0013432119766029454,
        0.0006122251393560973,
        0.0005529073023085615,
        0.00024824648095525607,
        -9.460451898273234e-05,
        -0.0012405699523426947,
        -0.000938368063071207,
        -0.0009541292440265958,
        0.000533763009327755,
        0.0010784417581913884,
        -0.0018470411569570695,
        -0.0003044070151457007,
        0.00067523013809559,
        0.0015563910827490232,
        0.0,
        0.0009901721165574654,
        -0.00021310077183797263,
        -0.0011966376283107422,
        -0.005712006979389563,
        -0.0009311969042948682,
        0.0011896531440110621,
        0.0029720654087922187,
        0.0021890475911576037,
        0.0008481778665084456,
        -0.0006861193942434284,
        -0.001124160234683562,
        -0.0038795372843991745,
        -0.0023057548671513977,
        0.001506142872785518,
        0.003149142792389601,
        0.004114434210425796,
        0.0009929381027198952,
        -0.0022889729793047608,
        -0.0030912317067270357,
        -0.0023405080378335473,
        -0.0009254749631333318,
        0.0005638201268656148,
        0.004222178536005266,
        0.0024588985457054888,
        0.001291800590273976,
        -0.0013430296486622074,
        -0.003562154219898702
    ],
    "zerrs": [
        0.000785561976541576,
        0.0006499769045194217,
        0.00034810236683115436,
        0.0009742744074019536,
        0.0007678309593804609,
        0.0006159053553047726,
        0.0004392536361927913,
        0.0011777483380253388,
        0.0013290893192835934,
        0.000674247772176722,
        0.0007624797849048416,
        0.001174699903061085,
        0.0020370754671415856,
        0.0008348220885607302,
        0.0006175716576558617,
        0.0015824552137060684,
        0.0009394461715142955,
        0.00037049637459129965,
        0.0003344036415474489,
        0.0016454699036746495,
        0.0021495274763324856,
        0.0005333349735332967,
        0.0005859765553626021,
        0.0006122251787149658,
        0.0004328957328682099,
        0.00013332170338661397,
        7.913804803772937e-05,
        0.0007840630124804982,
        0.0007108676537211428,
        0.0004184563564603413,
        0.000306932334031458,
        0.0006544571522165447,
        0.0008733139884734565,
        0.00015624464193502187,
        0.0003615135870077617,
        0.0009426567150732832,
        0.0,
        0.0003990470879144225,
        0.00011823062178060012,
        0.0007163078337082898,
        0.0019330529683827633,
        0.0005826364660039298,
        0.000530328943121735,
        0.0013383957163540564,
        0.0012729858493501069,
        0.0005248150551100341,
        0.00042929118059964135,
        0.0007991089999007644,
        0.0014882422235550335,
        0.0008371344640060757,
        0.0006832578285591413,
        0.0012941439475620696,
        0.0015685041163094745,
        0.0005404282533031294,
        0.0008602166459274577,
        0.0012658521244170873,
        0.0008874315170231614,
        0.0003689116118233942,
        0.00024136871246779163,
        0.0011461236143045928,
        0.0008506531843509853,
        0.00044819308733241175,
        0.0004264478347703494,
        0.001109249328180059
    ]
}