{
    "bins": [
        [
            -1.0,
            -0.75,
            -0.5,
            -0.25,
            0.0,
            0.25,
            0.5,
            0.75,
            1.0
        ],
        [
            0.0,
            0.7853982,
            1.570796,
            2.356194,
            3.141593,
            3.926991,
            4.712389,
            5.497787,
            6.283185
        ]
    ],
    "zvals": [
        0.00512889894578317,
        0.001693736855387168,
        -0.0008721483884603731,
        -0.004047674621434456,
        -0.0034968584080937296,
        -0.0010269412450757453,
        0.0006920465802051955,
        0.002968761825214733,
        0.0039694234084060795,
        0.0017588656347140262,
        -0.0022709158923246565,
        -0.005216492508903118,
        -0.003568587646008774,
        -0.001306193802377903,
        0.0010895495022905585,
        0.004643141948413416,
        0.003768715538181778,
        0.0018394444191211128,
        -0.0013305269430276118,
        -0.004332647227714831,
        -0.0048969190143086675,
        -0.002429075704292601,
        0.0017722912459670133,
        0.0024505343787481,
        0.00211534582075691,
        0.0007585791556839095,
        -0.00038478911329033183,
        -0.002311610786364638,
        -0.0013393723946330393,
        -0.001417355786492963,
        0.0014769327143690208,
        0.0023497915706431646,
        -0.0022505521403028425,
        -0.0013177821481038016,
        0.0013337176819905325,
        0.00045007625423510854,
        0.0008907417640482912,
        0.0011518735723798636,
        -0.000736755632176298,
        -0.0026300367457009065,
        -0.004958165679524094,
        -0.002278489193629012,
        0.002968318228465059,
        0.004021266133519396,
        0.0051747725357080086,
        0.0008923093769019021,
        -0.001981029745428433,
        -0.0023320904815138316,
        -0.00393191937542001,
        -0.0008321016432691815,
        0.001080773824226698,
        0.0035475935161618493,
        0.004207512114876787,
        0.0014749291442045947,
        -0.0017229262106600732,
        -0.004942680271658447,
        -0.002431793706682801,
        -0.0008833286775185771,
        0.001429282987733608,
        0.003691236174224821,
        0.0032822619869161867,
        0.0009618532260077059,
        -0.0010282211057323805,
        -0.0025420971278256378
    ],
    "zerrs": [
        0.0008741809732134181,
        0.0003579573825382146,
        0.0002610969519070649,
        0.0007675218359711147,
        0.0006970936679084066,
        0.00025629099759779853,
        0.00022408968562259582,
        0.0006357000629969377,
        0.001008282327854142,
        0.0005196362384528642,
        0.0005882226815143362,
        0.0012385596189412459,
        0.0009587143716815698,
        0.0004426031237571697,
        0.0004093472760070234,
        0.001106150297636835,
        0.0010954123800277998,
        0.0005975269147665192,
        0.00047792895013286244,
        0.0012647922377396054,
        0.0013722182663439856,
        0.0006917774238894014,
        0.0005422631338154924,
        0.0008715529524651374,
        0.0007451164563036096,
        0.00026943263084317653,
        0.00016895611141572517,
        0.0008350437702091655,
        0.0006640908341080973,
        0.0004475391963560371,
        0.00046698103946096444,
        0.0007381224963408942,
        0.000756609941505427,
        0.00042493115540504433,
        0.0004291111484727745,
        0.0002601144038320349,
        0.00037900545474571734,
        0.00041550183106482577,
        0.00027047339504407294,
        0.0007910821631581289,
        0.0013825517019611603,
        0.0006792008526396074,
        0.000771997709645004,
        0.001171683453163309,
        0.0013434794006710572,
        0.0004215971529845902,
        0.0006180328594310382,
        0.0009548705054227813,
        0.0010296400460111596,
        0.0003521167723899813,
        0.0003491533913814171,
        0.0009558686772865582,
        0.001003194816714296,
        0.00044640727574272294,
        0.0005312723059974316,
        0.0011837323588963968,
        0.0005856658051513276,
        0.00022596467827791988,
        0.00031351969164810793,
        0.0007300674495719593,
        0.0006647505910106424,
        0.00023074730847784172,
        0.0002734942821210659,
        0.0005780748795312066
    ]
}