{
    "bins": [
        -1.0,
        -0.75,
        -0.5,
        -0.25,
        0.0,
        0.25,
        0.5,
        0.75,
        1.0
    ],
    "yvals": [
        -0.0001969974,
        -0.0005778064,
        0.0006943144,
        -0.00437284,
        -0.0017810868,
        -0.0029497296,
        -0.0002250424,
        0.0004915188
    ],
    "yerrs": [
        0.00044233670433279666,
        0.0009498802450835579,
        0.0017106340345029968,
        0.002917679351813698,
        0.003719496309986071,
        0.001945909350406642,
        0.0008899904718591093,
        0.0003823371077988638
    ]
}