{
    "bins": [
        0.0,
        0.7853982,
        1.570796,
        2.356194,
        3.141593,
        3.926991,
        4.712389,
        5.497787,
        6.283185
    ],
    "yvals": [
        0.0007890835502296796,
        -0.0010160610330204641,
        -0.0010902632805278346,
        0.0011264978692358916,
        0.0009974327665718524,
        -0.001378056730472958,
        -0.0009603252109121747,
        0.0008285086032813937
    ],
    "yerrs": [
        0.00016756204113963795,
        0.00021270340552556895,
        0.00024850216406847663,
        0.00027263906739611563,
        0.0002545439488210715,
        0.0003251423218704468,
        0.00031295530034976466,
        0.000201722497602314
    ]
}