{
    "bins": [
        0.0,
        0.7853982,
        1.570796,
        2.356194,
        3.141593,
        3.926991,
        4.712389,
        5.497787,
        6.283185
    ],
    "yvals": [
        0.00042571309687238905,
        0.000913979387260825,
        0.0008800250318946575,
        0.0003287451346385723,
        -0.0003439957830297504,
        -0.0010099534248877641,
        -0.0010646441676704043,
        -0.00031141828728873777
    ],
    "yerrs": [
        8.270146713722604e-05,
        0.0001476591904410785,
        0.00014341880825681223,
        7.179677135353743e-05,
        7.39950630184982e-05,
        0.0001724974937463117,
        0.00015733380587872582,
        6.161980832769259e-05
    ]
}