{
    "bins": [
        [
            -1.0,
            -0.75,
            -0.5,
            -0.25,
            0.0,
            0.25,
            0.5,
            0.75,
            1.0
        ],
        [
            0.0,
            0.7853982,
            1.570796,
            2.356194,
            3.141593,
            3.926991,
            4.712389,
            5.497787,
            6.283185
        ]
    ],
    "zvals": [
        0.0007631430782499883,
        9.918148484755113e-05,
        -0.00047247168951283314,
        -0.0008317876646137824,
        -0.0012260173822698805,
        -0.00042357673434360675,
        0.00012026259297833712,
        0.0015736719472165708,
        0.0008195480967488849,
        0.0010895207498671374,
        -0.00023378495998207285,
        -0.0011302194171370222,
        -0.0007876602690610363,
        -0.00044881255108874743,
        0.00037115948856503335,
        0.0008679741990684979,
        0.0014783665152275623,
        0.0007692254803871362,
        -0.00033060532367029205,
        -0.0014735409645288574,
        -0.0018596955938263143,
        -0.000719336183692854,
        0.00034039358388995145,
        0.0017225926218299515,
        0.0012161550663090392,
        0.00037418953809139775,
        -0.00034570110950117025,
        -0.0005955963784012967,
        -0.00028745374956391524,
        -0.0003532904336400145,
        0.00040694231459718525,
        0.0004837714381752947,
        -0.00022386279978741993,
        -0.00040367859446512327,
        0.00041562387477431836,
        0.0012198054746695628,
        0.00036337535873531623,
        4.573651066083694e-05,
        -9.10449988413518e-05,
        -0.0004658179419861014,
        -0.00027748263237679943,
        -0.0003813650101897408,
        0.0008646072437159251,
        0.001156210282926258,
        0.0004121178816345342,
        0.0003416523596953393,
        -0.0006578198569387752,
        -0.0009103527128920627,
        -0.000852605468156153,
        -0.0004424222731461687,
        0.00031323074415773924,
        0.0010121393075366789,
        0.001140392005072587,
        0.0006765135638236921,
        -0.0005761746273863699,
        -0.0013568947208931017,
        -0.0011937577651693115,
        -0.00036509529311133795,
        0.0004889311661094122,
        0.0009086224963362571,
        0.0008421157171268576,
        0.00025997692889464965,
        -0.00016439654799222818,
        -0.00032079317747180417
    ],
    "zerrs": [
        0.00030207573920257075,
        5.9219284220230044e-05,
        0.00018531241513202837,
        0.0002891840284050779,
        0.00042105930775300103,
        0.00017077892995571208,
        7.216615414619208e-05,
        0.0004568605296829812,
        0.00047480860514486885,
        0.00041860089537896,
        0.00015435550435836316,
        0.0005099225954739203,
        0.00040203847325787865,
        0.00020681422002913788,
        0.00016908049403086355,
        0.00043564766673412044,
        0.0006616940224270101,
        0.00038851014446470594,
        0.00023962760192326857,
        0.0006599085318309277,
        0.0006716684546144216,
        0.0002949011630265116,
        0.00020099400897903344,
        0.0006611847903506387,
        0.00048663968674726835,
        0.00018858483963883025,
        0.00021213468299242325,
        0.00030811842234549356,
        0.00020860533497777975,
        0.00015026077779874895,
        0.0002146644559508259,
        0.00032443561476025614,
        0.00021809857268060006,
        0.0002014587475918824,
        0.00022400939907099042,
        0.0004454514085506084,
        0.00020226166803745404,
        4.573650939153564e-05,
        4.804111539060677e-05,
        0.0002813026776834239,
        0.0002774826053017657,
        0.00026985953835946395,
        0.00033927970343390553,
        0.0005179875975066453,
        0.00029414584380869875,
        0.00018056892877772978,
        0.0003101132949463675,
        0.0004575238041512631,
        0.0004291939032239665,
        0.00022739980390795177,
        0.00019032396169934275,
        0.00045449945249790273,
        0.0004699360726249451,
        0.00023168038952210633,
        0.0002480978519926962,
        0.0005604396111121693,
        0.0003950434828319926,
        0.00013827877444499162,
        0.00015358053131639074,
        0.0002881357993945233,
        0.00030040473721759116,
        0.00011266204880017167,
        8.31382659292348e-05,
        0.0002284549038410533
    ]
}