{
    "bins": [
        -1.0,
        -0.75,
        -0.5,
        -0.25,
        0.0,
        0.25,
        0.5,
        0.75,
        1.0
    ],
    "yvals": [
        0.27609692,
        0.04303364,
        -0.22965768,
        -0.4952484,
        -0.4696908,
        -0.1779646,
        0.025913636,
        0.28429712
    ],
    "yerrs": [
        0.021433334784862576,
        0.006998862764764002,
        0.026413054348181697,
        0.057288030163377066,
        0.05660636006669215,
        0.02133320791629801,
        0.0056614090118980095,
        0.020891154108856697
    ]
}