{
    "bins": [
        [
            -1.0,
            -0.75,
            -0.5,
            -0.25,
            0.0,
            0.25,
            0.5,
            0.75,
            1.0
        ],
        [
            0.0,
            0.7853982,
            1.570796,
            2.356194,
            3.141593,
            3.926991,
            4.712389,
            5.497787,
            6.283185
        ]
    ],
    "zvals": [
        0.0006645485054587596,
        -0.0005217620930438052,
        -0.0008364279002493006,
        0.0006575709925782946,
        0.000653769935752319,
        -0.0009080944947657114,
        -0.0005319911688086806,
        0.0008303469069185307,
        0.002170536678082532,
        -0.0013123479592125162,
        -0.0032608613721960083,
        0.0018386119666564385,
        0.0025200705884150447,
        -0.0015699332058395875,
        -0.001562053888601703,
        0.0017178632998810798,
        0.006670746125977879,
        -0.0037477191812862218,
        -0.002462288419374636,
        0.003339911051580152,
        0.0032835260593991823,
        -0.0038045841726105753,
        -0.005358363530337486,
        0.004093480757526758,
        0.008544628699174507,
        -0.010093972761319169,
        -0.008102923613250863,
        0.003379020854368289,
        0.0047376993575231905,
        -0.013259417518251895,
        -0.006825802968685942,
        0.00806390645252471,
        0.006350709741886344,
        -0.011953061238521422,
        -0.00927257772492418,
        0.014337981077134044,
        0.013515078979065386,
        -0.004040433512690382,
        -0.010945640299567865,
        0.01130464808924902,
        0.0023310631473308697,
        -0.0030573724550794516,
        -0.0043800524065505655,
        0.004857123067383585,
        0.0035358108882375546,
        -0.005707842393283406,
        -0.004041761756459783,
        0.0030806607605316037,
        0.0017368860789342272,
        -0.0023894459597416746,
        -0.0011437971576194492,
        0.0019222912175849473,
        0.0016607106206025474,
        -0.0021968581534457694,
        -0.0015175892986740483,
        0.001801921064224763,
        0.0007407080892214929,
        -0.0006340847911720659,
        -0.0008552484218192561,
        0.0005565716279241507,
        0.0009354258605191251,
        -0.0005430902548771452,
        -0.0006751802270950526,
        0.00048270955617406725
    ],
    "zerrs": [
        0.0001622519205866093,
        0.00015365555623920985,
        0.00017349276093968648,
        0.0001949743690806299,
        0.00016471507327206543,
        0.00023192606079040106,
        0.00016927114889783785,
        0.0001955481476562542,
        0.0006545964795366702,
        0.0004657578542469284,
        0.0007449227237037727,
        0.0005599504107822239,
        0.0006244495578196505,
        0.000543953796979849,
        0.0005187675880421273,
        0.0005201544763730441,
        0.0017696031855162898,
        0.0012910122546079751,
        0.0008788960352128008,
        0.001108587367366174,
        0.0011400098662145263,
        0.0013292955333662209,
        0.0016462473753615385,
        0.0014181261549453049,
        0.0024563975535635894,
        0.004164438185233855,
        0.003762557163674389,
        0.0015610706069594759,
        0.0020027501259730425,
        0.004073240417708267,
        0.002742373882565718,
        0.002644335356509227,
        0.0020402341203315344,
        0.003921028938585712,
        0.003884197375988504,
        0.004082320445673443,
        0.0036468657308884865,
        0.0017443939288856595,
        0.0037896130990564152,
        0.0029181523164512274,
        0.0009919560340821113,
        0.0010709004098124217,
        0.0018947622304846337,
        0.0017799618504369453,
        0.0015615996370623984,
        0.0016050350138807066,
        0.0012983816121198038,
        0.001098372791747983,
        0.0005165617798485579,
        0.0006188051843065824,
        0.00047739341810662793,
        0.0005955478225629162,
        0.0005781293940400928,
        0.0006244279578125888,
        0.00046682073825908164,
        0.0005259170322657412,
        0.00018475823700305044,
        0.00016249577249601453,
        0.00020794091667224147,
        0.0001768712907409665,
        0.00023160105442724806,
        0.0001412435629517101,
        0.00018606713776635132,
        0.00014525958133672684
    ]
}