{
    "bins": [
        0.0,
        0.7853982,
        1.570796,
        2.356194,
        3.141593,
        3.926991,
        4.712389,
        5.497787,
        6.283185
    ],
    "yvals": [
        -0.005524791118696223,
        -0.007805887666097358,
        -0.008288938856477863,
        -0.0025449039278124877,
        -0.0061989424470141235,
        0.0028236677455251995,
        -0.005135699352430235,
        -0.004962496721407491
    ],
    "yerrs": [
        0.0037431510697451082,
        0.0031509778872900697,
        0.003093491698288275,
        0.00266688180600924,
        0.0031376542947295616,
        0.0022101455402099845,
        0.0030840504450362436,
        0.0031432394616568056
    ]
}