{
    "bins": [
        [
            -1.0,
            -0.75,
            -0.5,
            -0.25,
            0.0,
            0.25,
            0.5,
            0.75,
            1.0
        ],
        [
            0.0,
            0.7853982,
            1.570796,
            2.356194,
            3.141593,
            3.926991,
            4.712389,
            5.497787,
            6.283185
        ]
    ],
    "zvals": [
        -0.0029256965447590788,
        -0.002271691109906343,
        -0.0034199282402043304,
        -0.00301564071255502,
        -0.0031306731109577556,
        -0.0029925515471136933,
        -0.0034430900002291836,
        -0.0029113769069949256,
        -0.0018763969665323908,
        -0.002779229073470794,
        -0.0021433143450836395,
        -0.0016024237362156051,
        -0.0027289572929903045,
        -0.0018742629851361988,
        -0.003009748942574339,
        -0.0037582428272035337,
        -0.0008628036071383916,
        -0.0016595559600497988,
        -0.0011610999773363317,
        -0.0025180648307420814,
        -0.0020134545797162707,
        -0.0016345878140764302,
        -0.0016887753724863068,
        -0.0008969011889513344,
        -0.001053520112472883,
        -0.0016030852136331424,
        -0.0007326802461936499,
        -0.0008157570865254476,
        -0.0007809345070906722,
        -0.0011936516263092091,
        -0.0005790266845599302,
        -0.000681911591320579,
        0.0015934306954103025,
        0.0003325486778801774,
        0.0012123392216430399,
        0.0008961656431953696,
        0.0007556194438997804,
        0.0010746678753956595,
        0.0006229906365944402,
        0.0005847038062230871,
        0.0030203680120479007,
        0.0022275784322288656,
        0.001489287214889776,
        0.0017976906005737212,
        0.0013836541473240315,
        0.0014993503930491297,
        0.001973699449196459,
        0.0021668137683060057,
        0.001496819829737323,
        0.0019944069107400097,
        0.0021534101181821196,
        0.0011666691707017708,
        0.002000782787834957,
        0.002124666474831869,
        0.0023709258235951715,
        0.002394068230374919,
        0.003023074409898062,
        0.0029552529940878366,
        0.0035993969936261626,
        0.0027571636836817973,
        0.004253211238123854,
        0.0036683770521442637,
        0.002755910761168224,
        0.002569131064759524
    ],
    "zerrs": [
        0.0005746689369403465,
        0.0005087201214982404,
        0.0006253726752111936,
        0.0005926468474957117,
        0.0006042061551039627,
        0.0005880372288398208,
        0.0006406268618436665,
        0.0005838066528179175,
        0.0005216340191604319,
        0.000622387908938631,
        0.0005545084354588009,
        0.00048384965002713103,
        0.0006439881317983951,
        0.0005205482719066841,
        0.0006738512440723614,
        0.0007390959581046728,
        0.0003863793613339328,
        0.0005251768447697503,
        0.0004389661719073176,
        0.0006503579025047259,
        0.0005812847191772947,
        0.0005169571892152005,
        0.0005341518860907331,
        0.00040129047939765385,
        0.0003623575689214102,
        0.00043457092539821407,
        0.0002965309202441086,
        0.0002848445722571104,
        0.00030615344974317665,
        0.0003730065753135858,
        0.00027131202971528894,
        0.0003060617233720349,
        0.0005175708328478708,
        0.00018981737897564836,
        0.0004157428202601932,
        0.00029598596578375003,
        0.0002640800780388099,
        0.0003348423365535395,
        0.00025709619421886734,
        0.00025885588476931136,
        0.0007811060147617757,
        0.0006436831213186778,
        0.0004968494587975972,
        0.0005192004933614509,
        0.00043759821922442933,
        0.00045212798347800116,
        0.0005484646560235895,
        0.0006270781422236381,
        0.0004757899532601628,
        0.0005553538943661767,
        0.0005573214846272998,
        0.00038955192945625705,
        0.0005007275688612711,
        0.0005156223208288033,
        0.0005596068430746095,
        0.0006000666702213393,
        0.0005945702853001883,
        0.0005808105621345033,
        0.0006373754553323326,
        0.0005522404944020274,
        0.0007124480224848511,
        0.0006297791616868978,
        0.0005521582909740074,
        0.0005488102549017318
    ]
}