{
    "bins": [
        [
            -1.0,
            -0.75,
            -0.5,
            -0.25,
            0.0,
            0.25,
            0.5,
            0.75,
            1.0
        ],
        [
            0.0,
            0.7853982,
            1.570796,
            2.356194,
            3.141593,
            3.926991,
            4.712389,
            5.497787,
            6.283185
        ]
    ],
    "zvals": [
        0.001218035386381074,
        0.001205504777324306,
        0.002317433963417274,
        0.0008508546611340224,
        0.0012571593001255408,
        0.0010052391271686458,
        0.0008884219211151546,
        0.0013960605960290202,
        0.0012017002330792202,
        0.001078743026782097,
        0.0008619767302692396,
        0.0013423867359138478,
        0.0012942228016878062,
        0.0007846330140896719,
        0.0014515692680653633,
        0.0010941902067486806,
        0.0009493599552430855,
        0.0006006994162703282,
        0.0006509871428244025,
        0.0007678252709769175,
        0.0008499043796902968,
        0.0006384335075974221,
        0.0003358001930231552,
        0.00101457350286097,
        0.0005388461547276274,
        0.00010347984168022879,
        0.0004262404029549351,
        0.0002737783979862465,
        0.0004513370800536797,
        0.000490491546960904,
        0.000329459611559999,
        0.00012939218077968117,
        -0.0003642200860658962,
        -0.00012000023427618462,
        -0.00045028390701275033,
        -0.00023797570406888728,
        -0.00041399672522720953,
        -0.0006891777162661481,
        -0.00042033206094235033,
        -0.00031880188133914274,
        -0.0009922818768874184,
        -0.001131520358218472,
        -0.0010467065105844427,
        -0.000884664227991123,
        -0.0007097043791810011,
        -0.0005169027677686983,
        -0.0013618944789775377,
        -0.0007359188589734124,
        -0.0002960733548918243,
        -0.001612810221775513,
        -0.0009829396051428704,
        -0.0008688225984499599,
        -0.0005847975166730752,
        -0.0013255801517192561,
        -0.0008705385040450831,
        -0.0009388152248923478,
        -0.0006084577224648592,
        -0.0018576451321865174,
        -0.001625835563625067,
        -0.0012023677137353117,
        -0.0014073119615787152,
        -0.000367932029366003,
        -0.001637462789566564,
        -0.0018665227056855257
    ],
    "zerrs": [
        0.00033810110606378687,
        0.00033507546875202455,
        0.00045535404908377593,
        0.00026926749945146885,
        0.00032475744887248503,
        0.00029025158523961924,
        0.0002812757978951547,
        0.00034950192968295134,
        0.0003803765234060738,
        0.00036009111081545435,
        0.0003051726929383503,
        0.0003589807046550926,
        0.0003460297958177724,
        0.00027766256078063983,
        0.00038831892180075695,
        0.0003465674751277566,
        0.0003591186538221436,
        0.0003003954020376035,
        0.00029263706811287287,
        0.00027180020518687004,
        0.0002833226087206444,
        0.00026084827653868024,
        0.00019388548661856367,
        0.00033842336668593847,
        0.0002250549243735541,
        6.691665635835846e-05,
        0.00019655906527250448,
        0.00012751867889998597,
        0.0001844294786399264,
        0.00018043636551029997,
        0.00014757340445087968,
        8.54719198385979e-05,
        0.00015010107484490182,
        0.00012000025572702788,
        0.0001881374575246806,
        0.00011197047454399087,
        0.0001725778377382715,
        0.0002553281857756473,
        0.00019393049876867746,
        0.00014751770281041076,
        0.00033104614466394504,
        0.00037721056128124837,
        0.0003492249614355872,
        0.00031331872661446704,
        0.0002899976785529486,
        0.00025862235566247047,
        0.00041115264679768466,
        0.00027828038333901423,
        0.00017101292797708844,
        0.00041721739731449256,
        0.00032795608696190644,
        0.0003074578500100411,
        0.0002616709226945491,
        0.00040031048388242303,
        0.0003082152727814609,
        0.00031324696980234226,
        0.00023015515904229773,
        0.00040606455728670667,
        0.0003838609698908388,
        0.00033394786748289326,
        0.00036421791561107466,
        0.00018430342177077586,
        0.00038666566957963714,
        0.0004078320474254316
    ]
}