{
    "bins": [
        [
            -1.0,
            -0.75,
            -0.5,
            -0.25,
            0.0,
            0.25,
            0.5,
            0.75,
            1.0
        ],
        [
            0.0,
            0.7853982,
            1.570796,
            2.356194,
            3.141593,
            3.926991,
            4.712389,
            5.497787,
            6.283185
        ]
    ],
    "zvals": [
        -0.0012695287562411014,
        -0.0006816667935662667,
        0.00037625372104334374,
        0.0008832962608814118,
        0.0014555137649955815,
        0.00047213234563877183,
        -0.00047421373622036226,
        -0.000927566915118195,
        -0.0021017893853079875,
        -0.00036640779997091917,
        0.0007096488659253017,
        0.002322132317459024,
        0.0018720562058981555,
        0.0016034066804346335,
        -0.0012176781708127602,
        -0.0016364523464536458,
        -0.006606783667189458,
        -0.0016402974390811891,
        0.0014148062510981696,
        0.002918860859257524,
        0.002440164095146664,
        0.0010755484480479962,
        -0.0016485231691448163,
        -0.004364383917453318,
        -0.01169229570426823,
        -0.001868053106336687,
        0.002010205781018032,
        0.003981745329444015,
        0.008962650783424451,
        0.0020224125857208706,
        -0.0031542020733437066,
        -0.005469074278264016,
        -0.006613399419555583,
        -0.0025416664014083056,
        0.0012338024797618535,
        0.0066762193483821605,
        0.004092866037346669,
        0.0019287657977229383,
        -0.001975685703299474,
        -0.004621822311745129,
        -0.0010975115552849495,
        -0.0019727429845105243,
        0.0010753676479950294,
        0.004914104041385334,
        0.004120397556398156,
        0.0013918451536673129,
        -0.0019069949248661192,
        -0.002601999495797036,
        -0.0018368659362855682,
        -0.0007746652715350105,
        0.0008316588532183684,
        0.0017105491603630768,
        0.002131164072228347,
        0.0009379203919541433,
        -0.0007415374116053263,
        -0.0020666041930333416,
        -0.0012540441269154933,
        -0.0005869407833839107,
        0.0004505964109916248,
        0.001257253956269361,
        0.001141872528323219,
        0.00043869971657681847,
        -0.00043567057721053537,
        -0.0013847572822950915
    ],
    "zerrs": [
        0.00029044509993465296,
        0.00015605489295203822,
        0.00010924859365947841,
        0.00022109510399592438,
        0.00031069301359466935,
        0.0001262623277862847,
        0.00015713921119243305,
        0.00022545720055444413,
        0.000662912208379691,
        0.0001952727012755388,
        0.00023342860716380715,
        0.0005776412105555953,
        0.0005847349355153893,
        0.00041649973414647964,
        0.0003710544999710817,
        0.0005605682601463585,
        0.0017520049211466986,
        0.0005432651716711823,
        0.0004558432105743108,
        0.000941978889206584,
        0.0009416176468990059,
        0.0004909542967803287,
        0.0005952913417790087,
        0.0013610120525180613,
        0.0029490742067026375,
        0.0008475426981524491,
        0.0008341996723117363,
        0.0013406670681828392,
        0.0024094235211094195,
        0.0008800882608670095,
        0.0011143336621740243,
        0.0019529423537128319,
        0.002214681998711335,
        0.000993901263416666,
        0.0006089445863470542,
        0.0018639810492853536,
        0.0016738744866594624,
        0.0009638756025510971,
        0.000838943807173057,
        0.0016492705346574485,
        0.0006392384523701144,
        0.0007369814820267792,
        0.00040579633690974277,
        0.0013369375427164467,
        0.0013257737895746046,
        0.0005577227552828684,
        0.0005935666468180004,
        0.0009392961996478444,
        0.0005442916373815498,
        0.0002693566631982312,
        0.000264466884081609,
        0.0005598468709614452,
        0.0006103447909095577,
        0.00028282271574826655,
        0.00026841571848813567,
        0.0006064694492591341,
        0.0003152391217804962,
        0.00014800625264066314,
        0.0001471825568325876,
        0.00029554844087406395,
        0.0002778646869852382,
        0.00012762383744676113,
        0.0001243587603070464,
        0.00031340926582521303
    ]
}