{
    "bins": [
        0.0,
        0.7853982,
        1.570796,
        2.356194,
        3.141593,
        3.926991,
        4.712389,
        5.497787,
        6.283185
    ],
    "yvals": [
        -0.0034324677596663704,
        0.004700182506240786,
        0.0024550482685211836,
        -0.0030898218612450488,
        -0.0033566179185584876,
        0.0036581885871876433,
        0.004710477999689331,
        -0.004618056068388258
    ],
    "yerrs": [
        0.0007553831670134938,
        0.0009200877579500005,
        0.0006282048321014898,
        0.0010281936429205399,
        0.0009957046289537405,
        0.0008324112361044196,
        0.0010322009938841428,
        0.0010885302366128021
    ]
}