{
    "bins": [
        -1.0,
        -0.75,
        -0.5,
        -0.25,
        0.0,
        0.25,
        0.5,
        0.75,
        1.0
    ],
    "yvals": [
        0.00021620868,
        -0.0010783712,
        0.0013550956,
        -0.0016516368,
        0.002022142,
        -0.00019287852,
        0.0005255432,
        -0.0005784764
    ],
    "yerrs": [
        0.00045022980798698793,
        0.0008511116495501633,
        0.001442430171620103,
        0.0021739206977256552,
        0.0021719182305050067,
        0.001456547149940571,
        0.001033399748403298,
        0.00043595412602703967
    ]
}