{
    "bins": [
        0.0,
        0.7853982,
        1.570796,
        2.356194,
        3.141593,
        3.926991,
        4.712389,
        5.497787,
        6.283185
    ],
    "yvals": [
        -3.40391409096685e-05,
        -0.00015508090295134516,
        -0.0003886899380950805,
        -0.00019099043925444265,
        -0.00035210950371658686,
        0.0002769693836755378,
        0.00023310245251452136,
        0.00027086941907160454
    ],
    "yerrs": [
        0.0005934880509050399,
        0.0003334656261188354,
        0.000254949700146618,
        0.0005824088481249095,
        0.0005699898024010036,
        0.00025167049519645823,
        0.0002479021124441209,
        0.0005062427741971545
    ]
}