{
    "bins": [
        [
            -1.0,
            -0.75,
            -0.5,
            -0.25,
            0.0,
            0.25,
            0.5,
            0.75,
            1.0
        ],
        [
            0.0,
            0.7853982,
            1.570796,
            2.356194,
            3.141593,
            3.926991,
            4.712389,
            5.497787,
            6.283185
        ]
    ],
    "zvals": [
        0.07477541965336819,
        0.08979571880644431,
        0.10361717243996041,
        0.06906217094750566,
        0.09127433479586143,
        0.07396000499110007,
        0.06667539260349531,
        0.07819678685201645,
        0.07285236966420346,
        0.0740102913453539,
        0.042757689731830244,
        0.06269552163931963,
        0.04407449980774078,
        0.05632048973896039,
        0.08219730633385879,
        0.05589334324762733,
        0.04267845278993509,
        0.0642809032569228,
        0.05846314862019003,
        0.030069781092158254,
        0.05175393876735106,
        0.06834175793674037,
        0.11691239346165896,
        0.08616614760923762,
        0.12169673931007226,
        0.05045035267478467,
        0.07028263377294061,
        0.11097472749519673,
        0.06874354149106565,
        0.06402440546067091,
        0.10425404699273491,
        0.06894481524017125,
        0.04947579457146706,
        0.05919425799257395,
        0.14576370197021132,
        0.09804183606039732,
        0.05672665323823079,
        0.12141543523156416,
        0.1610288286957696,
        0.0699576011143395,
        0.055498675703611236,
        0.061436994093948316,
        0.08594012207823296,
        0.047412059348178444,
        0.11500085307067241,
        0.07446736559043951,
        0.07745688173384707,
        0.057753699398266876,
        0.09723490580956258,
        0.09244706313157484,
        0.05293952874848167,
        0.05701708303677494,
        0.08857414966679311,
        0.0505491941665245,
        0.05238307202208308,
        0.0437926860012376,
        0.10103965096940634,
        0.058522547427558365,
        0.06654664259394602,
        0.0537719044714852,
        0.06832321956511218,
        0.05629645097135466,
        0.07804527131467105,
        0.09324637954260136
    ],
    "zerrs": [
        0.018736029439366062,
        0.020641631452930097,
        0.02213602458235373,
        0.017850490626043006,
        0.020431737582788385,
        0.018505055564863405,
        0.017869749041739973,
        0.019597525824739517,
        0.021123775987765187,
        0.021458758754643936,
        0.016191277580385684,
        0.018953853213644737,
        0.015602371854606162,
        0.01783620931027634,
        0.022900388002984842,
        0.018819728295274025,
        0.019156658798602885,
        0.02456130579647187,
        0.022200150317462673,
        0.01506274937692487,
        0.01960732423595796,
        0.02442219729166255,
        0.03414832017824762,
        0.029118604176303835,
        0.038516071490544944,
        0.025228169063264215,
        0.028768534975450896,
        0.03348695636978866,
        0.026045400516891398,
        0.02888729443187079,
        0.03950255924067558,
        0.030966452819365893,
        0.024814399489398828,
        0.026547468987682222,
        0.04055642753130197,
        0.03102747033139701,
        0.02319727486128057,
        0.03863817757545571,
        0.04879342019072909,
        0.03147716219598937,
        0.021132590584900524,
        0.023338210330363575,
        0.026111483308944743,
        0.019393326120021336,
        0.02983446653996106,
        0.026690483683326847,
        0.02767745257518752,
        0.023949637434573637,
        0.023709007466228935,
        0.023168039254055563,
        0.017714678403941874,
        0.018073805119428375,
        0.02220043072713148,
        0.01796548139120742,
        0.017491657102743696,
        0.016614572577027042,
        0.02158203649844148,
        0.0162486753482134,
        0.017199308671635532,
        0.015543400609585135,
        0.01767624479278188,
        0.01627003999353603,
        0.01896998449841741,
        0.020876660532258458
    ]
}