{
    "bins": [
        [
            -1.0,
            -0.75,
            -0.5,
            -0.25,
            0.0,
            0.25,
            0.5,
            0.75,
            1.0
        ],
        [
            0.0,
            0.7853982,
            1.570796,
            2.356194,
            3.141593,
            3.926991,
            4.712389,
            5.497787,
            6.283185
        ]
    ],
    "zvals": [
        0.00023780905023719178,
        0.0003195149260667652,
        -0.00043977784511801667,
        -0.00038703130510734035,
        0.0005420263356922221,
        0.00025416443637493356,
        -0.0002110961321521064,
        -0.0002922868150924755,
        0.0011050292705025299,
        0.0011396161282855642,
        -0.0012997349114716363,
        -0.0006381872143967588,
        0.0006859589660274151,
        0.0008029462769194729,
        -0.00021110285485830118,
        -0.0008270583831382308,
        0.0009617312593790003,
        0.0016093388598745757,
        -0.001071812762446556,
        -0.0016963607032858458,
        0.0026660454954048765,
        0.002225281958955842,
        -0.002076412213934846,
        -0.001239290652637262,
        0.003041360166091544,
        0.0021442137984089083,
        0.0,
        -0.0038332577454262104,
        0.0014302537057644656,
        0.0039203848240000625,
        -0.00015715527668774305,
        -0.005571264505384532,
        0.001596539946233643,
        0.004752418710620274,
        -0.004634712591577775,
        -0.002440434989094715,
        0.0018226056088760088,
        0.0017168065108390908,
        -0.001018918306387335,
        -0.0006318528949653553,
        0.0031498131775703074,
        0.0012924360114072132,
        -0.000902687809238119,
        -0.0017400923606981928,
        0.0022031978691058537,
        0.0019693989544154688,
        -0.0009223206578066155,
        -0.0015056992760358447,
        0.0006217895584685576,
        0.0007889657954223962,
        -0.0012278554312590562,
        -0.0004773637348659726,
        0.0013948260627096069,
        0.001738186244426393,
        -0.000861896770809195,
        -0.0017190290782507726,
        0.0003568031095564008,
        0.0001277191252636562,
        -0.0006075599886936306,
        -5.425171155043488e-05,
        0.0002677512802426285,
        0.00035771590964071723,
        -0.0005025237140914543,
        -0.00039212490991828356
    ],
    "zerrs": [
        0.00010914564158055905,
        0.00014164426987149263,
        0.0001678153640279597,
        0.00014889774126421987,
        0.00022094845587439138,
        0.00011906090445288993,
        9.10565281272772e-05,
        0.000119742219515531,
        0.00041289021826875166,
        0.0005328957629030361,
        0.000626135169530104,
        0.00044131941725934044,
        0.0003635133683710297,
        0.00040592961880425314,
        0.00019125869143645692,
        0.0004155676855718592,
        0.000506312207182147,
        0.000991550891987258,
        0.0007613057614408291,
        0.001034142335224593,
        0.0010113991307232131,
        0.0010566037156556694,
        0.0011076225079148857,
        0.0007774156633910792,
        0.001620430038657941,
        0.0014733205107407676,
        0.0,
        0.0019263537531015711,
        0.0008511421377108155,
        0.0016471916752818954,
        0.00015715526297472554,
        0.0021924216455094965,
        0.001102495298654264,
        0.0023918025183088825,
        0.0025737868016958033,
        0.001439160313572532,
        0.0008362590993433606,
        0.0010122429133162935,
        0.000968267993848763,
        0.0004686947480947872,
        0.0012953869193140794,
        0.0007470144028193995,
        0.0005399759445043683,
        0.0008658843502526471,
        0.0009442574427378479,
        0.0008979664191790992,
        0.0005377566885722788,
        0.0010153866438537803,
        0.00044052140229688757,
        0.00047337228483572034,
        0.0005314011827182163,
        0.00027381771571783936,
        0.0004716010679895309,
        0.0006556769163788804,
        0.00040475144451769854,
        0.0006329054686901031,
        0.00013943808267189293,
        7.394412206626001e-05,
        0.00021584932234008475,
        3.7381166486491294e-05,
        0.00012858484579852922,
        0.00015892540745398982,
        0.00023024935830658408,
        0.00016271929049912302
    ]
}