{
    "bins": [
        0.0,
        0.7853982,
        1.570796,
        2.356194,
        3.141593,
        3.926991,
        4.712389,
        5.497787,
        6.283185
    ],
    "yvals": [
        -0.00267392515032502,
        0.0031322789546902215,
        0.003667707328004401,
        -0.0037919363279046705,
        -0.0034456568516853863,
        0.0028694916462736098,
        0.003459014410528166,
        -0.0036055261154217364
    ],
    "yerrs": [
        0.0004742238535649491,
        0.0004997690540166354,
        0.0005697482824325841,
        0.0007062862368952276,
        0.0005750380076521778,
        0.00048574374076615134,
        0.0006066592882154479,
        0.000637270071030941
    ]
}