{
    "bins": [
        [
            -1.0,
            -0.75,
            -0.5,
            -0.25,
            0.0,
            0.25,
            0.5,
            0.75,
            1.0
        ],
        [
            0.0,
            0.7853982,
            1.570796,
            2.356194,
            3.141593,
            3.926991,
            4.712389,
            5.497787,
            6.283185
        ]
    ],
    "zvals": [
        1.0723752613642352e-05,
        6.963767914806993e-06,
        6.494780990020347e-06,
        3.778559942144057e-06,
        7.700386300958238e-06,
        8.709576545904117e-06,
        6.858866460062289e-06,
        6.9752202068250765e-06,
        4.951445012224371e-06,
        5.985812539836501e-06,
        5.756760266769206e-06,
        5.964433364442787e-06,
        5.056449341607693e-06,
        6.64988197066965e-06,
        6.741244566449114e-06,
        4.835660900587983e-06,
        4.273484202026437e-06,
        3.162061823957235e-06,
        4.0826302078691325e-06,
        7.801797557674508e-06,
        6.191892518188229e-06,
        4.655713918293656e-06,
        2.8734297770047804e-06,
        4.497905011217244e-06,
        2.049660923592644e-06,
        1.2588260369458636e-06,
        1.0472555315903532e-06,
        1.6605200668704697e-06,
        1.3383451447546335e-06,
        1.9970313140598784e-06,
        1.1785535486466737e-06,
        1.313299499107459e-06,
        -1.1999100583627516e-06,
        -1.7241041418756201e-06,
        -1.3012322414877555e-06,
        -1.9664216531979287e-06,
        -1.5111950883501098e-06,
        -1.027410815917535e-06,
        -2.0012910651669602e-06,
        -1.6533176809719408e-06,
        -4.074571090180752e-06,
        -3.7197909135981792e-06,
        -3.853213784603476e-06,
        -2.2425646072887793e-06,
        -2.3777473331992177e-06,
        -3.402007644531818e-06,
        -4.174312132192851e-06,
        -3.941193636856729e-06,
        -3.982344751999686e-06,
        -4.288548299982505e-06,
        -5.292343499728801e-06,
        -7.525866470418221e-06,
        -4.363258373461607e-06,
        -5.760681845382852e-06,
        -7.017349165645954e-06,
        -4.573070978026428e-06,
        -7.001930995003553e-06,
        -7.377484377980178e-06,
        -8.799100583398483e-06,
        -9.989444855417438e-06,
        -8.3081647776032e-06,
        -6.963211008940692e-06,
        -8.700628216522071e-06,
        -6.5080787065920735e-06
    ],
    "zerrs": [
        1.7874802308835779e-06,
        1.4850085210372178e-06,
        1.4911711526392682e-06,
        1.1415407970117167e-06,
        1.607281776584083e-06,
        1.6462190143608036e-06,
        1.430270986562004e-06,
        1.4238446723968295e-06,
        1.201598243874114e-06,
        1.412524777273209e-06,
        1.4873160622822282e-06,
        1.5403197573848288e-06,
        1.352278888761182e-06,
        1.4518121493484358e-06,
        1.4059922730568096e-06,
        1.1729507504773413e-06,
        1.0122740450870604e-06,
        9.584486259802673e-07,
        1.2328117745916964e-06,
        1.6742589336196916e-06,
        1.3930439892360533e-06,
        1.1047702777136852e-06,
        8.344702978150594e-07,
        1.03624575709106e-06,
        5.420039165986727e-07,
        4.0522882289821126e-07,
        3.9008483914271773e-07,
        5.031356869629135e-07,
        4.788821041505776e-07,
        5.102494517912905e-07,
        4.196940813534263e-07,
        3.9444428438702974e-07,
        4.010604297087343e-07,
        4.892151663010829e-07,
        4.479412405218136e-07,
        5.545802289353203e-07,
        4.39445302467423e-07,
        3.4867010453609596e-07,
        5.653180166482388e-07,
        5.001782018433895e-07,
        1.096402305028097e-06,
        1.0379166182275192e-06,
        1.031926548136596e-06,
        7.511998272985387e-07,
        7.553349629250507e-07,
        9.849365767496432e-07,
        1.1263178094208098e-06,
        1.1457077906876198e-06,
        1.2009097632020586e-06,
        1.1897118747169415e-06,
        1.2837218737668415e-06,
        1.4763935957938458e-06,
        1.1269823521493382e-06,
        1.3594931360885742e-06,
        1.6106148419214537e-06,
        1.3202472055143348e-06,
        1.5285851281590924e-06,
        1.5391365751021325e-06,
        1.6341734111973777e-06,
        1.7131939096905366e-06,
        1.5702287961551572e-06,
        1.4852349310328697e-06,
        1.7079715481509412e-06,
        1.49492313085766e-06
    ]
}