{
    "bins": [
        [
            -1.0,
            -0.75,
            -0.5,
            -0.25,
            0.0,
            0.25,
            0.5,
            0.75,
            1.0
        ],
        [
            0.0,
            0.7853982,
            1.570796,
            2.356194,
            3.141593,
            3.926991,
            4.712389,
            5.497787,
            6.283185
        ]
    ],
    "zvals": [
        0.06222219505977986,
        0.032091813855348206,
        0.03650144258070431,
        0.04522803823279633,
        0.04395016539385126,
        0.04223946585043508,
        0.07250494653666041,
        0.04524272789082733,
        0.04987344254163047,
        0.05078016770609747,
        0.034288444839431734,
        0.03393033604575509,
        0.059169389277792896,
        0.0662871563207444,
        0.07191839042116228,
        0.041458007277838764,
        0.061847047777802394,
        0.01469215727367711,
        0.08893539326558002,
        0.040728908491098156,
        0.06374964030975376,
        0.03688241630358112,
        0.03624895912645564,
        0.04461995574218423,
        0.0843068904410527,
        0.042137398398620414,
        0.03673488346036023,
        0.05520587624888751,
        0.06348933916307399,
        0.03294841086939361,
        0.06717088660780905,
        0.06499048889862212,
        0.06659108717081348,
        0.07968334008575018,
        0.07527806284202407,
        0.031303156739440716,
        0.06451979760579984,
        0.015345152394072819,
        0.05864674980073798,
        0.051898018584208276,
        0.0452293677270969,
        0.04312578924972797,
        0.04701598425257005,
        0.03867700875605903,
        0.040329657065589664,
        0.012960623785647534,
        0.04310584442537415,
        0.03302386815347124,
        0.03520252529226575,
        0.04529077112260819,
        0.056097265335536904,
        0.04696931368641927,
        0.04764223489237302,
        0.061874769225284516,
        0.03023841670083194,
        0.020436267981329217,
        0.0882976304249233,
        0.031330828785107366,
        0.037714025245798956,
        0.05076144481976677,
        0.050802003570164414,
        0.06162541794096753,
        0.05044585802357532,
        0.051062722339501765
    ],
    "zerrs": [
        0.017977946759576334,
        0.01311630856091169,
        0.013806851871987226,
        0.016008225612467807,
        0.015552239796218115,
        0.014947945552979104,
        0.019388046975851347,
        0.01508597972171134,
        0.01767225583527063,
        0.01799390599424938,
        0.015382594369106533,
        0.015194411218818071,
        0.019759060695208785,
        0.02002906183154804,
        0.020788321712014758,
        0.015684511972590718,
        0.02192816202237675,
        0.010389468477208732,
        0.026850175777061287,
        0.018236334155264294,
        0.02257501506562448,
        0.016505620098328427,
        0.01624396933974309,
        0.01822655484254543,
        0.029844229452295215,
        0.021072421943639355,
        0.018370311739080276,
        0.022538718415828315,
        0.02400191251051566,
        0.016484776985211898,
        0.02376149046866139,
        0.024642471556896063,
        0.02720404330704115,
        0.028233101311117892,
        0.025157821643990132,
        0.015673603265850093,
        0.022853669307999078,
        0.010853397265335987,
        0.02219055583618534,
        0.023247833217230576,
        0.020292622336290356,
        0.01930576694045729,
        0.01779706896453155,
        0.015817512577169183,
        0.01651680523829371,
        0.009172825376149442,
        0.017625149224773876,
        0.016535364964500053,
        0.01579846225342665,
        0.017167711991925995,
        0.017768290323560833,
        0.015675318470672956,
        0.01589976196839358,
        0.01867539611378715,
        0.013541073403665244,
        0.011810552708377513,
        0.021467914222327224,
        0.01280975051451463,
        0.01333800325215341,
        0.015308321445743015,
        0.015321823157216035,
        0.01709899155119857,
        0.015967159867219125,
        0.016177334280309985
    ]
}