{
    "bins": [
        0.0,
        0.7853982,
        1.570796,
        2.356194,
        3.141593,
        3.926991,
        4.712389,
        5.497787,
        6.283185
    ],
    "yvals": [
        9.47673167572831e-05,
        5.814034620417831e-07,
        -0.0001734334694002277,
        5.9831576052426866e-05,
        -8.915101642733998e-05,
        0.00011709151283807704,
        6.879341429440871e-06,
        2.9704175462631694e-05
    ],
    "yerrs": [
        0.00013832321645466852,
        0.00014487229274992618,
        0.00012766615002460683,
        0.00012424533947550317,
        0.00013284858728286627,
        0.00013452759242859404,
        0.000128013356597283,
        0.0001421755124921642
    ]
}