{
    "bins": [
        0.0,
        0.7853982,
        1.570796,
        2.356194,
        3.141593,
        3.926991,
        4.712389,
        5.497787,
        6.283185
    ],
    "yvals": [
        -2.9165753117335892e-05,
        7.095774905404624e-05,
        -3.9239532058905175e-05,
        0.0001526822672297775,
        -2.7788013211136258e-05,
        -6.076260698397502e-05,
        0.00014856735056620977,
        -2.6398628466077075e-05
    ],
    "yerrs": [
        9.234619994091877e-05,
        9.209137375784601e-05,
        9.01012719117583e-05,
        8.902708670910402e-05,
        9.458206028033974e-05,
        8.49054026610351e-05,
        8.968791957664069e-05,
        8.483895043909104e-05
    ]
}