{
    "bins": [
        0.0,
        0.7853982,
        1.570796,
        2.356194,
        3.141593,
        3.926991,
        4.712389,
        5.497787,
        6.283185
    ],
    "yvals": [
        -0.007341770072811473,
        -0.009007157901384495,
        0.006600159409624167,
        0.007147177421921851,
        -0.009072047547867447,
        -0.0064186603480019064,
        0.006827360140973114,
        0.00470939319937153
    ],
    "yerrs": [
        0.0013617235283075583,
        0.0013606183882774773,
        0.0010637586769450895,
        0.0011103934258250097,
        0.0015235855912511531,
        0.0010703176764563364,
        0.0009554035547034346,
        0.0007571538682064131
    ]
}