{
    "bins": [
        -1.0,
        -0.75,
        -0.5,
        -0.25,
        0.0,
        0.25,
        0.5,
        0.75,
        1.0
    ],
    "yvals": [
        0.00023568864,
        0.0010834584,
        0.00017360736,
        -0.010108856,
        -0.03374236,
        0.0037604892,
        0.003087384,
        0.0009801196
    ],
    "yerrs": [
        0.0010694351406233104,
        0.0024219413700583255,
        0.004934798881413507,
        0.010414855543885378,
        0.010685828372194643,
        0.005229675324530195,
        0.0022900766799389054,
        0.0011286489622553153
    ]
}