{
    "bins": [
        0.0,
        0.7853982,
        1.570796,
        2.356194,
        3.141593,
        3.926991,
        4.712389,
        5.497787,
        6.283185
    ],
    "yvals": [
        0.07400000407436635,
        0.08372701069445318,
        0.07301910623658325,
        0.10626945030487689,
        0.08569783727485934,
        0.1053275409410261,
        0.08951508661850427,
        0.08655151910241689
    ],
    "yerrs": [
        0.01185607013508435,
        0.012831809833253058,
        0.011577859505343097,
        0.012756899944408505,
        0.012988050880134928,
        0.015081314590970445,
        0.013140470206115671,
        0.012016297418581677
    ]
}