{
    "bins": [
        -1.0,
        -0.75,
        -0.5,
        -0.25,
        0.0,
        0.25,
        0.5,
        0.75,
        1.0
    ],
    "yvals": [
        -5.284776e-05,
        -0.000809858,
        -0.0015508872,
        0.00015099092,
        -0.0036415948,
        -0.001170156,
        0.00035243952,
        0.00021371384
    ],
    "yerrs": [
        0.00020799576918774092,
        0.0005760013888872145,
        0.0013768979628135123,
        0.00284569485363417,
        0.003932793409270312,
        0.0015396924368197694,
        0.0005097348330259568,
        0.00017544225260751755
    ]
}