{
    "bins": [
        -1.0,
        -0.75,
        -0.5,
        -0.25,
        0.0,
        0.25,
        0.5,
        0.75,
        1.0
    ],
    "yvals": [
        0.39243256,
        0.3372958,
        0.36030436,
        0.33999424,
        0.27730216,
        0.30372132,
        0.342063,
        0.4303096
    ],
    "yerrs": [
        0.0430855892381664,
        0.040622378069236666,
        0.04278835355561137,
        0.04226942157162788,
        0.03799438905943876,
        0.04023021749879063,
        0.041430983575097516,
        0.04597943888304858
    ]
}