{
    "bins": [
        [
            -1.0,
            -0.75,
            -0.5,
            -0.25,
            0.0,
            0.25,
            0.5,
            0.75,
            1.0
        ],
        [
            0.0,
            0.7853982,
            1.570796,
            2.356194,
            3.141593,
            3.926991,
            4.712389,
            5.497787,
            6.283185
        ]
    ],
    "zvals": [
        -0.0004197445830662713,
        -0.00024302196924921358,
        0.0001673467974199069,
        0.0002679784924605201,
        -0.00029387169307790433,
        -0.00018825869177156046,
        0.0001594586184329474,
        0.00027932609963356164,
        -0.0006932249144446728,
        -0.0004355868070931698,
        0.0006732158727167629,
        0.0007524241818489711,
        -0.0006590039699617262,
        -0.0006255325325503759,
        0.0007030061191905252,
        0.0005060306239639013,
        -0.0009079974973204675,
        -0.0009668985576481116,
        0.0005015991892008894,
        0.0010806924887859547,
        -0.0007147087209287518,
        -0.0007634748242292444,
        0.0011424964158299362,
        0.0009776948757190625,
        -0.0006368102193256872,
        -0.0006617390575833036,
        0.0007153005227922661,
        0.0016279654035719425,
        -0.000999305829655792,
        -0.0010176527060165677,
        0.0010255885551019995,
        0.0012273787302743324,
        -0.001799880875713746,
        -0.0011908935828442606,
        0.001072919971785006,
        0.0007651616566866014,
        -0.001411004357026628,
        -0.001327244530798398,
        0.0008244039327831242,
        0.0007828769617442368,
        -0.0010001128090184061,
        -0.0010343456526106898,
        0.0011965765127998802,
        0.0006900120830304089,
        -0.0007194069758262688,
        -0.0008771950017698036,
        0.0007883763391299699,
        0.0011139620931043882,
        -0.0007140994211598651,
        -0.0007410761782118564,
        0.0007986773584857615,
        0.000703887832808547,
        -0.0008219903793999982,
        -0.0004529273565759017,
        0.0006846959121362674,
        0.0007433194380428778,
        -0.00019257884726499246,
        -0.00016772412655090196,
        0.00014634134540704208,
        0.00021499243059896946,
        -0.00021459255052852177,
        -0.0001397297166532128,
        0.00016274194739482407,
        0.00028686092910855393
    ],
    "zerrs": [
        0.00010486940849831085,
        7.580173303174434e-05,
        5.752548749973409e-05,
        7.478754444175738e-05,
        7.968990605400356e-05,
        6.095363747481891e-05,
        5.275551113601813e-05,
        7.488132781770528e-05,
        0.00015904909733785794,
        0.00013737236513873365,
        0.00016275762283530135,
        0.00017039006054989114,
        0.0001691880752409853,
        0.00015405090465282247,
        0.00017380927574022314,
        0.00014390594103524563,
        0.00023559387084691355,
        0.00024369318568771711,
        0.00016871752555832636,
        0.00025584725819442013,
        0.00020982355433060452,
        0.00021769907732339548,
        0.0002560456575860165,
        0.0002410548235348252,
        0.00019968948391797646,
        0.0002035081009021273,
        0.00020936374312789457,
        0.0003368879880203272,
        0.00026942510121560925,
        0.00026022848887870324,
        0.0002627109117443878,
        0.0002954497162013275,
        0.00035817079010549936,
        0.000265950722293313,
        0.0002613286666868529,
        0.00024924428951124286,
        0.0003473450100660818,
        0.00032519340378342704,
        0.00023796292736293713,
        0.00021435599310444024,
        0.00023406732712015013,
        0.00024512477785171614,
        0.0002717756425873652,
        0.00021087844281473086,
        0.0002435984285406154,
        0.000254467046676644,
        0.00021442683006465518,
        0.00025931886125803833,
        0.00016378401627221748,
        0.00016527680990972146,
        0.00018877148055756926,
        0.0001854020182246085,
        0.00020318992625079682,
        0.0001461213319002196,
        0.00016899847777356844,
        0.00017408521400927,
        6.080578018666519e-05,
        5.632713044626391e-05,
        5.139916301484702e-05,
        6.812897551754391e-05,
        7.094228974530543e-05,
        4.741067185944096e-05,
        5.370517668668244e-05,
        7.586415394251487e-05
    ]
}