{
    "bins": [
        0.0,
        0.7853982,
        1.570796,
        2.356194,
        3.141593,
        3.926991,
        4.712389,
        5.497787,
        6.283185
    ],
    "yvals": [
        0.0028911920093527077,
        0.005871023575568966,
        0.005762887096733123,
        0.0027907229319110416,
        -0.002698818942752591,
        -0.00592143219106746,
        -0.006006725252674442,
        -0.00268822686077632
    ],
    "yerrs": [
        0.0002603940668181332,
        0.0005028139585496174,
        0.0005045166756168922,
        0.00026796633953617973,
        0.00027497891659004995,
        0.0005306661295036383,
        0.0005141718507662846,
        0.00025061984872366166
    ]
}