{
    "bins": [
        0.0,
        0.7853982,
        1.570796,
        2.356194,
        3.141593,
        3.926991,
        4.712389,
        5.497787,
        6.283185
    ],
    "yvals": [
        0.2560768537539302,
        0.2079593296543484,
        0.2070377057237223,
        0.2545801560735372,
        0.2311729849070152,
        0.21904754022801184,
        0.2248510946042644,
        0.24010488949551698
    ],
    "yerrs": [
        0.020049697769899302,
        0.017610885705537836,
        0.017929553955852506,
        0.020892958017506277,
        0.02045388323884921,
        0.01917667389422619,
        0.01891061183673746,
        0.01951349985653592
    ]
}