{
    "bins": [
        [
            -1.0,
            -0.75,
            -0.5,
            -0.25,
            0.0,
            0.25,
            0.5,
            0.75,
            1.0
        ],
        [
            0.0,
            0.7853982,
            1.570796,
            2.356194,
            3.141593,
            3.926991,
            4.712389,
            5.497787,
            6.283185
        ]
    ],
    "zvals": [
        0.18489291164660165,
        0.10346940111113119,
        0.0839466869026914,
        0.15829742589435433,
        0.132879788336614,
        0.12668644432504286,
        0.11342330894654687,
        0.1507624414627998,
        0.15859252032917823,
        0.122420154474586,
        0.1466945421302321,
        0.15444384319307766,
        0.12055044703449712,
        0.13992253608998242,
        0.1260168220443648,
        0.0995843126669536,
        0.10729451633578992,
        0.0999261775370392,
        0.06536446489550522,
        0.1346480451337473,
        0.09009521287296375,
        0.07467806131413629,
        0.14208128872240575,
        0.11586400780241358,
        0.07317979593026823,
        0.06564102929751013,
        0.0670297097777178,
        0.14225513401468554,
        0.08740444971848665,
        0.09136463296316011,
        0.0818551613322163,
        0.09279606008673312,
        0.13506926804772407,
        0.10911245231397387,
        0.100667228589836,
        0.06018780263280193,
        0.1113063185798792,
        0.11335592909582151,
        0.07314574266804857,
        0.08106717867883546,
        0.1160337775156602,
        0.09847789234958386,
        0.1291953888347055,
        0.08346575434906335,
        0.07477890190705856,
        0.08736941015892581,
        0.0937859785739205,
        0.11619586502639428,
        0.12954845070946175,
        0.13715062609037101,
        0.13802423739301606,
        0.1299596765465706,
        0.163614218523602,
        0.10521692186636587,
        0.1498921056585324,
        0.13743462550197483,
        0.11969642914893362,
        0.09563968730240903,
        0.09722841158240793,
        0.15506284067079282,
        0.14406250079577482,
        0.1375960723098353,
        0.11920391954142998,
        0.166715168615148
    ],
    "zerrs": [
        0.03859203792781216,
        0.028734508616026035,
        0.025337914962420684,
        0.03458936520379361,
        0.03136735774959585,
        0.030778805216506458,
        0.029352929366914814,
        0.034621455923254,
        0.03311424256163556,
        0.028140148631125274,
        0.030618966667663883,
        0.031552229585756944,
        0.027679711041459474,
        0.029214725348322076,
        0.028212773968207736,
        0.025769593686902945,
        0.02465053200406844,
        0.02293978202056447,
        0.01889304604428714,
        0.02750027546392919,
        0.022533383613778202,
        0.019965374609366097,
        0.02736430932233284,
        0.02532145887993755,
        0.01890365075667318,
        0.01755138687326112,
        0.017918583900759278,
        0.0273873788872824,
        0.021851994322060427,
        0.02153977383708233,
        0.019854645374012686,
        0.021296207685569772,
        0.025083296130468065,
        0.022273176550486638,
        0.021983739527388226,
        0.018160936795057925,
        0.02555657907187324,
        0.024767380721101705,
        0.01889263417025987,
        0.019662582646593343,
        0.024209283299792623,
        0.02203361530906874,
        0.026428061847603875,
        0.023210653746536716,
        0.022569907273062628,
        0.023406323111650175,
        0.022777846689977666,
        0.024795023801028746,
        0.027654409896978847,
        0.02864943085911586,
        0.03021927867686968,
        0.031618775920016294,
        0.03757339436840991,
        0.028204820218117915,
        0.03205710185247072,
        0.029347096580971406,
        0.030015394185624086,
        0.026610209496604365,
        0.02812504372493724,
        0.037651676495497756,
        0.03720405852239529,
        0.03554876063006689,
        0.03190287555791215,
        0.03566992086581793
    ]
}