{
    "bins": [
        [
            -1.0,
            -0.75,
            -0.5,
            -0.25,
            0.0,
            0.25,
            0.5,
            0.75,
            1.0
        ],
        [
            0.0,
            0.7853982,
            1.570796,
            2.356194,
            3.141593,
            3.926991,
            4.712389,
            5.497787,
            6.283185
        ]
    ],
    "zvals": [
        -0.03604139658074083,
        -0.020586856749535077,
        -0.016506107731366775,
        -0.03216212905796926,
        -0.026513955981553296,
        -0.0265378979829335,
        -0.02348198492993362,
        -0.03134058400963589,
        -0.007827616615367848,
        -0.003470312241770985,
        -0.005828239949681564,
        -0.007734606231991638,
        -0.005476642415692424,
        -0.0036968359990730824,
        -0.005818079496000755,
        -0.0041754819849299345,
        0.014505477603590127,
        0.016699242091077923,
        0.0078090547722301324,
        0.017927509456976645,
        0.013613235582469012,
        0.01180956916111322,
        0.02033631865627364,
        0.01629436795102611,
        0.019503334741536205,
        0.01750971036588083,
        0.01793094965864441,
        0.03812447431178293,
        0.02291646782904972,
        0.02423709762438917,
        0.02162696620057602,
        0.024233064000672277,
        0.03597573307399991,
        0.030125579674401937,
        0.027088558921718676,
        0.015968545923791603,
        0.029886340428674368,
        0.03039709803182591,
        0.019865230112630798,
        0.021708738754109384,
        0.015819369079277237,
        0.014910640187685781,
        0.01924317607124032,
        0.010968508999884136,
        0.01144971084723923,
        0.013761155490592035,
        0.014220428368801554,
        0.015051833592649845,
        -0.004832136870188905,
        -0.0063903413022038,
        -0.0051478409672548195,
        -0.006246949639609931,
        -0.011998706388353417,
        -0.003087634040320959,
        -0.006939100939905629,
        -0.0061777595563013935,
        -0.025373141929787974,
        -0.018556746657553663,
        -0.02055715446181427,
        -0.03251474473484178,
        -0.03138488766205159,
        -0.030804544956824446,
        -0.026129972319766544,
        -0.03295694666907734
    ],
    "zerrs": [
        0.007797328588236328,
        0.005931624449346784,
        0.005108512306064787,
        0.007252541756797183,
        0.006489677205318239,
        0.006647568341008736,
        0.006335407929332343,
        0.007354755114923358,
        0.002354336249534066,
        0.0018869580300654798,
        0.0018282844081069247,
        0.002195622081468477,
        0.0018975958790892554,
        0.0018580145592540177,
        0.0019608719829894896,
        0.0019450790796360984,
        0.003478976047228603,
        0.0038813117764887736,
        0.002420417826806144,
        0.0038661925709347084,
        0.003567264402795105,
        0.003233772854251374,
        0.004080843988774428,
        0.0037198480597961728,
        0.005041154767039769,
        0.004689090175516858,
        0.0048008563541005215,
        0.007354641711436708,
        0.005740930855984271,
        0.005725958603032059,
        0.005258245491135192,
        0.005570074779149269,
        0.0066941948451822815,
        0.006157121785230378,
        0.0059192917380105235,
        0.004826153618528652,
        0.006862308539024807,
        0.00664387024973555,
        0.005133495754133043,
        0.005275226602276253,
        0.0034327896636502497,
        0.0034344586211271628,
        0.004075951947929554,
        0.003177872335355749,
        0.0035295864716672464,
        0.003764992292123249,
        0.0035248488260801593,
        0.003375579419800496,
        0.0016743094391759596,
        0.0020768384932502663,
        0.0021437293319180066,
        0.002374319607423995,
        0.003304159507037305,
        0.0017457613852280248,
        0.002591036693305795,
        0.0020025241128948353,
        0.006591564627995213,
        0.005394440623011651,
        0.006108050796424232,
        0.008079538967092792,
        0.008272928743105347,
        0.008076415338502896,
        0.007083610607173741,
        0.007418501348335157
    ]
}