{
    "bins": [
        [
            -1.0,
            -0.75,
            -0.5,
            -0.25,
            0.0,
            0.25,
            0.5,
            0.75,
            1.0
        ],
        [
            0.0,
            0.7853982,
            1.570796,
            2.356194,
            3.141593,
            3.926991,
            4.712389,
            5.497787,
            6.283185
        ]
    ],
    "zvals": [
        -0.10088416296344961,
        -0.14696883541053973,
        -0.1634364742461784,
        -0.07269054327800266,
        -0.17037430703923356,
        -0.2354802023942002,
        -0.1993030794578036,
        -0.07410943241515767,
        -0.02176436360562069,
        -0.01365100335142268,
        -0.022756401213142898,
        -0.013569963801838303,
        -0.017017221841664987,
        -0.010237306435717944,
        -0.015089730302343528,
        -0.02807665412949868,
        0.054470101917727845,
        0.038297031135050286,
        0.06483469527551639,
        0.05608084553201622,
        0.05381607796302,
        0.05511697254131028,
        0.060361039880417335,
        0.06670600128851871,
        0.10895553363885986,
        0.09686097923880102,
        0.1115939689176698,
        0.09185552820922868,
        0.08521783859902875,
        0.099696408699793,
        0.09820060657144532,
        0.09766192427278911,
        0.09168679021673337,
        0.10397686369887973,
        0.11327082574694616,
        0.058060476267476784,
        0.10678860908736713,
        0.1039735267978783,
        0.10780735372384449,
        0.06828843465351327,
        0.06195359245794044,
        0.06210030127408047,
        0.04561432038278683,
        0.06186750938058235,
        0.0466260927580666,
        0.023834112131683557,
        0.049764893722673106,
        0.0570864708084309,
        -0.010044866412986431,
        -0.01816069258151729,
        -0.020147874071489873,
        -0.010411161715255558,
        -0.015130647136865634,
        -0.022701585692858912,
        -0.015410474689265827,
        -0.021553372939579683,
        -0.06750995864263502,
        -0.08103760922172178,
        -0.10424834287838779,
        -0.1719844308434312,
        -0.20677923804236825,
        -0.17852813478007334,
        -0.12481513831204055,
        -0.12486122959314898
    ],
    "zerrs": [
        0.03338816366251014,
        0.042198234623588404,
        0.05338016561259612,
        0.030718038036276755,
        0.05059452702629716,
        0.057094026618459776,
        0.05598137612133249,
        0.033168973778460606,
        0.008144461460208878,
        0.006372567760312863,
        0.007819599984406657,
        0.00628807058374367,
        0.007760045576843785,
        0.0056447567365546574,
        0.0065626905212311975,
        0.00806177482619521,
        0.010114020789032698,
        0.00825098274605183,
        0.01109881323552095,
        0.010246927282840598,
        0.010382985159939953,
        0.010549648016797052,
        0.011023414678488185,
        0.011711307110434374,
        0.016830033801953706,
        0.01573261343717405,
        0.017240972184778082,
        0.0157694973789273,
        0.015329623723373521,
        0.01686591720336208,
        0.01685737195808086,
        0.016521099764199732,
        0.01551288821751389,
        0.016252410331014575,
        0.0175238655155136,
        0.012676723620158231,
        0.017336915007577173,
        0.017109872171441325,
        0.017512412687258224,
        0.013675668164499345,
        0.010994652314062301,
        0.010690164198939272,
        0.009412055994194432,
        0.011051579564767898,
        0.009764829974246552,
        0.006346152154906542,
        0.010211411214578005,
        0.010550962100692408,
        0.005940231922843044,
        0.007600712530646649,
        0.0067288939933814245,
        0.005902741030351476,
        0.0068717591202495714,
        0.008412022443011914,
        0.007663348536206038,
        0.007646894707046566,
        0.02490620985742221,
        0.02965934006717194,
        0.032705844598706374,
        0.04893079372471308,
        0.06265747515070907,
        0.052462300940149684,
        0.03957421702472623,
        0.0425617875298793
    ]
}