{
    "bins": [
        0.0,
        0.7853982,
        1.570796,
        2.356194,
        3.141593,
        3.926991,
        4.712389,
        5.497787,
        6.283185
    ],
    "yvals": [
        -0.0013167193405841774,
        0.01811000743826886,
        -0.028744012589795243,
        -0.0004719342652588048,
        -0.006329830226203783,
        0.01967007810052993,
        -0.006560329921899472,
        -0.014476558381864995
    ],
    "yerrs": [
        0.018566468809678112,
        0.015051879536499285,
        0.02125106281408236,
        0.017434885259058834,
        0.02190052418712029,
        0.016893090338122627,
        0.019226292132036235,
        0.02009592754543025
    ]
}