{
    "bins": [
        0.0,
        0.7853982,
        1.570796,
        2.356194,
        3.141593,
        3.926991,
        4.712389,
        5.497787,
        6.283185
    ],
    "yvals": [
        -0.0018104077651311143,
        -0.0017218586555755565,
        0.0016705708443362477,
        0.0018726672684839171,
        -0.0017995487638114683,
        -0.0017398363632196673,
        0.0018532425598231728,
        0.0015960863154731745
    ],
    "yerrs": [
        0.00014167259716458183,
        0.00013597715830078802,
        0.00013788387666246175,
        0.00014094562718156952,
        0.00014209949528893727,
        0.00013935643161391587,
        0.00014438808907377842,
        0.00012898132942751637
    ]
}