{
    "bins": [
        -1.0,
        -0.75,
        -0.5,
        -0.25,
        0.0,
        0.25,
        0.5,
        0.75,
        1.0
    ],
    "yvals": [
        -0.0034252496,
        -0.0018739236,
        0.0031655764,
        7.933992e-05,
        0.00015176376,
        0.00427004,
        -0.0014398164,
        -0.014817544
    ],
    "yerrs": [
        0.0033965672082265645,
        0.0028771252318938083,
        0.0020640527125051823,
        0.0008252157051341182,
        0.0007512817846853469,
        0.002050765710655413,
        0.00311486860075991,
        0.005143385655383037
    ]
}