{
    "bins": [
        [
            -1.0,
            -0.75,
            -0.5,
            -0.25,
            0.0,
            0.25,
            0.5,
            0.75,
            1.0
        ],
        [
            0.0,
            0.7853982,
            1.570796,
            2.356194,
            3.141593,
            3.926991,
            4.712389,
            5.497787,
            6.283185
        ]
    ],
    "zvals": [
        0.0045418469255468115,
        0.0026230295017378455,
        -0.002686912877292787,
        -0.009069545543093385,
        -0.010106340988899893,
        -0.001754369122406729,
        0.0045981619510108256,
        0.008354729703920816,
        0.01369663439513867,
        0.0015247081160655147,
        -0.004650762034026062,
        -0.008236211148728226,
        -0.01162359975451936,
        -0.003029480594552062,
        0.004560320245276918,
        0.006226030623963902,
        0.006843290448080986,
        0.003233719269394439,
        -0.003147599560986914,
        -0.00642949634516978,
        -0.00706609387851764,
        -0.004087490418870433,
        0.003531685081958447,
        0.009055429221872224,
        0.002307043229790952,
        0.0007988008115123317,
        -0.0009655746513232784,
        -0.001891343890175567,
        -0.002461332980221492,
        -0.0007905530699085051,
        0.000912858448837405,
        0.003213515695227134,
        -0.0022117657005070804,
        -0.0010520309580699105,
        0.0010269239290143343,
        0.0029143724399954677,
        0.003060893967135133,
        0.0009630592387553828,
        -0.0008035961385183055,
        -0.0017806396247507638,
        -0.005731283825198479,
        -0.00348803116076974,
        0.002151387194772587,
        0.00671562861679223,
        0.0055084377602183845,
        0.0032881316224385605,
        -0.003125985551274641,
        -0.007429547821614011,
        -0.013477418206458838,
        -0.003373588263170587,
        0.00468247640050013,
        0.01246830719163126,
        0.009535781858369893,
        0.0053203089389074094,
        -0.0036922625216769087,
        -0.011316183641924224,
        -0.007450717355858468,
        -0.002097281657779026,
        0.0043743238459991,
        0.00557509240526153,
        0.004403575257385426,
        0.0016400128342572815,
        -0.001223569196763934,
        -0.00926942518315555
    ],
    "zerrs": [
        0.0017316903310498103,
        0.0008666120947950815,
        0.0008256962423284517,
        0.002633159021912807,
        0.0029925502149209175,
        0.0009347393786276756,
        0.001294019019175202,
        0.0023394778652443167,
        0.0024204263193963265,
        0.0005744383127904974,
        0.0010664687047473903,
        0.002045877219794481,
        0.002469521265443469,
        0.0009067651717554954,
        0.0010544423252263368,
        0.0016339083208232294,
        0.0013008492354835061,
        0.0006761129063037147,
        0.0006551105757203263,
        0.001206900967744042,
        0.0013471948686439531,
        0.0007798597887533,
        0.0007134305213196202,
        0.001515290780202015,
        0.00048409027376338507,
        0.000183552516314399,
        0.00023943983337920328,
        0.0004080852140649586,
        0.0005247433860394175,
        0.00020130774225339437,
        0.00021636039368090788,
        0.0005729737588743261,
        0.0004849701108331118,
        0.0002459279320506729,
        0.00019844184835981165,
        0.0005222440008332403,
        0.0005392544435278742,
        0.00023121580610468095,
        0.0001814049597275117,
        0.0003875742649744631,
        0.0012256683420322596,
        0.0006608463176065507,
        0.0005205300841203681,
        0.0012371746696713795,
        0.001161318003055961,
        0.000682241953813645,
        0.0006303587971615859,
        0.001381918908645494,
        0.002579468314216187,
        0.0009613882735029823,
        0.0009837191506805796,
        0.0021981333947680487,
        0.0019723992918180442,
        0.0010557514097215119,
        0.0008585681017076184,
        0.0022007990439030377,
        0.0022730756238865746,
        0.0007995725828722638,
        0.0012164160785446707,
        0.0017747182936068784,
        0.0014887317476428253,
        0.000590844296215561,
        0.0005689113591983226,
        0.0024339177069139756
    ]
}