{
    "bins": [
        0.0,
        0.7853982,
        1.570796,
        2.356194,
        3.141593,
        3.926991,
        4.712389,
        5.497787,
        6.283185
    ],
    "yvals": [
        0.0011858459823310009,
        0.0010141286364693154,
        -0.000934836732459212,
        -0.0011015217742828805,
        0.0011046641320706185,
        0.0009738125128915533,
        -0.0011109667964522448,
        -0.0009695685499581107
    ],
    "yerrs": [
        0.00010342250894647452,
        9.683824522368702e-05,
        9.328106257053188e-05,
        0.00010171249541786864,
        0.00010120043690192168,
        9.977509617773526e-05,
        0.00010434377746176021,
        9.498007994097408e-05
    ]
}