{
    "bins": [
        [
            -1.0,
            -0.75,
            -0.5,
            -0.25,
            0.0,
            0.25,
            0.5,
            0.75,
            1.0
        ],
        [
            0.0,
            0.7853982,
            1.570796,
            2.356194,
            3.141593,
            3.926991,
            4.712389,
            5.497787,
            6.283185
        ]
    ],
    "zvals": [
        0.20951303427993595,
        0.1569218553960808,
        0.1892259465901365,
        0.10065513197750443,
        0.17159845072179958,
        0.25891260227298774,
        0.25612705914708217,
        0.28609830939218084,
        0.1329980639120385,
        0.21102361121969018,
        0.1806873457788281,
        0.15191962301963716,
        0.17686497801114842,
        0.1640411612965656,
        0.23883136957313367,
        0.12707921334151603,
        0.10319616215061353,
        0.12335547667691454,
        0.11276774323336707,
        0.16451235614000018,
        0.09489639647669078,
        0.13416728843210707,
        0.11779795721404945,
        0.18244879666105596,
        0.14288308784002815,
        0.11094892295343838,
        0.12368541809375631,
        0.1291856495870252,
        0.14429896689321842,
        0.11596520490248258,
        0.12744015136274858,
        0.10439787216163018,
        0.1117104164486244,
        0.1549560744886222,
        0.17947343894433146,
        0.11483564404843909,
        0.11966758255050303,
        0.08454887840305171,
        0.09317680971940344,
        0.1352705252623511,
        0.1467904561023949,
        0.14901146909247773,
        0.13420360123147757,
        0.16553313666047448,
        0.12281778155788527,
        0.11200950346193907,
        0.13156514276837988,
        0.10875347276158079,
        0.1371843225512867,
        0.1235184004844424,
        0.0957800249045707,
        0.1593303785719106,
        0.1572119103944751,
        0.25727149801756566,
        0.1806704371541563,
        0.22064599094981147,
        0.3073258889567101,
        0.18505944376212918,
        0.15815925174242873,
        0.17138320777082733,
        0.17135673887634034,
        0.23635445977708122,
        0.22968431292160157,
        0.21209669492410224
    ],
    "zerrs": [
        0.06199473005034464,
        0.04861971774997661,
        0.05035873696261158,
        0.03912878843661627,
        0.04946081058804907,
        0.0630232459020827,
        0.06731158280629383,
        0.06569090253222748,
        0.032047317959361166,
        0.04034423655266106,
        0.03592980051932417,
        0.03145207805158202,
        0.03588205387421043,
        0.036300815009842,
        0.04517537525431662,
        0.02945238556343863,
        0.021621882876404108,
        0.024272597888620243,
        0.022189392763966913,
        0.02610643309393587,
        0.02082116723772735,
        0.026400620544476075,
        0.024222983652328882,
        0.02903780980243651,
        0.022614539812087466,
        0.02061582992220023,
        0.021232210504649754,
        0.020963455953882965,
        0.02343926251263102,
        0.022329010954368008,
        0.02255606043311382,
        0.019073054151721565,
        0.019763807159415624,
        0.02421456107064435,
        0.025664153850538548,
        0.020007669917488802,
        0.021532788334085243,
        0.018917179913951625,
        0.0190618653528035,
        0.021398733563551327,
        0.02489432423802627,
        0.02643289694841327,
        0.025056039596909073,
        0.027331904041674713,
        0.024732702146566653,
        0.024550055197360022,
        0.025498097649895628,
        0.02145669831953103,
        0.029554803981302575,
        0.030238468345239064,
        0.026881124221809046,
        0.03284137183359016,
        0.03549248543505264,
        0.046184764507714096,
        0.03656637623479167,
        0.037249529242851485,
        0.07080810693542726,
        0.05534445485017375,
        0.04737408157338268,
        0.05356493538165769,
        0.05407180696376217,
        0.06623226561470912,
        0.05737380772433066,
        0.051886732789406614
    ]
}