{
    "bins": [
        -1.0,
        -0.75,
        -0.5,
        -0.25,
        0.0,
        0.25,
        0.5,
        0.75,
        1.0
    ],
    "yvals": [
        0.04703612,
        0.02791814,
        0.019518088,
        0.006965,
        -0.00613188,
        -0.018301608,
        -0.02933904,
        -0.05423632
    ],
    "yerrs": [
        0.00605070309964057,
        0.0024454496519045327,
        0.0014010675929447514,
        0.0005264214281352917,
        0.00048195667855109136,
        0.0013793888501796728,
        0.0026567333324968843,
        0.008487092317160218
    ]
}