{
    "bins": [
        0.0,
        0.7853982,
        1.570796,
        2.356194,
        3.141593,
        3.926991,
        4.712389,
        5.497787,
        6.283185
    ],
    "yvals": [
        1.2063206918477784e-05,
        5.7566063974205174e-06,
        1.0879662285872896e-05,
        -2.155299408326214e-05,
        -5.711272501330533e-06,
        9.290088592025955e-06,
        5.538791797279852e-06,
        -7.195336631873269e-06
    ],
    "yerrs": [
        1.1470020146389955e-05,
        1.3034329084979703e-05,
        1.4302416752634055e-05,
        1.3939364935406059e-05,
        1.7326164804380483e-05,
        1.734213851058429e-05,
        1.587629977299105e-05,
        1.3410558091112317e-05
    ]
}