{
    "bins": [
        [
            -1.0,
            -0.75,
            -0.5,
            -0.25,
            0.0,
            0.25,
            0.5,
            0.75,
            1.0
        ],
        [
            0.0,
            0.7853982,
            1.570796,
            2.356194,
            3.141593,
            3.926991,
            4.712389,
            5.497787,
            6.283185
        ]
    ],
    "zvals": [
        0.0003282242816446485,
        0.0003074551520261452,
        0.0007081978818382528,
        0.00010518016956986194,
        -6.931125365738133e-05,
        -0.0008941214517989608,
        -0.0005833215770857579,
        -8.802961046501265e-05,
        0.000309110461419443,
        0.0007626647286254176,
        0.0008900160173568052,
        0.00024705210981934025,
        -0.00010867315679438956,
        -0.0006840577643436831,
        -0.0006228322455621227,
        -0.000372701585692859,
        0.0002124577825617629,
        0.00043702032269507247,
        0.0003512153073982873,
        0.00027650068309228814,
        -0.0002712541666772769,
        -0.00036610049936465337,
        -0.00018027654768665064,
        -4.1576871853506135e-05,
        7.57479709018941e-05,
        0.0001706905723443585,
        0.00014094331791015513,
        4.146523232140607e-05,
        -6.248841988393143e-05,
        -0.00023983559927578127,
        -0.0003763549181434127,
        -0.00011993129597987265,
        -9.425119639948245e-05,
        -7.505735310182942e-05,
        -0.00020028377968876932,
        -0.00010396193527111697,
        9.333189032821573e-05,
        0.0003061005502942458,
        7.747934168408885e-05,
        3.943242534358377e-05,
        -0.00012928977937560845,
        -0.00027155584087452245,
        -0.0008120127629558518,
        -0.00012083412380204203,
        0.00014851446018451786,
        0.00013102070542578417,
        0.000418453879434376,
        0.0001922553406043815,
        -0.00021560421197807682,
        -0.0008313132529782996,
        -0.0005087419626737019,
        -0.0003350095429202227,
        0.00022493181800819448,
        0.00036394144115467584,
        0.0007710246270043979,
        0.00022691914163265,
        -0.0002200927376711584,
        -0.0004677157486308212,
        -0.0006087797524312516,
        -0.00029527514040634124,
        0.0002814283713480298,
        0.0006084960746016671,
        0.0004901065192424734,
        0.00025132276883821966
    ],
    "zerrs": [
        0.00011389155593856397,
        0.00015674636668351535,
        0.0002613677206969767,
        5.70303837368631e-05,
        3.67556190142179e-05,
        0.00030020016110794424,
        0.00025795931553446557,
        5.2357602630486454e-05,
        0.00011848384372093047,
        0.00028168782125187643,
        0.0003180562219096839,
        0.0001000706768599948,
        5.872458066579676e-05,
        0.0002677677263780752,
        0.0002809685495645633,
        0.00012683442127664328,
        7.656846873821033e-05,
        0.0001874352711073714,
        0.00016351651345017425,
        8.773126681838621e-05,
        8.889986110022383e-05,
        0.0001737364343399139,
        0.00013606291224522353,
        2.76954168106959e-05,
        2.9391998165067806e-05,
        8.070592658345575e-05,
        7.36873589050171e-05,
        2.2185413122454044e-05,
        2.7399041504644536e-05,
        9.655454236928282e-05,
        0.0001309932382759651,
        4.706349042910132e-05,
        3.1435863635406374e-05,
        4.444230999086894e-05,
        0.00010905952367913536,
        4.751801886265707e-05,
        4.179452837022535e-05,
        0.00010216155061210897,
        4.781855071540691e-05,
        1.845728058250282e-05,
        4.796538758546052e-05,
        0.00011381267293838102,
        0.000302917381936513,
        6.683397895614385e-05,
        5.410225932453835e-05,
        9.39849846108836e-05,
        0.00019928593964601966,
        6.466257400550643e-05,
        7.657708965704147e-05,
        0.0003243155120589618,
        0.00025650313916646925,
        0.00012672198829093137,
        0.0001085674973844656,
        0.00021084088519895136,
        0.00030400282818002114,
        9.736989540712117e-05,
        0.00010820265726107627,
        0.00022496662264718707,
        0.0002766479331852455,
        0.0001427451722156847,
        0.0001378278700569263,
        0.0002594931453568862,
        0.0002232632159980164,
        0.00011712567265334311
    ]
}