{
    "bins": [
        -1.0,
        -0.75,
        -0.5,
        -0.25,
        0.0,
        0.25,
        0.5,
        0.75,
        1.0
    ],
    "yvals": [
        -0.0005446588,
        0.0016176796,
        0.001181148,
        -0.00030849936,
        0.00073804,
        -0.00025351868,
        0.0019745772,
        -0.0037983164
    ],
    "yerrs": [
        0.002720202933606241,
        0.0027865175398694335,
        0.0021446443061729375,
        0.0007891827671712047,
        0.0006895636881391015,
        0.0018692180183167506,
        0.003027911491440924,
        0.002669889585731964
    ]
}