{
    "bins": [
        -1.0,
        -0.75,
        -0.5,
        -0.25,
        0.0,
        0.25,
        0.5,
        0.75,
        1.0
    ],
    "yvals": [
        -0.27066536,
        -0.024971128,
        0.12156252,
        0.1884716,
        0.16781952,
        0.12649856,
        -0.01916734,
        -0.28788388
    ],
    "yerrs": [
        0.027010729719872437,
        0.00548616149962795,
        0.01122469563061734,
        0.01741936853046057,
        0.01657148876836357,
        0.012055928997800211,
        0.004802675920775833,
        0.029118216978379702
    ]
}