{
    "bins": [
        0.0,
        0.7853982,
        1.570796,
        2.356194,
        3.141593,
        3.926991,
        4.712389,
        5.497787,
        6.283185
    ],
    "yvals": [
        3.4853301166210975e-05,
        -0.0002839322952012343,
        4.856914583434132e-05,
        -0.0004781974512317943,
        0.00010567768188867297,
        0.00016056585323619366,
        8.918499919785894e-05,
        0.00045588580566795445
    ],
    "yerrs": [
        0.0004914656584456613,
        0.00023225156494468223,
        0.00026165945487402156,
        0.0005300385213572991,
        0.0005394846439245961,
        0.00027678362192299754,
        0.00026298890783336,
        0.0005284661550533525
    ]
}