{
    "bins": [
        0.0,
        0.7853982,
        1.570796,
        2.356194,
        3.141593,
        3.926991,
        4.712389,
        5.497787,
        6.283185
    ],
    "yvals": [
        -0.0006422664324924604,
        0.00047400056379073125,
        0.0005776751405020132,
        -5.138179447643809e-05,
        -0.0011698542649713898,
        0.0003651996821993436,
        0.00033894076633757665,
        -0.0006741382076348553
    ],
    "yerrs": [
        0.0011294964096729419,
        0.0009989710156607184,
        0.0012350790399588021,
        0.0009778954200262361,
        0.0008551975621414104,
        0.000954414905076882,
        0.0011213627642236424,
        0.0009768054843557112
    ]
}