{
    "bins": [
        -1.0,
        -0.75,
        -0.5,
        -0.25,
        0.0,
        0.25,
        0.5,
        0.75,
        1.0
    ],
    "yvals": [
        -0.0030738216,
        0.005720248,
        -0.0035866592,
        -0.002314046,
        0.0007553496,
        -0.0010876324,
        0.0029724504,
        -0.00033916168
    ],
    "yerrs": [
        0.002202102268288192,
        0.0031674052472015638,
        0.004481235543909738,
        0.004177087980878545,
        0.004359875227572458,
        0.004020489522433804,
        0.003139724064308837,
        0.0016595073967897824
    ]
}