{
    "bins": [
        -1.0,
        -0.75,
        -0.5,
        -0.25,
        0.0,
        0.25,
        0.5,
        0.75,
        1.0
    ],
    "yvals": [
        0.7637676,
        0.6967484,
        0.5430384,
        0.4611932,
        0.5080524,
        0.4529412,
        0.6827884,
        0.8725272
    ],
    "yerrs": [
        0.08745395131153309,
        0.06203473865504714,
        0.045802480282185594,
        0.03792646991218666,
        0.03995355904046597,
        0.041666466132850764,
        0.06212081132760582,
        0.09667150976373547
    ]
}