{
    "bins": [
        [
            -1.0,
            -0.75,
            -0.5,
            -0.25,
            0.0,
            0.25,
            0.5,
            0.75,
            1.0
        ],
        [
            0.0,
            0.7853982,
            1.570796,
            2.356194,
            3.141593,
            3.926991,
            4.712389,
            5.497787,
            6.283185
        ]
    ],
    "zvals": [
        -0.1383712363995741,
        -0.10684455698755459,
        -0.1796950336007986,
        -0.1677759202647317,
        -0.19928713849538698,
        -0.1621802449204098,
        -0.13619678175905722,
        -0.0534697058052096,
        -0.0231047180907723,
        -0.012821304057638053,
        -0.031594126799406166,
        -0.00898861852383311,
        -0.01214510350166412,
        -0.015421297227647643,
        -0.014501406929989639,
        -0.023089093682438718,
        0.06360457663386547,
        0.05372161724924618,
        0.042196262277214874,
        0.039843773674272574,
        0.05146251963972404,
        0.06495641700131655,
        0.059462794659522956,
        0.06145943839938479,
        0.05147203036625243,
        0.07913411522161126,
        0.10735285804140068,
        0.10195668698330403,
        0.11795843635965456,
        0.09238179878227347,
        0.07102646046972365,
        0.10909602519996234,
        0.07105389342629,
        0.07590507638294887,
        0.10452957608753781,
        0.07595864013068516,
        0.12360968578987974,
        0.07878955637778555,
        0.0756832077494468,
        0.09987552807621107,
        0.06567078967076828,
        0.06970867501793358,
        0.047415542183708144,
        0.04603975304272096,
        0.048252401966900844,
        0.05705764465914098,
        0.04874671440467127,
        0.04010659054390259,
        -0.030072123923889818,
        -0.010253693096670248,
        -0.028057850923990137,
        -0.011566263771662557,
        -0.013193641949686651,
        -0.014759380594297416,
        -0.026867687465463377,
        -0.011924878851232116,
        -0.1857473062708827,
        -0.11230767389468113,
        -0.15388580057499512,
        -0.15670119264221116,
        -0.09207703610144152,
        -0.10849057420568936,
        -0.1382374795963321,
        -0.038868756986903466
    ],
    "zerrs": [
        0.04550034202356429,
        0.036084536507863856,
        0.05200557315183131,
        0.04900856900843699,
        0.06490534471946784,
        0.05477086381800123,
        0.04980734472408438,
        0.02019025951768678,
        0.007275849696472521,
        0.0067105219858440346,
        0.008821886039163594,
        0.00465241220135361,
        0.005976758550405477,
        0.006308729420446933,
        0.006157164450750582,
        0.007943769192096026,
        0.010662895327866294,
        0.010044218184567992,
        0.009273123626046539,
        0.008815561386134709,
        0.010075936866576147,
        0.011272373367295708,
        0.011102395320912565,
        0.010860056991225496,
        0.011522189006649067,
        0.014716081045525428,
        0.017432605061496863,
        0.0165615509716368,
        0.01760147638633518,
        0.016099043133153565,
        0.01421390452757504,
        0.017066254874057375,
        0.013444236955643238,
        0.014362490042524625,
        0.017204865113256203,
        0.014373841198086233,
        0.01804955100964788,
        0.014657389809414582,
        0.01458499486447168,
        0.01621826460904513,
        0.011079823350970398,
        0.01185864774284631,
        0.009576528132843655,
        0.009119698092217852,
        0.00924951787806754,
        0.010517962107419086,
        0.009834315708458994,
        0.008355570454223289,
        0.008387589944579926,
        0.004568640525067909,
        0.007978638785650758,
        0.006068073144378384,
        0.004982193459798814,
        0.007110378504892718,
        0.007861552985265034,
        0.005629190041644921,
        0.05110490827918645,
        0.035389648480912,
        0.04038769660542316,
        0.053210023861605345,
        0.03168051131214336,
        0.03702858771659548,
        0.040054384089727925,
        0.014009944961141009
    ]
}