{
    "bins": [
        [
            -1.0,
            -0.75,
            -0.5,
            -0.25,
            0.0,
            0.25,
            0.5,
            0.75,
            1.0
        ],
        [
            0.0,
            0.7853982,
            1.570796,
            2.356194,
            3.141593,
            3.926991,
            4.712389,
            5.497787,
            6.283185
        ]
    ],
    "zvals": [
        0.0023358953458258495,
        -0.0028633556141868487,
        -0.003174912082791146,
        0.00247457254210917,
        0.0029612690635830484,
        -0.003891762393079688,
        -0.0021815451529033692,
        0.004118757623523361,
        0.009633737383151628,
        -0.007056291728853837,
        -0.009258842013857944,
        0.009672785424987809,
        0.00607085324892602,
        -0.010572866241065043,
        -0.003542366545369355,
        0.009855354864667343,
        0.006767828090260456,
        -0.014903066955369621,
        -0.013602138024288326,
        0.01376806947806147,
        0.008021945561358696,
        -0.010625369557854748,
        -0.01225644577653623,
        0.010815087382448137,
        0.009990799571478519,
        -0.007921325982833159,
        -0.012337953496189194,
        0.011090424102908203,
        0.00889013213682744,
        -0.012216206305592836,
        -0.0076859885051910005,
        0.013795456571063337,
        0.015262377733995316,
        -0.00642693422365074,
        -0.016378223524888023,
        0.010636545246428885,
        0.010172310089916193,
        -0.010946872795703583,
        -0.013504337928031395,
        0.01097864267543335,
        0.010865015988068218,
        -0.015383292390174762,
        -0.011159722841158242,
        0.009616126325600109,
        0.01221079758288154,
        -0.012728002872429013,
        -0.010935887282626136,
        0.014513151293993621,
        0.0049621305472816206,
        -0.007152808423960444,
        -0.01233067056447814,
        0.008841289586566829,
        0.008276486571139725,
        -0.00996315243990945,
        -0.0038098197347077546,
        0.010145989676571626,
        0.0019160537928403706,
        -0.002563391952460269,
        -0.0022810350930356333,
        0.002361127528810197,
        0.0024873086002256176,
        -0.0021903931509884168,
        -0.00039828397831417965,
        0.003983448391770798
    ],
    "zerrs": [
        0.0009355816414763087,
        0.001189995704527868,
        0.0012415511740209676,
        0.0009263654070324328,
        0.0010364456100939836,
        0.0012797260803225992,
        0.0010479514554794795,
        0.0014351064494847342,
        0.002792500002566144,
        0.0027516351890319334,
        0.0030834863154700766,
        0.0026777755642287218,
        0.001976463899352294,
        0.0033921337580724493,
        0.0016805746864336437,
        0.0028100113565158557,
        0.0024512661060720636,
        0.004640256406932528,
        0.004386580604429232,
        0.0037383997423224447,
        0.0026457827658944374,
        0.003941109101331528,
        0.004191327845719868,
        0.0031702806058400298,
        0.003096753382517064,
        0.0033088784694371596,
        0.004427044674614613,
        0.003507536565127537,
        0.0029552854324304905,
        0.004099550957424397,
        0.0034190841336961737,
        0.0036335703320859525,
        0.003890548873582149,
        0.003140268007484675,
        0.004918600895066497,
        0.0032241890638990203,
        0.0032647580893416157,
        0.0036639914729302676,
        0.004775849579669807,
        0.0032542790070227874,
        0.0031366539372028723,
        0.00478188585160156,
        0.004085469240709476,
        0.002997147525143172,
        0.0036255746265150424,
        0.004174891944881466,
        0.0037404074045624034,
        0.0037222633953008,
        0.0017436409267586584,
        0.0025122211997325007,
        0.00406724407163555,
        0.0026461700418769158,
        0.0025692513008506272,
        0.0034443600869577674,
        0.001857307341103096,
        0.0027813871621688207,
        0.0008676597883764608,
        0.0012244799022233315,
        0.001031416417952178,
        0.0010477030737135763,
        0.0011642419045086265,
        0.0011426545232931283,
        0.00035200381177522813,
        0.0012906418897382353
    ]
}