{
    "bins": [
        0.0,
        0.7853982,
        1.570796,
        2.356194,
        3.141593,
        3.926991,
        4.712389,
        5.497787,
        6.283185
    ],
    "yvals": [
        0.00047689006672029546,
        0.00018114425581533333,
        -0.00015997366940073698,
        -0.0004673917333737375,
        -0.0005063646711603542,
        -0.0001801026995230444,
        0.00019274304238106035,
        0.0004175484276761592
    ],
    "yerrs": [
        3.8241151803745344e-05,
        1.7963211865348135e-05,
        1.665381122683699e-05,
        3.8766962476206733e-05,
        4.1341333922418446e-05,
        1.9136557140159434e-05,
        1.858965877073426e-05,
        3.6780242146765194e-05
    ]
}