{
    "bins": [
        -1.0,
        -0.75,
        -0.5,
        -0.25,
        0.0,
        0.25,
        0.5,
        0.75,
        1.0
    ],
    "yvals": [
        0.007263136,
        0.0041224,
        0.0024436272,
        0.0010934292,
        -0.000896008,
        -0.0027498544,
        -0.004606684,
        -0.006800528
    ],
    "yerrs": [
        0.0008201654467240131,
        0.0005097371871857104,
        0.0002985348220894842,
        0.0001388962202509485,
        0.000119928205189605,
        0.0003326657902460065,
        0.0005518051830129906,
        0.0007977053089957469
    ]
}