{
    "bins": [
        -1.0,
        -0.75,
        -0.5,
        -0.25,
        0.0,
        0.25,
        0.5,
        0.75,
        1.0
    ],
    "yvals": [
        -0.8861108,
        -0.09226184,
        0.28666528,
        0.4306348,
        0.4562472,
        0.29169828,
        -0.09171316,
        -0.669238
    ],
    "yerrs": [
        0.2455421756032963,
        0.015672069423021327,
        0.021982534885676856,
        0.03160181260624143,
        0.03238216299137536,
        0.02193502040117583,
        0.014684696796325078,
        0.09824314327218973
    ]
}