{
    "bins": [
        [
            -1.0,
            -0.75,
            -0.5,
            -0.25,
            0.0,
            0.25,
            0.5,
            0.75,
            1.0
        ],
        [
            0.0,
            0.7853982,
            1.570796,
            2.356194,
            3.141593,
            3.926991,
            4.712389,
            5.497787,
            6.283185
        ]
    ],
    "zvals": [
        0.011021772140552395,
        0.005353552047128219,
        -0.005170076827290113,
        -0.010594049648649921,
        -0.009151161576678318,
        -0.002157031212200694,
        0.005299646803276811,
        0.01189982658473793,
        0.01215782771083509,
        0.00490263507231622,
        -0.006409137787465719,
        -0.011874081836111328,
        -0.012600526102689334,
        -0.006225154634974881,
        0.0036484493212358584,
        0.012883557126450541,
        0.009503688702113143,
        0.0043224862611023354,
        -0.00313071181744797,
        -0.009314037832999533,
        -0.009921171176906482,
        -0.0030935912747422334,
        0.004003390382965071,
        0.008362705278088307,
        0.0017878339929987106,
        0.0012463126329103544,
        -0.0006700704610910649,
        -0.002253206332068159,
        -0.004350019225921124,
        -0.001233328325256749,
        0.001670868527803738,
        0.003177916419445938,
        -0.0026495680789693685,
        -0.0012314396602587886,
        0.0011650337790521496,
        0.003954822453300807,
        0.003736587564521426,
        0.001169326634394282,
        -0.001604084044013354,
        -0.003595173911825598,
        -0.010350082289467941,
        -0.005121878365332829,
        0.0043497100832953495,
        0.010346802071303885,
        0.007458633711825085,
        0.0018031484674012417,
        -0.004834141670847138,
        -0.010226264900088875,
        -0.01640578244258772,
        -0.005909891777135103,
        0.003933381037384868,
        0.014732766402809275,
        0.010675591228905596,
        0.008094871644694794,
        -0.006810142119027552,
        -0.0037139019961853746,
        -0.009757572655501374,
        -0.005848272047617144,
        0.006322939452354095,
        0.006790031563574693,
        0.008024558249448048,
        0.004565808418152326,
        -0.001235543762525497,
        -0.009606217484638364
    ],
    "zerrs": [
        0.002949387305517053,
        0.0016280554710675814,
        0.001739835681486711,
        0.0031111118022371684,
        0.0029178807576602864,
        0.0009474887765702835,
        0.0015312376431711671,
        0.002910020378141898,
        0.0028015319602368496,
        0.0014220556344916625,
        0.0017634690359856005,
        0.002992132065166236,
        0.003088765782771571,
        0.0017079912905811365,
        0.0011489661861512482,
        0.0027730014892592162,
        0.0020084078189740776,
        0.001202538362346148,
        0.0010497290762541403,
        0.0020792150370004497,
        0.002011372032332927,
        0.0009774409175038721,
        0.0009583348470188054,
        0.0018557069030293333,
        0.0005545008098878909,
        0.0003467353213722242,
        0.00022259646340438,
        0.0006165138690016248,
        0.00095726230026616,
        0.0003664255518648715,
        0.00042516803399840123,
        0.0006787651814511468,
        0.0007732978689459229,
        0.0004316418511835563,
        0.0003436755158856398,
        0.0008393703761861162,
        0.0007880840583659282,
        0.00038812950833816786,
        0.00036947760779631425,
        0.0008102573229707196,
        0.002245913610183757,
        0.0013212687648953044,
        0.0010290981693131943,
        0.0020291809161921835,
        0.0017865263293045846,
        0.0006355849891679714,
        0.0011003988737309175,
        0.002174097147796485,
        0.0037967647917592985,
        0.001781720399467992,
        0.0013158192197539177,
        0.0030925208450256463,
        0.0026057642050933013,
        0.001808929935177158,
        0.0016729413718774952,
        0.001688006002988963,
        0.0031527631064251598,
        0.001963848488187754,
        0.0017118132271703506,
        0.0022765373479880385,
        0.002377047816101002,
        0.0014082906267029595,
        0.00058152986676399,
        0.002832510074379267
    ]
}