{
    "bins": [
        -1.0,
        -0.75,
        -0.5,
        -0.25,
        0.0,
        0.25,
        0.5,
        0.75,
        1.0
    ],
    "yvals": [
        1.4597456,
        0.9764584,
        0.9237492,
        0.7003516,
        0.7754004,
        0.8145252,
        1.2067616,
        1.1238476
    ],
    "yerrs": [
        0.17123789300268794,
        0.0774856890012601,
        0.057988398839767946,
        0.04435168542456983,
        0.04647743538535662,
        0.05427258608174112,
        0.08272701130827827,
        0.13056762232651706
    ]
}