{
    "bins": [
        0.0,
        0.7853982,
        1.570796,
        2.356194,
        3.141593,
        3.926991,
        4.712389,
        5.497787,
        6.283185
    ],
    "yvals": [
        0.2664835493638768,
        0.24386852114940988,
        0.2805988810768554,
        0.24467436296710338,
        0.21999572191423958,
        0.2545462300642477,
        0.2696769026659096,
        0.2313665173580784
    ],
    "yerrs": [
        0.02423673148737647,
        0.022313031127718763,
        0.026074440528482977,
        0.021512560240201803,
        0.01909563450996744,
        0.021042274669271718,
        0.023946164710100363,
        0.021598242020707734
    ]
}