{
    "bins": [
        [
            -1.0,
            -0.75,
            -0.5,
            -0.25,
            0.0,
            0.25,
            0.5,
            0.75,
            1.0
        ],
        [
            0.0,
            0.7853982,
            1.570796,
            2.356194,
            3.141593,
            3.926991,
            4.712389,
            5.497787,
            6.283185
        ]
    ],
    "zvals": [
        -0.0008987868828831032,
        -0.003634937098117667,
        -0.001863120608914207,
        -0.0008629015315782169,
        0.002790760353349511,
        0.0028453456718759156,
        0.0043239610999773375,
        0.002042229799413801,
        -0.002280255798905574,
        -0.00517711152233938,
        -0.009319239417467325,
        -0.00195972594821231,
        0.002541641307973791,
        0.005248574608033126,
        0.0063134563622520064,
        0.002878746317153851,
        -0.0024652559682464257,
        -0.004998569642033629,
        -0.0029989462667335547,
        -0.002005854349190666,
        0.0017218668751384644,
        0.0024525542463820897,
        0.0037873949258847113,
        0.002356121100384774,
        -0.0007917838365303103,
        -0.0011268506227035523,
        -0.0006726154128225436,
        -0.00013984881569749897,
        0.00043232633645616606,
        0.0012389540080315969,
        0.0009693587200374844,
        0.0003711579606772618,
        0.0005202105123235576,
        0.0011612143553241428,
        0.0008904937369333766,
        0.0006233112086977447,
        -0.0006667946697088608,
        -0.0006614674343453893,
        -0.0013746197469308558,
        -0.0008001650118793276,
        0.001334335118160444,
        0.002765640545466259,
        0.005998212371307287,
        0.0015397600455309976,
        -0.001034474241085411,
        -0.0048210104940425115,
        -0.004870889408936617,
        -0.0006897695181296618,
        0.0022967401758751164,
        0.0038771048250962757,
        0.003842856233400137,
        0.0012299985103113196,
        -0.0031513128375677034,
        -0.005268758005495304,
        -0.00576394643225473,
        -0.0016710371047545325,
        0.002818116975567298,
        0.005805323111422008,
        0.0045180853529038795,
        0.0014004107466396064,
        -0.0008111963615899197,
        -0.004609761674972435,
        -0.004458445781629188,
        -0.001737117232282232
    ],
    "zerrs": [
        0.0006356393063407258,
        0.001520203761196087,
        0.00120933515550238,
        0.0005242838044537152,
        0.0009933013721210504,
        0.0013422066754329,
        0.0016637186400209228,
        0.0007800274017693842,
        0.0009459212085030174,
        0.0021409621254237492,
        0.0028559538085804574,
        0.0008470140850457187,
        0.0008791500992998308,
        0.001882357321160278,
        0.002120665051289413,
        0.0009812079989477205,
        0.0007925784789910884,
        0.001780788445117057,
        0.0013626118930188205,
        0.0006893107887795268,
        0.0005937001320728447,
        0.00112712883725526,
        0.0013722610796372654,
        0.0006984528938132895,
        0.00026604156698384064,
        0.0004781048541993017,
        0.00037045780806529543,
        7.715482203664087e-05,
        0.00018187256227075388,
        0.0005000133959440041,
        0.0004071356976363031,
        0.00017317057505162573,
        0.0001999391765564117,
        0.0004369895474701246,
        0.00034290743647195904,
        0.00023131886412344375,
        0.0002346630917190503,
        0.00030903835775076443,
        0.0005185255329294919,
        0.00030240077535039134,
        0.00048787942686317895,
        0.0011403080634848131,
        0.0016434569905966977,
        0.0005846532304042364,
        0.0004004000857403557,
        0.001739350344109438,
        0.0016054383303056481,
        0.00040601056994495624,
        0.0007726250523186871,
        0.001585115956779535,
        0.0014677675258196901,
        0.0005298112854923311,
        0.0010461616405970599,
        0.002038235756445454,
        0.002081499356820471,
        0.0006534230976762265,
        0.0010050279887350011,
        0.0018240877378367048,
        0.0015221607857455067,
        0.0005286330401416707,
        0.0004045401994118193,
        0.0017132876871200618,
        0.0015697240668950036,
        0.0006581739029191127
    ]
}