{
    "bins": [
        0.0,
        0.7853982,
        1.570796,
        2.356194,
        3.141593,
        3.926991,
        4.712389,
        5.497787,
        6.283185
    ],
    "yvals": [
        -0.0029220884387053596,
        -0.007189397525686983,
        -0.007219158948711356,
        -0.0030710034008192017,
        0.0027553189593047082,
        0.0069132758168470015,
        0.007019963126975115,
        0.002857936995001261
    ],
    "yerrs": [
        0.0002772923262042962,
        0.0006070286341140012,
        0.0006160717883748021,
        0.00029957289685468005,
        0.00024574900483727676,
        0.0005510509231476815,
        0.0005556544568012604,
        0.00026678816306662754
    ]
}