{
    "bins": [
        0.0,
        0.7853982,
        1.570796,
        2.356194,
        3.141593,
        3.926991,
        4.712389,
        5.497787,
        6.283185
    ],
    "yvals": [
        0.14369729902615005,
        0.1368489955026612,
        0.17657238750289664,
        0.13187755522988953,
        0.18208678911838322,
        0.1617355786492963,
        0.14600788390090125,
        0.18701499112551856
    ],
    "yerrs": [
        0.015422856628979374,
        0.016224881590195403,
        0.018512053023530848,
        0.015597755046552577,
        0.019061773502663554,
        0.01819061367100413,
        0.016954004439410454,
        0.019738633964751454
    ]
}