{
    "bins": [
        0.0,
        0.7853982,
        1.570796,
        2.356194,
        3.141593,
        3.926991,
        4.712389,
        5.497787,
        6.283185
    ],
    "yvals": [
        -0.01016563572465534,
        0.014597570810613424,
        -0.0244079434885243,
        0.004698163608560744,
        0.012922225419468851,
        0.008543025319646857,
        -0.012983748367069947,
        0.010435179361291985
    ],
    "yerrs": [
        0.010883101922249453,
        0.01021487954210272,
        0.012538286804185134,
        0.00917809930744999,
        0.007874425691885718,
        0.009255565433102558,
        0.01142219239222394,
        0.009945231244729907
    ]
}