{
    "bins": [
        -1.0,
        -0.75,
        -0.5,
        -0.25,
        0.0,
        0.25,
        0.5,
        0.75,
        1.0
    ],
    "yvals": [
        0.0002865516,
        0.0010515528,
        -0.004059876,
        0.0024168876,
        -0.002963692,
        0.0009036892,
        0.0010058552,
        -0.0008123748
    ],
    "yerrs": [
        0.0013793644913509988,
        0.0022095516287247057,
        0.002419555661686666,
        0.00261463572988667,
        0.0026228851290134685,
        0.002574623545297448,
        0.002476091113024721,
        0.0016343815955889862
    ]
}