{
    "bins": [
        [
            -1.0,
            -0.75,
            -0.5,
            -0.25,
            0.0,
            0.25,
            0.5,
            0.75,
            1.0
        ],
        [
            0.0,
            0.7853982,
            1.570796,
            2.356194,
            3.141593,
            3.926991,
            4.712389,
            5.497787,
            6.283185
        ]
    ],
    "zvals": [
        0.1401816810886503,
        0.19986773581489534,
        0.22677333020965174,
        0.23430704648210657,
        0.2594338157214558,
        0.18172941616861774,
        0.23009266639334458,
        0.2609866080636824,
        0.17414498785456856,
        0.15540476431179207,
        0.11938247869233182,
        0.16930487561099516,
        0.1657548911507286,
        0.12596579059279503,
        0.13654824687610617,
        0.21314757613337446,
        0.1283334746629162,
        0.1253581815482549,
        0.16324747452883764,
        0.15444160229386591,
        0.14844575616439049,
        0.12466148373181499,
        0.11853995044550664,
        0.1189467250998857,
        0.1506097161923722,
        0.13212728632547735,
        0.07907623905332076,
        0.15094534115780642,
        0.12682797766228074,
        0.12936096093954916,
        0.16730539166129788,
        0.12716243229547314,
        0.1117882877755513,
        0.13165929418187827,
        0.13187352145027112,
        0.09885237949118855,
        0.07623014064206934,
        0.10864361763080631,
        0.09001723966702235,
        0.09293219488717824,
        0.14079069699930558,
        0.1408712884095168,
        0.14295406914710762,
        0.15727527027663646,
        0.15957652043931864,
        0.15780534200494528,
        0.18094352162852467,
        0.13017211655746516,
        0.17793017605591657,
        0.14613033038798937,
        0.17848428440102984,
        0.12176343489105539,
        0.15817167856297057,
        0.19886742772454227,
        0.19444577144326827,
        0.15254100468806903,
        0.1954209724442964,
        0.23549375870418784,
        0.23429308452529807,
        0.2371136199562261,
        0.3146229554951756,
        0.15453617146975168,
        0.16371597584918735,
        0.16576354918143418
    ],
    "zerrs": [
        0.03554743088284865,
        0.0438306941888279,
        0.047441583701568264,
        0.04731926510550456,
        0.04871074593564668,
        0.043007816876570966,
        0.048162815199576,
        0.04901007097002325,
        0.030989044144459323,
        0.03406650808194947,
        0.029972153823343093,
        0.031138360618531202,
        0.03162190051270436,
        0.03168178852729619,
        0.03234378386366944,
        0.03575933480762088,
        0.023535180794104396,
        0.027476085478178775,
        0.03161030809005257,
        0.0258416794117233,
        0.026022001637911418,
        0.029497982889456417,
        0.028212861309083896,
        0.022999456568702052,
        0.02360378597502824,
        0.027076484119344994,
        0.01989986086711392,
        0.023356966524941385,
        0.02186793580093243,
        0.02848364661437265,
        0.03201261355570405,
        0.02193150305406209,
        0.020110645769679022,
        0.026488658619272566,
        0.02655103310994856,
        0.01873610034092891,
        0.016683853524648257,
        0.02584715700373785,
        0.023528606303838066,
        0.018655225355902198,
        0.025014217304904746,
        0.028874355489385696,
        0.029327751714401083,
        0.02597243623989905,
        0.0275991779636774,
        0.033188842431463576,
        0.03581876096189276,
        0.024298251795977843,
        0.032701676320965135,
        0.03289043613881389,
        0.036672015588507016,
        0.026760168940957296,
        0.031235891704972905,
        0.042636446742365816,
        0.041697469691627645,
        0.030724970870782495,
        0.04318692900502766,
        0.04939867182426613,
        0.048033015946944695,
        0.04709425900630396,
        0.05448957065470835,
        0.0414081515416223,
        0.042366812356813645,
        0.03937388493732252
    ]
}