{
    "bins": [
        [
            -1.0,
            -0.75,
            -0.5,
            -0.25,
            0.0,
            0.25,
            0.5,
            0.75,
            1.0
        ],
        [
            0.0,
            0.7853982,
            1.570796,
            2.356194,
            3.141593,
            3.926991,
            4.712389,
            5.497787,
            6.283185
        ]
    ],
    "zvals": [
        -0.13820922940745214,
        -0.07681671631878775,
        -0.06457266252269551,
        -0.12268561584621321,
        -0.08374373247703709,
        -0.08967764114499913,
        -0.0361465142513732,
        -0.05789925617330323,
        -0.00770794228965638,
        -0.022025414382367763,
        -0.005037455659423631,
        -0.0070467774978068476,
        -0.011849991978589195,
        -0.014603092954145545,
        -0.020496110252381603,
        -0.00901787374044752,
        0.031560820995006095,
        0.03452335109673085,
        0.03340664478391848,
        0.03176112014402871,
        0.03894195299707917,
        0.039624032656054645,
        0.025337059681842845,
        0.031459978253064055,
        0.06784833476827423,
        0.03661919603034284,
        0.060305068258386205,
        0.06471446997004071,
        0.0436832790508761,
        0.058789505448193155,
        0.0734635942541234,
        0.051699749681053446,
        0.06455996461412822,
        0.06667872000660047,
        0.06915668234449288,
        0.06565768482007235,
        0.04166994059063047,
        0.07140904356771982,
        0.03541327581684701,
        0.06821295699759869,
        0.029100738962732534,
        0.0574976400494119,
        0.03279549476825763,
        0.04341208481294221,
        0.033796841855976194,
        0.04555454941316379,
        0.04723233316102156,
        0.03673621781568072,
        -0.008609131011504737,
        -0.003961581252201114,
        -0.007696016541931609,
        -0.010310794895333455,
        -0.005829920626230266,
        -0.005951917371829316,
        -0.01073623818751767,
        -0.01714189748382349,
        -0.060263850872079916,
        -0.10530867287889015,
        -0.10746230573543608,
        -0.07000839063966215,
        -0.09137644862859337,
        -0.0677747078551257,
        -0.10600714542181165,
        -0.10219302824809845
    ],
    "zerrs": [
        0.0381830676691551,
        0.02815129962469923,
        0.023823783298450415,
        0.03268365279056051,
        0.03033139656666175,
        0.0306281947543456,
        0.015906935071097895,
        0.024360061136015933,
        0.004063065003116741,
        0.0070730312746924194,
        0.00307601963181829,
        0.004943601243832273,
        0.005040023444150703,
        0.005939689777096558,
        0.006573913583125778,
        0.00511763089053367,
        0.007242943650238049,
        0.00795887161641103,
        0.007740607781745153,
        0.007303638743423166,
        0.008336704475922259,
        0.008344483836798347,
        0.006966572545055915,
        0.007350592395767259,
        0.012830510546978395,
        0.009467141033812687,
        0.012320770528208291,
        0.012704197866995594,
        0.010308890517790244,
        0.012269011743103877,
        0.01389257996131798,
        0.01129757385116797,
        0.01244081825557447,
        0.012853792953678899,
        0.01332434066657323,
        0.01288518153912653,
        0.01011817969659603,
        0.01328285852044,
        0.00947997829124202,
        0.012916983668715758,
        0.006924005095994009,
        0.010200143419885026,
        0.007889584016661384,
        0.008501744609053369,
        0.007548435687927837,
        0.008645194422363457,
        0.009079609404313061,
        0.008076066872139505,
        0.004108297273535556,
        0.003039318664242971,
        0.004134343728262771,
        0.005116689169306432,
        0.004010662231194409,
        0.0036079854694786775,
        0.003850042739362616,
        0.005526057917065841,
        0.01898674939341311,
        0.030578505742536875,
        0.028981752931554455,
        0.0227514689280768,
        0.02681149198399207,
        0.021936440241356544,
        0.028554219985085658,
        0.029536489658680436
    ]
}