{
    "bins": [
        [
            -1.0,
            -0.75,
            -0.5,
            -0.25,
            0.0,
            0.25,
            0.5,
            0.75,
            1.0
        ],
        [
            0.0,
            0.7853982,
            1.570796,
            2.356194,
            3.141593,
            3.926991,
            4.712389,
            5.497787,
            6.283185
        ]
    ],
    "zvals": [
        0.001442418380892648,
        0.008607724646032877,
        0.007993226364212796,
        0.0033737608527640095,
        -0.00479011609400584,
        -0.0028022139093809772,
        -0.007655659932925728,
        -0.0024855219901247527,
        0.0043089021594396315,
        0.01010880346239829,
        0.005629640004176228,
        0.003818789175947512,
        -0.00335913816943766,
        -0.013816908115375903,
        -0.013896276792148698,
        -0.0042870167736612525,
        0.006367521596051531,
        0.016358135966258118,
        0.012190644743174802,
        0.0041239675629839104,
        -0.005316270222231275,
        -0.012674124456644915,
        -0.011251793358271861,
        -0.006190751695318808,
        0.0064870278541509264,
        0.01585585801233464,
        0.017334431714875774,
        0.006605717603409222,
        -0.005453224989113797,
        -0.013293652390253097,
        -0.013249944614068284,
        -0.004902095498078682,
        0.006016688095287205,
        0.009556364940161533,
        0.015416234826164572,
        0.004866013835006156,
        -0.008590253603905279,
        -0.014145317405952144,
        -0.014147181429033436,
        -0.005565112210624424,
        0.006069690508585327,
        0.015278418146829542,
        0.013446894440780345,
        0.0065398810031589046,
        -0.004996897878527828,
        -0.008527732436293447,
        -0.015597355735563374,
        -0.004871561679556099,
        0.0034615154452862255,
        0.009150980560424283,
        0.011303583660768174,
        0.004903113958637584,
        -0.003925243507113589,
        -0.008234749770180216,
        -0.014796503174186848,
        -0.004251133310754549,
        0.0030372740859350073,
        0.007588618149936248,
        0.0046131281210290845,
        0.0014588651118730735,
        -0.0028988966103809777,
        -0.005427724542206629,
        -0.01435295226114658,
        -0.005509293377370456
    ],
    "zerrs": [
        0.000630945344877657,
        0.002402028305333406,
        0.0023147569774072947,
        0.0011227602341348487,
        0.0013813604904379195,
        0.0014040360330152333,
        0.002140269689018052,
        0.0008589811383053712,
        0.0010986474759375436,
        0.002275032939007865,
        0.0017007494911328853,
        0.0011042266225354427,
        0.0008718506598088551,
        0.0028318543335382135,
        0.00265978059157792,
        0.0010081774918435833,
        0.0012519441628931253,
        0.0027366041388391256,
        0.0023160340631699053,
        0.0009134603695450675,
        0.0012192145525793557,
        0.0025928475066750592,
        0.0023165279048578077,
        0.0011824286292846581,
        0.0012546603964922528,
        0.002618271148535203,
        0.0026620455091120785,
        0.001211672437648445,
        0.0012173700371907797,
        0.0025671121539743522,
        0.0024794511203579976,
        0.0010194472330117119,
        0.0011344629834523399,
        0.0020001094171050882,
        0.002514734944963859,
        0.00098077880637863,
        0.0014957571285927262,
        0.0026818393706634813,
        0.002555655877319084,
        0.001080674227554996,
        0.0012760760571746954,
        0.0025902854361054745,
        0.002355474101773821,
        0.0012240332126270076,
        0.00114925274360136,
        0.0021467430349432675,
        0.002776124383639712,
        0.0010805084817310504,
        0.0009612262951447766,
        0.0021049754860761236,
        0.0022719193963216767,
        0.0011099682464274759,
        0.001038844592458192,
        0.0023043910008615437,
        0.0029748323247180126,
        0.0011946247812152314,
        0.0010300774042522824,
        0.0021108905295305807,
        0.0015541829990686998,
        0.0006332543539382155,
        0.001002687918306226,
        0.002242073139568811,
        0.003408314335284,
        0.0016192727314701721
    ]
}