{
    "bins": [
        -1.0,
        -0.75,
        -0.5,
        -0.25,
        0.0,
        0.25,
        0.5,
        0.75,
        1.0
    ],
    "yvals": [
        -0.8181832,
        -0.115997,
        0.37033724,
        0.5480708,
        0.620862,
        0.36112312,
        -0.122845,
        -0.8652248
    ],
    "yerrs": [
        0.09503360247828134,
        0.016066367355441615,
        0.023732438559912042,
        0.034426215592190786,
        0.036732433624795405,
        0.023819242641192437,
        0.016639322101576134,
        0.10235765530726072
    ]
}