{
    "bins": [
        -1.0,
        -0.75,
        -0.5,
        -0.25,
        0.0,
        0.25,
        0.5,
        0.75,
        1.0
    ],
    "yvals": [
        -0.0013831936,
        0.0019466848,
        -0.000752562,
        -9.738564e-06,
        0.0004209864,
        -0.0005676956,
        -0.000798818,
        0.0005247736
    ],
    "yerrs": [
        0.0014576529079311027,
        0.0016228059649878047,
        0.0011180615367679901,
        0.0004044405518738199,
        0.0004297913912585965,
        0.0009888605159475224,
        0.0015370907585435546,
        0.00146106317454106
    ]
}