{
    "bins": [
        0.0,
        0.7853982,
        1.570796,
        2.356194,
        3.141593,
        3.926991,
        4.712389,
        5.497787,
        6.283185
    ],
    "yvals": [
        0.00011230983213355976,
        -0.0002368514401237182,
        0.00015625198943720257,
        -6.0655934117563175e-05,
        -6.856416746668565e-05,
        -0.0001561506395483564,
        0.00022321778257647723,
        -4.104442588343745e-06
    ],
    "yerrs": [
        7.78246844134003e-05,
        0.0001926439251402566,
        0.00015234946140352246,
        7.483255307973237e-05,
        7.25345174814408e-05,
        0.00018302568720809025,
        0.00020367742280732082,
        8.182097979940571e-05
    ]
}