{
    "bins": [
        0.0,
        0.7853982,
        1.570796,
        2.356194,
        3.141593,
        3.926991,
        4.712389,
        5.497787,
        6.283185
    ],
    "yvals": [
        0.007715187022328291,
        -0.006201284240928609,
        0.0030721430408531735,
        0.00047501282787474903,
        0.0006005542412891296,
        -0.0018307495053463344,
        -0.0019611445407296687,
        0.0001513731891346808
    ],
    "yerrs": [
        0.0033989547186974813,
        0.005602930786911618,
        0.004478875082906841,
        0.003991481908818535,
        0.004355219086519632,
        0.004437095508105643,
        0.004812096962080034,
        0.0038818991688289303
    ]
}