{
    "bins": [
        [
            -1.0,
            -0.75,
            -0.5,
            -0.25,
            0.0,
            0.25,
            0.5,
            0.75,
            1.0
        ],
        [
            0.0,
            0.7853982,
            1.570796,
            2.356194,
            3.141593,
            3.926991,
            4.712389,
            5.497787,
            6.283185
        ]
    ],
    "zvals": [
        -0.002488405499274126,
        -0.00337334278247278,
        -0.006696762660460049,
        -0.0019247602810800626,
        0.0008944993493744569,
        0.0050312860486021104,
        0.0055503630006697256,
        0.001768344711853099,
        -0.003900630788305855,
        -0.010479988612140244,
        -0.009292231454625556,
        -0.004820634098082631,
        0.003505449211737233,
        0.009057598822507826,
        0.010947030677439976,
        0.004326239689940643,
        -0.0054417084225555894,
        -0.009708119885235227,
        -0.01493142585033321,
        -0.003952661513447305,
        0.004235320690910849,
        0.014036272055696606,
        0.011338974634516516,
        0.003520351210469088,
        -0.003792000032594931,
        -0.011523281577819545,
        -0.008721916786139004,
        -0.003737724137667606,
        0.0060218487951331666,
        0.012514837063501564,
        0.009990990555107094,
        0.00481186965080125,
        -0.003156807846007286,
        -0.012874846351746847,
        -0.0064430518030348955,
        -0.005438423018109267,
        0.003699578048327089,
        0.009343257813236094,
        0.010649153677498545,
        0.005529380008607102,
        -0.004628702230282677,
        -0.01386874269319318,
        -0.011875161383145871,
        -0.004220134224769831,
        0.003113614753284321,
        0.009215047657366077,
        0.010922095549008276,
        0.00453695018321921,
        -0.0034973128280660687,
        -0.009257209531271923,
        -0.005507322402145155,
        -0.004133183770287459,
        0.0047616459425666975,
        0.010539975910302805,
        0.004582001991347063,
        0.0023437951204357543,
        -0.002224902476221616,
        -0.0029203590842755097,
        -0.006991869090575735,
        -0.0022425045104462827,
        0.0025415531997789644,
        0.004436498692382717,
        0.00714461712405685,
        0.0018113634106529432
    ],
    "zerrs": [
        0.0007443782723074575,
        0.001104668775481007,
        0.001636826707655895,
        0.0005898554014487236,
        0.0003982308551896077,
        0.0013453772661028082,
        0.0014003686703576033,
        0.0006557587993767757,
        0.0009484434681685444,
        0.0022517556126045125,
        0.00209512544999951,
        0.0011108276367018527,
        0.0008689470578738095,
        0.0019014698194285131,
        0.0021959556329057732,
        0.0010451055150788528,
        0.0011996531349931317,
        0.0021918660827065224,
        0.0026987206074692415,
        0.0009933217810673372,
        0.000990299568264714,
        0.0024218758935095554,
        0.002231789711840245,
        0.0009282448800917561,
        0.0010001288296288902,
        0.0024194248260684106,
        0.002069615337585767,
        0.0009664017083833747,
        0.0011949385934987796,
        0.002261162634056333,
        0.002135479691384813,
        0.0010902337857481089,
        0.0009224149690424155,
        0.0025418720617914935,
        0.001798984312809358,
        0.0011821694529422163,
        0.0008991072505398244,
        0.0019599431638817767,
        0.0021843909382409945,
        0.0011698395445375435,
        0.0010929036819085569,
        0.0027336087909706256,
        0.002486197836260644,
        0.0010615973846201823,
        0.0008062527670755339,
        0.0019802837560009092,
        0.0022376778700015218,
        0.001066767210709764,
        0.0009448631211669404,
        0.002258760438290264,
        0.0016796321675694194,
        0.0010638857703013215,
        0.0010598639067796298,
        0.002128688205039353,
        0.0014542673778747885,
        0.0007660855289651178,
        0.0006660802414017298,
        0.0012037223807698822,
        0.0018262609031759604,
        0.000725093218718174,
        0.0007758990934983867,
        0.0013573354582534158,
        0.0017556369424339298,
        0.0006606887379397555
    ]
}