{
    "bins": [
        -1.0,
        -0.75,
        -0.5,
        -0.25,
        0.0,
        0.25,
        0.5,
        0.75,
        1.0
    ],
    "yvals": [
        -0.016907888,
        -0.012926848,
        -0.009176768,
        -0.0023386544,
        0.0023120468,
        0.007522532,
        0.012411644,
        0.019904152
    ],
    "yerrs": [
        0.0022723753211122497,
        0.0014402422018535632,
        0.0008960155355796014,
        0.00027470458314341975,
        0.00027558992724698776,
        0.0007867755969779439,
        0.001362012628428973,
        0.002316759460971294
    ]
}