{
    "bins": [
        -1.0,
        -0.75,
        -0.5,
        -0.25,
        0.0,
        0.25,
        0.5,
        0.75,
        1.0
    ],
    "yvals": [
        -0.0015781044,
        -0.000721438,
        3.5686912e-05,
        0.0011429196,
        0.00038875348,
        -0.0008289636,
        0.001480844,
        -0.00033701332
    ],
    "yerrs": [
        0.001029443577861361,
        0.0014503400980459722,
        0.0009074390337648034,
        0.0004649798275194312,
        0.0003598582832171576,
        0.0008734159146706682,
        0.0013294474039991203,
        0.001225512790630926
    ]
}