{
    "bins": [
        -1.0,
        -0.75,
        -0.5,
        -0.25,
        0.0,
        0.25,
        0.5,
        0.75,
        1.0
    ],
    "yvals": [
        0.0002815216,
        0.00017051648,
        0.0005845648,
        -0.00011327936,
        -0.0006218344,
        -0.0004270536,
        0.0004128428,
        0.00022026512
    ],
    "yerrs": [
        0.00018312373958610608,
        0.0002948216545642467,
        0.0003441445277786645,
        0.00038444066382213,
        0.00038520527514560336,
        0.00037287177420662995,
        0.0002883401047374437,
        0.00015712863520058972
    ]
}