{
    "bins": [
        [
            -1.0,
            -0.75,
            -0.5,
            -0.25,
            0.0,
            0.25,
            0.5,
            0.75,
            1.0
        ],
        [
            0.0,
            0.7853982,
            1.570796,
            2.356194,
            3.141593,
            3.926991,
            4.712389,
            5.497787,
            6.283185
        ]
    ],
    "zvals": [
        0.09983679616276177,
        0.049737664149301156,
        0.0945330138350238,
        0.04759875171728001,
        0.13416443637493344,
        0.13598903995171877,
        0.06771532395040478,
        0.07240655056417258,
        0.06494911753044506,
        0.0531363851541219,
        0.056967397421434744,
        0.05116512753390315,
        0.0647794366677786,
        0.06666291485336098,
        0.03299615736225456,
        0.08010094245210711,
        0.04136959824965221,
        0.07006019115408776,
        0.05158057443487252,
        0.04693287360946475,
        0.07774427742367562,
        0.04831435781603723,
        0.06912449484210555,
        0.05043918115401365,
        0.050583477273057155,
        0.04254812020099878,
        0.07775619494829375,
        0.054876260346651835,
        0.024594872917934593,
        0.04425691942174542,
        0.03718072111209859,
        0.04883459850929084,
        0.027814181392317935,
        0.05764126153651054,
        0.05270408124288579,
        0.0433313615117921,
        0.055582316226932056,
        0.05148314612464,
        0.033350612046376495,
        0.04772560154214807,
        0.06104317529630192,
        0.05130943835085863,
        0.06143789518180593,
        0.06711136632463245,
        0.06641448030170688,
        0.03704923109047897,
        0.06875871850959643,
        0.08402165526268213,
        0.07475520061034008,
        0.04237565218542756,
        0.04822375916414354,
        0.04913723088519339,
        0.0626190033588066,
        0.04798234780327937,
        0.07777733072913352,
        0.05440670844590896,
        0.04423698959330439,
        0.15536346040184987,
        0.02989240614312744,
        0.1020703616887722,
        0.06272147369868523,
        0.08719971275709897,
        0.11659250469188873,
        0.06996804168077843
    ],
    "zerrs": [
        0.03225609945399558,
        0.022284103180196066,
        0.033658723756723075,
        0.021340426186674165,
        0.039140854662310584,
        0.039528523375398174,
        0.025795122099995446,
        0.025956320596533845,
        0.018886511974475814,
        0.020219386866852436,
        0.0216054172073077,
        0.01822867327469964,
        0.0206345754755477,
        0.02230344027079377,
        0.014897819865458673,
        0.02079602502378078,
        0.01316750862378802,
        0.020297220926608687,
        0.01829572152221902,
        0.014215101726024705,
        0.0184172983168476,
        0.017101934171757403,
        0.019317051251381865,
        0.01401893810423306,
        0.01312448047986242,
        0.015128069827133534,
        0.020860148036554255,
        0.01376196787443472,
        0.009317711943384146,
        0.014783507104806115,
        0.013224529416774778,
        0.012631441441972136,
        0.009875929651725221,
        0.017478963391297522,
        0.016743292302930857,
        0.012521178417594961,
        0.01442824296206784,
        0.01637913427679768,
        0.01271804823663846,
        0.012787371994794322,
        0.01701718748820045,
        0.01827103407359367,
        0.019522768312660352,
        0.01687418300810367,
        0.016683472621050858,
        0.01517961264196226,
        0.02003942586441021,
        0.01942603804509902,
        0.022757955363193458,
        0.019042864803565866,
        0.019860758414426638,
        0.016606072096566286,
        0.018967659894548385,
        0.0196954156884865,
        0.026341566050979284,
        0.019372689102754765,
        0.02555095428969645,
        0.047147478025541804,
        0.021138799583170508,
        0.03317632845972295,
        0.026387157056552223,
        0.03362187544656469,
        0.04155457768422398,
        0.029258795954489006
    ]
}