{
    "bins": [
        -1.0,
        -0.75,
        -0.5,
        -0.25,
        0.0,
        0.25,
        0.5,
        0.75,
        1.0
    ],
    "yvals": [
        -0.032735964,
        -0.027076108,
        -0.0130545,
        -0.004780648,
        0.004970572,
        0.01532606,
        0.023300184,
        0.035863736
    ],
    "yerrs": [
        0.0038918090395084906,
        0.0023119622834293814,
        0.0011346438383915897,
        0.00041394666323090466,
        0.00043093257013133735,
        0.001190500667786457,
        0.0021266653709504937,
        0.0038702793697613096
    ]
}