{
    "bins": [
        [
            -1.0,
            -0.75,
            -0.5,
            -0.25,
            0.0,
            0.25,
            0.5,
            0.75,
            1.0
        ],
        [
            0.0,
            0.7853982,
            1.570796,
            2.356194,
            3.141593,
            3.926991,
            4.712389,
            5.497787,
            6.283185
        ]
    ],
    "zvals": [
        0.0007068327887688054,
        0.003999017567912719,
        0.002792151240517547,
        0.0014802025467310245,
        -0.0019434538921667736,
        -0.003741261882510524,
        -0.003414634109075909,
        -0.0009520828930045662,
        0.0022896838826470443,
        0.002155386225935443,
        0.005020821545254764,
        0.0017952520947951296,
        -0.001041204077423166,
        -0.005165676510508049,
        -0.0026256007782041726,
        -0.0012826811374615167,
        0.0012845315917454356,
        0.0019146491115712317,
        0.0022311984497032085,
        0.001640711027133979,
        -0.0008541926513691145,
        -0.0058291261245890635,
        -0.0032680042475280056,
        -0.0013175266552754147,
        0.0005553203457812864,
        0.0017143923754306416,
        0.0006415503986513845,
        0.0006171156316725639,
        -0.00023740529005676094,
        -0.0007474426978423681,
        -0.0008849668575677557,
        -0.0004604897898899667,
        -0.0003754598368063487,
        -0.0010494839685061506,
        -0.0007679729258286884,
        -0.00037211572716542803,
        0.00039540390986480726,
        0.0004600832189539572,
        0.0009248727396810282,
        0.0006639471961986154,
        -0.0020178243342039745,
        -0.0022131892908281636,
        -0.003279254594485854,
        -0.0014832629020408738,
        0.0011856612825599246,
        0.003235962403774902,
        0.0032036424844473763,
        0.0013440767610816428,
        -0.0013885776667173417,
        -0.003451193267921046,
        -0.004581959719785383,
        -0.0008717780389330774,
        0.001991026205821761,
        0.0032189376596324423,
        0.004198390624880635,
        0.001663039630862315,
        -0.0022909459176249703,
        -0.0038075808208273563,
        -0.0038048123371844603,
        -0.001087455930043201,
        0.0018803842128449519,
        0.003266800781259948,
        0.004192653915594387,
        0.002115571977519678
    ],
    "zerrs": [
        0.0002731493935724207,
        0.0010918834663538057,
        0.0009227320609134918,
        0.00046173177052628313,
        0.0005420131472133639,
        0.0011189471372170389,
        0.0010596439924959254,
        0.00030470171071736327,
        0.000549935466636681,
        0.0008890253879837388,
        0.0012713081127359808,
        0.0004901667921326769,
        0.00030710810257116483,
        0.0014436050233625486,
        0.0009574208002996276,
        0.0003441785905550396,
        0.0003338157128043959,
        0.0006595631654353515,
        0.0007341926026524822,
        0.0003786442715832934,
        0.00032542949479855734,
        0.0013270446837815929,
        0.0009040744324935299,
        0.000349479553188913,
        0.00016672737312650824,
        0.0004827135561209035,
        0.0002541453510601585,
        0.0001735577871220453,
        8.098207170675576e-05,
        0.00031071885115528935,
        0.0002914435411223831,
        0.00013945456134950034,
        0.0001367312195972861,
        0.000385695654674738,
        0.00028568219312811115,
        0.00013428607948195567,
        0.00014158488970885712,
        0.00019897416770870612,
        0.0003194874261755155,
        0.0001846665163315198,
        0.00047870461603312706,
        0.0007539756110543536,
        0.0009219731936228961,
        0.0003830835645061799,
        0.00031605474607317933,
        0.000888734228871243,
        0.0009209322331132636,
        0.0003906367464396676,
        0.0005299361624132317,
        0.0012302628882307422,
        0.0013013764598808742,
        0.00031785350302085153,
        0.0005107991840565655,
        0.001086373093361962,
        0.0012441076824828057,
        0.0005217751031925758,
        0.0006550496298060256,
        0.0012392938542125467,
        0.0010698718267899141,
        0.00036791368728552145,
        0.000515870012057166,
        0.0009755387605652862,
        0.0011656814681666704,
        0.000603298803968307
    ]
}