{
    "bins": [
        -1.0,
        -0.75,
        -0.5,
        -0.25,
        0.0,
        0.25,
        0.5,
        0.75,
        1.0
    ],
    "yvals": [
        -0.00022658836,
        0.00039350072,
        0.00013731904,
        -0.0005360936,
        0.00023406372,
        0.0003138276,
        -0.00030748592,
        2.9102884e-05
    ],
    "yerrs": [
        0.00016644970411508697,
        0.0003927884112343438,
        0.0005325939541526922,
        0.0005423197580763585,
        0.00053799405201173,
        0.0004676709954658296,
        0.0003631150781777039,
        0.0001752041552018673
    ]
}