{
    "bins": [
        0.0,
        0.7853982,
        1.570796,
        2.356194,
        3.141593,
        3.926991,
        4.712389,
        5.497787,
        6.283185
    ],
    "yvals": [
        0.11818138875286446,
        0.1286334135389735,
        0.09324171948489812,
        0.12692164110216592,
        0.1083349843009531,
        0.11124903552084424,
        0.12422557735059171,
        0.11129147260369905
    ],
    "yerrs": [
        0.014443587418327668,
        0.016044447469985016,
        0.01372023274119174,
        0.015592890181454355,
        0.01288934436234145,
        0.016173919746421257,
        0.01721768162382995,
        0.013822383089413677
    ]
}