{
    "bins": [
        [
            -1.0,
            -0.75,
            -0.5,
            -0.25,
            0.0,
            0.25,
            0.5,
            0.75,
            1.0
        ],
        [
            0.0,
            0.7853982,
            1.570796,
            2.356194,
            3.141593,
            3.926991,
            4.712389,
            5.497787,
            6.283185
        ]
    ],
    "zvals": [
        -0.0027033471683535816,
        -0.0016324751609948485,
        0.0007439382325903557,
        0.0018463924705786486,
        -0.001991965856801264,
        -0.0012655805082264027,
        0.0025183710679171586,
        0.0014767921486940382,
        -0.005780965629918683,
        -0.0039829640470090445,
        0.006685863727689657,
        0.003391675823371306,
        -0.005027201495292831,
        -0.005101545967776847,
        0.00333900722945564,
        0.00414652341869982,
        -0.005702686866356455,
        -0.005387129935938196,
        0.006120397556398159,
        0.006422712532101518,
        -0.008324197413286,
        -0.005450322002347856,
        0.0060540312045612565,
        0.005934973096442825,
        -0.010108070021041556,
        -0.006933851864621979,
        0.006732708766765386,
        0.007137503358165722,
        -0.006117382524528963,
        -0.006989388819426585,
        0.007703671259667075,
        0.00712287528106769,
        -0.00810903309938831,
        -0.007599079090875986,
        0.008534745441164863,
        0.00861130202610393,
        -0.007653306985757538,
        -0.00887306053745999,
        0.009838767096427547,
        0.008470329692716307,
        -0.006274137119234548,
        -0.005668465075914396,
        0.010193547729940746,
        0.0071856877841708485,
        -0.00797991846172259,
        -0.007142320199440285,
        0.006799156605950107,
        0.006463831076727979,
        -0.005428863982626902,
        -0.006655704917940946,
        0.004030365750867714,
        0.005803083528244879,
        -0.0038988813315032618,
        -0.004766321788443567,
        0.004277802082511033,
        0.00351248869999669,
        -0.0016872271925247602,
        -0.0017718027730660817,
        0.0019955492629214746,
        0.000768068204823281,
        -0.002170287166506662,
        -0.0006120611460686175,
        0.0028348511200690612,
        0.0021251584546943085
    ],
    "zerrs": [
        0.0008227468241716343,
        0.0005307016393756899,
        0.00031252188174014017,
        0.0006127270902173534,
        0.0006704064038004535,
        0.0005818785611407716,
        0.0007077674294448864,
        0.000523262836484588,
        0.0013203233901880082,
        0.001103802942536729,
        0.0013991065387275554,
        0.0010352935768234907,
        0.0012416334849685816,
        0.0012547915724477577,
        0.0009329987179691783,
        0.001113923913390962,
        0.001398051371435115,
        0.001313231799055063,
        0.0013297007517707306,
        0.001413705986692346,
        0.0016231094096873944,
        0.00126582917459171,
        0.001319305704333742,
        0.0013170228141903121,
        0.001864851071820385,
        0.0015002849507528213,
        0.0014483854949893919,
        0.0015227610208517572,
        0.0013736462620676402,
        0.0015024715734878505,
        0.001480371610385468,
        0.0014435365648766884,
        0.0016955114056655851,
        0.0016324054797571086,
        0.0017120594374361057,
        0.0016777735522409455,
        0.001632626708687338,
        0.001833321019669568,
        0.0017630586171292384,
        0.0015728695772671323,
        0.0014711611790575016,
        0.0013322246345718917,
        0.0018353968035842879,
        0.0015198122824155173,
        0.0017010217007832691,
        0.0017365295756696223,
        0.0014576345626086985,
        0.0014093374066650555,
        0.0012764994905391468,
        0.0015298288739354522,
        0.0010812318878061472,
        0.0013223786851831525,
        0.001184349465990086,
        0.001292366681164999,
        0.0011225972796856695,
        0.0009849023407482655,
        0.0006352588758399461,
        0.0006826809172087646,
        0.0007162866499511987,
        0.00043663699099438314,
        0.0007077480057585386,
        0.00036201164825661584,
        0.000838463208070195,
        0.000698149606830887
    ]
}