{
    "bins": [
        -1.0,
        -0.75,
        -0.5,
        -0.25,
        0.0,
        0.25,
        0.5,
        0.75,
        1.0
    ],
    "yvals": [
        0.0033222828,
        -0.0006042684,
        0.0014339128,
        -0.0006232244,
        0.00036685708,
        -2.3996628e-05,
        -0.00034952684,
        -0.004340192
    ],
    "yerrs": [
        0.0025245375021971848,
        0.002782929966779617,
        0.0016838992843991592,
        0.0006840815156105301,
        0.0006834625959041211,
        0.001717612761946068,
        0.002663863660174822,
        0.002752190109712627
    ]
}