{
    "bins": [
        [
            -1.0,
            -0.75,
            -0.5,
            -0.25,
            0.0,
            0.25,
            0.5,
            0.75,
            1.0
        ],
        [
            0.0,
            0.7853982,
            1.570796,
            2.356194,
            3.141593,
            3.926991,
            4.712389,
            5.497787,
            6.283185
        ]
    ],
    "zvals": [
        0.0009526225041004677,
        0.00044388064239548415,
        -0.00037028507839337516,
        -0.0010241877058666997,
        -0.0013266929633128678,
        -0.0006273461353352059,
        0.0003572114520281438,
        0.0015863569807919046,
        0.0020630421612883756,
        0.0007582302878872336,
        -0.0006389682683174647,
        -0.0023218078963685974,
        -0.001600313726289091,
        -0.0008323071869294296,
        0.0005296326193853308,
        0.0022076526805517717,
        0.0014535622821646393,
        0.0008647831710249253,
        -0.0011858609265620746,
        -0.002518589914171014,
        -0.0018805410759894976,
        -0.00041899434426876574,
        0.0005337090239598269,
        0.0021408753269043213,
        0.001936607952501037,
        0.0009466479279672033,
        -0.0009667185299682456,
        -0.00191201975047078,
        -0.0018133124861535164,
        -0.0010643434284273708,
        0.0007543141184469532,
        0.0028059007025737276,
        0.0028823697329583894,
        0.00039507780643133965,
        -0.0014378330477032028,
        -0.002134743741715994,
        -0.0020555667317716615,
        -0.0012195686772820916,
        0.0007978624850076014,
        0.002446917868392841,
        0.0024808770888448684,
        0.0007150292501455949,
        -0.0005848953014904547,
        -0.0021469770142309836,
        -0.0024725542973116806,
        -0.0016090970437918105,
        0.0012705232251673676,
        0.002784916182623333,
        0.0015805276864652858,
        0.0007846968759016132,
        -0.0005753001662851193,
        -0.0021355188891251453,
        -0.002258017463757228,
        -0.0009990690070512023,
        0.0004925484913381496,
        0.0023527347917870946,
        0.0008650755756761347,
        0.00033009988059554027,
        -0.00047987456041395584,
        -0.0009131435104959391,
        -0.0009093453255546866,
        -0.0002933177319015328,
        0.00016511348386423193,
        0.0013562107364673709
    ],
    "zerrs": [
        0.0003410187364248374,
        0.00018075848975283957,
        0.0001522214462069767,
        0.00033436644768217795,
        0.00038305419143555927,
        0.00020867737825210422,
        0.00015047659813783448,
        0.00044153186810491244,
        0.0005728753697620021,
        0.0002773485747291066,
        0.0002364723003957215,
        0.0006000527222615885,
        0.0004836142798298871,
        0.00026925002088565617,
        0.00022489904814836876,
        0.0005911271658486086,
        0.0004849238715696231,
        0.00028770038948911197,
        0.0003733996071924884,
        0.0006505317687654932,
        0.0005440474892025954,
        0.00019792795211992568,
        0.00020937303472891102,
        0.0005940958236007562,
        0.0005594284533419784,
        0.00033564437625443783,
        0.0003346916738691987,
        0.0005766113265484549,
        0.0005473568941422028,
        0.0003378320372144611,
        0.00031387135528408814,
        0.0006807922655936924,
        0.0006799850355594505,
        0.0002023610819188322,
        0.0004157717058704245,
        0.000616364704588101,
        0.0005940207236246654,
        0.000377557251013472,
        0.000290718452880121,
        0.0006320715341865893,
        0.0006212187511195215,
        0.00025023498567909043,
        0.0002371601422478818,
        0.0006200922528867622,
        0.0006618413695449598,
        0.0004560997364145073,
        0.0003843768054157388,
        0.0006756105577017307,
        0.00047769124735429154,
        0.00026875118918532535,
        0.00022635267582411678,
        0.0006167904324625321,
        0.0006271358418452616,
        0.0003354382791948934,
        0.0002428744101601049,
        0.0006082091587544315,
        0.00031371930552224293,
        0.00014941102278063356,
        0.00019052487550621234,
        0.0003635821481754491,
        0.0003577764897352838,
        0.00016040433391518763,
        9.926636146756177e-05,
        0.0004149909324185775
    ]
}