{
    "bins": [
        -1.0,
        -0.75,
        -0.5,
        -0.25,
        0.0,
        0.25,
        0.5,
        0.75,
        1.0
    ],
    "yvals": [
        -0.29258132,
        -0.04518156,
        0.1246784,
        0.24026112,
        0.21290308,
        0.1294546,
        -0.05330452,
        -0.31887368
    ],
    "yerrs": [
        0.03888835918369403,
        0.00826580812746098,
        0.012549385323592547,
        0.021006859831969173,
        0.019766460482342305,
        0.012671505040838677,
        0.008577860805585504,
        0.03966969624285016
    ]
}