{
    "bins": [
        -1.0,
        -0.75,
        -0.5,
        -0.25,
        0.0,
        0.25,
        0.5,
        0.75,
        1.0
    ],
    "yvals": [
        -0.0027856988,
        0.005311968,
        -0.0008683964,
        -0.0004566672,
        -0.0005985384,
        0.0020191936,
        -0.0010109964,
        -0.008054104
    ],
    "yerrs": [
        0.0032481583705232108,
        0.002584425971081393,
        0.0017019395993982866,
        0.0006612137929595843,
        0.0006242197049116602,
        0.0017162083789563551,
        0.002627835611296871,
        0.0037154746668494457
    ]
}