{
    "bins": [
        0.0,
        0.7853982,
        1.570796,
        2.356194,
        3.141593,
        3.926991,
        4.712389,
        5.497787,
        6.283185
    ],
    "yvals": [
        0.007435577265137608,
        0.0076650902256156055,
        -0.006759010081512814,
        -0.006353896554490138,
        0.006839933384093158,
        0.006936097367194724,
        -0.007937817514177527,
        -0.007631477289221518
    ],
    "yerrs": [
        0.0010625366975654308,
        0.0010724350559652683,
        0.0010434476402637635,
        0.0008665641712775966,
        0.0008218271314251977,
        0.0009245879661429864,
        0.0011852269261254634,
        0.001107911725582423
    ]
}