{
    "bins": [
        0.0,
        0.7853982,
        1.570796,
        2.356194,
        3.141593,
        3.926991,
        4.712389,
        5.497787,
        6.283185
    ],
    "yvals": [
        -0.00013022196893244724,
        -0.00031987459093977595,
        -0.00036999470332239203,
        -0.000115955011401848,
        0.00014271286659757213,
        0.0003313759393326696,
        0.0002988819681231682,
        0.00013596762405812087
    ],
    "yerrs": [
        1.0626874285026606e-05,
        2.344709647564253e-05,
        2.5576554675744734e-05,
        1.0231394613950978e-05,
        1.1261473226301286e-05,
        2.4057747436490308e-05,
        2.2728728626053206e-05,
        1.0940613403164686e-05
    ]
}