{
    "bins": [
        0.0,
        0.7853982,
        1.570796,
        2.356194,
        3.141593,
        3.926991,
        4.712389,
        5.497787,
        6.283185
    ],
    "yvals": [
        0.014578439319061337,
        0.01178362480770891,
        -0.01368898316522324,
        -0.014334955863198197,
        0.011466954333980983,
        0.015203832961122899,
        -0.011378240077005547,
        -0.013620839370612101
    ],
    "yerrs": [
        0.001160601407128238,
        0.0011352372114389368,
        0.0013818342076790044,
        0.0012914476976108253,
        0.0010517061021442758,
        0.0013837908590316084,
        0.0012696551772034177,
        0.0012696357691697304
    ]
}