{
    "bins": [
        [
            -1.0,
            -0.75,
            -0.5,
            -0.25,
            0.0,
            0.25,
            0.5,
            0.75,
            1.0
        ],
        [
            0.0,
            0.7853982,
            1.570796,
            2.356194,
            3.141593,
            3.926991,
            4.712389,
            5.497787,
            6.283185
        ]
    ],
    "zvals": [
        -0.0005336645793178542,
        -0.0007785980556604563,
        0.0008132457683874928,
        0.001398733128002455,
        -0.0003960040641814722,
        -0.0006192508766256091,
        0.0006757959658669873,
        0.000535719214971263,
        -0.0016126362398080362,
        -0.0015822570422275182,
        0.0016185266578218945,
        0.0025434807021653964,
        -0.002615345086185602,
        -0.002555971367383162,
        0.002678624595428051,
        0.0026601559973414763,
        -0.002880962039383334,
        -0.0032564476243758253,
        0.0034258875118093,
        0.0028276068596980643,
        -0.0031407444378518906,
        -0.002535721252154959,
        0.0032047608982961515,
        0.0023622499675323857,
        -0.0037862831873054963,
        -0.002789029966725142,
        0.003194605537574581,
        0.0022285656080539957,
        -0.002290501376372233,
        -0.0037348849882479973,
        0.0033577630704432664,
        0.004254692270670413,
        -0.0042878926893389875,
        -0.0027965517601398933,
        0.0029829462259898807,
        0.003866819794779469,
        -0.0036506698514638426,
        -0.002935872513044342,
        0.003052363260410646,
        0.003998602491984956,
        -0.0015275206895050178,
        -0.003669013078468007,
        0.0029662764611063444,
        0.0019145453457414638,
        -0.0022359491620808805,
        -0.002844281752690993,
        0.002480785538032947,
        0.0017844547605163246,
        -0.0034123337690358854,
        -0.0010154303971821668,
        0.0017833572278004276,
        0.0017752989244957025,
        -0.001807066480943419,
        -0.0025683156819854397,
        0.001840319939699363,
        0.0018588073817351208,
        -0.0006836654323883095,
        -0.0006024641270958487,
        0.0006322124578875933,
        0.0011290149338107128,
        -0.001104540118513161,
        -0.0008104400571430028,
        0.0002012889261240798,
        0.0005935110606342263
    ],
    "zerrs": [
        0.0002205274900732916,
        0.0003116110745965744,
        0.00031197387312012937,
        0.00042465976427334554,
        0.000173170125698135,
        0.00023087306065676852,
        0.00027026161422669315,
        0.00024382326268279576,
        0.0005163561158480053,
        0.000502897966060141,
        0.0005626659785719805,
        0.0007122198985311949,
        0.0006622190631421818,
        0.0006682298290658224,
        0.0006376688014883329,
        0.0006051211473082367,
        0.0007476040724305883,
        0.0008127506569198101,
        0.000859682618802805,
        0.0007699360496158523,
        0.0007801748647867005,
        0.0007086136746966944,
        0.0007860736346831388,
        0.0006032300096326555,
        0.0008798946772108483,
        0.0007973053710860296,
        0.0008632523843416233,
        0.0006471499853750029,
        0.0006597786674849674,
        0.0009028967863422339,
        0.0008021593498365677,
        0.0009003231297677172,
        0.0009280082132692882,
        0.0007914365629082673,
        0.0007770151839407457,
        0.0009199684356865694,
        0.0008736447195378778,
        0.0008309644887153973,
        0.0008224698701368675,
        0.0008551222643352063,
        0.0005148663103833932,
        0.0009255784276586671,
        0.0008142560412436672,
        0.0005812757238984792,
        0.000635183291668135,
        0.0007533056593979504,
        0.00067705295186186,
        0.0005811753843749597,
        0.0007457302688486189,
        0.00041614926151659705,
        0.0005502461067831392,
        0.0005332652297518456,
        0.000518347420245458,
        0.0006721627712778152,
        0.0005641622006477316,
        0.0005220929115799116,
        0.00024001452511380501,
        0.00024302089985128958,
        0.000259927595921083,
        0.0003327943982738693,
        0.00032745957596938205,
        0.0002845844727595601,
        0.00013090112040300386,
        0.000268250470847905
    ]
}