{
    "bins": [
        0.0,
        0.7853982,
        1.570796,
        2.356194,
        3.141593,
        3.926991,
        4.712389,
        5.497787,
        6.283185
    ],
    "yvals": [
        2.4771599934911995e-05,
        -1.585479358358274e-05,
        -1.1698299460910266e-05,
        -8.286390738974713e-06,
        6.894972994583635e-05,
        -3.4789889966615656e-05,
        -1.684817124566144e-05,
        -2.5709907588254626e-05
    ],
    "yerrs": [
        4.060276673875517e-05,
        1.8842452702282907e-05,
        1.9493550975563078e-05,
        3.88453870481707e-05,
        3.9188867304864833e-05,
        1.636394532033609e-05,
        1.8574290988534198e-05,
        4.000658271489179e-05
    ]
}