{
    "bins": [
        -1.0,
        -0.75,
        -0.5,
        -0.25,
        0.0,
        0.25,
        0.5,
        0.75,
        1.0
    ],
    "yvals": [
        0.0004536832,
        0.00038515216,
        -0.0016563856,
        0.0019078404,
        0.00016614016,
        -0.0018859024,
        2.7111788e-05,
        0.0011752472
    ],
    "yerrs": [
        0.0010354063936445438,
        0.0012176614964759295,
        0.0012878322872175553,
        0.001354319903124812,
        0.0014063240024972908,
        0.0013595122654834711,
        0.0013137415270897087,
        0.00115267230382273
    ]
}