{
    "bins": [
        [
            -1.0,
            -0.75,
            -0.5,
            -0.25,
            0.0,
            0.25,
            0.5,
            0.75,
            1.0
        ],
        [
            0.0,
            0.7853982,
            1.570796,
            2.356194,
            3.141593,
            3.926991,
            4.712389,
            5.497787,
            6.283185
        ]
    ],
    "zvals": [
        0.0017610577666208047,
        0.0008380614256877215,
        -0.0003573673475104343,
        -0.003283069624483861,
        -0.0025812680959207937,
        -0.0007366975724409792,
        0.001338270787549752,
        0.000979207993908821,
        0.0028703269246097072,
        0.0013673468400344385,
        -0.0010116908879319788,
        -0.0027505861352000705,
        -0.001757552731226715,
        -0.0009888469285636076,
        0.0013431747980005044,
        0.0035804919289328476,
        0.0018169275152400397,
        0.0006522967087506485,
        -0.001137768621768836,
        -0.0025953106637518005,
        -0.0016807152551954543,
        -0.0008037341577136689,
        0.0005959409114869151,
        0.0025238225714860497,
        0.0007406637804874012,
        0.00016521497768392016,
        -0.0003336906383769758,
        -0.0006604113323291728,
        -0.0007758965518119473,
        -0.0002575435639000864,
        0.0002885348829510644,
        0.0005939765571086254,
        -0.0006678966160095605,
        -0.0003902613936529998,
        0.0002764198024441112,
        0.0006665162547953333,
        0.0008042979483013705,
        0.00030470288949042404,
        -0.00019397334854430497,
        -0.000907895360059486,
        -0.0014841694315062093,
        -0.000981266817910618,
        0.0010133012816431926,
        0.0015082988391887436,
        0.0023029368549448807,
        0.0007357553749818565,
        -0.00111519917290342,
        -0.002195351146807097,
        -0.0029866159611773996,
        -0.001093125038038049,
        0.0006127700859946169,
        0.0017727076301344922,
        0.0027336316109794006,
        0.0006502517195103631,
        -0.0008781203924634392,
        -0.0018743123868408124,
        -0.0025970484780841107,
        -0.0010188880080896584,
        0.0006856849648203843,
        0.00281195010434187,
        0.0020934339023017624,
        0.001622397306843155,
        -0.000848679013697514,
        -0.0010487559173820156
    ],
    "zerrs": [
        0.0005418222720726662,
        0.00028961737050388976,
        0.00018601847991360016,
        0.0007712350019840359,
        0.0007335415552347717,
        0.0003368085266829647,
        0.00043836233596390413,
        0.00043883695398466076,
        0.0007196778477293668,
        0.00039119072639824074,
        0.000348036304578869,
        0.000713061948841587,
        0.0006227658395033416,
        0.0003966888590698284,
        0.00043706780963433486,
        0.0008458874825809317,
        0.0004930007752536683,
        0.0002706154536834889,
        0.00031955066460973556,
        0.0005881110209550277,
        0.0005151361480810368,
        0.00029766144365688435,
        0.0002565669395173802,
        0.0005849912741186598,
        0.000192888344158691,
        7.889446299099341e-05,
        0.00012151252159630495,
        0.00020749123303623023,
        0.0002233268142964328,
        0.00010254090065840069,
        0.00014713584801760994,
        0.00019378539244108394,
        0.00021843654457086203,
        0.0001416080802504144,
        0.00010264818598916558,
        0.00020494734177648415,
        0.00021666995349162234,
        0.0001176742752575823,
        9.017828971915823e-05,
        0.00025639764672581494,
        0.00045559237381144897,
        0.0003335963406011068,
        0.0003210601665529516,
        0.00042327220568255273,
        0.0005510035858587232,
        0.0002686940266788983,
        0.0003565176962402434,
        0.0005539421447560073,
        0.0008010826209702773,
        0.00037589819975339666,
        0.00028109393452307486,
        0.0005926632597625913,
        0.0007330672205368323,
        0.00030712448730047166,
        0.0003377316728192763,
        0.0006256069732210487,
        0.0007352592803305698,
        0.000381769660197009,
        0.00028242780334644587,
        0.0007120547202864799,
        0.0006156679972177498,
        0.0003998913304947319,
        0.0003276364448355138,
        0.0004253478141737022
    ]
}