{
    "bins": [
        [
            -1.0,
            -0.75,
            -0.5,
            -0.25,
            0.0,
            0.25,
            0.5,
            0.75,
            1.0
        ],
        [
            0.0,
            0.7853982,
            1.570796,
            2.356194,
            3.141593,
            3.926991,
            4.712389,
            5.497787,
            6.283185
        ]
    ],
    "zvals": [
        -0.0001223592312791142,
        -0.00027259449924611453,
        -0.0005171115790974768,
        -0.0004919976725205915,
        0.0003919260298600199,
        0.0006222582690559437,
        0.000879078887392125,
        0.0003312895627439847,
        -0.000490065039619393,
        -0.0021184887454484846,
        -0.0008222674363825732,
        -0.0004039813648858733,
        0.00032598743566955856,
        0.0023958196990570392,
        0.0014066065867241835,
        0.0003575732049228545,
        -0.0005082898331063147,
        -0.0015815430091604534,
        -0.001412719665698156,
        -0.0007046711289421046,
        0.0006843450072447343,
        0.0013874346509667713,
        0.0014583479968118078,
        0.0007596576512799882,
        -0.0007523251262862582,
        -0.002671349983409681,
        -0.003123546533095323,
        -0.0009356141273416443,
        0.000750675199071044,
        0.0019972788318788695,
        0.001517570454724866,
        0.0010076307808270458,
        -0.0005303368405988198,
        -0.001631018064985667,
        -0.0010853783686742265,
        -0.000600921060505552,
        0.001052760511231248,
        0.0016251963972406351,
        0.0019619657804068767,
        0.0004515765000674818,
        -0.0005370340802920097,
        -0.001833847255492694,
        -0.0015309313239911487,
        -0.0004888414678399132,
        0.00018661570312122,
        0.001098631776500577,
        0.0011024937674911322,
        0.0008215513663136398,
        -0.00036122608888077413,
        -0.0015963981564501453,
        -0.0012260744234133525,
        -0.00033317251486187277,
        0.00041889895314222835,
        0.0019461669115531238,
        0.001230856202842381,
        0.0008844952495422704,
        -0.00035332874457822793,
        -0.000951604397160267,
        -0.0007950832571511515,
        -0.00029991319062030894,
        0.0005223349180924828,
        0.0007839948662970877,
        0.000625562581009883,
        0.00033693067718532527
    ],
    "zerrs": [
        5.3566684749748746e-05,
        0.0001525581685307238,
        0.0002037405227082039,
        0.0001670155409609154,
        0.00013942905872691027,
        0.0002288702444075663,
        0.0003058255656627356,
        0.00012930710583648858,
        0.00019647546583899408,
        0.0005347218087619737,
        0.0003382520615638144,
        0.00016541092014315972,
        0.000165938272386884,
        0.0005860619805251899,
        0.00044775057524122625,
        0.00013331237917016829,
        0.00018679397900157345,
        0.0005013538650954163,
        0.0004508247416154276,
        0.00019712793219029177,
        0.00024215454681952454,
        0.00046386984762457193,
        0.00046329757502552063,
        0.00022943852026374178,
        0.0002509943298195646,
        0.0006493776329942778,
        0.0006873693337382994,
        0.00025741926522683783,
        0.00023139270541720243,
        0.0005557842134705337,
        0.00046125056719008783,
        0.0002577100784263317,
        0.00018957840730930275,
        0.0004965458656989402,
        0.0004121359063556133,
        0.00017954771366927332,
        0.00028055591172141433,
        0.0004913895474805189,
        0.000529260902364517,
        0.00017373844983036986,
        0.00019292464837703557,
        0.0005328385677102616,
        0.0004868160441136031,
        0.0001809734736204282,
        7.014460115825182e-05,
        0.000390819867592311,
        0.00037055242355504603,
        0.00023859647072123477,
        0.00013729080592396394,
        0.00048445037318371915,
        0.00041115677895101044,
        0.00014152719160926216,
        0.00016664229558939028,
        0.0005049111859318715,
        0.000391495084306701,
        0.00021772159497816478,
        0.0001295576728485233,
        0.0003089672118466308,
        0.0002891386936747704,
        0.00012657190579961545,
        0.00017920103774798286,
        0.0002701273124773418,
        0.0002571898527975034,
        0.0001329150252878142
    ]
}