{
    "bins": [
        -1.0,
        -0.75,
        -0.5,
        -0.25,
        0.0,
        0.25,
        0.5,
        0.75,
        1.0
    ],
    "yvals": [
        0.3805934,
        0.35439372,
        0.30680388,
        0.26110808,
        0.21948576,
        0.25150692,
        0.2964964,
        0.4982664
    ],
    "yerrs": [
        0.05510875066629618,
        0.04425704915603841,
        0.03683928338065224,
        0.02974012239383019,
        0.02795488651381007,
        0.03241353791242172,
        0.04102880939047586,
        0.06406976197864325
    ]
}