{
    "bins": [
        -1.0,
        -0.75,
        -0.5,
        -0.25,
        0.0,
        0.25,
        0.5,
        0.75,
        1.0
    ],
    "yvals": [
        0.0007395604,
        -0.0011622604,
        -0.00044532,
        -0.0017879612,
        0.0038687304,
        -0.0015856704,
        0.00021083064,
        -0.0007471024
    ],
    "yerrs": [
        0.0012450844148088915,
        0.0024806876466012405,
        0.003167211012862894,
        0.0033705987598644845,
        0.0031895883119926307,
        0.0028930731065771567,
        0.0025760726697824344,
        0.0013307164987329193
    ]
}