{
    "bins": [
        -1.0,
        -0.75,
        -0.5,
        -0.25,
        0.0,
        0.25,
        0.5,
        0.75,
        1.0
    ],
    "yvals": [
        -0.006316912,
        0.0015557756,
        0.0014017776,
        0.00012037672,
        0.000719698,
        -0.00184647,
        0.0035140088,
        -0.007550772
    ],
    "yerrs": [
        0.0036527985983352547,
        0.0028849562908300707,
        0.001872861767456424,
        0.0006812165588122473,
        0.0007095182591026111,
        0.001825124214950862,
        0.0028042031310160113,
        0.003577577057171515
    ]
}