{
    "bins": [
        -1.0,
        -0.75,
        -0.5,
        -0.25,
        0.0,
        0.25,
        0.5,
        0.75,
        1.0
    ],
    "yvals": [
        -0.4650724,
        -0.07541176,
        0.24035596,
        0.34761404,
        0.34722272,
        0.23101132,
        -0.05939272,
        -0.5548956
    ],
    "yerrs": [
        0.04937882947174831,
        0.010871582037587722,
        0.01754579835744159,
        0.025594196217111412,
        0.02590265777869136,
        0.017568913455305084,
        0.010559736360345367,
        0.060766596086995035
    ]
}