{
    "bins": [
        [
            -1.0,
            -0.75,
            -0.5,
            -0.25,
            0.0,
            0.25,
            0.5,
            0.75,
            1.0
        ],
        [
            0.0,
            0.7853982,
            1.570796,
            2.356194,
            3.141593,
            3.926991,
            4.712389,
            5.497787,
            6.283185
        ]
    ],
    "zvals": [
        0.0003099425488879399,
        0.00047473165827558974,
        0.0006897873434869965,
        0.0004209792984202934,
        -0.00026743200262796686,
        -0.00023067051354854487,
        -0.0007445947150361984,
        -0.00034051530561575157,
        0.0006610521898318585,
        0.0007853630351396451,
        0.001525539408045348,
        0.00033419619836541685,
        -0.00044456975953592945,
        -0.0016687615705667704,
        -0.0014964830569978535,
        -0.00045300283423181637,
        0.0006811576598978709,
        0.0014761961390775478,
        0.001506880842579177,
        0.0005303821369775109,
        -0.0005463741949941302,
        -0.0012714822293919774,
        -0.001796077912090431,
        -0.0005604796549010822,
        0.00043237893847986915,
        0.001782102267156847,
        0.0012381039931346912,
        0.0009204457861545533,
        -0.0008875169022584724,
        -0.0009787756016694724,
        -0.0016243275383945469,
        -0.0003810296944988401,
        0.0007594501744465419,
        0.001450178240886338,
        0.0017577951560864688,
        0.0008210456086651498,
        -0.00064799859434325,
        -0.0014578499053982824,
        -0.0016426902029289612,
        -0.000641107311197635,
        0.0005297465667733895,
        0.0012580213491812683,
        0.0014418462995831418,
        0.0005694318429231512,
        -0.0004869842296517178,
        -0.0014146641575354154,
        -0.0015789553831305916,
        -0.0008406071826004143,
        0.0005557160686133479,
        0.0012753562589556528,
        0.0012520490248256301,
        0.0004452621915739643,
        -0.00048557984614170123,
        -0.0014021497380945715,
        -0.0009733011797840079,
        -0.00037834916819243247,
        0.0001002467792770597,
        0.0010671723297416926,
        0.00085933908667962,
        0.00017898189327972153,
        -0.00033971861400207274,
        -0.0010298070532392496,
        -0.001193706630268985,
        -0.0003682413757101496
    ],
    "zerrs": [
        9.47428717366146e-05,
        0.00017386751148986286,
        0.00022760804640361028,
        0.00012224996317579737,
        8.895519248219703e-05,
        0.00011542689604553695,
        0.00020302761176616325,
        9.099187075828753e-05,
        0.00014984377226977792,
        0.00023020744993762122,
        0.0003286169346677923,
        9.457369172193614e-05,
        0.00012192139143428647,
        0.0003233251444366557,
        0.0002965525688415991,
        0.00010763224417756441,
        0.00013618413355949888,
        0.00031031877044293766,
        0.00031688337539687955,
        0.00013227392537666058,
        0.00012373783374826776,
        0.0002733488535334856,
        0.0003217602506580424,
        0.000127484796544172,
        0.00010605961104235895,
        0.0003331957867874883,
        0.00027247884054283644,
        0.00017116580008226642,
        0.00016330794375186213,
        0.00024019909785693043,
        0.0003146227663262124,
        0.00010439636000767392,
        0.00014622278718665383,
        0.0002922095150235364,
        0.00032417295662228503,
        0.00015764460100005633,
        0.0001488736103396624,
        0.00030041578908343716,
        0.000319185389451722,
        0.0001366523913955706,
        0.0001237039435814748,
        0.00027007389155889384,
        0.00028637085285607925,
        0.00012018323967015483,
        0.00011734042139842687,
        0.0002985037675580761,
        0.0003193858856642057,
        0.00016882011424191795,
        0.00013027414093731693,
        0.0002793821013804256,
        0.00026878171393110846,
        0.00011125200620468343,
        0.0001278336116820552,
        0.0003152984800272576,
        0.0002621322916166153,
        0.00011562603583818802,
        4.084343020697384e-05,
        0.00023641218893465292,
        0.00021246889608938818,
        6.0453520813504945e-05,
        0.00011082220789964226,
        0.0002618927704133806,
        0.00028231619541739446,
        0.000107113239097051
    ]
}