{
    "bins": [
        [
            -1.0,
            -0.75,
            -0.5,
            -0.25,
            0.0,
            0.25,
            0.5,
            0.75,
            1.0
        ],
        [
            0.0,
            0.7853982,
            1.570796,
            2.356194,
            3.141593,
            3.926991,
            4.712389,
            5.497787,
            6.283185
        ]
    ],
    "zvals": [
        -0.006823820069870289,
        -0.00532257666115184,
        -0.004941051033998051,
        -0.00534178933255581,
        -0.005251014135508364,
        -0.0068387645499479255,
        -0.004349543034232326,
        -0.007675991026205823,
        -0.005015723743700965,
        -0.006096176994638895,
        -0.0025138923195628213,
        -0.0037389820969978317,
        -0.005360329412603545,
        -0.005663890155055145,
        -0.004289096228918333,
        -0.004307135999837026,
        -0.002195663295383157,
        -0.0022344503638792976,
        -0.003772956895739486,
        -0.0033274088711597546,
        -0.0014620974334031912,
        -0.002630951950476065,
        -0.0029314431663946187,
        -0.001512709225131717,
        -0.0009028480075457265,
        -0.0006070447358013989,
        -0.0009976959452405025,
        -0.0008474367805408462,
        -0.0008638463556056926,
        -0.0008720169901120199,
        -0.0009228136562609024,
        -0.0008807402106957239,
        0.0008499362488989661,
        0.0009021033672363228,
        0.0007170387497803663,
        0.0013198218994421944,
        0.000644717200705884,
        0.0007362814776711937,
        0.0008751883758298342,
        0.0009826207858945402,
        0.002645840033756125,
        0.002606195229984092,
        0.001949335750791319,
        0.0024314092582241637,
        0.002764930391979607,
        0.0035708163249715437,
        0.002568999157115247,
        0.0029511147214533275,
        0.004199291518620745,
        0.0044201132216056625,
        0.003953986131871995,
        0.00528886846048951,
        0.002704149997835491,
        0.004411079732823359,
        0.004226772158829027,
        0.002575228355559857,
        0.007143306414504133,
        0.007300794578237933,
        0.008228577103583153,
        0.006577548481727122,
        0.0056966175111217475,
        0.003262543067336561,
        0.007170682889439496,
        0.00532183173371972
    ],
    "zerrs": [
        0.0019614990472992476,
        0.0019967477728643004,
        0.0017774777971071038,
        0.0014996259705410003,
        0.0018581723026899015,
        0.0021388100465046397,
        0.0015877732321065599,
        0.0020892607516135252,
        0.0010835589692207309,
        0.0011609468054106565,
        0.0007426070743272914,
        0.0009147661972818446,
        0.0010680872955654913,
        0.0011027013023984253,
        0.0009642454144254671,
        0.0009377212646443098,
        0.000468509170663723,
        0.0004673637867202767,
        0.0006452234662911884,
        0.0005737949854868202,
        0.0003430141508503232,
        0.0005032359956085052,
        0.0005663247011881217,
        0.0003860957249458478,
        0.00018879231695800373,
        0.00014794421830370525,
        0.00018599853906549433,
        0.0001809831478533032,
        0.00017356981424639523,
        0.00018838139560411644,
        0.00019315587583576606,
        0.00017877534731150564,
        0.00017349862215082317,
        0.00018972689614848152,
        0.00015951562173206714,
        0.0002213891389847807,
        0.0001448001846738966,
        0.00017149249932963887,
        0.00019462462359057426,
        0.00018887423188373016,
        0.0004879789420192749,
        0.000491205337481913,
        0.00041955858793033327,
        0.0004633831676440971,
        0.000492351518627953,
        0.0006175748076750536,
        0.0005321435678755726,
        0.0005653581624565593,
        0.000952988378348417,
        0.0008972591067716765,
        0.0008798869419659214,
        0.0009730788308152793,
        0.0006848566503613224,
        0.0009659770287375663,
        0.0009631072748181531,
        0.0007344211452123792,
        0.0020416505320782915,
        0.0018513636595872385,
        0.0019318877323604064,
        0.00167574476314185,
        0.0016014431932506778,
        0.00119438776628429,
        0.0020112720874678088,
        0.0017274128538128037
    ]
}