{
    "bins": [
        0.0,
        0.7853982,
        1.570796,
        2.356194,
        3.141593,
        3.926991,
        4.712389,
        5.497787,
        6.283185
    ],
    "yvals": [
        0.09222561243455868,
        0.12324611808181789,
        0.09291538812169119,
        0.10247395272975902,
        0.10860242832296488,
        0.10288123982999704,
        0.1127587668927092,
        0.10733945082620534
    ],
    "yerrs": [
        0.0120846566308716,
        0.01605810234715381,
        0.014384567272642425,
        0.013400630815127127,
        0.014446234091781456,
        0.014331178035644416,
        0.01480468588347448,
        0.013474583272071324
    ]
}