{
    "bins": [
        [
            -1.0,
            -0.75,
            -0.5,
            -0.25,
            0.0,
            0.25,
            0.5,
            0.75,
            1.0
        ],
        [
            0.0,
            0.7853982,
            1.570796,
            2.356194,
            3.141593,
            3.926991,
            4.712389,
            5.497787,
            6.283185
        ]
    ],
    "zvals": [
        0.0016443582376430197,
        0.004048085696191153,
        0.002856796681427761,
        0.002048396802134966,
        0.0038084395427541184,
        0.0036682894532453617,
        0.0018769474839508127,
        0.0020128581941894434,
        0.00186877382708542,
        0.001683472502724097,
        0.002105310173950023,
        0.002933104829519773,
        0.0024318014560770454,
        0.0014299460910264608,
        0.0021607816673839255,
        0.0017560992006600482,
        0.001452157644364349,
        0.0009413593977472308,
        0.0010184344752596775,
        0.0008741207971998947,
        0.00131870211026766,
        0.0015792298936335466,
        0.00058819248330146,
        0.0017076203402606072,
        0.00048789034657833433,
        0.0004938903062881001,
        0.0004081094171362801,
        0.00030792374321841513,
        0.00020971991270667858,
        0.000346315269455741,
        0.0003680581310367483,
        0.00037783768229610986,
        -0.0005007062659425498,
        -0.0003335174608332236,
        -0.0003117679953348494,
        -0.000511202076906133,
        -0.0003320649657880462,
        -0.000483186002510829,
        -0.0002848839951209451,
        -0.00026850274637826946,
        -0.0010839087739187587,
        -0.00112018291877059,
        -0.0014125892859416505,
        -0.0015998151258150319,
        -0.001088683189924089,
        -0.0013155429476520188,
        -0.001210800129361165,
        -0.0012450029157191644,
        -0.0019356255209141042,
        -0.0016536124751049721,
        -0.0022862869526023757,
        -0.0016576639389660544,
        -0.0014871390046829755,
        -0.0030480103081494993,
        -0.0021058469718537613,
        -0.001264602150756687,
        -0.003222448434437461,
        -0.0031321926290091466,
        -0.002835717941731454,
        -0.0023498048762476144,
        -0.0020755555781909294,
        -0.002800994145643356,
        -0.003415522830463027,
        -0.0025971270616935624
    ],
    "zerrs": [
        0.0004795163925340207,
        0.000813456451049476,
        0.0006966328668452156,
        0.0005729666915857062,
        0.0007831267399477553,
        0.0007862000038253035,
        0.0005676728518048788,
        0.0005419681613089303,
        0.00038583854081081757,
        0.0004113211268149034,
        0.0004996692160339996,
        0.000544809084130069,
        0.0004727684086355746,
        0.0004003960045297967,
        0.0005160266122366813,
        0.00040620515083588277,
        0.00025722916717218266,
        0.00024949981708829023,
        0.00026842774922075316,
        0.00021877080744646448,
        0.00025924043020632287,
        0.00033010556596254964,
        0.00019953262756105695,
        0.0002989028229262279,
        9.898496230889739e-05,
        0.00011437934456983097,
        0.00011258078267740037,
        8.630574598846636e-05,
        6.516205998531788e-05,
        0.00010125290986940878,
        0.00010920567084658795,
        9.174250439191565e-05,
        9.701814854627853e-05,
        8.926950175758667e-05,
        9.870434876489463e-05,
        0.00010857697497988726,
        7.871352628479212e-05,
        0.00011124658713252897,
        8.909335604008539e-05,
        6.903113133783972e-05,
        0.0002227865538473785,
        0.0002718968934519552,
        0.0003085615074092476,
        0.00029910595434885,
        0.00023706524468041225,
        0.00030081511036303274,
        0.0002969511891154623,
        0.0002617287064202806,
        0.0003983685852884584,
        0.0004156300470947749,
        0.0005166299458146643,
        0.0004070526996239703,
        0.00036577716927952466,
        0.0006021323236756344,
        0.0005151910290459871,
        0.00034304810190048467,
        0.0006831870405287851,
        0.000705375401877353,
        0.0007120467021688343,
        0.0006140692485178254,
        0.0006066815475717248,
        0.0007046051587265979,
        0.0007871451485964642,
        0.0006360457712753901
    ]
}