{
    "bins": [
        [
            -1.0,
            -0.75,
            -0.5,
            -0.25,
            0.0,
            0.25,
            0.5,
            0.75,
            1.0
        ],
        [
            0.0,
            0.7853982,
            1.570796,
            2.356194,
            3.141593,
            3.926991,
            4.712389,
            5.497787,
            6.283185
        ]
    ],
    "zvals": [
        0.009925395805592627,
        0.005494576124353798,
        -0.0016824188500607338,
        -0.009652423799877515,
        -0.011739276137703428,
        -0.002932387401037436,
        0.002447395587969412,
        0.008545929579652611,
        0.010552349114118162,
        0.006845606137424881,
        -0.0029837875828560814,
        -0.01284027099601604,
        -0.015668631700106184,
        -0.00712182103850532,
        0.005303665148115988,
        0.010266351582255114,
        0.008999195567293125,
        0.0012256408153931675,
        -0.0035167443767363817,
        -0.003828937393605034,
        -0.007132424579639875,
        -0.002860186045800983,
        0.0017521022462496725,
        0.009456647457722074,
        0.0032543150722779855,
        0.0014177177476178313,
        -0.0014696238085658486,
        -0.0024023437768573683,
        -0.0021102625675135404,
        -0.0010291597381200362,
        0.0008928787697447666,
        0.002503208309672294,
        -0.00427744856048817,
        -0.0013223087714276764,
        0.0013873093641695042,
        0.0018940136160091878,
        0.0034907707939159493,
        0.0011101296412774162,
        -0.0010008902492748902,
        -0.0019926233578389557,
        -0.007776254134526918,
        -0.002355435678582242,
        0.0030845543278694375,
        0.010528075538675248,
        0.009153468687213359,
        0.002937799688820191,
        -0.0024667656398412023,
        -0.010556731746197472,
        -0.010763243409521438,
        -0.003095695455220272,
        0.00444083280069468,
        0.009685507620967178,
        0.011582234739584259,
        0.003846759986656448,
        -0.005993282386764419,
        -0.007350219888515123,
        -0.010584765791416378,
        -0.0030248793668635177,
        0.0029120756610024477,
        0.0050085935938293785,
        0.008044033725576074,
        0.004808148734781602,
        -0.006708939925999304,
        -0.008762691017802441
    ],
    "zerrs": [
        0.0028023058710126515,
        0.0016917669633653499,
        0.0009841023279478782,
        0.00295694047423795,
        0.0033999659051769096,
        0.0012897638476962413,
        0.0010577448588605432,
        0.002581145708309271,
        0.0025949442869718066,
        0.00162604280678638,
        0.0009764836614972781,
        0.0029062969585664554,
        0.003387069851687997,
        0.0019058885100245095,
        0.0014940700916591008,
        0.002510689438334817,
        0.0018401759882579743,
        0.0004422478080040571,
        0.0008599657352012167,
        0.001172013255819133,
        0.0018215650624845187,
        0.0008862309575480657,
        0.0005684931199380504,
        0.0018810588298287829,
        0.0007441829377448584,
        0.00035326409475555453,
        0.00037346653080034756,
        0.0005478807690164062,
        0.0005297865015920644,
        0.00029544879437989766,
        0.0002762858802891687,
        0.0006184662474597279,
        0.0008045348739251255,
        0.0003642176522769381,
        0.0003449924124180411,
        0.0004724184376457446,
        0.000786805337156459,
        0.00034228528322904114,
        0.0003122789394470448,
        0.0006087464855479644,
        0.0017327729422372136,
        0.0007042610576585876,
        0.000750992717540173,
        0.0018373832034675635,
        0.0017622154141419834,
        0.0008495027003107376,
        0.0007872281839830983,
        0.0020743779905486115,
        0.0027393169193942377,
        0.0009464633767983946,
        0.0011226378292033103,
        0.0021877715048589444,
        0.002605762711966572,
        0.0013046698404254706,
        0.001717323652676552,
        0.0023519184301018614,
        0.003003164470982521,
        0.0010336160583470945,
        0.0010200575654028252,
        0.0017111752833927657,
        0.002352365043693475,
        0.0014620562560451944,
        0.0020177492081173906,
        0.0029405315040392493
    ]
}