{
    "bins": [
        -1.0,
        -0.75,
        -0.5,
        -0.25,
        0.0,
        0.25,
        0.5,
        0.75,
        1.0
    ],
    "yvals": [
        0.0001714542,
        -0.0004045848,
        1.1511252e-05,
        0.0002720026,
        0.0002825014,
        -0.0007074984,
        0.0002814448,
        2.234368e-06
    ],
    "yerrs": [
        0.0002028165279261037,
        0.00029878704121832325,
        0.0002976274987295361,
        0.0003147578624911537,
        0.00030474414186330146,
        0.0003266946953961757,
        0.000301385812539343,
        0.0002091927340994424
    ]
}