{
    "bins": [
        [
            -1.0,
            -0.75,
            -0.5,
            -0.25,
            0.0,
            0.25,
            0.5,
            0.75,
            1.0
        ],
        [
            0.0,
            0.7853982,
            1.570796,
            2.356194,
            3.141593,
            3.926991,
            4.712389,
            5.497787,
            6.283185
        ]
    ],
    "zvals": [
        0.0006072863421382937,
        0.003841648143144786,
        0.0039247418506285995,
        0.0016362531655884462,
        -0.0016453436346922192,
        -0.0014850809398546981,
        -0.004087222019918565,
        -0.0015582087043766349,
        0.0021137568178791343,
        0.0015636504202074415,
        0.004618875016233809,
        0.0011539760045530998,
        -0.0016883969656148851,
        -0.0038403341999852314,
        -0.00390422231785668,
        -0.0009985561460558853,
        0.0011467059639301439,
        0.0031628084519717266,
        0.0030763444775769744,
        0.001340686708284579,
        -0.0011906854868487056,
        -0.0038593854326086914,
        -0.0027933745693266353,
        -0.001310895113050963,
        0.00042166019733684134,
        0.0009233023061689247,
        0.0008533818522583457,
        0.0003998741531374499,
        -0.00035027611478511523,
        -0.0008532636956040125,
        -0.0008694567595028255,
        -0.0006167385198332567,
        -0.00034285935465602036,
        -0.0011516762588334216,
        -0.0011205778471552006,
        -0.0004822941205680171,
        0.0005531396820465546,
        0.0009427317105467548,
        0.000983651600844413,
        0.0002765873098734655,
        -0.0009619792864307557,
        -0.003436414515039385,
        -0.002098137759454443,
        -0.0010786242406725754,
        0.001034888807967425,
        0.002969447337528235,
        0.003014982467487822,
        0.0011645779592003038,
        -0.0024159943325564024,
        -0.003155937029617348,
        -0.004809136259577947,
        -0.0020467008488679007,
        0.0011957555277706331,
        0.005667536713869912,
        0.004517088660780905,
        0.002321977901649865,
        -0.0013166218104395959,
        -0.002906066709124981,
        -0.0034994099806722203,
        -0.0008341131068412361,
        0.0009788178732311511,
        0.0023060191138760226,
        0.0015937005187178987,
        0.0018053267260675482
    ],
    "zerrs": [
        0.0002937311116780273,
        0.0010358617242618392,
        0.0010568766617998482,
        0.0005271425068155591,
        0.0005553105484133678,
        0.0007090793101039479,
        0.001115625712174668,
        0.0004935574947203625,
        0.0004230640183428563,
        0.0004991593446731384,
        0.0009103600175261609,
        0.0003555176153185333,
        0.00040761718086688433,
        0.0009204192020551306,
        0.0008349827069385591,
        0.00031832527165905175,
        0.0002512829010861187,
        0.0005646945019555426,
        0.0005612517336051552,
        0.00027613917504757226,
        0.00026405016802228445,
        0.0006563668661898717,
        0.0005240810961013714,
        0.00025052654235285934,
        9.618212543857563e-05,
        0.0001917747510029323,
        0.00018040725321858748,
        9.476318293278834e-05,
        8.550923860268981e-05,
        0.00019388247651811139,
        0.00018869080630865313,
        0.00012019057935374384,
        8.871156477365147e-05,
        0.00022135508777248558,
        0.00020759222974971195,
        9.954066389462448e-05,
        0.00011499904216052254,
        0.00020386709332418103,
        0.000191907745637607,
        7.505382247873613e-05,
        0.00022190275495526977,
        0.0005897276651713172,
        0.0004362169387297363,
        0.00021973774691448037,
        0.0002448183969689093,
        0.000569938548415081,
        0.0005344747102753267,
        0.000252997844362045,
        0.00053603400481156,
        0.0007512220374657653,
        0.0009080396406639787,
        0.0004110976444597904,
        0.000287519674791786,
        0.0009718387167614572,
        0.0008970336543191783,
        0.00048544555595619513,
        0.00045055211595643294,
        0.0008809052259982032,
        0.0008783891630501346,
        0.000315850008623405,
        0.0003541538903076847,
        0.0007701416620315685,
        0.0006522466422840837,
        0.0005244815871850205
    ]
}