{
    "bins": [
        -1.0,
        -0.75,
        -0.5,
        -0.25,
        0.0,
        0.25,
        0.5,
        0.75,
        1.0
    ],
    "yvals": [
        1.316154,
        1.0563,
        0.9122656,
        0.7135112,
        0.8065728,
        0.8701008,
        1.03133,
        1.4088596
    ],
    "yerrs": [
        0.1399868565258896,
        0.07757944057545144,
        0.05715097199523382,
        0.04478703383793126,
        0.047702561776072364,
        0.05602255260160858,
        0.0792842279397359,
        0.15043706989967598
    ]
}