{
    "bins": [
        -1.0,
        -0.75,
        -0.5,
        -0.25,
        0.0,
        0.25,
        0.5,
        0.75,
        1.0
    ],
    "yvals": [
        -6.582236e-05,
        0.0004084952,
        3.167448e-05,
        -0.00022615108,
        -0.000616684,
        0.000320006,
        0.00030830444,
        -9.61076e-05
    ],
    "yerrs": [
        0.0002770933128027452,
        0.00031513154078892196,
        0.00041029101866845683,
        0.00046012972083967797,
        0.0004405509278165238,
        0.0003881263711731013,
        0.0003863275087280221,
        0.00025605408803610225
    ]
}