{
    "bins": [
        -1.0,
        -0.75,
        -0.5,
        -0.25,
        0.0,
        0.25,
        0.5,
        0.75,
        1.0
    ],
    "yvals": [
        0.00033447872,
        -0.0010607756,
        -7.467924e-05,
        7.984468e-05,
        -0.00036999716,
        0.0007493904,
        0.0007125964,
        -0.0003930404
    ],
    "yerrs": [
        0.0009655654509146441,
        0.000830902641709605,
        0.0006649447495845049,
        0.00028327247660159293,
        0.00026066987551307116,
        0.0006123306296438224,
        0.0010006493891468679,
        0.0009023197659366661
    ]
}