{
    "bins": [
        -1.0,
        -0.75,
        -0.5,
        -0.25,
        0.0,
        0.25,
        0.5,
        0.75,
        1.0
    ],
    "yvals": [
        -6.197964e-05,
        2.6749084e-07,
        0.004914616,
        0.0019899928,
        -0.005564896,
        0.0028168636,
        -0.0032326408,
        0.0004952472
    ],
    "yerrs": [
        0.0010962275676154108,
        0.0020313845524666174,
        0.002481815142189281,
        0.0030461692664722363,
        0.0032558471708604504,
        0.0026990724332629536,
        0.0022746794059823024,
        0.0009355540818146218
    ]
}