{
    "bins": [
        -1.0,
        -0.75,
        -0.5,
        -0.25,
        0.0,
        0.25,
        0.5,
        0.75,
        1.0
    ],
    "yvals": [
        -0.642264,
        -0.11339076,
        0.3121352,
        0.4509416,
        0.5344888,
        0.29496696,
        -0.09634684,
        -0.7393264
    ],
    "yerrs": [
        0.047673254556407196,
        0.011910697712560755,
        0.018728754363277873,
        0.02785169869146225,
        0.030405941524642845,
        0.018661468323794887,
        0.010985669938606384,
        0.05574061355959405
    ]
}