{
    "bins": [
        [
            -1.0,
            -0.75,
            -0.5,
            -0.25,
            0.0,
            0.25,
            0.5,
            0.75,
            1.0
        ],
        [
            0.0,
            0.7853982,
            1.570796,
            2.356194,
            3.141593,
            3.926991,
            4.712389,
            5.497787,
            6.283185
        ]
    ],
    "zvals": [
        0.06683585472948626,
        0.05681559077450942,
        0.04602180295850003,
        0.08578095974148173,
        0.06398233761736086,
        0.0,
        0.10841382330996517,
        0.048114010985513087,
        0.0461599020726047,
        0.0562650417406313,
        0.05400288770788825,
        0.05772861946602937,
        0.0463757228819019,
        0.07036743154426166,
        0.04318112854883767,
        0.03177113259774026,
        0.05323185105338921,
        0.035609832367750456,
        0.06846475290235016,
        0.03877479344893488,
        0.05498862996850003,
        0.05454625552904389,
        0.04932970544870245,
        0.029517070326127652,
        0.04994142843719275,
        0.022475672837382533,
        0.032722904820231276,
        0.04226645055570481,
        0.03693322875790363,
        0.0693566828537888,
        0.04989074583841569,
        0.031876903175205445,
        0.033963647994100316,
        0.026609598346213854,
        0.035052363260410654,
        0.02969697185761632,
        0.021889253601358793,
        0.02548160805094997,
        0.029466899584669182,
        0.039218409010463494,
        0.03857666595110607,
        0.0306580283265372,
        0.02768662512509582,
        0.06496794622860483,
        0.035006709973796714,
        0.02101533235378751,
        0.05073702759619964,
        0.035839164347248154,
        0.06994413789081767,
        0.07541635588997066,
        0.03616802181823738,
        0.05937797221539626,
        0.043033687378883044,
        0.07279845377757521,
        0.043332048209952165,
        0.045981049098673545,
        0.04957304460336171,
        0.07429004766756413,
        0.03126214734440374,
        0.09466561582074845,
        0.11109210871430787,
        0.05560569290983681,
        0.050202485873404326,
        0.06761519637177585
    ],
    "zerrs": [
        0.02561337109468,
        0.02547740972661649,
        0.023215504865854632,
        0.028717313094166412,
        0.02641323264913866,
        0.0,
        0.03468356095852077,
        0.02195595342823556,
        0.016378108642970957,
        0.021652079471461506,
        0.02223557074026271,
        0.019339498133959875,
        0.01765773110333787,
        0.024960005571831506,
        0.017811652005613313,
        0.013073446810897064,
        0.014911160661029623,
        0.014703683134131531,
        0.022945999893153785,
        0.01386273393180415,
        0.016675596072971685,
        0.019399214779015222,
        0.017701825187019737,
        0.010462707272566776,
        0.012517899052546765,
        0.011348391527239703,
        0.01477476867452152,
        0.013423387857310787,
        0.012339313252062075,
        0.021000081129537294,
        0.016070904497929705,
        0.01012946958271419,
        0.010275364186372309,
        0.01210254390493737,
        0.014350292710728884,
        0.011248086806790167,
        0.00980913601053707,
        0.012772773195423574,
        0.011206229066619406,
        0.01092448185532789,
        0.011713240812448992,
        0.013900000270745288,
        0.0139519282845538,
        0.018122698272633932,
        0.014318200715541527,
        0.012185990310170359,
        0.017242634525298058,
        0.01081930716578008,
        0.018236061149434345,
        0.022946655709159852,
        0.018098703286852508,
        0.021226996959096366,
        0.01767132829777815,
        0.025800370526692016,
        0.016601430102324326,
        0.014664190709569468,
        0.02041804886343459,
        0.026444645244386458,
        0.018073440643346646,
        0.031663321852763715,
        0.03525479040665178,
        0.024885952023040347,
        0.022514486097892784,
        0.022904482184010675
    ]
}