{
    "bins": [
        [
            -1.0,
            -0.75,
            -0.5,
            -0.25,
            0.0,
            0.25,
            0.5,
            0.75,
            1.0
        ],
        [
            0.0,
            0.7853982,
            1.570796,
            2.356194,
            3.141593,
            3.926991,
            4.712389,
            5.497787,
            6.283185
        ]
    ],
    "zvals": [
        0.21144173745241587,
        0.193072758798153,
        0.14300667941604134,
        0.21199650114145807,
        0.25304337418735456,
        0.22984917201215185,
        0.3026100397505469,
        0.14164512769322055,
        0.0966046522642909,
        0.11085108718155309,
        0.1833234105510837,
        0.11391819953934242,
        0.18329229257013638,
        0.12511516454078062,
        0.2325045390999214,
        0.2154355371416785,
        0.13723779860967342,
        0.14648643018862542,
        0.1524557994800089,
        0.12554861923684651,
        0.09570658443235146,
        0.11498664371439707,
        0.12951476830855188,
        0.08438142190328982,
        0.1305896041014609,
        0.14695589929077976,
        0.15464500800867845,
        0.1521229846231024,
        0.12243636984051394,
        0.12531750781132628,
        0.11465855528025283,
        0.17071920223886494,
        0.10048278694807296,
        0.13062038116225944,
        0.09097639668040919,
        0.11789569378112272,
        0.11046394312183119,
        0.11815156137397857,
        0.1213765759525744,
        0.09689298928696026,
        0.15536429800832238,
        0.09950376739023206,
        0.14033532043626293,
        0.16027507037824087,
        0.0908827880896055,
        0.13594050405017585,
        0.11978894776915655,
        0.14290619533026572,
        0.14057663997702058,
        0.17334283340238538,
        0.19204194561228832,
        0.12282317650009741,
        0.19435486212086095,
        0.26217718914486676,
        0.05541679505168082,
        0.21670791114823318,
        0.14452974300170282,
        0.262410309781871,
        0.194719823579892,
        0.1694087718471758,
        0.20899523553663232,
        0.2705433932859519,
        0.20047257568774052,
        0.21692522771894
    ],
    "zerrs": [
        0.05565841131151757,
        0.051857343480495824,
        0.04648793938333123,
        0.05125451601149551,
        0.062479775483116715,
        0.05901766346296578,
        0.06789482011392772,
        0.0498039648039088,
        0.025991335913616662,
        0.028165006529215744,
        0.0378988687156284,
        0.0279820469448861,
        0.03634855391375068,
        0.030680393954396812,
        0.04282503137639658,
        0.04049705857178072,
        0.024754227639602916,
        0.02602579575705384,
        0.026643917380203403,
        0.023803035887061477,
        0.0199917366671118,
        0.023541109853319243,
        0.025988173826655657,
        0.019966433397415342,
        0.02177805032968649,
        0.02324844720063013,
        0.023874883590966126,
        0.02320891036344073,
        0.021008873551348044,
        0.022175179655862697,
        0.02167524799638495,
        0.025756787263167512,
        0.018998746986686348,
        0.02178063984077287,
        0.018200208426760674,
        0.020535174545245328,
        0.019853835385584436,
        0.021589576237018897,
        0.022554197444927065,
        0.019396527069103543,
        0.02598196341294647,
        0.021287277390110083,
        0.025297862046853813,
        0.026445987801104593,
        0.01990021279224788,
        0.025809427081742144,
        0.025082966438430426,
        0.02669616334238157,
        0.031048624018175222,
        0.035735856433335905,
        0.03664196056929766,
        0.028580854956782243,
        0.036485470875261036,
        0.04480460660521742,
        0.01966438322735807,
        0.04152849367698996,
        0.0487290372696867,
        0.058471911496913616,
        0.06096748724059698,
        0.04888511762422997,
        0.05966664215381924,
        0.0645589989728326,
        0.06003034997008002,
        0.05763067644292415
    ]
}