{
    "bins": [
        [
            -1.0,
            -0.75,
            -0.5,
            -0.25,
            0.0,
            0.25,
            0.5,
            0.75,
            1.0
        ],
        [
            0.0,
            0.7853982,
            1.570796,
            2.356194,
            3.141593,
            3.926991,
            4.712389,
            5.497787,
            6.283185
        ]
    ],
    "zvals": [
        0.0005658159135073138,
        0.00028227331423642896,
        -0.0009282794201156613,
        -0.0007440982226868128,
        0.0013117054028658078,
        0.0006102368480693866,
        -0.0011751005222829702,
        -0.0007815655247403229,
        0.0033354672827108594,
        0.002557551345318258,
        -0.0011920763740167408,
        -0.002771623085845538,
        0.0022953045462300635,
        0.0018300326713335154,
        -0.002199094981143319,
        -0.002812736981759567,
        0.003952571829168948,
        0.005356185107725028,
        -0.00411931173748851,
        -0.005382212098563915,
        0.0034769316957771715,
        0.0019406171138709298,
        -0.0015274156542288118,
        -0.005525015342539707,
        0.004116533498548889,
        0.002971085480504274,
        -0.005230662670391319,
        -0.006092801238606111,
        0.003972408384029498,
        0.006310349657116521,
        -0.00355243125141648,
        -0.004268886348068115,
        0.0036247152081581037,
        0.003857648697258892,
        -0.0028960445532074186,
        -0.003787402836010741,
        0.004006974298381202,
        0.004633281470031756,
        -0.00580712454067874,
        -0.0023914835535613797,
        0.0020108510561903502,
        0.004208488997550031,
        -0.0019161535934647152,
        -0.0015469803246502733,
        0.0018597266608776691,
        0.003722529978431318,
        -0.002096398513874495,
        -0.0030807213667465422,
        0.002324252334675582,
        0.0026115433478423287,
        -0.0038886480485053445,
        -0.0031012853339512786,
        0.002357144785191711,
        0.003212717119218537,
        -0.0024373975996883116,
        -0.0023911642250171255,
        0.0010133152838903883,
        0.0013454002544952379,
        -0.0008325934112386334,
        -0.0010282432241446704,
        0.0005959388743032193,
        0.0009228834298024699,
        -0.00048268200326458696,
        -0.001092917985530903
    ],
    "zerrs": [
        0.0002875362004258182,
        0.00014922807177217707,
        0.00037347528172954877,
        0.00029313737125352164,
        0.00045212979060510174,
        0.00027807142353610263,
        0.0004365126905364108,
        0.00036321280692946375,
        0.0008712846921267656,
        0.0007952959158991622,
        0.0005968767885371528,
        0.0008556418301914058,
        0.0007184661984852487,
        0.000663811313417178,
        0.0007303949906145392,
        0.0007858305726809136,
        0.0010828113673603328,
        0.0013281743900501642,
        0.0011304675170626523,
        0.0012866186743893575,
        0.0009999455781559983,
        0.0006919959855441526,
        0.0006741206378765893,
        0.0013658293110214422,
        0.0011396666421395114,
        0.0009645600701789452,
        0.001405615691855897,
        0.0014574774394799407,
        0.0010686709415108802,
        0.0014120152106779074,
        0.0011381336184814737,
        0.0011669561195556046,
        0.001047006126703106,
        0.0011275091144159258,
        0.000999782404472327,
        0.0010886613894244372,
        0.0011577304590140668,
        0.0011675758731876569,
        0.0013796236239920717,
        0.0008976454436013063,
        0.000699908071971604,
        0.001153819285769745,
        0.0007764830613497661,
        0.000733803300765098,
        0.0007062437996068893,
        0.0009885689707329487,
        0.0007780560017530261,
        0.0010267803704548726,
        0.0007080149460297734,
        0.0007648339812662392,
        0.0010853415189363658,
        0.0009437058676687249,
        0.0007947082709517882,
        0.0009500554741109717,
        0.0008659142097576411,
        0.0008229694222218935,
        0.0003622642499799613,
        0.0004060821550604686,
        0.00037378500895997427,
        0.0004406798144227198,
        0.00028182919724984047,
        0.00035964987436414215,
        0.0002575897245727753,
        0.0004228655257069992
    ]
}