{
    "bins": [
        [
            -1.0,
            -0.75,
            -0.5,
            -0.25,
            0.0,
            0.25,
            0.5,
            0.75,
            1.0
        ],
        [
            0.0,
            0.7853982,
            1.570796,
            2.356194,
            3.141593,
            3.926991,
            4.712389,
            5.497787,
            6.283185
        ]
    ],
    "zvals": [
        0.004119845449098304,
        0.002901745332110683,
        -0.0014665328916040024,
        -0.007441751262733973,
        -0.0054493390612148215,
        -0.0013479682912357815,
        0.002711355516566124,
        0.00632974873885597,
        0.007155707767091903,
        0.0037643196861513995,
        -0.0011380533181902682,
        -0.005959737662003644,
        -0.007287566303963084,
        -0.003574464411674082,
        0.002350290171352614,
        0.005679494982161911,
        0.0033155186757494477,
        0.0029351933504270064,
        -0.002378038650467662,
        -0.005128364054448759,
        -0.004454017453571309,
        -0.0018663250988670717,
        0.002630372881010648,
        0.005182035095582114,
        0.0009374673891536802,
        0.000961334498263173,
        -0.0011567653597284436,
        -0.0014266231558736388,
        -0.0008880287446619418,
        -0.0009497778196532207,
        0.0009401954168459816,
        0.0014920262083682417,
        -0.0014175392813479835,
        -0.000794695885320789,
        0.0005931245050280242,
        0.0021533019522561145,
        0.0013817626222628525,
        0.0006566143534870221,
        -0.0010485241877366636,
        -0.002157144275895788,
        -0.004621827246357325,
        -0.0018601126715659248,
        0.0008073929396306078,
        0.004844151826014548,
        0.004387237044148316,
        0.002102811058851691,
        -0.0012848324034438593,
        -0.004083367668366867,
        -0.005886843132566385,
        -0.002319758980735622,
        0.0025457946162327897,
        0.00501102446017884,
        0.005862016455351298,
        0.003860441712354756,
        -0.0026107517462483996,
        -0.005683187377609825,
        -0.004480996773356496,
        -0.0026585768383868657,
        0.0014604580098243189,
        0.008533568288220383,
        0.0015976857593220247,
        0.001834599018586755,
        -0.0027721593383227363,
        -0.0065718425562581026
    ],
    "zerrs": [
        0.0014593908083478091,
        0.0009293923190023176,
        0.0007342274008168187,
        0.0020888235208128317,
        0.0017379450095744541,
        0.0006738314201319571,
        0.0008838711540403383,
        0.0017721617460366205,
        0.0016958693450457567,
        0.0010483871323438546,
        0.0005117169644754015,
        0.0017351750574014656,
        0.0018405154227578715,
        0.0010098274833522656,
        0.0006922626272421969,
        0.0015362374421776827,
        0.0009027740240924454,
        0.000719532051332631,
        0.0006235564804847716,
        0.0011629856584005954,
        0.0011483931955359793,
        0.00060555028341398,
        0.0006475595030688192,
        0.001145096701228263,
        0.0003087927221760436,
        0.00027034061060156875,
        0.00030643819835651483,
        0.00039357068918982407,
        0.0002837822754542854,
        0.0002799128575880594,
        0.00026789454552868204,
        0.00037176115179816987,
        0.0004118827205735177,
        0.00025233000887856866,
        0.0001850900088375935,
        0.0004934931935654909,
        0.0003883328819585495,
        0.00018908429972725466,
        0.0002803461036559286,
        0.0004920068554370783,
        0.0012174931936793304,
        0.0006092089885587089,
        0.00035059681335903914,
        0.001134907813994532,
        0.00107792094264368,
        0.0005881119902826458,
        0.00040679726184770446,
        0.0010794370615615598,
        0.0017972954047780938,
        0.0009355466303409431,
        0.0007973147650478513,
        0.0014619623163041966,
        0.0015823004738453684,
        0.001048735409394469,
        0.0007923935915095321,
        0.00160723489515406,
        0.0018344110561707378,
        0.0009497980884695825,
        0.0006772833502881439,
        0.0022079104443342586,
        0.0009244616100711941,
        0.0007376820503884851,
        0.0009621747129620822,
        0.002096450339763217
    ]
}