{
    "bins": [
        [
            -1.0,
            -0.75,
            -0.5,
            -0.25,
            0.0,
            0.25,
            0.5,
            0.75,
            1.0
        ],
        [
            0.0,
            0.7853982,
            1.570796,
            2.356194,
            3.141593,
            3.926991,
            4.712389,
            5.497787,
            6.283185
        ]
    ],
    "zvals": [
        0.001145821826431484,
        0.00019232516312115973,
        -0.0006505781781975509,
        -0.0007570022370794972,
        -0.001656574628404961,
        -0.0002355779872115794,
        0.0003529940234123337,
        0.0013458017463757234,
        0.0008846162367064248,
        0.0009606927852357112,
        -0.0005749059712400593,
        -0.0012788638640996487,
        -0.0014004741545051039,
        -0.0007763381113779258,
        0.000404356568262206,
        0.0014779915405947054,
        0.0019572334135728856,
        0.0004096640963343671,
        -0.0005031204561254295,
        -0.0009060571760340923,
        -0.0010952383377599633,
        -0.0005960947188559177,
        0.00038270553273626884,
        0.001517580640643343,
        0.0003473909667732877,
        0.00011027344359762657,
        -0.00016069559637279447,
        -0.00040597423729849414,
        -0.00033897035643075217,
        -0.00014537016900985236,
        0.00011584816869918184,
        0.00031470525771646994,
        -0.00033351423519941857,
        -0.00011863542271190472,
        0.00017921436010786892,
        0.00020854989629474956,
        0.0005695680406621864,
        9.983351116249344e-05,
        -9.721786915678422e-05,
        -0.0002640851135347939,
        -0.0013701549099552303,
        -0.00032336795443022634,
        0.00037453668076567557,
        0.0013786663848566144,
        0.0007136565155500776,
        0.0004059213799882353,
        -0.0004647659912553891,
        -0.0008181380650319967,
        -0.0015061078571353996,
        -0.000621901920275305,
        0.0003793626161513017,
        0.0017391226624938409,
        0.0012821204026493569,
        0.0004969338857496456,
        -0.0007006404396242416,
        -0.0016188943694789143,
        -0.0020911792260282745,
        -0.00027319821878798236,
        0.0006882217678170814,
        0.001014115882500487,
        0.001617655252496186,
        0.0002253918650162084,
        -0.0004828592891756792,
        -0.0012415987817641504
    ],
    "zerrs": [
        0.0004502428308873005,
        9.49238220951578e-05,
        0.0002454975936302621,
        0.0003411806264183704,
        0.0004951964173452889,
        0.00013138313768574263,
        0.00015303089982278157,
        0.0004560265108580148,
        0.00036482354734478876,
        0.0002933846321190077,
        0.0002199273429279721,
        0.00043086536819143893,
        0.00042556631478802523,
        0.00023358467646536046,
        0.0001732627427623283,
        0.00045168677093464357,
        0.000455415505718477,
        0.00015688814297244174,
        0.00014934870026243576,
        0.0002778840289940689,
        0.000288006912483087,
        0.000171235711517854,
        0.00013020185903053806,
        0.00037454156879106285,
        0.00012413831899211222,
        4.559826006683447e-05,
        5.6501740600113605e-05,
        0.00011436628834955813,
        0.00010723889337290433,
        4.3979081670154235e-05,
        4.354057502140402e-05,
        0.00011680729493465005,
        0.00011154256932469296,
        4.1885013392119014e-05,
        5.797857097762148e-05,
        8.365200866956217e-05,
        0.00014450148876628607,
        3.981875715191518e-05,
        4.5074409899993324e-05,
        0.00010718068283855154,
        0.0003475396585554738,
        0.0001363591083670268,
        0.00013163674118650852,
        0.0003294339788485922,
        0.0002291308720516505,
        0.00013533744545942997,
        0.00015259250425184826,
        0.00029476268826696995,
        0.00048016473917236887,
        0.00023855146620216627,
        0.00016501557325342698,
        0.00043606359945806,
        0.0003894298237122419,
        0.00015737508581947093,
        0.00024220306477251008,
        0.0004912171462481012,
        0.0005590518381207046,
        0.0001045671372184432,
        0.00024384730366966022,
        0.0003719423878792366,
        0.00045347361291069363,
        0.000124621528125087,
        0.00021067806317893965,
        0.00044452003521337037
    ]
}