{
    "bins": [
        -1.0,
        -0.75,
        -0.5,
        -0.25,
        0.0,
        0.25,
        0.5,
        0.75,
        1.0
    ],
    "yvals": [
        0.025702384,
        0.018289728,
        0.009937596,
        0.0037727468,
        -0.0034125712,
        -0.0112246,
        -0.018539924,
        -0.023639756
    ],
    "yerrs": [
        0.0026078282152013003,
        0.0015747614422508573,
        0.0008435054475224212,
        0.00032847874817101944,
        0.0003159359681960887,
        0.0009170994275431645,
        0.0016413862433930656,
        0.002604213816106504
    ]
}