{
    "bins": [
        [
            -1.0,
            -0.75,
            -0.5,
            -0.25,
            0.0,
            0.25,
            0.5,
            0.75,
            1.0
        ],
        [
            0.0,
            0.7853982,
            1.570796,
            2.356194,
            3.141593,
            3.926991,
            4.712389,
            5.497787,
            6.283185
        ]
    ],
    "zvals": [
        -0.00039661481271538435,
        -0.00047139194940449283,
        0.00032816105974295846,
        0.00020596058818511356,
        -0.0002529733969274176,
        -0.00029671290224828696,
        0.00020674806913182874,
        0.000221280217163782,
        -0.0008221225869883582,
        -0.0007159276483840418,
        0.0008115966681860663,
        0.0006829858454110586,
        -0.0008569306262557325,
        -0.001121701353963214,
        0.0008692535504292093,
        0.0007123089185355707,
        -0.0010595588327042256,
        -0.0010450204978929149,
        0.0008509484363341899,
        0.0015442790225095781,
        -0.0011330525415139837,
        -0.0012506708700556917,
        0.0011038403459137918,
        0.0010445715420716632,
        -0.0011560652927394028,
        -0.0015157144570560296,
        0.0013358134347171756,
        0.001199111789039711,
        -0.0013346369611330813,
        -0.0012329076468236488,
        0.0010721050983068458,
        0.0010443296265078344,
        -0.0016966624064073484,
        -0.0008444408680543795,
        0.00144145719749732,
        0.0012251607144903418,
        -0.001293055495430342,
        -0.0009623635405234036,
        0.001825492807468316,
        0.001192830131984039,
        -0.0012288105574980947,
        -0.0011714369457108231,
        0.0010558386957949986,
        0.0012379939368397466,
        -0.0015578089070764117,
        -0.0008974527564368641,
        0.001183434131484929,
        0.0009083690052686666,
        -0.0006087312143063225,
        -0.0008372653959560364,
        0.0006914165811473929,
        0.0010381082736290728,
        -0.00045358546876870056,
        -0.0006734924204034134,
        0.0008507666176893754,
        0.000963062294530926,
        -0.00027306286161592934,
        -0.00028623879516851206,
        0.00016705354482695402,
        0.000357067732451913,
        -0.0003161516072106116,
        -0.0005240466616925433,
        0.0003013315541929061,
        0.00029759169236489024
    ],
    "zerrs": [
        0.00011746528522838921,
        0.00013650316206658913,
        9.45289318251796e-05,
        6.90105998120701e-05,
        7.811239792390372e-05,
        0.0001024803126832992,
        8.77213995925204e-05,
        7.952479315870316e-05,
        0.00018768824938535632,
        0.0001728719162332371,
        0.00018260343525823095,
        0.00015862543220341622,
        0.00018493340789911368,
        0.00021800715269779285,
        0.0001935774783066984,
        0.00017816231325948326,
        0.00022450790345849048,
        0.00021584342889418488,
        0.00019393845673947914,
        0.0002612775600413296,
        0.00022805700523704207,
        0.00023753755166694562,
        0.00022357012112512735,
        0.00021051462237172677,
        0.00023410893453441295,
        0.00026723448708731605,
        0.0002512201975249501,
        0.00023528675563123187,
        0.0002443425949819104,
        0.0002468072429162907,
        0.00022368205080235611,
        0.00021082483011366162,
        0.0002839892899409607,
        0.00019163667488265003,
        0.00027363228711452096,
        0.00022843076884226132,
        0.00024272992437723083,
        0.0002193946113370496,
        0.00030173052077074917,
        0.00023137807640584527,
        0.00023516751907878272,
        0.00023002495943472509,
        0.00022513449212223312,
        0.00023951204358494015,
        0.00028571442318596534,
        0.00020314958322881078,
        0.00023263938735486274,
        0.0001978594016917759,
        0.0001506576932623612,
        0.00017862283977292912,
        0.00017284733842192496,
        0.00020515037026468477,
        0.00013792161472459295,
        0.00017065403734000127,
        0.0001859841747524084,
        0.0001992159034841917,
        9.083370088253065e-05,
        8.816970875889504e-05,
        7.583939607590915e-05,
        0.00011254840227118176,
        0.0001071826188590251,
        0.00012972938888089865,
        9.289582780724437e-05,
        8.353557070269171e-05
    ]
}