{
    "bins": [
        0.0,
        0.7853982,
        1.570796,
        2.356194,
        3.141593,
        3.926991,
        4.712389,
        5.497787,
        6.283185
    ],
    "yvals": [
        0.00010674247789210618,
        0.00016332144042165636,
        -0.00010926725048956073,
        0.0002510782417599208,
        0.0003093546202052971,
        -0.00021073888652632175,
        -1.472186076358738e-05,
        -0.00044711853098683733
    ],
    "yerrs": [
        0.0002958082526418093,
        0.00014361381133243568,
        0.0001443199211179032,
        0.00030615252512329074,
        0.00027265992778395423,
        0.00013652028497419452,
        0.0001335440413421946,
        0.0003082729196642846
    ]
}