{
    "bins": [
        [
            -1.0,
            -0.75,
            -0.5,
            -0.25,
            0.0,
            0.25,
            0.5,
            0.75,
            1.0
        ],
        [
            0.0,
            0.7853982,
            1.570796,
            2.356194,
            3.141593,
            3.926991,
            4.712389,
            5.497787,
            6.283185
        ]
    ],
    "zvals": [
        0.003032364983775109,
        -0.004573301325774022,
        -0.0018914629270764636,
        0.006374879519836414,
        0.004847486751939779,
        -0.0019509563304210098,
        -0.0060565980560174605,
        0.0020482124986312676,
        0.011548694662147174,
        -0.014717657727077922,
        -0.010565277731799676,
        0.011023293892658383,
        0.007880020066259397,
        -0.009484887916699561,
        -0.015710775937804785,
        0.017276555326089453,
        0.014572500930101442,
        -0.0027593161070733835,
        -0.015615369532389952,
        0.019250694233122274,
        0.013321510877287689,
        -0.024234169172827034,
        -0.015533673373245162,
        0.02095459881486839,
        0.02361895914709252,
        -0.01271084792954602,
        -0.026121171686202416,
        0.015987028249335688,
        0.016958668089299942,
        -0.02196529657574886,
        -0.003565495201159158,
        0.013212002067741454,
        0.012626603931610742,
        -0.015076039174033846,
        -0.02726780052915847,
        0.01573029250100904,
        0.017118418941733996,
        -0.01664455473530618,
        -0.01701696719370307,
        0.015241072679074817,
        0.014426058017448984,
        -0.0150495557792497,
        -0.02025136300321621,
        0.015033001060607412,
        0.016891761883783756,
        -0.018247207148477593,
        -0.016137774733319926,
        0.01961737615832992,
        0.014184203630718786,
        -0.012513811472351971,
        -0.007222901000511844,
        0.005547004770823493,
        0.011521139600559203,
        -0.0029138047206639186,
        -0.008023743375969892,
        0.007623696520744898,
        0.005012765244432696,
        -0.0028947745970258638,
        -0.004999301245992479,
        0.0046919137915887345,
        0.0038019801425519277,
        -0.008659130784646767,
        -0.00416710661346222,
        0.0017537223165834395
    ],
    "zerrs": [
        0.001098505811426047,
        0.0017042045944586832,
        0.0010835627161502638,
        0.0017904796754738982,
        0.0015307302243241516,
        0.0010097868989617296,
        0.001917782187312679,
        0.0010553739700155907,
        0.0030817323957220374,
        0.004148705457815575,
        0.00362211891216558,
        0.003258524743859827,
        0.0028334059775852235,
        0.004292141066020515,
        0.005625859914458064,
        0.0042289349545800185,
        0.004187930675354766,
        0.001452654751324266,
        0.004878894131531688,
        0.004781323068612801,
        0.004119840764734569,
        0.008529414383209612,
        0.007029029200732941,
        0.005080311211785493,
        0.005843445194199249,
        0.005508815541947158,
        0.008143359937000882,
        0.004739311759974475,
        0.004683517825041252,
        0.008572734889909759,
        0.002165334974345082,
        0.004240919420861626,
        0.004058039038208488,
        0.005607067371097265,
        0.008672702474000097,
        0.0046919082583750625,
        0.004641875713298871,
        0.006673183821391916,
        0.006521430396567437,
        0.004409487520469423,
        0.004448475593283714,
        0.005853887920456124,
        0.00689294168645982,
        0.004352442012306325,
        0.004497852941752982,
        0.006524693024115983,
        0.005830544211670967,
        0.005243836571540443,
        0.0038902391799268687,
        0.004265006136497328,
        0.0033727485690728926,
        0.0020913868026264486,
        0.003358595208925505,
        0.0019413876967057481,
        0.0032446615375951366,
        0.0027963968572307504,
        0.0017384056776350476,
        0.0011717268612296571,
        0.0021364948829822126,
        0.0014973225663012612,
        0.001501908930142564,
        0.0024670154715315225,
        0.0016390864659387532,
        0.0010424027307288505
    ]
}