{
    "bins": [
        -1.0,
        -0.75,
        -0.5,
        -0.25,
        0.0,
        0.25,
        0.5,
        0.75,
        1.0
    ],
    "yvals": [
        -0.000943434,
        -0.0027247396,
        0.0025412512,
        0.0030649304,
        -0.0015299936,
        -0.00257379,
        -0.0018058848,
        0.0020662056
    ],
    "yerrs": [
        0.0011613227630594347,
        0.001975892709637849,
        0.002210955992325492,
        0.0021008356432619855,
        0.002377571197672112,
        0.0022929125582978518,
        0.0018292472768874086,
        0.0012857632752571525
    ]
}