{
    "bins": [
        [
            -1.0,
            -0.75,
            -0.5,
            -0.25,
            0.0,
            0.25,
            0.5,
            0.75,
            1.0
        ],
        [
            0.0,
            0.7853982,
            1.570796,
            2.356194,
            3.141593,
            3.926991,
            4.712389,
            5.497787,
            6.283185
        ]
    ],
    "zvals": [
        0.0005130666202188902,
        0.0012751011016328285,
        0.0009560890147415706,
        0.0004591463447241466,
        -0.00038965981578766425,
        -0.0007973435124611982,
        -0.0012126519293402837,
        -0.0006723908133201258,
        0.0007694221860961738,
        0.0011869022296726575,
        0.00202019409267658,
        0.0007281323250984532,
        -0.000646048500250828,
        -0.001798330018665696,
        -0.002405063929370842,
        -0.0005819118459685409,
        0.0007939289904153078,
        0.00214539332806891,
        0.0026129508860475844,
        0.000933763857606134,
        -0.0007727715120232032,
        -0.003030458952021778,
        -0.0020815510098064934,
        -0.0008444574597847209,
        0.0006987416064870023,
        0.0026097822020891832,
        0.0022268490625135286,
        0.0008497775016265618,
        -0.0007674768715988579,
        -0.002184073807165285,
        -0.0018237550897761395,
        -0.000733943300084798,
        0.0008074976489632901,
        0.002643709467991889,
        0.0025704572713452292,
        0.0009970152750385472,
        -0.0012203000262287396,
        -0.0023787037909442097,
        -0.0022605756571827283,
        -0.0011115184912617554,
        0.0006849218651124996,
        0.0019864929593640317,
        0.0017213219284999456,
        0.0008245052514709084,
        -0.0010603867083949791,
        -0.0016097397752477091,
        -0.001912936880409678,
        -0.00083835915039254,
        0.0008235572732405039,
        0.002578167140269555,
        0.0015401037435796886,
        0.0006837553905721805,
        -0.0006703551575124966,
        -0.001536209666945931,
        -0.0018090303260257861,
        -0.0008606856651022796,
        0.0003242714841974428,
        0.0011261406640049158,
        0.0005179870587905751,
        0.00019067612767523258,
        -0.0005446512468837454,
        -0.0010533512945029148,
        -0.001032183937315858,
        -0.0003517877050871024
    ],
    "zerrs": [
        0.0001412219566036263,
        0.0003428751852677827,
        0.00029509666768725147,
        0.0001476664127439921,
        0.00013819135592643564,
        0.00027000485634526766,
        0.00034262805207594174,
        0.00019741422912164714,
        0.00017862129667214256,
        0.000320973994098723,
        0.00043341217774641095,
        0.00017033623939019413,
        0.00017099074982983094,
        0.00040755707430273954,
        0.0004932260328352095,
        0.00016274503233603478,
        0.00017971279880182861,
        0.0004156381287297663,
        0.0004871463565708989,
        0.000188523335680715,
        0.00018083161221330528,
        0.0005169220656481532,
        0.00043722018364592664,
        0.0001796823880270282,
        0.00016389040531628873,
        0.00046465091709445126,
        0.00043152652944571096,
        0.00017957169307983282,
        0.00017374845228890467,
        0.00042515577141099246,
        0.0004007438917384269,
        0.0001738645581036873,
        0.00018153441191596863,
        0.00045823454982613787,
        0.00046502770283066917,
        0.00020589794533486383,
        0.0002070050182724156,
        0.0004334995748554213,
        0.00045394571644173675,
        0.00022013157916912388,
        0.00015202785712509402,
        0.00040950794703985,
        0.00038881900363228544,
        0.00016973223058438199,
        0.00019419901692875944,
        0.00035553875124545015,
        0.0004111067802612712,
        0.00019259939653828474,
        0.00019258163698237312,
        0.0004831960902402938,
        0.00036630728278363924,
        0.0001615323724751499,
        0.00016533733485903933,
        0.00035733687916808255,
        0.0004275468451904662,
        0.00020643988466342316,
        0.00011855081363655794,
        0.0003109811497765756,
        0.00020174098066861506,
        7.540274361587273e-05,
        0.00014700866320473835,
        0.0003074082098890903,
        0.0003166271909896584,
        0.00013124968012460096
    ]
}