{
    "bins": [
        [
            -1.0,
            -0.75,
            -0.5,
            -0.25,
            0.0,
            0.25,
            0.5,
            0.75,
            1.0
        ],
        [
            0.0,
            0.7853982,
            1.570796,
            2.356194,
            3.141593,
            3.926991,
            4.712389,
            5.497787,
            6.283185
        ]
    ],
    "zvals": [
        -0.004693984274473763,
        -0.0024475882158060537,
        0.0028263377294059835,
        0.004748555065641795,
        0.00418235900778968,
        0.0010249631397075117,
        -0.0020508664396904504,
        -0.004755174319262337,
        -0.004472674370784144,
        -0.002928414619954372,
        0.0025665412949867463,
        0.00816159939088285,
        0.0073887430321951395,
        0.002486533451829519,
        -0.0018277932971563465,
        -0.007940886022118725,
        -0.007791100106926651,
        -0.00502499752354794,
        0.0024616115650918395,
        0.012121227554402286,
        0.006221890048102998,
        0.0031591086302740785,
        -0.004324868665313638,
        -0.005946304930748487,
        -0.012313224043548864,
        -0.0027228601862648453,
        0.004329208885176688,
        0.008500907182209298,
        0.00857462331200232,
        0.00612392697715044,
        -0.0032742538178095696,
        -0.011910801911896902,
        -0.009966200584620642,
        -0.002427099235572088,
        0.002857346211729595,
        0.006376763912355376,
        0.011969482988242899,
        0.0027658990728267716,
        -0.0062592163463619736,
        -0.007648000122231023,
        -0.008225600720755406,
        -0.005489773462568904,
        0.0035194859166944666,
        0.004813746388778188,
        0.007966936508623651,
        0.0034107491997687803,
        -0.004292421931301074,
        -0.009632583734616082,
        -0.002933641049852164,
        -0.0031057189108500177,
        0.003300902727025025,
        0.009668848572509006,
        0.007959174838744176,
        0.0024858520138834076,
        -0.003182093664613356,
        -0.008020809831448516,
        -0.00460840271851909,
        -0.0027071142801775097,
        0.0022801178510767793,
        0.004031654229251629,
        0.005237028869439442,
        0.00224672993819694,
        -0.0020190023402147706,
        -0.004074697923855167
    ],
    "zerrs": [
        0.0016236594339587398,
        0.0009050690982322591,
        0.0008463914474488831,
        0.0014149339196067477,
        0.0013446770443520419,
        0.0005039446751320331,
        0.0007793941743111369,
        0.0016536235543458476,
        0.0018283577144631755,
        0.0011749698374857905,
        0.0010195604499862187,
        0.002266351958396599,
        0.0020557715929495493,
        0.0009539818245834188,
        0.0009219529373577175,
        0.0026539170651864734,
        0.0026046200538952487,
        0.0016281207911265705,
        0.0012348523235190911,
        0.002941838257116719,
        0.0019717784858074515,
        0.0011191778795711005,
        0.0018243602738840343,
        0.002428026854518267,
        0.0032999840534544906,
        0.0011532445451970645,
        0.0016848345136854183,
        0.002565161603800733,
        0.002382165468974283,
        0.001725528111812732,
        0.0012930968344411664,
        0.0034393021846576993,
        0.00288374189357687,
        0.0010778545599752505,
        0.0013234927470187035,
        0.0022560033163206137,
        0.0028286352463919974,
        0.0010293327994371974,
        0.0021732188799199934,
        0.0027052431282782717,
        0.002606293547342137,
        0.0018147612716088706,
        0.0014906007636094002,
        0.0019661970574029034,
        0.0023081210356769724,
        0.0012464879096681513,
        0.0016475978963273522,
        0.002907688138555733,
        0.0014696936259782478,
        0.0012549491911201783,
        0.001322407633186997,
        0.002683113779336129,
        0.0022143141914626728,
        0.0009145967907363185,
        0.0011900929387147349,
        0.002438474632258144,
        0.0015688366524438215,
        0.0009843325187732241,
        0.0008670614651115316,
        0.001474332414391724,
        0.0016250538808751194,
        0.0008152524971675975,
        0.0007635835588145099,
        0.0015055981447034345
    ]
}