{
    "bins": [
        0.0,
        0.7853982,
        1.570796,
        2.356194,
        3.141593,
        3.926991,
        4.712389,
        5.497787,
        6.283185
    ],
    "yvals": [
        -0.008892111033613268,
        -0.00306492200512912,
        0.003382257148604912,
        0.007396295386166776,
        0.008695265330443925,
        0.003383467999663866,
        -0.003147268009340488,
        -0.007823391452486513
    ],
    "yerrs": [
        0.0006952969526446092,
        0.00030604860675959196,
        0.00031091429029256014,
        0.0006083620801560131,
        0.0007001575697526461,
        0.0003591267624292368,
        0.000340629391999146,
        0.0006714214978382387
    ]
}