{
    "bins": [
        [
            -1.0,
            -0.75,
            -0.5,
            -0.25,
            0.0,
            0.25,
            0.5,
            0.75,
            1.0
        ],
        [
            0.0,
            0.7853982,
            1.570796,
            2.356194,
            3.141593,
            3.926991,
            4.712389,
            5.497787,
            6.283185
        ]
    ],
    "zvals": [
        0.001854973438951095,
        -0.0004645430888652858,
        -0.002712622644824663,
        0.0037478295745219945,
        0.003398776671190911,
        -0.0014112702094988786,
        -0.0035558017718405202,
        0.0017991856358177641,
        0.011372401922999058,
        -0.005758977170549752,
        -0.014545741140160787,
        0.007207898151130827,
        0.007480441763284345,
        -0.007529155918400608,
        -0.009364699171630181,
        0.004401201938380287,
        0.006804364970533419,
        -0.02798962258361304,
        -0.004998345297543412,
        0.01427037212932535,
        0.007731213983228882,
        -0.009582738942548876,
        -0.018457979266562945,
        0.008856549163608772,
        0.021345824321980872,
        -0.01177388070096453,
        -0.003454217606869384,
        0.012676283010291585,
        0.016416751761527272,
        -0.007974397693908059,
        -0.017665866223239686,
        0.008681804639176572,
        0.013447308639108162,
        -0.016068753948635963,
        -0.008180769495211347,
        0.015196158895032971,
        0.008360021288569613,
        -0.009884435661919181,
        -0.010561946936457697,
        0.012765700956712395,
        0.007418718301111462,
        -0.0028427219938736777,
        -0.012459303435964953,
        0.010584067461252178,
        0.008656243076758531,
        -0.008528414892831408,
        -0.016288668929638223,
        0.007624455371671434,
        0.005330508778858928,
        -0.004000266361836002,
        -0.00895050916859987,
        0.0049649179588973245,
        0.007396891766976741,
        -0.006509581129567431,
        -0.0022902345053081373,
        0.006535820055564186,
        0.002937114447168328,
        -0.004850243277992375,
        -0.00244382898861469,
        0.003210079972090619,
        0.004124577348045193,
        -0.0029642912255951766,
        -0.003386553059722587,
        0.004851375735614301
    ],
    "zerrs": [
        0.0010481646473894748,
        0.00045739314035249325,
        0.0015809241969080754,
        0.0014282077064596422,
        0.0013483254418686726,
        0.000968596496373565,
        0.001667000325398441,
        0.0008311706356546807,
        0.0034773037033387793,
        0.0031670889482086502,
        0.0050791186498823845,
        0.0024615173770578154,
        0.0025386820740769694,
        0.003374470040062756,
        0.0033833709249024117,
        0.0022221305459596517,
        0.0027847290876385207,
        0.008333249194065978,
        0.0031337851840447187,
        0.0041699823891720375,
        0.0029216634159041203,
        0.00414757886551448,
        0.005703918810512855,
        0.0030111347853191426,
        0.0052781869129929675,
        0.00554545529261052,
        0.001998221762160604,
        0.0039261787160624565,
        0.0044188285347942485,
        0.0038455454371977902,
        0.005991010982742971,
        0.003049716554166643,
        0.004348411810609429,
        0.0061658401615104965,
        0.004379181526898063,
        0.004521130079239385,
        0.0032047617493025757,
        0.0047988639154595255,
        0.004652515968993805,
        0.004262876856998519,
        0.0029112271546814636,
        0.0018366207138783008,
        0.00536327299366071,
        0.003424193295766578,
        0.0031202138534211664,
        0.0037924976676702604,
        0.005745273389213034,
        0.0029582115176077614,
        0.0023199057938562175,
        0.0023764367275912637,
        0.003627404577196723,
        0.002079185720588793,
        0.0024607896281135665,
        0.002709749154375216,
        0.0014209850046577638,
        0.002252395986939908,
        0.001319090559781222,
        0.0019952708850910377,
        0.0010613949440000684,
        0.0012816115822900638,
        0.0017546283095642703,
        0.0014542329540924057,
        0.001748834252566136,
        0.0018115413317399
    ]
}