{
    "bins": [
        [
            -1.0,
            -0.75,
            -0.5,
            -0.25,
            0.0,
            0.25,
            0.5,
            0.75,
            1.0
        ],
        [
            0.0,
            0.7853982,
            1.570796,
            2.356194,
            3.141593,
            3.926991,
            4.712389,
            5.497787,
            6.283185
        ]
    ],
    "zvals": [
        0.00013469376425869067,
        0.00015415821129114444,
        -7.552787249267252e-05,
        -0.00018137710895990445,
        -0.0005874265022319892,
        -0.00016030618870941868,
        0.00019425666986674277,
        0.0004835211192287224,
        0.0005835699648916945,
        0.00022645436490909446,
        -0.00043230637205595135,
        -0.0005154908524202348,
        -0.0007058678529866383,
        -0.00032339282758550445,
        0.0002760445022778261,
        0.0007234110603795785,
        0.0008920152860039659,
        0.0002759204571237658,
        -0.00020876045011573754,
        -0.000976816115121104,
        -0.0009729120776981858,
        -0.00018205139305167576,
        0.0002577177431060431,
        0.0009768087008115633,
        0.0009584519037604109,
        0.00040565140365812075,
        -0.00040890009905805724,
        -0.0004455089960644208,
        -0.0005977901649864143,
        -0.00028159475832635183,
        0.00025075994591277294,
        0.0006397999485611117,
        0.0008540859910297731,
        0.0002946788493677981,
        -0.0004722604335636201,
        -0.0007765856590089879,
        -0.001118994955423874,
        -0.0003022459440945865,
        0.00040513283710933833,
        0.001051987400018844,
        0.00074749190919969,
        0.00016727986760339792,
        -0.0004141636724310478,
        -0.0005870605895856756,
        -0.0007247831035984302,
        -0.0002856368363555803,
        0.0003873418572494456,
        0.0003466897038189556,
        0.0006103579050728662,
        0.00011689821387327542,
        -0.00022515738517286783,
        -0.00043735156270889065,
        -0.0009916439817773915,
        -0.00021957565463624816,
        0.00026625155653566733,
        0.0005105798588740996,
        0.0005064971628404546,
        0.00021082906012723741,
        -0.0001331718695489421,
        -0.0003501943343447089,
        -0.0002600524574801565,
        -0.00015008451765856294,
        0.00020655754152671643,
        0.0004655343660157017
    ],
    "zerrs": [
        9.524298420755941e-05,
        7.530489405380528e-05,
        6.012270198479171e-05,
        9.861192863121662e-05,
        0.00018303588184119082,
        7.812999527841799e-05,
        8.119167440889263e-05,
        0.0001713043167548707,
        0.00020650427813801982,
        0.00010339207881133763,
        0.00015001451274436833,
        0.00019489739387251525,
        0.00022352829260147502,
        0.00012484568679170345,
        9.840631866491258e-05,
        0.0002188112160090352,
        0.000257565742593358,
        0.00011393783680081286,
        9.493584762537353e-05,
        0.000271055395409639,
        0.00027000951549659803,
        9.807555917955207e-05,
        0.00010715988051200454,
        0.00026131620986009115,
        0.0002658666488410004,
        0.0001525833637126409,
        0.00015235967847975995,
        0.00018196401061559915,
        0.00021142235026760004,
        0.00011651382922362394,
        0.00011190176050213604,
        0.00021342483061548151,
        0.0002467084760491985,
        0.00011558791188881933,
        0.00015879090620757506,
        0.00023443061238373591,
        0.0002889661325012647,
        0.00013486375320586794,
        0.0001498516430790759,
        0.0002717660984321155,
        0.00022558457946122892,
        8.214580650502866e-05,
        0.0001310417719281084,
        0.00019622883257129888,
        0.00022923239238509916,
        0.00011487865857586895,
        0.0001321696419893907,
        0.00015515149262649143,
        0.00019357984089018627,
        5.2185849623687705e-05,
        9.290465069289951e-05,
        0.00016577260015242148,
        0.00025630476126921575,
        0.00010135223055665111,
        0.00010633452493812159,
        0.00018065725024896465,
        0.00015718223080801345,
        6.821634234219645e-05,
        4.902583458195097e-05,
        0.00012857327427846595,
        0.00011857048991413314,
        6.409225645205165e-05,
        7.650563966049227e-05,
        0.00015264699978443565
    ]
}