{
    "bins": [
        [
            -1.0,
            -0.75,
            -0.5,
            -0.25,
            0.0,
            0.25,
            0.5,
            0.75,
            1.0
        ],
        [
            0.0,
            0.7853982,
            1.570796,
            2.356194,
            3.141593,
            3.926991,
            4.712389,
            5.497787,
            6.283185
        ]
    ],
    "zvals": [
        -0.023364071880989795,
        -0.02469705415523191,
        -0.0365101311691652,
        -0.03077255764267589,
        -0.019988846419267677,
        -0.014686327186980363,
        -0.0280904407701573,
        -0.025734794333573556,
        -0.0030298831853701725,
        -0.00149056236215584,
        -0.0036882069982352903,
        -0.0012326636524874618,
        -0.0019811565601134703,
        -0.0019516046641320712,
        -0.002581029236132509,
        -0.002819535063751118,
        0.008487159761761613,
        0.012417564704153743,
        0.005358241299315763,
        0.014426547525525243,
        0.007370596818428361,
        0.011543110626714101,
        0.009519963126975116,
        0.008129860274663295,
        0.02218028510887853,
        0.014628108201983759,
        0.0161045024306148,
        0.015601532469483665,
        0.01460162108892561,
        0.01867547409084312,
        0.020118258513517992,
        0.022150247390495016,
        0.01887340205261484,
        0.016681131523413995,
        0.014063147601598172,
        0.010972624105709329,
        0.02154536171469751,
        0.01331979455002432,
        0.0211655237217309,
        0.014016287283644728,
        0.009821682810070101,
        0.014501874082153018,
        0.008403082258931143,
        0.004903020757602187,
        0.008992964076812007,
        0.006934064003218752,
        0.012164079867786781,
        0.012137122834537396,
        -0.0018608389986124235,
        -0.001292212939735762,
        -0.004091598909088132,
        -0.0040469478570764675,
        -0.003505349389736158,
        -0.00390074331740086,
        -0.0026099923860259393,
        -0.004012727814432938,
        -0.020789764988002262,
        -0.020801703289721463,
        -0.028045581985184587,
        -0.019736118838959562,
        -0.025506991359794645,
        -0.027859607485631495,
        -0.020286703047372165,
        -0.018146335997799846
    ],
    "zerrs": [
        0.008003497117752304,
        0.008493112976825402,
        0.010119540838245043,
        0.009032865369137348,
        0.006543326921215946,
        0.0061429787216610385,
        0.009190032913191553,
        0.008903286667384585,
        0.001893086789579083,
        0.0008604563983962058,
        0.0017792513868675518,
        0.0014112363472604417,
        0.0012703585182352113,
        0.0013092195435957603,
        0.0016897107900559465,
        0.0019874962660689855,
        0.002934810992875746,
        0.004036672616825895,
        0.0027148133753648897,
        0.0036346017096282146,
        0.0023738741383484674,
        0.0036040969367622834,
        0.003972150376880918,
        0.003356083541540249,
        0.0059414566091925015,
        0.005569943479652221,
        0.005758087642569658,
        0.004762822294550131,
        0.004062214654632082,
        0.005215985974402226,
        0.006718790806796552,
        0.006421359252561202,
        0.005461151989409246,
        0.00633849170330536,
        0.005791767346146376,
        0.0038923592383982614,
        0.005083609660053214,
        0.004740995242149774,
        0.006715151251816401,
        0.004982211160805207,
        0.003186911259477739,
        0.0044840137986404465,
        0.0035596473406671316,
        0.0020660641139423185,
        0.0027149968123808565,
        0.002552496971207893,
        0.004003279782283951,
        0.003769104003921996,
        0.001193068635540122,
        0.0010454033159924799,
        0.0025090648606717397,
        0.0019285970463571917,
        0.0016253355762428276,
        0.0018388658120426333,
        0.0016957787695348339,
        0.002131149995237556,
        0.007323730186912205,
        0.007609298919562227,
        0.009196230293258728,
        0.007347367667263905,
        0.008139925566703132,
        0.008884150271095414,
        0.006938760260989988,
        0.006740227064432415
    ]
}