{
    "bins": [
        [
            -1.0,
            -0.75,
            -0.5,
            -0.25,
            0.0,
            0.25,
            0.5,
            0.75,
            1.0
        ],
        [
            0.0,
            0.7853982,
            1.570796,
            2.356194,
            3.141593,
            3.926991,
            4.712389,
            5.497787,
            6.283185
        ]
    ],
    "zvals": [
        0.0008801334151262378,
        0.0007034055863156225,
        -0.00037984690564529073,
        -0.0007084852412595382,
        0.0006182460357678526,
        0.000742384880022613,
        -0.0010915637676693858,
        -0.0003186804651908969,
        0.0010408605469174744,
        0.0012581257548722443,
        -0.0014109799108222838,
        -0.0011837249601794756,
        0.0018721993180527573,
        0.0013154395605794772,
        -0.0021347102997461165,
        -0.0020761906702079715,
        0.0023406277223451746,
        0.0028066470265131886,
        -0.0029760625822831234,
        -0.00235638038754824,
        0.001932197942953763,
        0.0020875841293204215,
        -0.002409601246756422,
        -0.0015604908594114072,
        0.003108512344438783,
        0.0029432168004544955,
        -0.0037745275643686397,
        -0.0035450928763596594,
        0.00298398213389899,
        0.0033139768626861805,
        -0.0026409239646650495,
        -0.004330251923228733,
        0.0020523994070778366,
        0.003457094990589482,
        -0.0020078436665232156,
        -0.0026551620259256765,
        0.0025297966126728096,
        0.002646122857455711,
        -0.0027279855563676005,
        -0.002280849709319352,
        0.0028637804364715883,
        0.0018463718640413813,
        -0.0025331482891476683,
        -0.0029024498375984694,
        0.001457941069368651,
        0.002996063651804563,
        -0.002548270303718625,
        -0.002225243761761553,
        0.0016785808778273237,
        0.002081370739770343,
        -0.002139718715861258,
        -0.0011601288007751474,
        0.002407973536983796,
        0.0032443454146814745,
        -0.0007491157349522155,
        -0.0022197280869062567,
        0.0004621112195062326,
        0.001146436621034589,
        -0.00025222839885000983,
        -0.000665098886043909,
        0.00048785497289272425,
        0.0010033078770254064,
        -0.0006421590072803854,
        -0.000918918561035297
    ],
    "zerrs": [
        0.0002614492169914226,
        0.0002047011569550821,
        0.00014466355953215052,
        0.00019449725850150237,
        0.00018968446189504695,
        0.00020831373761551964,
        0.0002726102235924107,
        0.00013148389406573386,
        0.00030745963954023755,
        0.0003566856283570192,
        0.00033596044457248245,
        0.0003134762273503092,
        0.00041051573558572777,
        0.00034748958948051023,
        0.0004560261980245907,
        0.00044433195900050066,
        0.00048649306116941427,
        0.0005392163398421348,
        0.0005494259783088173,
        0.0004923642992050169,
        0.00044972635358233345,
        0.0004539630579504475,
        0.0005270597684261434,
        0.00042632413136419356,
        0.0005775225674609993,
        0.000534531866488376,
        0.0006406248373988349,
        0.0005982236156474704,
        0.0005668253137864707,
        0.0006274407964705431,
        0.0005540891551412832,
        0.0007159697240852597,
        0.00044939762775149774,
        0.000619076535190562,
        0.0004539242600503019,
        0.0005179653137048902,
        0.0005293045180497475,
        0.0005318371303626845,
        0.0005637519406162693,
        0.000505807779451419,
        0.0005323361756780445,
        0.0004455060933105129,
        0.0005007299517057367,
        0.0005334925745788673,
        0.000369809796869354,
        0.0005972760211424543,
        0.0005620070712211321,
        0.00048212102595771776,
        0.0003990611561372921,
        0.0004412064957335767,
        0.00043578077666696054,
        0.00031019870394248175,
        0.00048493134977428687,
        0.0005885936319081739,
        0.00028375398516194744,
        0.00046957020655038757,
        0.00016951334987677828,
        0.0002772239283971915,
        0.00010799880354232131,
        0.00020829703574408648,
        0.00015730903766134302,
        0.0002753382545548076,
        0.00020647870545976155,
        0.0002707704720570995
    ]
}