{
    "bins": [
        0.0,
        0.7853982,
        1.570796,
        2.356194,
        3.141593,
        3.926991,
        4.712389,
        5.497787,
        6.283185
    ],
    "yvals": [
        0.029215676837558324,
        0.010354267608083443,
        0.006181170565751378,
        -0.00019792411245748976,
        -0.02921318872724401,
        -0.04108155355628612,
        -0.00962114240168679,
        0.010285548218864831
    ],
    "yerrs": [
        0.01270773187365428,
        0.014690051842071129,
        0.017395484839799632,
        0.015907382595634015,
        0.021406667813388007,
        0.020681244065306234,
        0.01873911858092151,
        0.01529624756541381
    ]
}