{
    "bins": [
        -1.0,
        -0.75,
        -0.5,
        -0.25,
        0.0,
        0.25,
        0.5,
        0.75,
        1.0
    ],
    "yvals": [
        -4.06506e-05,
        0.0009060808,
        -0.0014917584,
        0.00011807988,
        0.00020205732,
        -0.001379582,
        0.00082039,
        0.0018646528
    ],
    "yerrs": [
        0.0014785268343861738,
        0.0015124237501441188,
        0.0009842430594116476,
        0.0003468080275887512,
        0.00035691070031591935,
        0.0009488988987242002,
        0.0014219727142248545,
        0.0015064347314105578
    ]
}