{
    "bins": [
        -1.0,
        -0.75,
        -0.5,
        -0.25,
        0.0,
        0.25,
        0.5,
        0.75,
        1.0
    ],
    "yvals": [
        -0.0028108716,
        0.0031584108,
        -0.0007538284,
        -6.4296e-06,
        0.0012421224,
        0.0012712956,
        -0.004374216,
        -0.00226102
    ],
    "yerrs": [
        0.0038009552483553393,
        0.003494623069803094,
        0.0022553552270097054,
        0.0008698247179748343,
        0.0008607106830985659,
        0.0022411432796677682,
        0.003463309630974395,
        0.00400823951380154
    ]
}