{
    "bins": [
        0.0,
        0.7853982,
        1.570796,
        2.356194,
        3.141593,
        3.926991,
        4.712389,
        5.497787,
        6.283185
    ],
    "yvals": [
        -0.006760368180115513,
        -0.008485540703067923,
        0.006970313140598781,
        0.007445716126452924,
        -0.006647565947455938,
        -0.007572444798688055,
        0.007017010483856593,
        0.007878017260038861
    ],
    "yerrs": [
        0.0005380237626301244,
        0.0006375428791647135,
        0.0005638615488155675,
        0.0005783994713961787,
        0.0005554539861953488,
        0.0006098172730569052,
        0.0005588001340155664,
        0.0005749431341868899
    ]
}