{
    "bins": [
        -1.0,
        -0.75,
        -0.5,
        -0.25,
        0.0,
        0.25,
        0.5,
        0.75,
        1.0
    ],
    "yvals": [
        0.0007292268,
        4.770696e-05,
        -0.0009291732,
        -0.0007989136,
        -0.0006963836,
        0.0009198216,
        0.0007007452,
        -0.0004686564
    ],
    "yerrs": [
        0.0006564971287065923,
        0.0010174356785566348,
        0.0010976764550631483,
        0.0012890231960674718,
        0.001138634761457773,
        0.0010884959898869633,
        0.0009847415904692966,
        0.0008441564783853761
    ]
}