{
    "bins": [
        [
            -1.0,
            -0.75,
            -0.5,
            -0.25,
            0.0,
            0.25,
            0.5,
            0.75,
            1.0
        ],
        [
            0.0,
            0.7853982,
            1.570796,
            2.356194,
            3.141593,
            3.926991,
            4.712389,
            5.497787,
            6.283185
        ]
    ],
    "zvals": [
        -0.02327785828895457,
        -0.02519673469928232,
        -0.014520637944074218,
        -0.04181200128851705,
        -0.02972165959169745,
        -0.020387100552840733,
        -0.03397526858993785,
        -0.010508689861700695,
        -0.00461357054294242,
        -0.004625554591571303,
        -0.00516034418218534,
        -0.002979045809836784,
        -0.004109746650742679,
        -0.0021370128266178425,
        -0.004752561121877062,
        -0.004814084578774075,
        0.010022426840295789,
        0.005095613967851706,
        0.014259995569125467,
        0.014983446630311474,
        0.007904074112742836,
        0.016126397062381115,
        0.012030303107469083,
        0.01625917050972883,
        0.024305097719857265,
        0.011588517309317647,
        0.02661551977468749,
        0.014421174460369827,
        0.0209134222394251,
        0.02247740381309859,
        0.007420207334370601,
        0.01457409873720076,
        0.014334990836495424,
        0.023166242635260754,
        0.025364561661730747,
        0.017794445880374182,
        0.02165147861339091,
        0.019571391829365497,
        0.018426290874180993,
        0.021715843432247094,
        0.009409942625282308,
        0.011529469524870072,
        0.01647775522728604,
        0.01183662316860602,
        0.014856941321470129,
        0.013178979320039015,
        0.013168986934013078,
        0.012985355195709695,
        -0.003877659510806111,
        -0.002473784367616003,
        -0.0020560933437569237,
        -0.0038388090639280164,
        -0.006134362450630124,
        -0.001956271851978233,
        -0.0030807478501345825,
        -0.004351278205444884,
        -0.030805581168889866,
        -0.03280429356944977,
        -0.024079684440245587,
        -0.042478872522119335,
        -0.023695206761412676,
        -0.04690197836001621,
        -0.02219058362766394,
        -0.01828349448305191
    ],
    "zerrs": [
        0.007413448903547453,
        0.00768419397836873,
        0.006252706348378152,
        0.010071652415022812,
        0.008565733665197273,
        0.007988182771788284,
        0.009674818405192766,
        0.004850770037359512,
        0.002069291437163278,
        0.0018357272287568781,
        0.002190991419560536,
        0.0015467893664492967,
        0.0020353092606766113,
        0.0015586784375656163,
        0.0030663971239811728,
        0.0021573296812037626,
        0.002830238340767749,
        0.002207680023121172,
        0.004011781567991039,
        0.0034744726893270513,
        0.0025549311112999136,
        0.005406396330348837,
        0.004818897100732703,
        0.0038569632983854116,
        0.005589648373367577,
        0.004767099751834886,
        0.007209194889278982,
        0.004179169782325643,
        0.005431014818036117,
        0.007598357238684353,
        0.0037419136434040726,
        0.004426142876440888,
        0.0043443495463797365,
        0.006751976943479351,
        0.007387728422203362,
        0.004796603090768213,
        0.005441986024513221,
        0.006609729147748217,
        0.0065673171250541255,
        0.005461488215837409,
        0.0029325727685459357,
        0.0038327605677902095,
        0.004713224087823762,
        0.003344006173161017,
        0.003677584218019186,
        0.0043906442653054946,
        0.003988700849774429,
        0.0033434949634447314,
        0.002143835259692577,
        0.002176640410747254,
        0.002071473755455328,
        0.0018718738903028814,
        0.002247938977326023,
        0.0012051002724122264,
        0.0016206185226590177,
        0.001789110260487002,
        0.008915532362040828,
        0.010238983922947297,
        0.008190984350711314,
        0.010858663773022147,
        0.007316574383086516,
        0.01086900743995218,
        0.007380812047160338,
        0.007426266340919916
    ]
}