{
    "bins": [
        0.0,
        0.7853982,
        1.570796,
        2.356194,
        3.141593,
        3.926991,
        4.712389,
        5.497787,
        6.283185
    ],
    "yvals": [
        -0.00031346697764267855,
        -0.0006999694931663929,
        0.001086505185905745,
        -7.304656614026756e-05,
        -1.1925077476642413e-05,
        -0.0003128762741947396,
        -0.0006823478032793566,
        2.614415875772539e-05
    ],
    "yerrs": [
        0.0004934748398337364,
        0.00120628573823035,
        0.0011591878288624627,
        0.0005235500624558496,
        0.0006064067088936694,
        0.001265608888892423,
        0.0011729827042804403,
        0.0005621502999099969
    ]
}