{
    "bins": [
        [
            -1.0,
            -0.75,
            -0.5,
            -0.25,
            0.0,
            0.25,
            0.5,
            0.75,
            1.0
        ],
        [
            0.0,
            0.7853982,
            1.570796,
            2.356194,
            3.141593,
            3.926991,
            4.712389,
            5.497787,
            6.283185
        ]
    ],
    "zvals": [
        0.0034232963610051565,
        -0.0016635473132214018,
        -0.003711777213591072,
        0.0031139061801708436,
        0.0031232801713271478,
        -0.004715006659044205,
        -0.0027887985454508424,
        0.0016966007043562631,
        0.008570439810022482,
        -0.0072355028241739405,
        -0.007570617699561244,
        0.005162680370104877,
        0.00787698975551249,
        -0.009299911637157213,
        -0.003670382659492386,
        0.009982775611855392,
        0.007706139382545057,
        -0.015475036981259686,
        -0.013767618455865691,
        0.011946559646752798,
        0.018512596161436613,
        -0.012488216165561922,
        -0.017272796722171437,
        0.011911576041701153,
        0.016532836464356552,
        -0.013092458369503962,
        -0.028220606622374904,
        0.017630091202051442,
        0.007320894629219832,
        -0.010595687791412763,
        -0.00971768708349143,
        0.015403273244902588,
        0.008701512175607226,
        -0.015196956243065614,
        -0.01690697455302917,
        0.00910442717650519,
        0.012141762520403665,
        -0.014962879966590192,
        -0.008764101767511506,
        0.013566309056045474,
        0.011189493431484818,
        -0.012423110938176805,
        -0.014095487892762652,
        0.015494763807949846,
        0.015608081507719649,
        -0.008022796085551532,
        -0.012191230433487228,
        0.018065750103769047,
        0.008131925945335754,
        -0.00524201621140268,
        -0.005091404867341146,
        0.007726528808923872,
        0.007534070624065758,
        -0.006035329858237481,
        -0.007579117848530301,
        0.0069881817880870604,
        0.0006948847094378367,
        -0.004866240267034107,
        -0.00019502677623319648,
        0.004724143015206283,
        0.0030681626385603215,
        -0.0020116185679107924,
        -0.00285375007321129,
        0.0030051540747493633
    ],
    "zerrs": [
        0.0013223964104039994,
        0.0010468161327176484,
        0.0016196114861820488,
        0.0014438482433594166,
        0.0011305098492346438,
        0.0015750130221214647,
        0.0013066111743478541,
        0.000736693693125028,
        0.0026757452985311497,
        0.003132833158161094,
        0.0032578219586893928,
        0.002170901803289087,
        0.0027140298068952877,
        0.0033499641577327964,
        0.0018924582659121155,
        0.0027332622119098995,
        0.002691858336793161,
        0.005018875008052183,
        0.0052291796222129205,
        0.003659866508950988,
        0.004633606390979821,
        0.00472883473061415,
        0.005292400733816069,
        0.0034821758248343884,
        0.0045043690394326995,
        0.005152304292771318,
        0.007934282932539534,
        0.0046635150823018095,
        0.002991935618837691,
        0.003944409964268617,
        0.0038812833883220214,
        0.004215204258984399,
        0.0032146644020410683,
        0.005517037506535273,
        0.005674372595148772,
        0.002769514740881881,
        0.0036536951339909084,
        0.005683863443844258,
        0.0039225623573831536,
        0.0038912178387593087,
        0.003598451409580877,
        0.004745449710666807,
        0.004810747939239419,
        0.004122835064216356,
        0.004040929227392843,
        0.003508715898343981,
        0.0041606148032370515,
        0.004512718550810424,
        0.002656788263201914,
        0.0026951560270405454,
        0.002579494110071786,
        0.002752162586421019,
        0.0024751048334443505,
        0.002795996586827789,
        0.0028937206618280882,
        0.002574369235446107,
        0.0004450457044664204,
        0.0019899246791759803,
        0.00018957469298183362,
        0.001659286821020752,
        0.0013924122615681623,
        0.0009856317052259172,
        0.0011833462021484408,
        0.0014482972039986642
    ]
}