{
    "bins": [
        -1.0,
        -0.75,
        -0.5,
        -0.25,
        0.0,
        0.25,
        0.5,
        0.75,
        1.0
    ],
    "yvals": [
        0.00110231,
        -5.067608e-05,
        8.91826e-05,
        -0.00036938712,
        0.0001127636,
        2.1104092e-05,
        -0.0004904012,
        -0.00014867668
    ],
    "yerrs": [
        0.0007389361000790258,
        0.0007289449910658554,
        0.0005761810826467665,
        0.00024729286281653987,
        0.00023862720716632459,
        0.0005949042275862561,
        0.0007483242078136988,
        0.0007088111737268255
    ]
}