{
    "bins": [
        -1.0,
        -0.75,
        -0.5,
        -0.25,
        0.0,
        0.25,
        0.5,
        0.75,
        1.0
    ],
    "yvals": [
        0.0025901764,
        -0.0024073696,
        -0.0006564896,
        0.0001659674,
        0.00015454388,
        -7.393076e-05,
        -0.00030958512,
        0.0006414096
    ],
    "yerrs": [
        0.0028691052263728496,
        0.0029750958303893338,
        0.0019455438314260618,
        0.0007775743822940671,
        0.0007083829472820474,
        0.001888107200346421,
        0.0028670185210423736,
        0.002636327445519619
    ]
}