{
    "bins": [
        -1.0,
        -0.75,
        -0.5,
        -0.25,
        0.0,
        0.25,
        0.5,
        0.75,
        1.0
    ],
    "yvals": [
        0.00027554836,
        0.0016661088,
        0.006647884,
        -0.007257568,
        0.0037552304,
        -0.0015262252,
        -0.0018473628,
        -0.0033545476
    ],
    "yerrs": [
        0.002160564370714282,
        0.004734533556750866,
        0.005943139910855204,
        0.007315621641391796,
        0.0065839295257467635,
        0.006407842694698428,
        0.004513609641960634,
        0.002209760167982037
    ]
}