{
    "bins": [
        0.0,
        0.7853982,
        1.570796,
        2.356194,
        3.141593,
        3.926991,
        4.712389,
        5.497787,
        6.283185
    ],
    "yvals": [
        0.00038312018031108294,
        0.0007209951441167774,
        0.0008321877570352867,
        0.000345160485307468,
        -0.00030083002503189456,
        -0.0009237652756946161,
        -0.0008683617732665479,
        -0.0002999087087056499
    ],
    "yerrs": [
        4.82840213810523e-05,
        0.00011424006170999695,
        0.0001315795860101289,
        5.270152651885845e-05,
        4.540216770590244e-05,
        0.00013871256746713612,
        0.00014056873118625793,
        4.441481320635164e-05
    ]
}