{
    "bins": [
        -1.0,
        -0.75,
        -0.5,
        -0.25,
        0.0,
        0.25,
        0.5,
        0.75,
        1.0
    ],
    "yvals": [
        2.0111072e-05,
        -3.9599136e-05,
        0.00021312432,
        -9.320796e-05,
        -2.0608528e-05,
        -1.5344432e-05,
        1.8691804e-05,
        1.277142e-05
    ],
    "yerrs": [
        5.282167736829265e-05,
        8.156247176244723e-05,
        0.00010336031733697415,
        0.00010829189443351705,
        0.00010250104389712331,
        0.00010614458818046259,
        8.56571304679301e-05,
        5.8142170582117076e-05
    ]
}