{
    "bins": [
        -1.0,
        -0.75,
        -0.5,
        -0.25,
        0.0,
        0.25,
        0.5,
        0.75,
        1.0
    ],
    "yvals": [
        0.0004575604,
        5.087092e-05,
        -0.0014278216,
        -0.00016870848,
        0.0012674072,
        0.0010735392,
        -0.0006978156,
        -0.0008280652
    ],
    "yerrs": [
        0.00040858879083988586,
        0.0005857828949363407,
        0.0007134905745698397,
        0.00073934489921822,
        0.0007304506006568822,
        0.0006744043890723132,
        0.0006893279045563149,
        0.0004732676198516015
    ]
}