{
    "bins": [
        0.0,
        0.7853982,
        1.570796,
        2.356194,
        3.141593,
        3.926991,
        4.712389,
        5.497787,
        6.283185
    ],
    "yvals": [
        4.738440958993794e-07,
        3.356669702919972e-06,
        1.4648267502591046e-06,
        -7.645683276907661e-07,
        1.4689826049977204e-06,
        -4.095713256208955e-06,
        -5.116921611717882e-06,
        3.5413370036592923e-06
    ],
    "yerrs": [
        4.332239213275829e-06,
        9.23762436339549e-06,
        8.863695308338927e-06,
        3.79952259935156e-06,
        3.4741420888352297e-06,
        8.43903595549733e-06,
        7.91387732019302e-06,
        3.6138184082939872e-06
    ]
}