{
    "bins": [
        [
            -1.0,
            -0.75,
            -0.5,
            -0.25,
            0.0,
            0.25,
            0.5,
            0.75,
            1.0
        ],
        [
            0.0,
            0.7853982,
            1.570796,
            2.356194,
            3.141593,
            3.926991,
            4.712389,
            5.497787,
            6.283185
        ]
    ],
    "zvals": [
        8.84575493042892e-05,
        -0.0001791261956679787,
        -8.752464355651533e-05,
        7.219764731047532e-05,
        0.00014318040025566652,
        -0.00021053183226848047,
        -0.00012677307556168977,
        9.360594246483951e-05,
        0.000370350072103552,
        -0.00034514188860727645,
        -0.0003424639227499943,
        0.0003349941112733783,
        0.00043395939383599125,
        -0.00024955123389669957,
        -0.00029458501294884896,
        0.0003976713462473804,
        0.0005134480827687153,
        -0.0003364831426825998,
        -0.0004885618756350284,
        0.0005613152041191803,
        0.0004536848324034437,
        -0.0004847966508700049,
        -0.000630084110221824,
        0.000529122814165557,
        0.0005402202347802681,
        -0.0006257017781307765,
        -0.0006539054084680634,
        0.0005370656188765201,
        0.0005033614040270026,
        -0.0005242789006338189,
        -0.0005810684519186452,
        0.0005040753859826484,
        0.000562874730296046,
        -0.0005707894776379561,
        -0.0006069024876559402,
        0.0003209687814728565,
        0.000615227948123117,
        -0.0005925795583895045,
        -0.0005739204836274094,
        0.00046457587108701584,
        0.0004883938364004398,
        -0.0005385831231001666,
        -0.00037214451781135183,
        0.0005605471868438844,
        0.0004569695873939071,
        -0.0002888448913799119,
        -0.00042381192720124077,
        0.0005820325491024934,
        0.0003649638107141065,
        -0.00041467623158608283,
        -0.00032060682609326744,
        0.00043974168543631963,
        0.00038430518030348936,
        -0.00040317978910055805,
        -0.0004837956297316776,
        0.000378865797977586,
        6.740565486399128e-05,
        -6.056711643449981e-05,
        -0.00011122849816271499,
        0.00018919209217225895,
        0.00014500031830995237,
        -0.0001742901306089397,
        -0.00010618229229002368,
        9.804145159524218e-05
    ],
    "zerrs": [
        3.2344012202960926e-05,
        4.9998800007524634e-05,
        3.0830652669846846e-05,
        2.8628211814266824e-05,
        4.4408294562288616e-05,
        5.3112435212760676e-05,
        4.131786659146136e-05,
        3.9574616836621085e-05,
        8.13175706611099e-05,
        7.589191368052129e-05,
        7.64125513063717e-05,
        7.812597824674289e-05,
        8.866757199925084e-05,
        6.528953257010327e-05,
        7.429843821194804e-05,
        8.352327378944773e-05,
        0.00010093002729463931,
        7.846192917886455e-05,
        9.299948568614212e-05,
        0.00010687266172400662,
        9.402979352656205e-05,
        9.990998474598637e-05,
        0.00011831019948803918,
        0.00010134935139677979,
        9.850323120485051e-05,
        0.00010893898538621057,
        0.00010867699592162342,
        0.00010261239449799764,
        9.818741991454092e-05,
        0.00010301032248076262,
        0.00011289173430429284,
        9.696591813279567e-05,
        0.00010475160930878028,
        0.00010084740898659496,
        0.00010563029514344564,
        7.807742411708573e-05,
        0.00011172564338265338,
        0.00010866860625181525,
        0.00010673521860372639,
        9.869886950088276e-05,
        9.635321890854135e-05,
        9.828822715489531e-05,
        8.342466222593288e-05,
        0.00010570842733063373,
        9.770454379625444e-05,
        7.789221210361331e-05,
        9.577266176554231e-05,
        0.00011009888322207859,
        7.716607792457167e-05,
        8.151512047582975e-05,
        7.115627776799816e-05,
        9.006962900160795e-05,
        8.332316346582866e-05,
        8.904473771210695e-05,
        9.563234962278842e-05,
        7.69456478059608e-05,
        2.7461704320397953e-05,
        2.4256124824250904e-05,
        3.807833321813161e-05,
        5.371604655303103e-05,
        4.355892545921646e-05,
        4.983752729292927e-05,
        3.484022651910912e-05,
        3.4775693836468645e-05
    ]
}