{
    "bins": [
        [
            -1.0,
            -0.75,
            -0.5,
            -0.25,
            0.0,
            0.25,
            0.5,
            0.75,
            1.0
        ],
        [
            0.0,
            0.7853982,
            1.570796,
            2.356194,
            3.141593,
            3.926991,
            4.712389,
            5.497787,
            6.283185
        ]
    ],
    "zvals": [
        0.08336932781358551,
        0.08443028488238699,
        0.12230267966050336,
        0.10106939275451077,
        0.07159559866462607,
        0.051745077018276096,
        0.09994963063313125,
        0.0894266601137258,
        0.042540377607180664,
        0.05192217243287414,
        0.05048395845163854,
        0.0682306954808957,
        0.06197856373456513,
        0.05063547398898394,
        0.051177364851960415,
        0.06691812304080226,
        0.047265603613555515,
        0.0634938371357801,
        0.023245972105862257,
        0.06639127373475139,
        0.03706223850837409,
        0.05911805224866884,
        0.042537735008237876,
        0.03297790928930301,
        0.06265275372416183,
        0.04350222524178194,
        0.04669479677819399,
        0.042958552277250164,
        0.04215117430907641,
        0.05238174785268107,
        0.05628519553143758,
        0.06147206893829627,
        0.055090831631648754,
        0.0452162050874092,
        0.040508027776999696,
        0.030653769612642746,
        0.058947539973363806,
        0.036014285750664,
        0.058474251271329956,
        0.03911661603416358,
        0.04991490431223296,
        0.07406341092373826,
        0.04555477859632951,
        0.029776452478294475,
        0.04765704012487935,
        0.037727648911761946,
        0.06168821412837824,
        0.057712140850880715,
        0.025812109067731497,
        0.056585439887914125,
        0.0739751820096308,
        0.08146386741006802,
        0.06914746408827115,
        0.05062790585155553,
        0.0644833829472446,
        0.07079885612135504,
        0.0782865048582999,
        0.07838045892158088,
        0.10618117183899121,
        0.07028840118207434,
        0.08970891191472345,
        0.093500976574934,
        0.07758114993926647,
        0.06729479830608177
    ],
    "zerrs": [
        0.02784678789152825,
        0.028197782089079155,
        0.0327896921878802,
        0.028331977612117636,
        0.022767379188101334,
        0.021215412342597988,
        0.031627982168369546,
        0.02986444594926556,
        0.017425680445991264,
        0.01963744803705203,
        0.019124784164161707,
        0.018965180929861877,
        0.01727028410289441,
        0.018003304751653064,
        0.020910911666412815,
        0.022526136258179813,
        0.015795969775079365,
        0.02010076099359994,
        0.011638916247413438,
        0.016145816947570626,
        0.01174312714042485,
        0.018109914246748227,
        0.017394405629922113,
        0.013532179584199958,
        0.01676604539096824,
        0.01651113141769092,
        0.01664932698333447,
        0.01305019032551414,
        0.011696294415041032,
        0.014601328501056604,
        0.0187781005450536,
        0.01784743255737189,
        0.01593282626236712,
        0.017166246381737332,
        0.01661723416500394,
        0.010916892429992555,
        0.013905492125811573,
        0.012791218325635467,
        0.01850251133413975,
        0.013865629930891818,
        0.01583361144523708,
        0.022558061244198215,
        0.01868261699116129,
        0.012292080712554313,
        0.01380616614793257,
        0.013419410260996337,
        0.019516629148227844,
        0.017440355375575766,
        0.012951263869716133,
        0.02149896034175338,
        0.026250541738925083,
        0.022790050238402245,
        0.01925367626960439,
        0.017979466193103772,
        0.021519413204129114,
        0.021492348329507333,
        0.026212722779690088,
        0.027738504598651088,
        0.0336001708759461,
        0.02503039910182318,
        0.027280558695080854,
        0.028422039208532777,
        0.02589153486435858,
        0.023901844263004922
    ]
}