{
    "bins": [
        [
            -1.0,
            -0.75,
            -0.5,
            -0.25,
            0.0,
            0.25,
            0.5,
            0.75,
            1.0
        ],
        [
            0.0,
            0.7853982,
            1.570796,
            2.356194,
            3.141593,
            3.926991,
            4.712389,
            5.497787,
            6.283185
        ]
    ],
    "zvals": [
        -7.594354048685112e-05,
        -0.00013524209005933043,
        -0.0002740354826470147,
        -0.00010620038986553331,
        0.00014705787384230665,
        0.00016889296891512334,
        0.00036654042918367514,
        9.940580444564415e-05,
        -0.00020296904169120835,
        -0.00035344453473131707,
        -0.00013485881043751068,
        -0.00014760599389609613,
        0.0001368318228465058,
        0.00020224314296700532,
        0.00037656204879564254,
        0.0001595598664626088,
        -0.00010887017566375883,
        -0.00029975439197817974,
        -0.00029877921767053144,
        -0.00015936730247937672,
        9.534427131212451e-05,
        0.00022802736956294774,
        0.00010865416005643,
        0.00016239353805331822,
        -3.42178324320071e-05,
        -6.918954955055897e-05,
        -8.142903343273094e-05,
        -6.517512754663554e-05,
        3.8920195875212304e-05,
        9.712553380579021e-05,
        6.724835051782664e-05,
        3.410925925454357e-05,
        3.013929494618144e-05,
        7.052466915491741e-05,
        6.624687101316786e-05,
        3.999095491590899e-05,
        -3.374785268106106e-05,
        -9.624628532285544e-05,
        -0.0001131528218813901,
        -3.0861677773561946e-05,
        5.062549926903321e-05,
        0.00024713769251709134,
        0.00013119442626540942,
        5.0310494411120976e-05,
        -5.9352837669563695e-05,
        -0.00038457765362274934,
        -0.00016449591162697136,
        -9.095271441995017e-05,
        0.0001236647091882818,
        0.0004120116455635603,
        0.0004308369005268667,
        0.0001811918782682433,
        -0.00013258882757531847,
        -0.000355427795843636,
        -0.00029662189106669494,
        -0.00014599074609306366,
        0.00011801498908451789,
        0.0005313872791596818,
        0.000253323181367918,
        0.00010357991288504314,
        -9.364439430709014e-05,
        -0.0002484267084968386,
        -0.0001576552524961867,
        -0.00012252763567006795
    ],
    "zerrs": [
        3.709781672404749e-05,
        6.572167109977055e-05,
        9.273890010996877e-05,
        4.005147718526373e-05,
        4.74824267694875e-05,
        7.031940133256304e-05,
        0.0001112605292158834,
        4.059219828793297e-05,
        5.4122761246689696e-05,
        9.871613292695339e-05,
        6.098641654697382e-05,
        4.5542623335828e-05,
        4.425395633505338e-05,
        7.221825179312647e-05,
        0.00010541263036288738,
        4.541757303870756e-05,
        3.088588221633105e-05,
        7.254920048156455e-05,
        7.390863070427374e-05,
        4.035812391268929e-05,
        2.8133734559010396e-05,
        6.68393031830553e-05,
        4.550333211085168e-05,
        4.205269735357723e-05,
        1.1643776138168188e-05,
        2.216196963742772e-05,
        2.500303778235674e-05,
        1.7835452192182276e-05,
        1.2429912460206255e-05,
        2.5031358414171763e-05,
        2.235614775918856e-05,
        1.1984447336583553e-05,
        1.0311133269774395e-05,
        2.2523539514829392e-05,
        2.4356690857553865e-05,
        1.3517601374191037e-05,
        1.1985313035143825e-05,
        2.8267846185712126e-05,
        2.8209266319017373e-05,
        1.302910869795812e-05,
        1.826349204179934e-05,
        6.763371054275111e-05,
        5.0511645190186844e-05,
        2.4335970093728248e-05,
        2.4448485459701837e-05,
        8.69817202960138e-05,
        5.578097173362482e-05,
        3.21284036508545e-05,
        3.8938256488785234e-05,
        0.00011134630493153072,
        0.00011652576101024058,
        5.613887225498241e-05,
        4.462771319335403e-05,
        9.971444531205116e-05,
        9.451672047421454e-05,
        5.1045554373468345e-05,
        4.3034403674984636e-05,
        0.00013902843856694272,
        9.690635468144507e-05,
        4.6224883236758596e-05,
        4.239653182212668e-05,
        9.434926581973138e-05,
        7.166758241528167e-05,
        4.653384209537466e-05
    ]
}