{
    "bins": [
        -1.0,
        -0.75,
        -0.5,
        -0.25,
        0.0,
        0.25,
        0.5,
        0.75,
        1.0
    ],
    "yvals": [
        -0.1626158,
        -0.024148164,
        0.05823056,
        0.13147944,
        0.10333336,
        0.06297256,
        -0.020546736,
        -0.15168688
    ],
    "yerrs": [
        0.02304491614217765,
        0.005332700629137173,
        0.008172232008453994,
        0.016375865167984255,
        0.013776600451490201,
        0.00887297199364452,
        0.004912291522293847,
        0.024446876283075514
    ]
}