{
    "bins": [
        -1.0,
        -0.75,
        -0.5,
        -0.25,
        0.0,
        0.25,
        0.5,
        0.75,
        1.0
    ],
    "yvals": [
        -0.0011031592,
        0.0013156884,
        -0.001002318,
        0.00028539112,
        0.00035715328,
        -0.00020722728,
        -6.482108e-05,
        0.00111947
    ],
    "yerrs": [
        0.0008696114994639848,
        0.0009793731872988968,
        0.0010667175821181536,
        0.0010775175915037304,
        0.0010340570970695962,
        0.001014645553875835,
        0.0010614348025196837,
        0.0010426179357751334
    ]
}