{
    "bins": [
        -1.0,
        -0.75,
        -0.5,
        -0.25,
        0.0,
        0.25,
        0.5,
        0.75,
        1.0
    ],
    "yvals": [
        -0.3765504,
        -0.05208084,
        0.15908616,
        0.231735,
        0.27395236,
        0.17354724,
        -0.039596868,
        -0.37323536
    ],
    "yerrs": [
        0.03351881859493261,
        0.007476100587873334,
        0.012732792309623212,
        0.01909374766775763,
        0.020704747281722613,
        0.013851879294882699,
        0.006781080739823115,
        0.033716396011436334
    ]
}