{
    "bins": [
        0.0,
        0.7853982,
        1.570796,
        2.356194,
        3.141593,
        3.926991,
        4.712389,
        5.497787,
        6.283185
    ],
    "yvals": [
        0.00016854023856942887,
        -6.28882713957182e-05,
        0.0002250450090272703,
        1.9336719298089254e-05,
        -0.00012186839029383824,
        -0.00025400510314515704,
        -0.00027033745947914315,
        0.0001802827356321254
    ],
    "yerrs": [
        0.00010486300997061628,
        0.0002617766852434666,
        0.00027672668539687265,
        0.00011614430321425357,
        0.0001294772205396709,
        0.0002805370044471992,
        0.0002808217787875924,
        0.0001124551608228266
    ]
}