{
    "bins": [
        [
            -1.0,
            -0.75,
            -0.5,
            -0.25,
            0.0,
            0.25,
            0.5,
            0.75,
            1.0
        ],
        [
            0.0,
            0.7853982,
            1.570796,
            2.356194,
            3.141593,
            3.926991,
            4.712389,
            5.497787,
            6.283185
        ]
    ],
    "zvals": [
        -0.0001384772208543386,
        -0.00011447997435185073,
        0.00010601834993213634,
        0.00014697665772429047,
        0.00020242394301997195,
        5.3400848996305066e-05,
        -0.00012334943557279243,
        -0.0002814391174920232,
        -0.00041694371084629423,
        -0.00012662999565315818,
        4.896385272180475e-05,
        0.00033530035052247326,
        0.00042667911046373924,
        6.236593421424553e-05,
        -9.965739663202609e-05,
        -0.000320247365030214,
        -8.771535254346138e-05,
        -6.113503246380369e-05,
        0.0001081544898255407,
        0.00018674126144800288,
        0.0002395452496695942,
        4.147389221770365e-05,
        -8.736177072006807e-05,
        -0.00020657368620750248,
        -4.652721638526801e-05,
        -2.6025043614840786e-05,
        1.8066065867241836e-05,
        5.5599306849130185e-05,
        6.176924310986275e-05,
        6.376293293336628e-06,
        -2.5367067397676086e-05,
        -3.765179946982295e-05,
        7.446826335991093e-05,
        5.177193009707947e-05,
        -4.831793816638189e-05,
        -5.2343942378332545e-05,
        -9.114981194248009e-05,
        -1.0308424518524368e-05,
        2.152031963412181e-05,
        5.6442415183130097e-05,
        0.00016558204487863607,
        9.700358213379259e-05,
        -5.0334413889518445e-05,
        -0.00019500972117356913,
        -0.00023832553686156565,
        -9.942694022648392e-05,
        9.315659067122658e-05,
        0.00020556115498129615,
        0.0003464194341163501,
        4.988801343726707e-05,
        -0.00014934629321694228,
        -0.00035905469703933926,
        -0.0001701057552985874,
        -0.00015244444218090705,
        9.097018327013822e-05,
        0.00030870590452229327,
        0.00020228016820002899,
        6.61874021037492e-05,
        -7.999730073160361e-05,
        -0.0001513547636296965,
        -0.0001550375223771896,
        -4.0596736941015904e-05,
        6.269585611371561e-05,
        0.00017236290390349864
    ],
    "zerrs": [
        5.233952866418199e-05,
        3.629239174914967e-05,
        3.588658962712943e-05,
        5.3592408832606506e-05,
        6.502685888208097e-05,
        2.6512759107619316e-05,
        3.919269235710018e-05,
        7.847775908960475e-05,
        9.142541850932978e-05,
        3.800298762455399e-05,
        2.2435268741770243e-05,
        7.743827544637912e-05,
        9.143714404387368e-05,
        2.5420632497026546e-05,
        3.445023848864844e-05,
        7.813597083688535e-05,
        3.152884865732529e-05,
        1.9344328596070506e-05,
        2.7174381152443437e-05,
        4.6475974688337905e-05,
        5.0885480987405976e-05,
        1.807669815729768e-05,
        2.389696037299924e-05,
        5.260196078853274e-05,
        1.595366534818795e-05,
        9.05067951877202e-06,
        7.668702973604087e-06,
        1.61643452640749e-05,
        1.735509090854193e-05,
        3.3076564799807764e-06,
        8.629674907889371e-06,
        1.408792986671859e-05,
        1.9842310549360598e-05,
        1.5125101602417787e-05,
        1.3113529426692981e-05,
        1.7930796017305934e-05,
        2.1625319047753725e-05,
        4.997177243314602e-06,
        8.117657808891094e-06,
        1.7059627019003295e-05,
        4.687253145487823e-05,
        3.051661834441923e-05,
        1.9402944863782784e-05,
        5.092689696147155e-05,
        5.169115281126502e-05,
        2.795726615451731e-05,
        2.3906439634819524e-05,
        4.8233311371116625e-05,
        8.445179346627736e-05,
        2.5008904792586704e-05,
        4.3455589272620916e-05,
        8.266623246463105e-05,
        5.386851179053773e-05,
        3.881833686232855e-05,
        2.888403931929374e-05,
        6.958067192113991e-05,
        6.563437782766961e-05,
        2.6031670263742043e-05,
        3.2476232087896074e-05,
        5.57182066109342e-05,
        5.52363773103496e-05,
        1.6857402731810237e-05,
        2.60757324621132e-05,
        5.4037449544232566e-05
    ]
}