{
    "bins": [
        0.0,
        0.7853982,
        1.570796,
        2.356194,
        3.141593,
        3.926991,
        4.712389,
        5.497787,
        6.283185
    ],
    "yvals": [
        -2.0248327536273954e-06,
        5.62470635899413e-06,
        -1.6932014087125258e-05,
        -1.2208836527675743e-06,
        -5.407692660281792e-06,
        2.051752105302026e-06,
        2.3574417047153168e-05,
        -1.0473141006215958e-05
    ],
    "yerrs": [
        6.470055112671419e-06,
        1.5105066498731238e-05,
        1.3342307850187884e-05,
        7.486218289040797e-06,
        5.8921749911535956e-06,
        1.2705099855557396e-05,
        1.4347966488472951e-05,
        5.3876010788757675e-06
    ]
}