{
    "bins": [
        -1.0,
        -0.75,
        -0.5,
        -0.25,
        0.0,
        0.25,
        0.5,
        0.75,
        1.0
    ],
    "yvals": [
        -0.0001480178,
        -0.00012357392,
        -2.6105744e-05,
        0.00020449056,
        6.281388e-05,
        -1.5608872e-05,
        -0.00011530856,
        1.83447e-05
    ],
    "yerrs": [
        8.658827634270126e-05,
        0.00010139622083687341,
        9.998475083731518e-05,
        9.585420595884147e-05,
        9.99479064313005e-05,
        9.927362590335865e-05,
        9.573627107841626e-05,
        8.03661918968418e-05
    ]
}