{
    "bins": [
        0.0,
        0.7853982,
        1.570796,
        2.356194,
        3.141593,
        3.926991,
        4.712389,
        5.497787,
        6.283185
    ],
    "yvals": [
        0.00027398700429922044,
        -0.00011283501176091912,
        0.00048147868978530643,
        -0.0004847798380186377,
        -0.00012099886936304901,
        -0.00027469575934749015,
        0.00033543591911362145,
        8.995907807251866e-05
    ],
    "yerrs": [
        0.00029682844547259513,
        0.0007831788968148648,
        0.0006825446613683161,
        0.0003283618094601918,
        0.0003134093175511718,
        0.000649761108893243,
        0.0006591415050774371,
        0.00032354388971969335
    ]
}