{
    "bins": [
        0.0,
        0.7853982,
        1.570796,
        2.356194,
        3.141593,
        3.926991,
        4.712389,
        5.497787,
        6.283185
    ],
    "yvals": [
        0.003866425973474347,
        0.008477730648086866,
        0.00745061484750407,
        0.0036201841357068193,
        -0.0038426708496838535,
        -0.008246552703215441,
        -0.009385675797493756,
        -0.0030991484572153232
    ],
    "yerrs": [
        0.00034696635695106293,
        0.0007583802380038801,
        0.0006848962748463215,
        0.00035244877464973173,
        0.00037102505169706344,
        0.0007875995324790726,
        0.000812759146511859,
        0.0003134370414366188
    ]
}