{
    "bins": [
        0.0,
        0.7853982,
        1.570796,
        2.356194,
        3.141593,
        3.926991,
        4.712389,
        5.497787,
        6.283185
    ],
    "yvals": [
        4.431898366968501e-06,
        -1.3800280571195896e-05,
        -4.64505639179117e-06,
        2.6262218311966277e-06,
        6.754089009648608e-06,
        -2.450510441839679e-05,
        3.8932872250756946e-05,
        -1.4924815189241637e-05
    ],
    "yerrs": [
        1.2639095715066805e-05,
        1.3469604908746265e-05,
        1.3906425222318272e-05,
        1.2236152864046754e-05,
        1.4726712375893908e-05,
        1.516421129887726e-05,
        1.518352219634921e-05,
        1.4125400719763322e-05
    ]
}