{
    "bins": [
        0.0,
        0.7853982,
        1.570796,
        2.356194,
        3.141593,
        3.926991,
        4.712389,
        5.497787,
        6.283185
    ],
    "yvals": [
        -0.00026259838639813534,
        -0.0001531682416222709,
        -0.00022686052167181486,
        -3.4653609184631e-05,
        -0.0008883313937646897,
        -0.00030882304258477876,
        -0.001119832492570646,
        0.0003196622604080989
    ],
    "yerrs": [
        0.0008798746314128928,
        0.0004442433174510995,
        0.00045126643774073545,
        0.0009686162343223502,
        0.0011886765973833863,
        0.0004130551645424506,
        0.0006039140301167083,
        0.0010089775997577707
    ]
}