{
    "bins": [
        0.0,
        0.7853982,
        1.570796,
        2.356194,
        3.141593,
        3.926991,
        4.712389,
        5.497787,
        6.283185
    ],
    "yvals": [
        -0.0011729706026828172,
        -0.0005716239592216836,
        9.776659731753839e-05,
        0.0004472628562042988,
        -0.0015318768318737755,
        0.0007310121747190598,
        3.461099977336332e-05,
        0.0022956106330802987
    ],
    "yerrs": [
        0.001783362238670725,
        0.0009747572558799062,
        0.000905786057936328,
        0.0016375194502403123,
        0.0015666360885395535,
        0.0008183348100579695,
        0.0007602748287894643,
        0.0015066064336701336
    ]
}