{
    "bins": [
        -1.0,
        -0.75,
        -0.5,
        -0.25,
        0.0,
        0.25,
        0.5,
        0.75,
        1.0
    ],
    "yvals": [
        0.0027526568,
        -0.006638924,
        0.004927196,
        -0.001085842,
        0.010669248,
        -0.012919536,
        0.0018413688,
        0.000501748
    ],
    "yerrs": [
        0.002061173258122664,
        0.005782132478592997,
        0.007641567378489834,
        0.007183806233467047,
        0.007561114203607826,
        0.007451777774464292,
        0.005149935921931456,
        0.002453090785111713
    ]
}