{
    "bins": [
        -1.0,
        -0.75,
        -0.5,
        -0.25,
        0.0,
        0.25,
        0.5,
        0.75,
        1.0
    ],
    "yvals": [
        0.0007973808,
        0.0005395036,
        0.00031468028,
        0.00011183668,
        -0.00010920316,
        -0.00027811348,
        -0.0006155804,
        -0.0007320144
    ],
    "yerrs": [
        8.200412672542767e-05,
        3.9482012106780983e-05,
        2.073800761886252e-05,
        7.676053152499662e-06,
        7.529869055966378e-06,
        1.9297456827260944e-05,
        4.1798602847463696e-05,
        7.846624752082898e-05
    ]
}