{
    "bins": [
        [
            -1.0,
            -0.75,
            -0.5,
            -0.25,
            0.0,
            0.25,
            0.5,
            0.75,
            1.0
        ],
        [
            0.0,
            0.7853982,
            1.570796,
            2.356194,
            3.141593,
            3.926991,
            4.712389,
            5.497787,
            6.283185
        ]
    ],
    "zvals": [
        0.0006853537479459464,
        0.0011598912041770424,
        -0.0009213718395004828,
        -0.0008147787303014137,
        0.0006768975729502747,
        0.0009843432247090011,
        -0.0005482412738509649,
        -0.0007027677686981634,
        0.001997578298498774,
        0.0021002376120737797,
        -0.0020911986024919854,
        -0.0018061082328854506,
        0.0020166208724748465,
        0.0020180132875306537,
        -0.0032995581857860608,
        -0.003043885011166314,
        0.001891865298392586,
        0.0037998675320964734,
        -0.002825024764514298,
        -0.0037939696892916853,
        0.0037744796905517953,
        0.0013129134527971808,
        -0.003321989615456113,
        -0.0017782296364391053,
        0.0026767644743774556,
        0.0035456931506556294,
        -0.0035654070929643325,
        -0.0032318121107870012,
        0.003799376621789206,
        0.004828472697918763,
        -0.0021268131571508973,
        -0.004758505114604316,
        0.002611732494421301,
        0.0031059954586070905,
        -0.0027807720416909653,
        -0.0033056874276641557,
        0.0037370647748020736,
        0.003421889538807077,
        -0.0028399206516950652,
        -0.0031615904293109997,
        0.003684052242543973,
        0.002803345769494134,
        -0.00342637032434511,
        -0.0020538961725186816,
        0.004201956205643506,
        0.0020643174543352547,
        -0.003442929572013171,
        -0.0042219771377059795,
        0.001827370625499269,
        0.0017559611193206806,
        -0.0018859905423746944,
        -0.0022827072608954174,
        0.0031394625400115598,
        0.002667169002212892,
        -0.001652331174767443,
        -0.0019032638229279936,
        0.0009005689088668653,
        0.0008542244452429074,
        -0.0015637905877020318,
        -0.0010357594038189507,
        0.000729484923567414,
        0.0007021133234360161,
        -0.0007713551600589766,
        -0.0012124039022253688
    ],
    "zerrs": [
        0.00023423675766619305,
        0.0003225409342089865,
        0.0003053145595577119,
        0.00031073310558688786,
        0.000263667964543531,
        0.0003208634650826518,
        0.0002548693584787961,
        0.000260017441492675,
        0.000539191772368773,
        0.0005307864313951402,
        0.0005764939659980485,
        0.0005505917708228503,
        0.0005655801746520908,
        0.0006469074739765497,
        0.0007759512423993472,
        0.0006635686151083251,
        0.0005055661629989355,
        0.000838586071689622,
        0.000723631550134441,
        0.0009013051599456882,
        0.000916548307562941,
        0.0004810502879059884,
        0.0008333136573268638,
        0.0005574403838994097,
        0.0007378587051859166,
        0.0008255277433541391,
        0.0008198767521246763,
        0.0008149902066547012,
        0.0008796830706957002,
        0.0009861689387803425,
        0.0006519763659623338,
        0.0010357035696487334,
        0.0007114780217045843,
        0.000804723221134247,
        0.0007067262279465596,
        0.0008108467031529517,
        0.0008367578587716259,
        0.0008266315288962965,
        0.000757244431178717,
        0.0008517728810245157,
        0.0008586414437833064,
        0.000732639145785441,
        0.0008235327687184675,
        0.0006865434435512786,
        0.0008793259241293063,
        0.0006101292896588796,
        0.0008639352351667411,
        0.000943224850858856,
        0.0005629831360711349,
        0.000543229600411158,
        0.0005513600600980433,
        0.0006074611791466272,
        0.0006996424832925286,
        0.0006420763418121,
        0.0005178299960241506,
        0.0005370862984373359,
        0.00035342856758532475,
        0.00033327634855215125,
        0.0004749569927985764,
        0.00036170966526545014,
        0.00024994534816513264,
        0.00023260978342858968,
        0.00029235320600410453,
        0.0003819553394795825
    ]
}