{
    "bins": [
        -1.0,
        -0.75,
        -0.5,
        -0.25,
        0.0,
        0.25,
        0.5,
        0.75,
        1.0
    ],
    "yvals": [
        0.0005089676,
        -0.0005394888,
        -0.001350978,
        0.00092694,
        -0.00025507076,
        0.001470146,
        -2.7181424e-05,
        -0.0010578856
    ],
    "yerrs": [
        0.0008670094809170197,
        0.0013228641653624154,
        0.0014871976331342113,
        0.0013295502999134707,
        0.0014140953291769264,
        0.001393985939670842,
        0.00131633248079655,
        0.0007660618251812317
    ]
}