{
    "bins": [
        [
            -1.0,
            -0.75,
            -0.5,
            -0.25,
            0.0,
            0.25,
            0.5,
            0.75,
            1.0
        ],
        [
            0.0,
            0.7853982,
            1.570796,
            2.356194,
            3.141593,
            3.926991,
            4.712389,
            5.497787,
            6.283185
        ]
    ],
    "zvals": [
        -0.00020107354460450764,
        -0.00034702638586458985,
        -0.0007238006717613237,
        -0.00027466350224535557,
        0.0004062689744562628,
        0.0004523857712904796,
        0.001001621088925615,
        0.00026887269893735414,
        -0.0007134403924022234,
        -0.0013796626372011738,
        -0.0005308136766327392,
        -0.0005699732238008962,
        0.0005022592367181988,
        0.000757596021380243,
        0.001418510869648255,
        0.0005802958500021647,
        -0.0007022058364788715,
        -0.00179583288876032,
        -0.0019636861820376424,
        -0.0009756651077987112,
        0.0006429387393397995,
        0.0012925069837203562,
        0.0006672021064479412,
        0.0010167838471704794,
        -0.0006981925856208989,
        -0.0014186492500997583,
        -0.0017739729411075662,
        -0.0010579397223576808,
        0.000659293250046473,
        0.0021773663798481794,
        0.0011987756525990646,
        0.0006985146384380914,
        -0.0006107490442427803,
        -0.001359009663637968,
        -0.0010623749996816903,
        -0.0006231416133710382,
        0.0006880537001622104,
        0.0019030952459771994,
        0.0022735520080265042,
        0.0004042881188900406,
        -0.0003417506177121363,
        -0.0014566081035622966,
        -0.0008485679871861148,
        -0.00028948440219557194,
        0.00033040644361202845,
        0.0023452618926964423,
        0.0010540495392145131,
        0.0005735660136644097,
        -0.00046731143514207183,
        -0.001600754165596084,
        -0.001633936424589826,
        -0.0006663879123859338,
        0.000503238154413431,
        0.0013473780172600393,
        0.0010914196369229362,
        0.0005378679344739865,
        -0.0003166392283557563,
        -0.0013890953094088116,
        -0.0006968003483584121,
        -0.00029273324768684455,
        0.0002410443112918545,
        0.0006556410889765445,
        0.0004077889681409936,
        0.0003364679309089151
    ],
    "zerrs": [
        9.857619746822249e-05,
        0.0001703722047434181,
        0.0002471271027994448,
        0.00010435758458143155,
        0.0001328728859395447,
        0.0001910732787623552,
        0.00030503492701571493,
        0.00011280026344803288,
        0.00018882329591408896,
        0.00038586468553233465,
        0.00023941247879045297,
        0.00017764610517793537,
        0.0001627322017746161,
        0.00026974362311473556,
        0.00039522541748186367,
        0.00016556465557698215,
        0.00019583075623514772,
        0.0004263524694925401,
        0.00047861738503207575,
        0.00024120108102460252,
        0.0001908412086319013,
        0.000375150952103921,
        0.00027360237850938477,
        0.00025666326719448466,
        0.00019811671854858858,
        0.00039659266624150253,
        0.0004463956547083736,
        0.0002617888688024412,
        0.0001820187578917716,
        0.00046771941988881226,
        0.0003627782825887502,
        0.0001957706635394478,
        0.00018183721467686338,
        0.0003790361416510954,
        0.00035492255229417695,
        0.0001855643737016424,
        0.00020112733771105988,
        0.0004504514433564755,
        0.000510113451599206,
        0.0001557575736366454,
        0.00012370977254313328,
        0.0003912534467366851,
        0.00032155131313049966,
        0.00014064579779400667,
        0.00012933366175949868,
        0.0005160949685207325,
        0.0003524835212496266,
        0.00019606914137340064,
        0.00014697696900203844,
        0.00043082099435743905,
        0.00043888426640158467,
        0.00020627364047451574,
        0.00017179752610616098,
        0.00037635910883169777,
        0.0003471544974318598,
        0.0001904408580272162,
        0.00011464425933848448,
        0.00036594032524803297,
        0.0002699759389895292,
        0.00012987580748114933,
        0.00010928123457790089,
        0.0002502149674718557,
        0.00018835351131599214,
        0.00012755063999241362
    ]
}