{
    "bins": [
        [
            -1.0,
            -0.75,
            -0.5,
            -0.25,
            0.0,
            0.25,
            0.5,
            0.75,
            1.0
        ],
        [
            0.0,
            0.7853982,
            1.570796,
            2.356194,
            3.141593,
            3.926991,
            4.712389,
            5.497787,
            6.283185
        ]
    ],
    "zvals": [
        -0.001289044971073272,
        -8.778960165154524e-05,
        0.0005335725326522351,
        0.001736544609809791,
        0.0017691483808209335,
        0.0006689820957017972,
        -0.0007078999437228005,
        -0.0021976429784644224,
        -0.0011497067347493283,
        -0.001365408968550714,
        0.00031936913513912695,
        0.0011143462112887844,
        0.0006254581753454934,
        0.0013091441536647666,
        -0.0006523286282878235,
        -0.0015514961841002909,
        -0.0013462450003068507,
        -0.0003256972708607027,
        0.00045728733712079744,
        0.0015864552921508687,
        0.0011950348740383853,
        0.0003141127937682552,
        -0.00043102050170741466,
        -0.0015450138655815273,
        -0.000444752585376437,
        -0.00040065719562748964,
        0.00034128744916590067,
        0.0005607585443831735,
        0.0006168846877634013,
        0.00016820557220670288,
        -0.00019938512703113586,
        -0.0005406807758614106,
        0.00039677600483423566,
        0.00019101754550369254,
        -0.0001148682833416943,
        -0.00048338686451090463,
        -0.0007638226733452337,
        -0.00018392066188098268,
        0.00022234215009460178,
        0.00026476848680541593,
        0.0011642440738978011,
        0.0006431151194974062,
        -0.0004100824295452752,
        -0.001093419777718077,
        -0.0008565883793949052,
        -0.0004093221525901519,
        0.0005043540727121791,
        0.0014118543719235344,
        0.0014779045839422602,
        0.0008244336818870641,
        -0.000796440530788212,
        -0.0013884738839748968,
        -0.0017555496703582126,
        -0.0012415442871002984,
        0.0006984494485598385,
        0.0030885288732591634,
        0.0017983911855158313,
        0.0007716548225625282,
        -0.0008320326764264744,
        -0.0014384474642824858,
        -0.0015507882627661383,
        -0.0007994138003916488,
        0.00020292030282735636,
        0.0013472832882182031
    ],
    "zerrs": [
        0.0005006721406489476,
        6.242885294940526e-05,
        0.00023766538619558852,
        0.0005514687246148735,
        0.0005628512652932002,
        0.0002595151850052673,
        0.00026341890996137987,
        0.0006653592116489061,
        0.0004406203696826282,
        0.0003872844383865776,
        0.00016219528024527028,
        0.00042540895057057354,
        0.00031547176612932144,
        0.00037117793009632026,
        0.00024289560841941847,
        0.0005210791749146749,
        0.0003979647894274241,
        0.0001334956766369863,
        0.00016507191502431698,
        0.00041812565194131635,
        0.0003692017495870172,
        0.00012151381303095346,
        0.0001478100141134239,
        0.00040692843115085664,
        0.00014620584561671893,
        0.00010791734612156082,
        9.786281200146333e-05,
        0.00014782669768008007,
        0.0001859628354236136,
        6.318279334547682e-05,
        7.282867603594676e-05,
        0.0001474961091427098,
        0.00014085442326409618,
        7.904578288205577e-05,
        5.3206996096871793e-05,
        0.0001467563300111112,
        0.00019692458873195475,
        7.484345768223741e-05,
        7.21056017734158e-05,
        0.00010058705380109927,
        0.0003573249561979682,
        0.00021159770888676594,
        0.00015217934355233774,
        0.00033383697327802757,
        0.00030600786104002906,
        0.00017222495122263152,
        0.0001800123715886976,
        0.00038088971777866813,
        0.0004952531461174994,
        0.0002839270457443915,
        0.0002874782636891726,
        0.0004956319955326218,
        0.0005594747276537535,
        0.0003460900205660574,
        0.00023680869437911194,
        0.0006929582602596823,
        0.0005728581641491187,
        0.0002537817175558813,
        0.00031228907273745516,
        0.0005143867153885363,
        0.0005032299392833647,
        0.000290792898395459,
        0.00010929382543161771,
        0.000464181284924902
    ]
}