{
    "bins": [
        [
            -1.0,
            -0.75,
            -0.5,
            -0.25,
            0.0,
            0.25,
            0.5,
            0.75,
            1.0
        ],
        [
            0.0,
            0.7853982,
            1.570796,
            2.356194,
            3.141593,
            3.926991,
            4.712389,
            5.497787,
            6.283185
        ]
    ],
    "zvals": [
        0.0011144257779047621,
        -0.0007744203001332574,
        -0.000614695733882694,
        0.0012058355052654765,
        0.0009758446036277146,
        -0.001363416255198002,
        -0.0007003333341821601,
        0.0018061904919543978,
        0.0032844052863884843,
        -0.004629185872433052,
        -0.0022450069900865556,
        0.002915073739589686,
        0.004465565738644609,
        -0.004192000488924088,
        -0.0028092131632624483,
        0.0034699589252837424,
        0.0038809139109307863,
        -0.004452146924781302,
        -0.006813880351108611,
        0.005338947464919105,
        0.003124686337372898,
        -0.005358725130443419,
        -0.005402901458878175,
        0.0031755665280532933,
        0.006604430720620444,
        -0.0044527916935850845,
        -0.00632818520036975,
        0.0055259097605166296,
        0.005896225862556307,
        -0.005137415679693609,
        -0.005734295223568179,
        0.007182442532321195,
        0.004139317355196383,
        -0.0047495075743782325,
        -0.004448663734819799,
        0.007268626519768933,
        0.0046946974654888335,
        -0.00496589092409199,
        -0.005212037718456122,
        0.006214678417821285,
        0.00554168318694899,
        -0.005501344668905362,
        -0.003374541315358583,
        0.004143844338992029,
        0.005403354732250398,
        -0.005777931698323654,
        -0.004770152203086844,
        0.005225722499929973,
        0.0031970131838855755,
        -0.004315774757708769,
        -0.0032272106626194622,
        0.00436736384945741,
        0.0021167504882874666,
        -0.0037645708290573706,
        -0.0038574200596385535,
        0.0025269318231011546,
        0.0013483427896829913,
        -0.0016135390244281305,
        -0.001790493482285415,
        0.001557847667236653,
        0.00116707503711494,
        -0.0007836286825278396,
        -0.0013836459985892505,
        0.0009289893786335083
    ],
    "zerrs": [
        0.0003793884836368354,
        0.00030259056867121584,
        0.00025450409611695756,
        0.0004154617219354843,
        0.0003855614355652399,
        0.00044608904063636715,
        0.0002809188323459402,
        0.0005301112502406939,
        0.0007494934369763773,
        0.0009989004371482027,
        0.0007133456225410762,
        0.0007344772462871583,
        0.0009446880655422434,
        0.0008861251473049115,
        0.0007386539856789875,
        0.000845663146191519,
        0.0008910186321067143,
        0.001017235075054569,
        0.0012327834756042896,
        0.001018077688658112,
        0.0008034381700655195,
        0.0011287470765402293,
        0.0010921179862046796,
        0.0008426059029473243,
        0.0012291586785558599,
        0.0010195144066525337,
        0.0011680439701504395,
        0.0010756950405306032,
        0.0011118918003175098,
        0.0011162731514600328,
        0.0011523801403783775,
        0.0013062900363499238,
        0.0009166803666598709,
        0.0009903696205079842,
        0.0009671787054460181,
        0.00121444253689583,
        0.0010013771999500675,
        0.001082404818912189,
        0.0011204795063804657,
        0.001162129044860261,
        0.0011104640928866366,
        0.001106883824461272,
        0.0007837316338418629,
        0.000898607748188571,
        0.0010197555607510404,
        0.001081603181821988,
        0.001057904731540004,
        0.0010426847427632785,
        0.0007933561670202795,
        0.000924151335198054,
        0.0007710048972662928,
        0.0008613859010223402,
        0.0005829011439443066,
        0.0008669751557410978,
        0.0009091455787564396,
        0.0007432178991667096,
        0.00042386171154047014,
        0.00045274628854269084,
        0.0004654299937176477,
        0.00043972838394876895,
        0.00035624709265603293,
        0.0003159306336782737,
        0.00044682900175077036,
        0.00035975746249357696
    ]
}