{
    "bins": [
        -1.0,
        -0.75,
        -0.5,
        -0.25,
        0.0,
        0.25,
        0.5,
        0.75,
        1.0
    ],
    "yvals": [
        -0.0005008304,
        0.00011886,
        -0.0002771842,
        0.00017556088,
        -3.5402684e-05,
        0.000872956,
        -0.00012241252,
        -0.0011654064
    ],
    "yerrs": [
        0.0006658791481943252,
        0.0009676594442261183,
        0.0009756057400405145,
        0.000989503794838605,
        0.0009599629159504027,
        0.0009497340259251534,
        0.0010064899005951327,
        0.0007215039847429811
    ]
}