{
    "bins": [
        -1.0,
        -0.75,
        -0.5,
        -0.25,
        0.0,
        0.25,
        0.5,
        0.75,
        1.0
    ],
    "yvals": [
        0.023817748,
        0.015179268,
        0.010452984,
        0.003154866,
        -0.0026336704,
        -0.01039348,
        -0.014382868,
        -0.025458408
    ],
    "yerrs": [
        0.0022770071585306887,
        0.0014582745969123922,
        0.0009555209678494763,
        0.0003390648079644952,
        0.00030844834899866136,
        0.0009448179507185498,
        0.0014629340381575652,
        0.002460583020342943
    ]
}