{
    "bins": [
        0.0,
        0.7853982,
        1.570796,
        2.356194,
        3.141593,
        3.926991,
        4.712389,
        5.497787,
        6.283185
    ],
    "yvals": [
        -0.0004982256134531502,
        6.845245810467002e-05,
        -9.461834636706487e-05,
        -8.203901456457164e-05,
        0.00016599660299618788,
        5.14016205796297e-05,
        0.00022963733037262643,
        0.00011669126990392134
    ],
    "yerrs": [
        0.0003129527341993236,
        0.00014374672474236905,
        0.00015050227749889165,
        0.0003320315433368407,
        0.0003306372613645789,
        0.00015950341156949045,
        0.0001404319442544844,
        0.00027161828228924087
    ]
}