{
    "bins": [
        [
            -1.0,
            -0.75,
            -0.5,
            -0.25,
            0.0,
            0.25,
            0.5,
            0.75,
            1.0
        ],
        [
            0.0,
            0.7853982,
            1.570796,
            2.356194,
            3.141593,
            3.926991,
            4.712389,
            5.497787,
            6.283185
        ]
    ],
    "zvals": [
        0.00024946621981053685,
        0.0005973507947182943,
        0.0005861227046669333,
        0.00017934456244533036,
        -0.00020051377772797987,
        -0.0003189622076959708,
        -0.00039557146822375415,
        -0.00018088204961051597,
        0.0002525774568874744,
        0.0006577680762538423,
        0.0006295014756849394,
        0.00022502432521559108,
        -0.0002768581534457688,
        -0.0007872013934336479,
        -0.0007250367329685078,
        -0.00021505753770699704,
        0.00017778584162785193,
        0.0004934218048484474,
        0.0003252155467673715,
        0.00026342860125872327,
        -0.00020338905879566785,
        -0.0005235149567480437,
        -0.0005314406199149987,
        -0.0001761683630465064,
        6.0613788012246524e-05,
        0.00021125371117668013,
        0.00014381549227270764,
        7.168137468980736e-05,
        -6.681672222236368e-05,
        -0.0001489919251131274,
        -0.00015646161563945924,
        -5.605366960445533e-05,
        -9.393217351402129e-05,
        -0.00016104470880870812,
        -0.00015774178187364879,
        -5.337908502557299e-05,
        5.5126954741417714e-05,
        0.0001498289020343826,
        0.00016272626108036948,
        5.6172895780228636e-05,
        -0.0002005437241898441,
        -0.0004512252007836029,
        -0.0004261780142042634,
        -0.00022184469295224464,
        0.0002762739910211128,
        0.0004124800928955766,
        0.00046863292241640554,
        0.00015599255409359333,
        -0.00019433892260002633,
        -0.0007462353472342296,
        -0.0006339043389466234,
        -0.00035252145724657156,
        0.0001292167792635071,
        0.0005975966325353517,
        0.0006757404526112876,
        0.0003195355221174488,
        -0.00017253897449726773,
        -0.0005248718547467283,
        -0.00028498366433324254,
        -0.0002527349792907809,
        0.00021677585122447467,
        0.0010653233137848583,
        0.0004653553484984684,
        0.00020038105521022465
    ],
    "zerrs": [
        7.408144565198906e-05,
        0.0001609827465982633,
        0.00014826247291381602,
        6.015546917827709e-05,
        5.948563309323553e-05,
        0.00010715992892233839,
        0.00013240222856690428,
        6.679578652862244e-05,
        6.0497823752664165e-05,
        0.00014158863549863904,
        0.00013093708983880891,
        5.3677571733119494e-05,
        6.165075016269143e-05,
        0.00014900580955831374,
        0.0001502759590886424,
        5.518307705375758e-05,
        4.020829817570337e-05,
        9.06096365202598e-05,
        7.092833980199699e-05,
        4.650772801230415e-05,
        4.333453239675788e-05,
        9.341610459415429e-05,
        9.480463937773338e-05,
        3.842079976993138e-05,
        1.4379511964183017e-05,
        3.762151366810151e-05,
        2.8053113322502126e-05,
        1.6368888012125387e-05,
        1.492527309946825e-05,
        3.1162793395172095e-05,
        3.2216375058586474e-05,
        1.4085154954521917e-05,
        1.7924788294950542e-05,
        3.387414541735944e-05,
        3.384366258961073e-05,
        1.2630151120921115e-05,
        1.2597398386342268e-05,
        3.267717024736541e-05,
        2.946034586770229e-05,
        1.3245014800778276e-05,
        4.053184109945789e-05,
        8.612277583706599e-05,
        7.976076617950323e-05,
        4.574312570215352e-05,
        5.221952449470082e-05,
        8.4400538325175e-05,
        8.725896534048788e-05,
        3.5976964705606214e-05,
        5.118554487717412e-05,
        0.00014565871583168378,
        0.00013744978938247341,
        7.41260159209641e-05,
        3.997192113675263e-05,
        0.00013563452160898453,
        0.00013674348018243658,
        6.89261429649545e-05,
        5.751293647228314e-05,
        0.0001459919590570023,
        0.00010878868509492879,
        7.88868789957198e-05,
        7.248066550827602e-05,
        0.00021528547751172876,
        0.00013513465563755312,
        5.57072668067463e-05
    ]
}