{
    "bins": [
        -1.0,
        -0.75,
        -0.5,
        -0.25,
        0.0,
        0.25,
        0.5,
        0.75,
        1.0
    ],
    "yvals": [
        -0.0001621958,
        0.00023972976,
        9.239876e-05,
        -0.00023580084,
        -0.00029887816,
        0.000364864,
        -4.271092e-05,
        3.72057e-05
    ],
    "yerrs": [
        9.085688966721236e-05,
        0.00017374123287233805,
        0.00022145778830287276,
        0.00023073791192606386,
        0.00022738907625477527,
        0.00021363119622377252,
        0.0001853821997927525,
        8.774773843239494e-05
    ]
}