{
    "bins": [
        -1.0,
        -0.75,
        -0.5,
        -0.25,
        0.0,
        0.25,
        0.5,
        0.75,
        1.0
    ],
    "yvals": [
        -1.1275848e-05,
        -0.00016430352,
        -1.6500284e-05,
        0.00016334368,
        9.986392e-05,
        -6.727312e-05,
        -8.835296e-05,
        1.3612036e-05
    ],
    "yerrs": [
        5.63715814928054e-05,
        0.00011039056481420865,
        0.00013453927307667453,
        0.00015881415554036736,
        0.00015771944712051207,
        0.00014580940984723858,
        0.0001186792382853884,
        4.975713818137052e-05
    ]
}