{
    "bins": [
        0.0,
        0.7853982,
        1.570796,
        2.356194,
        3.141593,
        3.926991,
        4.712389,
        5.497787,
        6.283185
    ],
    "yvals": [
        -0.004820172748040421,
        -0.005413153691034021,
        0.004596842619920092,
        0.004657426352720082,
        -0.004805661588137477,
        -0.004472477648275143,
        0.005434165862403522,
        0.004481073290229923
    ],
    "yerrs": [
        0.000466789808367292,
        0.0005420717254576132,
        0.0004732098143278156,
        0.00044226895720685144,
        0.00044382425919297974,
        0.0004477043229119201,
        0.0004919552142187925,
        0.000414848807206347
    ]
}