{
    "bins": [
        -1.0,
        -0.75,
        -0.5,
        -0.25,
        0.0,
        0.25,
        0.5,
        0.75,
        1.0
    ],
    "yvals": [
        0.898,
        0.8224604,
        0.5362264,
        0.5598752,
        0.5253064,
        0.63748,
        0.700528,
        0.9828872
    ],
    "yerrs": [
        0.106418629947956,
        0.06955522697827964,
        0.045591806281392276,
        0.04136311400269569,
        0.039837714793898506,
        0.048508671389762885,
        0.06347877755596747,
        0.10581157592626622
    ]
}