{
    "bins": [
        -1.0,
        -0.75,
        -0.5,
        -0.25,
        0.0,
        0.25,
        0.5,
        0.75,
        1.0
    ],
    "yvals": [
        0.37382156,
        0.31875532,
        0.30195644,
        0.2634728,
        0.1895784,
        0.23914392,
        0.35032816,
        0.4196432
    ],
    "yerrs": [
        0.055821085621832904,
        0.043221587198991204,
        0.037125850832001143,
        0.031787836667505384,
        0.025915660130507962,
        0.03162506853747514,
        0.04377023646269232,
        0.05738869575099263
    ]
}