{
    "bins": [
        0.0,
        0.7853982,
        1.570796,
        2.356194,
        3.141593,
        3.926991,
        4.712389,
        5.497787,
        6.283185
    ],
    "yvals": [
        -0.000269315361303349,
        4.2378868390005676e-05,
        -0.00014012768048810926,
        0.00015748046534309315,
        0.000275667241322234,
        -2.5810697251584552e-05,
        7.80060427961365e-05,
        -5.126822324477527e-05
    ],
    "yerrs": [
        0.0002487864993198068,
        0.00011827485281249013,
        0.0001058680717875817,
        0.00025067948556132543,
        0.00024933354908889346,
        0.0001168664991825209,
        0.00011727785553545178,
        0.00024915214535231465
    ]
}