{
    "bins": [
        -1.0,
        -0.75,
        -0.5,
        -0.25,
        0.0,
        0.25,
        0.5,
        0.75,
        1.0
    ],
    "yvals": [
        -0.00172678,
        -0.0025786996,
        0.0019656276,
        -0.00017559336,
        0.004741168,
        -0.005835416,
        0.0032589256,
        -0.002371524
    ],
    "yerrs": [
        0.0027678109762048417,
        0.0038788775696069603,
        0.004029806943266637,
        0.004632851389803044,
        0.004290931833529869,
        0.0044878556126506566,
        0.0038949292163016264,
        0.002869307094055985
    ]
}