{
    "bins": [
        [
            -1.0,
            -0.75,
            -0.5,
            -0.25,
            0.0,
            0.25,
            0.5,
            0.75,
            1.0
        ],
        [
            0.0,
            0.7853982,
            1.570796,
            2.356194,
            3.141593,
            3.926991,
            4.712389,
            5.497787,
            6.283185
        ]
    ],
    "zvals": [
        -0.09511348510857294,
        -0.12063400228521139,
        -0.16706958764855528,
        -0.16578462666746457,
        -0.2072329188513339,
        -0.10349203843147044,
        -0.20346351785973485,
        -0.16308765746793347,
        -0.02169149865635037,
        -0.0008820559466807775,
        -0.025555405030315843,
        -0.02386951855044379,
        -0.0226577607786116,
        -0.02726403173932198,
        -0.01847581990277541,
        -0.014218162001940421,
        0.053083136681494815,
        0.05992565805506458,
        0.05380843852416228,
        0.05800878279702419,
        0.0616403403115363,
        0.07048940791802374,
        0.053203751473775096,
        0.06471623304362885,
        0.0999727781398022,
        0.0844248354146141,
        0.0855286619013545,
        0.07275649701616631,
        0.08115605081754726,
        0.07930073669655387,
        0.08503525601032855,
        0.10698611404663626,
        0.09000040998311429,
        0.09600261167016255,
        0.10646250690732599,
        0.10545518901857528,
        0.12169936770911051,
        0.08541661679810747,
        0.0931993205992376,
        0.07478078630197685,
        0.04580688878584137,
        0.07153348277777198,
        0.04298776925838874,
        0.05334435108779105,
        0.038555514528939454,
        0.06526372616176768,
        0.06290777414762963,
        0.052691807211120996,
        -0.026402856538250277,
        -0.013186016054539495,
        -0.027183430566413466,
        -0.02309007268916818,
        -0.013233713352975175,
        -0.01884470803337926,
        -0.024200357016442627,
        -0.021082910829923175,
        -0.15092222009166814,
        -0.10474447471077714,
        -0.18395503935584256,
        -0.07870837625207061,
        -0.0852462063819872,
        -0.0721893867822429,
        -0.07444765583818652,
        -0.15869243364510738
    ],
    "zerrs": [
        0.043602960184651325,
        0.0363175762584499,
        0.05708818847100163,
        0.057277448845286266,
        0.07377590507268784,
        0.054693189432768935,
        0.06350628145584637,
        0.0543706018910551,
        0.008004479038360329,
        0.003084643111305764,
        0.009425671079223775,
        0.00828446690361009,
        0.00865427907795264,
        0.009007449521717493,
        0.007060928353986458,
        0.005851663890228425,
        0.010183351255992066,
        0.010778900548238376,
        0.009892081881038283,
        0.010825687762304161,
        0.011670257999265613,
        0.012049283932973595,
        0.009940703680290219,
        0.010929618679683955,
        0.01691629641122011,
        0.015429566701311785,
        0.01513615233055924,
        0.014011559974668264,
        0.015348948944807192,
        0.015272734371600155,
        0.015287881960696031,
        0.016936926736187484,
        0.016181129697789648,
        0.016478360190160416,
        0.016850531102447906,
        0.01669870402603193,
        0.01858340501070402,
        0.015625984946180196,
        0.01599282704238531,
        0.014401478548858388,
        0.009755819835678298,
        0.012254517137131072,
        0.009069908390045714,
        0.009872027805900753,
        0.008241923520329068,
        0.013616093912569058,
        0.011076452230805866,
        0.009837904722351229,
        0.009924464598096098,
        0.005928709212367999,
        0.007890213577559615,
        0.008580351302007141,
        0.006052227277192027,
        0.007350117766663191,
        0.007473604897112254,
        0.008760175624262626,
        0.052007380345773596,
        0.03854020951594224,
        0.055878490299030116,
        0.027401098708210076,
        0.03653301463336946,
        0.025129829325369866,
        0.03262896461640159,
        0.05180628633252519
    ]
}