{
    "bins": [
        -1.0,
        -0.75,
        -0.5,
        -0.25,
        0.0,
        0.25,
        0.5,
        0.75,
        1.0
    ],
    "yvals": [
        -0.00072073,
        -1.3052904e-05,
        0.000410746,
        0.0014412916,
        0.0004554104,
        -0.000579344,
        0.00014529876,
        -0.0011168408
    ],
    "yerrs": [
        0.0013474479581787194,
        0.001992843997908517,
        0.0023854619678376765,
        0.002905651596458185,
        0.0028613266852982725,
        0.0026249873142550613,
        0.0021548100612350965,
        0.0014553668953222758
    ]
}