{
    "bins": [
        -1.0,
        -0.75,
        -0.5,
        -0.25,
        0.0,
        0.25,
        0.5,
        0.75,
        1.0
    ],
    "yvals": [
        0.0019358068,
        0.0005434152,
        -0.0036534068,
        0.0010136708,
        0.006025204,
        -0.0032044284,
        -0.0008464468,
        -0.003462194
    ],
    "yerrs": [
        0.002200842384179294,
        0.004632354045191279,
        0.005759662490111725,
        0.006591987864066499,
        0.006620325067547665,
        0.005956680955028564,
        0.004746410854529978,
        0.002986145609309767
    ]
}