{
    "bins": [
        [
            -1.0,
            -0.75,
            -0.5,
            -0.25,
            0.0,
            0.25,
            0.5,
            0.75,
            1.0
        ],
        [
            0.0,
            0.7853982,
            1.570796,
            2.356194,
            3.141593,
            3.926991,
            4.712389,
            5.497787,
            6.283185
        ]
    ],
    "zvals": [
        -0.000600606418502105,
        -0.001480615300934125,
        0.000885614681982893,
        0.001409950356443031,
        -0.0015248905650383621,
        -0.0010721952436853674,
        0.0009309822535835336,
        0.0007300889485331006,
        -0.004180664024949382,
        -0.0010446069494974392,
        0.004165474829322204,
        0.0033544656919603922,
        -0.002004943226236888,
        -0.00365565229348687,
        0.002084899121209884,
        0.0025522351724857973,
        -0.004708112649099526,
        -0.003925630553077689,
        0.0033322519283216926,
        0.005308664767844115,
        -0.0029389038423830965,
        -0.007590139012322417,
        0.005483950812199676,
        0.004624445695048881,
        -0.005151807070604439,
        -0.0073576880403790285,
        0.004394146152651268,
        0.006253758917441963,
        -0.003156593727002105,
        -0.0036494129091237826,
        0.005433224938184209,
        0.004407346593701538,
        -0.004291728195964798,
        -0.005804004034643336,
        0.005004765481959467,
        0.004411154585121702,
        -0.0039060063814779244,
        -0.0038636003656744742,
        0.0045155164642639795,
        0.00501413296188684,
        -0.006710562871165225,
        -0.003973380623169558,
        0.005114965915370298,
        0.004838630046638715,
        -0.0044161385692349595,
        -0.005808932541208408,
        0.004565989218205293,
        0.004055640579680621,
        -0.0024379230815655037,
        -0.0025122708517900097,
        0.003772449636999331,
        0.0015299118027906834,
        -0.004005986264288932,
        -0.0021118546265714968,
        0.0026763052617908376,
        0.0027990185867547415,
        -0.0019529904703117474,
        -0.0010236254799796994,
        0.0011569930150064048,
        0.0009867539938298877,
        -0.001536402690101069,
        -0.0009066328154642616,
        0.001961340365012389,
        0.0018252305200675333
    ],
    "zerrs": [
        0.0002473413782685547,
        0.00043737451369468415,
        0.00034673403616219766,
        0.00043827813207709287,
        0.00045565286324215427,
        0.0004252588942427552,
        0.00034566286172498656,
        0.0002552898334931508,
        0.0010094358271811729,
        0.0004673205509590463,
        0.0010916256482881605,
        0.0008914813376845168,
        0.0005917124450816159,
        0.0011070509627970951,
        0.0008080891071896296,
        0.0006882730711789535,
        0.001171966313024021,
        0.001321021779832967,
        0.0011326664631177313,
        0.0012079483336133192,
        0.0010582783274645212,
        0.001858152062024489,
        0.0014970688492592285,
        0.001146019041321716,
        0.0013073824411692911,
        0.0018984614129125285,
        0.0014096095838143756,
        0.0014406234981818881,
        0.000939991276622982,
        0.001304686838630493,
        0.0015457539894840981,
        0.0011289212489906453,
        0.0012307053568039886,
        0.0017935401233085536,
        0.001493379667210605,
        0.0011961921468501952,
        0.0011218536121135904,
        0.0014006085153156365,
        0.0013956223107837787,
        0.001303843221840575,
        0.0015317208810689388,
        0.0013888138258371747,
        0.0014248918581361715,
        0.0011745373780439616,
        0.001107386664183214,
        0.0016094654523897147,
        0.0013177287747650984,
        0.001098171336078093,
        0.0008898672858484581,
        0.000947505990675464,
        0.0010788263015104346,
        0.0005109625256132092,
        0.0010203915102241865,
        0.000805267722256448,
        0.0008813817341954342,
        0.0008273596538150722,
        0.0005756130821832076,
        0.0003781054170239278,
        0.0004046604345067075,
        0.00036270395493681075,
        0.0004446168583219655,
        0.00033969064565165705,
        0.0005875626358886937,
        0.0005284288206548714
    ]
}