{
    "bins": [
        [
            -1.0,
            -0.75,
            -0.5,
            -0.25,
            0.0,
            0.25,
            0.5,
            0.75,
            1.0
        ],
        [
            0.0,
            0.7853982,
            1.570796,
            2.356194,
            3.141593,
            3.926991,
            4.712389,
            5.497787,
            6.283185
        ]
    ],
    "zvals": [
        0.0002718296527799529,
        -0.0002953036537662825,
        -0.0005443217324210146,
        0.0005953687234131951,
        0.0006929485432863335,
        -0.00037758125179845133,
        -0.0009498149982556617,
        0.0006554551959643393,
        0.002089771532453219,
        -0.001964482202522085,
        -0.000631636444197719,
        0.001572889703195446,
        0.0018583255877911574,
        -0.0008932658346468927,
        -0.002096719879602444,
        0.0027719826126371607,
        0.0022256002114596136,
        -0.0022454873186555906,
        -0.0033472364329932094,
        0.0033704438126353612,
        0.0020877104347095353,
        -0.002397281378358489,
        -0.0010806164517862284,
        0.0024500780496003304,
        0.0023024575304603444,
        -0.0025968160338620755,
        -0.0025681802092696955,
        0.0033652683540467965,
        0.002939854697872925,
        -0.0033653342636472214,
        -0.001803927690164732,
        0.004139493607062917,
        0.002841806869432601,
        -0.002172127296511398,
        -0.0018116465791866037,
        0.0030189353436915504,
        0.0019214961077059012,
        -0.003439061978767454,
        -0.003978593273728735,
        0.001344687916190263,
        0.0021810729894720915,
        -0.0020167319032469914,
        -0.0014509494549260378,
        0.0012541936009595122,
        0.0013906758102261525,
        -0.004254187558409877,
        -0.001875845367571601,
        0.0018637231059921216,
        0.0020787086092124984,
        -0.0025074284649129397,
        -0.0019521093763926064,
        0.0020527757229128127,
        0.0016778728746444473,
        -0.0015540273848418259,
        -0.0012204314245770937,
        0.0013615720946577405,
        0.0009306733832596,
        -0.0011936045657372609,
        -0.0006230935143710579,
        0.0006512974933759784,
        0.00034937185987231936,
        -0.0005180828064242589,
        -0.0002944502023178058,
        0.0006797924109814389
    ],
    "zerrs": [
        0.00015087731244337662,
        0.0001708717481285819,
        0.00022747290659618405,
        0.00021978336520930342,
        0.00023869472588925898,
        0.00019090283625485002,
        0.00032466574567291276,
        0.00026351391408516796,
        0.0005521783497092115,
        0.000619057471175954,
        0.00034797857833601084,
        0.00048267668101451363,
        0.0005682832002319723,
        0.0003656642588901833,
        0.0006464779059787091,
        0.0007028687852757613,
        0.0006280792171164695,
        0.0006209831138114732,
        0.0008921765694789244,
        0.0008188844054523947,
        0.0006412246030387982,
        0.000735230539312236,
        0.0004910152086180442,
        0.0006613813031026386,
        0.0006719532210631829,
        0.0007931072377670187,
        0.0007637674792526458,
        0.000850585778366888,
        0.0007785613967409447,
        0.0008184810162625988,
        0.0006068112929430532,
        0.0009784183129123462,
        0.0007884208149818809,
        0.0006614279435570749,
        0.0006389263006652333,
        0.0008331515007184943,
        0.0005841042545705753,
        0.0008589298027018588,
        0.0009590502034899775,
        0.0005230952624382815,
        0.0006944735114201531,
        0.0005911077897713604,
        0.0005833646341732402,
        0.0005287017287650348,
        0.0005282832618702149,
        0.0010253605645567448,
        0.0006695992248404918,
        0.0006209301148380415,
        0.0006084537477634187,
        0.0007260329192182521,
        0.0006028676349596144,
        0.0005957405154461575,
        0.0005409310144083296,
        0.0005055408180136386,
        0.0004613172846989337,
        0.00048771909860204207,
        0.00032051275546938996,
        0.0003662906291012236,
        0.00031179211261610326,
        0.000294909978761238,
        0.00020103871975689315,
        0.00022315991001537795,
        0.00016418313547988717,
        0.0002844124771870785
    ]
}