{
    "bins": [
        -1.0,
        -0.75,
        -0.5,
        -0.25,
        0.0,
        0.25,
        0.5,
        0.75,
        1.0
    ],
    "yvals": [
        -0.04322928,
        -0.026227668,
        -0.018322452,
        -0.0051322,
        0.005582192,
        0.01594392,
        0.032248348,
        0.033205444
    ],
    "yerrs": [
        0.005092190098572519,
        0.0021041806006139303,
        0.0011774321891302277,
        0.00037835323178215353,
        0.00038638857125955473,
        0.0010799521470880088,
        0.0022345709207809896,
        0.0038748520487884436
    ]
}