{
    "bins": [
        -1.0,
        -0.75,
        -0.5,
        -0.25,
        0.0,
        0.25,
        0.5,
        0.75,
        1.0
    ],
    "yvals": [
        0.5792612,
        0.5277188,
        0.419094,
        0.329734,
        0.37336892,
        0.438214,
        0.391738,
        0.693812
    ],
    "yerrs": [
        0.0631098724448085,
        0.05353016345949263,
        0.04350632137977193,
        0.03613849360446559,
        0.03888359242662643,
        0.0445462456330497,
        0.04638401448775214,
        0.07027453592874164
    ]
}