{
    "bins": [
        -1.0,
        -0.75,
        -0.5,
        -0.25,
        0.0,
        0.25,
        0.5,
        0.75,
        1.0
    ],
    "yvals": [
        0.9319152,
        0.9024032,
        0.745314,
        0.5643272,
        0.5599496,
        0.7201988,
        0.7735008,
        1.1207956
    ],
    "yerrs": [
        0.09364908114872243,
        0.06919033458511384,
        0.05263648924462953,
        0.04153036479493047,
        0.04174725859263097,
        0.05344817302770975,
        0.06674768010949894,
        0.11451544524648193
    ]
}