{
    "bins": [
        -1.0,
        -0.75,
        -0.5,
        -0.25,
        0.0,
        0.25,
        0.5,
        0.75,
        1.0
    ],
    "yvals": [
        0.0007730892,
        0.000529448,
        0.00029932068,
        0.00012989104,
        -9.740348e-05,
        -0.00031831812,
        -0.0005659632,
        -0.0007661808
    ],
    "yerrs": [
        7.278156909547911e-05,
        4.1088645633556726e-05,
        2.102262019825312e-05,
        8.58066104679587e-06,
        7.463986066439299e-06,
        2.174787161999997e-05,
        4.173338232158999e-05,
        7.507931805763821e-05
    ]
}