{
    "bins": [
        [
            -1.0,
            -0.75,
            -0.5,
            -0.25,
            0.0,
            0.25,
            0.5,
            0.75,
            1.0
        ],
        [
            0.0,
            0.7853982,
            1.570796,
            2.356194,
            3.141593,
            3.926991,
            4.712389,
            5.497787,
            6.283185
        ]
    ],
    "zvals": [
        -2.2903561530953342e-05,
        -0.00014882924296452063,
        -0.00012957333733979465,
        -6.486491579439241e-05,
        0.00010959783447373176,
        0.00015630979452455954,
        0.0001295969177410689,
        5.968948227522862e-05,
        -9.275732997605545e-05,
        -0.00021002345562974584,
        -0.00017326950157754416,
        -5.2224767283890104e-05,
        7.672074540551413e-05,
        0.0001108479522484142,
        0.00023720844718219303,
        0.00011117048935698847,
        -5.640639359754071e-05,
        -8.366460919549305e-05,
        -0.00014576319267428747,
        -4.033586495526478e-05,
        4.178706337423827e-05,
        0.0001257304449463839,
        0.00014142669067148124,
        5.369950012605076e-05,
        -2.6463523853250492e-05,
        -7.118003131661433e-05,
        -6.942946124130696e-05,
        -2.0788720128240552e-05,
        1.067255582519945e-05,
        6.495412516965923e-05,
        3.5306552856004226e-05,
        2.5454701947292973e-05,
        2.8841706028865353e-05,
        3.5352576745185684e-05,
        4.4239618639212226e-05,
        1.3415591310913307e-05,
        -2.836116211143903e-05,
        -4.484568588155306e-05,
        -5.819821288060323e-05,
        -9.307500146422581e-06,
        4.143130452807251e-05,
        0.00012492680779090543,
        0.00017872436649953277,
        4.5895087719744995e-05,
        -5.1915843941543e-05,
        -0.00013426879110973037,
        -0.0001290258951512482,
        -5.0151316911935105e-05,
        8.380757684445928e-05,
        0.00017319340594027638,
        0.00020646444223183663,
        6.575338140231908e-05,
        -0.00010939910720424545,
        -0.00023882204945772722,
        -0.0001604933040318412,
        -7.382565272638842e-05,
        6.077273922960353e-05,
        5.079859403731459e-05,
        0.0002164027410306622,
        5.4504678513723605e-05,
        -6.464656136124613e-05,
        -0.00013124912464763092,
        -0.00010101716581911339,
        -0.0001212776706841627
    ],
    "zerrs": [
        1.429464739770663e-05,
        5.3193894365542465e-05,
        5.0225993501732e-05,
        2.387165889793889e-05,
        3.216245494494138e-05,
        5.318015263338942e-05,
        5.319592877126766e-05,
        2.6106570656847447e-05,
        3.0646397804583136e-05,
        6.178518939016529e-05,
        5.3238576509460336e-05,
        2.004995306432214e-05,
        2.1629654582252357e-05,
        4.586424564507169e-05,
        6.664784698869342e-05,
        3.159034570649341e-05,
        1.7659430500258656e-05,
        3.024886725740561e-05,
        3.754858934297673e-05,
        1.3169595903306328e-05,
        1.3143291868204878e-05,
        3.6998068707990524e-05,
        3.959157235277204e-05,
        1.555640543619125e-05,
        8.806585829490468e-06,
        1.9611390066186195e-05,
        1.823547550463742e-05,
        5.785861074705568e-06,
        3.900200687779381e-06,
        1.5779960338391955e-05,
        1.2768278367850143e-05,
        8.923681398664636e-06,
        8.58588577381623e-06,
        1.2864652981713332e-05,
        1.388425786428441e-05,
        6.0595415944075805e-06,
        8.213196998860471e-06,
        1.5737380023446876e-05,
        1.6222941952579536e-05,
        4.385405516601698e-06,
        1.2856376177471612e-05,
        3.4148511171775e-05,
        4.06239631077658e-05,
        1.6001167639223495e-05,
        1.7415128179269413e-05,
        3.941375312211847e-05,
        3.8193014438177005e-05,
        1.4849295405250887e-05,
        2.402300807642523e-05,
        5.261925464237678e-05,
        5.799950440556576e-05,
        2.4062016274452927e-05,
        3.4533486022832775e-05,
        6.671825199198275e-05,
        5.1405571582907876e-05,
        2.2706654767356347e-05,
        2.441319894466884e-05,
        2.5576308286026844e-05,
        6.223912928443712e-05,
        2.2313533218347092e-05,
        2.2782600467997458e-05,
        5.051818431648489e-05,
        4.289342155402885e-05,
        3.314082145676627e-05
    ]
}