{
    "bins": [
        -1.0,
        -0.75,
        -0.5,
        -0.25,
        0.0,
        0.25,
        0.5,
        0.75,
        1.0
    ],
    "yvals": [
        -0.8651192,
        -0.09903736,
        0.34862772,
        0.6039756,
        0.5992132,
        0.337214,
        -0.09603456,
        -0.9473188
    ],
    "yerrs": [
        0.11576709722542065,
        0.016319514698666746,
        0.023606646521689607,
        0.03701120478990113,
        0.03708725495368995,
        0.023071423016363772,
        0.015668184323654098,
        0.1337827492616294
    ]
}