{
    "bins": [
        0.0,
        0.7853982,
        1.570796,
        2.356194,
        3.141593,
        3.926991,
        4.712389,
        5.497787,
        6.283185
    ],
    "yvals": [
        -0.00010240139333143365,
        -0.00041022218294983764,
        -0.0006589068217642523,
        5.124996339440208e-05,
        0.0009557586090109725,
        -0.0003865767419830456,
        -0.00024894244701412536,
        -3.2142709810822037e-06
    ],
    "yerrs": [
        0.0005421684868592211,
        0.0008418593093366012,
        0.000591844814623434,
        0.0007058464361484461,
        0.0005087025667623125,
        0.0006209804756021286,
        0.0006012225707959453,
        0.0005829941106101282
    ]
}