{
    "bins": [
        -1.0,
        -0.75,
        -0.5,
        -0.25,
        0.0,
        0.25,
        0.5,
        0.75,
        1.0
    ],
    "yvals": [
        -0.00030091004,
        0.0003281554,
        0.00038961188,
        -0.00019180312,
        -7.861248e-05,
        0.00039141112,
        -7.413016e-06,
        -0.000638972
    ],
    "yerrs": [
        0.0005298333322847856,
        0.0005949272224398544,
        0.00042553044544427134,
        0.00013702542829708653,
        0.0001498721054766363,
        0.0003843639733377726,
        0.0005801598400441037,
        0.00047660801503961306
    ]
}