{
    "bins": [
        0.0,
        0.7853982,
        1.570796,
        2.356194,
        3.141593,
        3.926991,
        4.712389,
        5.497787,
        6.283185
    ],
    "yvals": [
        -0.0005265568472145721,
        -3.629513604443506e-05,
        -0.00021050957603660825,
        -0.0006695513999890502,
        -0.00010698925894896596,
        0.0003357299101856639,
        0.00042888357240532834,
        0.00040824028072391333
    ],
    "yerrs": [
        0.0005674814245641213,
        0.00028770147700767193,
        0.00044709666799013707,
        0.0006681543497711729,
        0.0005286484943105744,
        0.0003215071455036919,
        0.0003316377158494226,
        0.0005782348190415801
    ]
}