{
    "bins": [
        0.0,
        0.7853982,
        1.570796,
        2.356194,
        3.141593,
        3.926991,
        4.712389,
        5.497787,
        6.283185
    ],
    "yvals": [
        -0.0013729901596413131,
        -0.001305673379782831,
        0.0014780862696365414,
        0.0013849775719093098,
        -0.001401975813536576,
        -0.0013825627261592215,
        0.0015367278755484485,
        0.0011286855836149317
    ],
    "yerrs": [
        0.0001491379275314189,
        0.00015561948030775815,
        0.00016767171247836316,
        0.0001505648707104966,
        0.00015692426261870157,
        0.00016393554656550125,
        0.00016915004048921424,
        0.0001294980657523087
    ]
}