{
    "bins": [
        [
            -1.0,
            -0.75,
            -0.5,
            -0.25,
            0.0,
            0.25,
            0.5,
            0.75,
            1.0
        ],
        [
            0.0,
            0.7853982,
            1.570796,
            2.356194,
            3.141593,
            3.926991,
            4.712389,
            5.497787,
            6.283185
        ]
    ],
    "zvals": [
        0.06204149691201227,
        0.20994558426315937,
        0.06889734886006842,
        0.12966876708526495,
        0.3224508847743436,
        0.2880466209488693,
        0.38375305259244363,
        0.08044843506095001,
        0.11814679483604622,
        0.0764749277372562,
        0.07258872571613374,
        0.1505260892871012,
        0.1574681371737641,
        0.09393097512344062,
        0.09656780383958198,
        0.0906981683172099,
        0.09375957316938083,
        0.13029356588470198,
        0.09926478040433005,
        0.07146716509697619,
        0.1144664997873689,
        0.1174843327841426,
        0.08260983603217734,
        0.09679759816042315,
        0.09647580042836869,
        0.08786599605957643,
        0.07522754068637813,
        0.08200672524411161,
        0.05335959602647318,
        0.0542727636179364,
        0.09838390217443896,
        0.09920239165365842,
        0.0981097741247688,
        0.06523654637178765,
        0.09452863389007869,
        0.07197640944284371,
        0.09550846831797377,
        0.06489346802512867,
        0.11705825581424963,
        0.07528570228088181,
        0.1040361946334993,
        0.0773122613788834,
        0.0947347459504608,
        0.13287804033363934,
        0.0627535084122954,
        0.09415730623199958,
        0.14458972393614453,
        0.0883148671119611,
        0.12116666424751163,
        0.14577606405314605,
        0.09032602578565264,
        0.13652383056255485,
        0.16647885530648152,
        0.08703566854002685,
        0.07936781096972492,
        0.0905130392488904,
        0.21413224527379868,
        0.10618486580940258,
        0.0815623161760025,
        0.05909027131432559,
        0.24107252628603576,
        0.16314826368287164,
        0.2045457207683239,
        0.13752054372432834
    ],
    "zerrs": [
        0.03325208972131859,
        0.07759131643700772,
        0.04436600709273253,
        0.050055090639719975,
        0.2188424494940775,
        0.08843283958418965,
        0.24248273710732854,
        0.03723096026410767,
        0.029081904745844097,
        0.02483764848872514,
        0.025161826840424034,
        0.035277906221996655,
        0.03609514630314344,
        0.028993282519763453,
        0.02839427317948731,
        0.025634989282974908,
        0.019674222434631333,
        0.024771224990877017,
        0.02180605081694571,
        0.017437432787572385,
        0.02219253700980259,
        0.024137091545160423,
        0.020173641631231174,
        0.02029876837232835,
        0.01762806573962911,
        0.017600898771074375,
        0.016434640928087167,
        0.016429134620332252,
        0.013352412401775269,
        0.01456676712722955,
        0.019313814919936802,
        0.018138658519210357,
        0.017631523228509815,
        0.014974481025361008,
        0.018200386571058907,
        0.015462715357600711,
        0.017449744855422146,
        0.015759000996024525,
        0.02104271226346727,
        0.01572166242645349,
        0.02050962681926589,
        0.018299255967584,
        0.02030035919966965,
        0.022565574228503672,
        0.015763538998338426,
        0.021185914642336795,
        0.02657031051147516,
        0.019390575341170297,
        0.029000162960726234,
        0.03246331108695629,
        0.02446259181469671,
        0.028746224291079054,
        0.03265122343490583,
        0.02786660944637542,
        0.025560328976848658,
        0.02668431193942637,
        0.07137265880735819,
        0.045362568069027324,
        0.03573888118368562,
        0.03215289215313863,
        0.06696617820976326,
        0.05642624206334153,
        0.08051615810179424,
        0.057128475435439516
    ]
}