{
    "bins": [
        [
            -1.0,
            -0.75,
            -0.5,
            -0.25,
            0.0,
            0.25,
            0.5,
            0.75,
            1.0
        ],
        [
            0.0,
            0.7853982,
            1.570796,
            2.356194,
            3.141593,
            3.926991,
            4.712389,
            5.497787,
            6.283185
        ]
    ],
    "zvals": [
        0.0029984794974065383,
        -0.0018135818562262335,
        -0.0005057250464095912,
        0.0026096295004195322,
        0.004164639584007088,
        -0.0031981476907249583,
        -0.002937172745537932,
        0.002431464302175458,
        0.007572724256307183,
        -0.011639737213422293,
        -0.007551086200881594,
        0.00912386697716702,
        0.01131957045981782,
        -0.007998742039068092,
        -0.005313626976386496,
        0.006701473647755661,
        0.012235775432131113,
        -0.009349162933738801,
        -0.010651618669769979,
        0.0049568466473728645,
        0.009676306789678606,
        -0.010333420762466931,
        -0.013136855454177374,
        0.012433456667829563,
        0.01356173212518185,
        -0.014846591115992432,
        -0.013151701430357604,
        0.011277147029726292,
        0.01343020990631501,
        -0.016650987142824408,
        -0.010662919946320211,
        0.012481513831204055,
        0.01899594371364742,
        -0.010550088120949664,
        -0.014524997517182375,
        0.009817511863396822,
        0.011967624058120846,
        -0.007990221518262081,
        -0.014012808792484833,
        0.00712256970351338,
        0.008946707542747106,
        -0.007508129001634586,
        -0.012228220596436459,
        0.014226093998082504,
        0.013189587954132805,
        -0.008007252373955626,
        -0.014206341243547861,
        0.0150959437126145,
        0.006845373467879096,
        -0.0060787488836867125,
        -0.010066407095510812,
        0.006541154241347391,
        0.0076287436433502475,
        -0.005772706322144953,
        -0.009355287382957432,
        0.004425717916266658,
        0.004457138302583327,
        -0.0032038551674068855,
        -0.00251734076226321,
        0.0016714067626773146,
        0.0028611409756582004,
        -0.00443208615249848,
        -0.0036065663523462,
        0.0025876383693363117
    ],
    "zerrs": [
        0.0009981511551689103,
        0.0006504009713555124,
        0.000322324413628414,
        0.000965234136507872,
        0.0013275266949581799,
        0.0013274117043384488,
        0.0012495234797416431,
        0.0008391931215788763,
        0.0019246529971878909,
        0.002697219590256331,
        0.0022245186616899216,
        0.0022691153611015063,
        0.0025591114230901157,
        0.002367548530647456,
        0.0017047801456253505,
        0.001795087159855878,
        0.002660980116849168,
        0.002717319490764604,
        0.002638353941620323,
        0.0016795651680424155,
        0.0025745697314535506,
        0.00303863934336433,
        0.003528218594468634,
        0.0026877230472679334,
        0.002919837694078231,
        0.0032048159830758162,
        0.0029290024356550793,
        0.0025478068179764354,
        0.0029111517168921653,
        0.0040200208413862,
        0.002989660341241491,
        0.0028078505534175646,
        0.0034591421328804594,
        0.0026954577233154363,
        0.0030610905168031253,
        0.0023502180838718125,
        0.0027048696446748386,
        0.0025408599587457776,
        0.0037156305337451233,
        0.0021733471816687546,
        0.0022393076418891615,
        0.002216150732678457,
        0.0027652414360851522,
        0.0027210312526907495,
        0.002707178759470946,
        0.002537507845724098,
        0.003773584491859881,
        0.003104006782529676,
        0.0018797948391196463,
        0.0017733619839445315,
        0.002284512138375009,
        0.00163858661373193,
        0.0018389017808712936,
        0.0020113920207100082,
        0.0027677935208981425,
        0.0015984856825204368,
        0.001421833642350418,
        0.0010709868751857335,
        0.0008295906905473863,
        0.0006942770654051293,
        0.0009583432374235837,
        0.0014933115799072296,
        0.001215963616594529,
        0.0010089033989229656
    ]
}