{
    "bins": [
        [
            -1.0,
            -0.75,
            -0.5,
            -0.25,
            0.0,
            0.25,
            0.5,
            0.75,
            1.0
        ],
        [
            0.0,
            0.7853982,
            1.570796,
            2.356194,
            3.141593,
            3.926991,
            4.712389,
            5.497787,
            6.283185
        ]
    ],
    "zvals": [
        0.004079140492045945,
        0.001547968685422852,
        -0.001708303815390414,
        -0.0037173314455455127,
        -0.003434328073155265,
        -0.0010391556892174415,
        0.001116177530373136,
        0.002877626375417305,
        0.005581545768757809,
        0.00185623896578269,
        -0.0013551890888441277,
        -0.005352397953142288,
        -0.005975635283003011,
        -0.0019826859757727934,
        0.002059054390258188,
        0.005386822986562228,
        0.0035993293592982514,
        0.0016529977547683479,
        -0.0008309850547111149,
        -0.0036593446133748584,
        -0.0038479996129350967,
        -0.0013551070922003877,
        0.001445465865713944,
        0.003286031795344527,
        0.0008797702872250025,
        0.000468429476120254,
        -0.0005084756518351207,
        -0.0011531697901321495,
        -0.0008360143519591338,
        -0.0004446296527365744,
        0.0005894341467638065,
        0.0011060017978146114,
        -0.0013004343529180484,
        -0.0005246202624962789,
        0.000627026806790952,
        0.0013179089863878106,
        0.0010469560655871288,
        0.0006285990033078773,
        -0.0005141428931573547,
        -0.000873249995543661,
        -0.0034305894767775124,
        -0.0009317775017959052,
        0.0016860980038146268,
        0.0030712491357895795,
        0.0035736469917163004,
        0.0013632889312170393,
        -0.0014227181632751804,
        -0.003426326524895659,
        -0.004164865160118778,
        -0.002234346976780429,
        0.001853527510892567,
        0.003891255782092924,
        0.005089081968632462,
        0.001917611198398774,
        -0.002161674463138435,
        -0.003621668504376126,
        -0.0035219637630949496,
        -0.0023181786350814832,
        0.0015743493107952915,
        0.003496939517366332,
        0.003562657913567388,
        0.0015349883753205385,
        -0.0015758609010972785,
        -0.005266318478020063
    ],
    "zerrs": [
        0.0007289341312140999,
        0.0003408500508585074,
        0.0003680958266270073,
        0.0007231469250029745,
        0.0006898179692794506,
        0.00028486865530722474,
        0.00029614951452468577,
        0.0005961669374937617,
        0.0008353039488555939,
        0.00039526594350852473,
        0.00032972932815220925,
        0.0008397814257667023,
        0.0009046431837145543,
        0.00041138445634885426,
        0.0004140820478593227,
        0.0008163273351576325,
        0.0005450266960372216,
        0.00029181895025175804,
        0.00020145167917819224,
        0.0005447321891248939,
        0.0005877257307965072,
        0.00028957905194797347,
        0.0002741536693972029,
        0.0005218511562764487,
        0.00018680467091914985,
        0.00010457216018168911,
        0.00010914046476223989,
        0.00020451709186731075,
        0.0001839675998039711,
        0.00011036211169255912,
        0.00012584214820549923,
        0.00020010806541050481,
        0.00022379456292236772,
        0.0001294661321845309,
        0.00012522476581562994,
        0.00022043497413050685,
        0.00018914684261857616,
        0.00012129118466760819,
        0.00011463756871992183,
        0.0001706673362168591,
        0.000577287400483604,
        0.00023263002503709303,
        0.00033395578788528976,
        0.0005284575983274197,
        0.0005562024491812164,
        0.00025927844821976864,
        0.0002763698917857584,
        0.0005524520482324576,
        0.00080488137952403,
        0.00047655517807717977,
        0.0004153394285713425,
        0.0007537551149309424,
        0.0008431827394266472,
        0.0004273516633573019,
        0.0004310293896408866,
        0.0007153448787159417,
        0.0007708122440743227,
        0.000508701612784795,
        0.000387690662753055,
        0.0007323239273888063,
        0.0007513273219905655,
        0.000357785660669142,
        0.00036612334292414323,
        0.0009031468271757805
    ]
}