{
    "bins": [
        -1.0,
        -0.75,
        -0.5,
        -0.25,
        0.0,
        0.25,
        0.5,
        0.75,
        1.0
    ],
    "yvals": [
        0.0005741708,
        -0.0008025676,
        -0.0028865476,
        0.0031460268,
        -0.0003361468,
        -0.001801642,
        0.0028660352,
        -0.0013177624
    ],
    "yerrs": [
        0.002108194677917578,
        0.002555426226679221,
        0.002542173872889107,
        0.0025847054764518143,
        0.0027370606131395777,
        0.002764837210397748,
        0.0026229375898027007,
        0.001760827078392424
    ]
}