{
    "bins": [
        [
            -1.0,
            -0.75,
            -0.5,
            -0.25,
            0.0,
            0.25,
            0.5,
            0.75,
            1.0
        ],
        [
            0.0,
            0.7853982,
            1.570796,
            2.356194,
            3.141593,
            3.926991,
            4.712389,
            5.497787,
            6.283185
        ]
    ],
    "zvals": [
        0.001326869351113868,
        0.0016797566787174602,
        0.0018417632843475544,
        0.0015729421606088115,
        -0.0009549950470971402,
        -0.002646213002834232,
        -0.001749461037588586,
        -0.0009913699805703608,
        0.0020387202313425215,
        0.006089097779494671,
        0.002603085824002608,
        0.0014911213281402192,
        -0.00211385004800114,
        -0.005804501666670912,
        -0.004252778845884508,
        -0.0017755461562163392,
        0.0018807565385303912,
        0.004668648677141698,
        0.007049419529970793,
        0.002850527693567219,
        -0.0014491939118765258,
        -0.005677518913977373,
        -0.005677004525094284,
        -0.0010030440617368522,
        0.0022798722991725726,
        0.004439180756554194,
        0.006314418931548083,
        0.0019751586136473307,
        -0.002066269076315447,
        -0.005255378801575763,
        -0.00597636357617412,
        -0.002134372636548604,
        0.002955118053491846,
        0.005204083841334926,
        0.004407455073733318,
        0.0027277885507875615,
        -0.0016081971178943664,
        -0.005323028579140769,
        -0.005140512198910617,
        -0.0033569227321689136,
        0.0023400349020407736,
        0.005626040714654408,
        0.003959037838140663,
        0.0020346203649355297,
        -0.0022050374459828,
        -0.006652341869981845,
        -0.005127952961428474,
        -0.0023773006806740026,
        0.0016199308834677745,
        0.004944596483463539,
        0.003910479527577102,
        0.0019574239335675243,
        -0.0012998418636156442,
        -0.004563971387754999,
        -0.0045043374187354705,
        -0.0008964438412117171,
        0.0008050851147863593,
        0.0031827952662969003,
        0.0034387640406520017,
        0.0009398438246038002,
        -0.0010128994471592743,
        -0.0016230415661868255,
        -0.0029111512889006597,
        -0.0008998724213710759
    ],
    "zerrs": [
        0.00042352895546105305,
        0.0006117938849298376,
        0.0006213946678359458,
        0.00046690745378302463,
        0.00034162688327520345,
        0.000772417581067558,
        0.0006216139831537224,
        0.00032814221334677375,
        0.0004651861058205197,
        0.0011405971374186476,
        0.0007557524224659335,
        0.0003906729332315672,
        0.0004723931781186065,
        0.001104923933128467,
        0.0009344395008371203,
        0.00045368857297492515,
        0.0004362993527655809,
        0.0009590367895048064,
        0.0011802772333961305,
        0.00054505992921767,
        0.00038017908805777913,
        0.0010625054309267318,
        0.0010768385174231522,
        0.00030889114777755484,
        0.000457907760728439,
        0.0009115254081636178,
        0.0010727931489064506,
        0.00041794282765562164,
        0.00042505448477559105,
        0.0010021793400117557,
        0.0010795520361567426,
        0.00043091395390416307,
        0.0005747630376633732,
        0.0009705921482723288,
        0.000885977460157457,
        0.0004901369989428955,
        0.0003771349211831934,
        0.0009984257866649398,
        0.0010132444644926262,
        0.0006197604080057002,
        0.0004830581070580409,
        0.0010316433664858682,
        0.0008306157483233972,
        0.0004485794609792685,
        0.0004532884219573932,
        0.0011318761321536398,
        0.0010312182313441394,
        0.0005020906463986465,
        0.0004160905183763191,
        0.000992097992970375,
        0.0008583911978532671,
        0.00042432207204493705,
        0.0003617463375469238,
        0.0009800535642352152,
        0.001010174952540566,
        0.00030676098851410835,
        0.0002544277861673645,
        0.0007809712481497785,
        0.0007844686619507422,
        0.00028909508279791404,
        0.0003102560375443208,
        0.0005787762212621044,
        0.0007925727900486744,
        0.00034236052407881626
    ]
}