{
    "bins": [
        [
            -1.0,
            -0.75,
            -0.5,
            -0.25,
            0.0,
            0.25,
            0.5,
            0.75,
            1.0
        ],
        [
            0.0,
            0.7853982,
            1.570796,
            2.356194,
            3.141593,
            3.926991,
            4.712389,
            5.497787,
            6.283185
        ]
    ],
    "zvals": [
        -0.03368891856385716,
        -0.0905783540519212,
        -0.06272896034876586,
        -0.045236349931690775,
        -0.08741224194612156,
        -0.07863900850269546,
        -0.04149281765423392,
        -0.03966224512922112,
        -0.004768535502118543,
        -0.00571995490692742,
        -0.009346415447963965,
        -0.0142007565581316,
        -0.01077663554019745,
        -0.005435175541572555,
        -0.008392213883916182,
        -0.007671692568608529,
        0.030835884268642325,
        0.015586251960471496,
        0.023257670633233092,
        0.020589728278238198,
        0.02692908308908349,
        0.03323192572428247,
        0.014968416013282441,
        0.03715582163438155,
        0.048143201754218434,
        0.04352950313840961,
        0.03587301724730647,
        0.035693495917361755,
        0.020712133211441837,
        0.03297568875907503,
        0.04030748741402449,
        0.037819658313364694,
        0.051061945392795655,
        0.041656164557629265,
        0.03431428142164865,
        0.05273365512306484,
        0.038749861853480644,
        0.05663579484541597,
        0.034687498567605224,
        0.03896772846378525,
        0.023161932380288113,
        0.01869842772668831,
        0.03489577004270447,
        0.03481098397120445,
        0.0226826296985732,
        0.031304805970985415,
        0.02918583444317404,
        0.02622681493968664,
        -0.005872705081320532,
        -0.004513186566094277,
        -0.00646189065925811,
        -0.007918797961291014,
        -0.0023038805802917746,
        -0.011154578952327358,
        -0.006956686928156172,
        -0.005234574063086487,
        -0.06523844847110676,
        -0.0639380451536788,
        -0.06315575033295222,
        -0.04723913832332356,
        -0.04892801866060263,
        -0.05931642301100845,
        -0.07205213153076531,
        -0.055350077285656454
    ],
    "zerrs": [
        0.010250425277965023,
        0.01867162268177338,
        0.016040349304533064,
        0.013067113449827797,
        0.018478425439444366,
        0.017496646321894713,
        0.012917497724930234,
        0.011188326175689609,
        0.0024474664973557596,
        0.0026857856674947075,
        0.0037869325057981467,
        0.004521785208401448,
        0.003195643416235858,
        0.0027199611471567407,
        0.004205082223036818,
        0.00270644090046775,
        0.005489053411273633,
        0.00417364216123974,
        0.00622828103228635,
        0.0051516117113478595,
        0.005381457973429094,
        0.007104334947936939,
        0.00510200648416294,
        0.006669610771278424,
        0.008396953302061538,
        0.009366026429227056,
        0.009276627781573319,
        0.008040875679166459,
        0.00575523323222286,
        0.00859496287300973,
        0.010442428308497611,
        0.008126341145785249,
        0.008647307177789651,
        0.009199778767415958,
        0.009204780982343405,
        0.009667815531418772,
        0.007923875356912594,
        0.011436066177594304,
        0.009682252655999379,
        0.008368785891976316,
        0.004820226808419735,
        0.0047092587734872795,
        0.00770865438095627,
        0.006646732621078924,
        0.004988149162716762,
        0.007308971438917771,
        0.007243992911722495,
        0.005591331690208459,
        0.002237080833776155,
        0.0020445930951264093,
        0.0038317585465246313,
        0.003311600252692217,
        0.0023527057363045122,
        0.0041269138380816105,
        0.003272243155111083,
        0.0025370718428471403,
        0.01471748971359357,
        0.014974391818683465,
        0.01639875143031918,
        0.013121684155533499,
        0.014890144096437194,
        0.015478351929068835,
        0.017355494435192846,
        0.014087586484858661
    ]
}