{
    "bins": [
        -1.0,
        -0.75,
        -0.5,
        -0.25,
        0.0,
        0.25,
        0.5,
        0.75,
        1.0
    ],
    "yvals": [
        1.1675416,
        0.8569144,
        0.6897404,
        0.65288,
        0.6754796,
        0.7211768,
        0.8794544,
        1.1822708
    ],
    "yerrs": [
        0.12701873877503272,
        0.06932450071944261,
        0.048937151531326384,
        0.04265590697664275,
        0.043433332821693524,
        0.050944094849157934,
        0.07415701180603221,
        0.15288181055966077
    ]
}