{
    "bins": [
        0.0,
        0.7853982,
        1.570796,
        2.356194,
        3.141593,
        3.926991,
        4.712389,
        5.497787,
        6.283185
    ],
    "yvals": [
        -0.0010128406202102322,
        -0.002686660186723212,
        -0.002308488180514848,
        -0.001187497310284327,
        0.0009933758425664438,
        0.0027328080794705363,
        0.002278229636439105,
        0.0011041641307973794
    ],
    "yerrs": [
        0.00011349169263330609,
        0.00026613520996697184,
        0.000255147695664156,
        0.00013294545673517633,
        0.00011519667698005832,
        0.00026719428099881114,
        0.00024952070080769994,
        0.00012737203669652337
    ]
}