{
    "bins": [
        [
            -1.0,
            -0.75,
            -0.5,
            -0.25,
            0.0,
            0.25,
            0.5,
            0.75,
            1.0
        ],
        [
            0.0,
            0.7853982,
            1.570796,
            2.356194,
            3.141593,
            3.926991,
            4.712389,
            5.497787,
            6.283185
        ]
    ],
    "zvals": [
        -0.001055365291135121,
        -0.0011610422132580457,
        0.000661825469379856,
        0.0022221953427493542,
        0.002020515458404528,
        0.0005748805064438668,
        -0.00078606668211531,
        -0.0017008003585443309,
        -0.003010399056173034,
        -0.0012567017631065428,
        0.0015856128994471597,
        0.004239624445663924,
        0.002824478289988005,
        0.0009215638440637742,
        -0.000897779215124052,
        -0.0035750068118329823,
        -0.004374568212659515,
        -0.0018522104339991786,
        0.0007428732948135851,
        0.0037050121021289816,
        0.003273781191192235,
        0.001609788667656399,
        -0.002650844030669801,
        -0.003973225294691355,
        -0.0036987719095867544,
        -0.002052053621744293,
        0.001625420487447129,
        0.0042180853298769165,
        0.004676945956063039,
        0.0018673890180519945,
        -0.0013598409978125743,
        -0.004701550042144239,
        -0.003707361692451039,
        -0.0014198201217268498,
        0.002510515687587695,
        0.004187803651392477,
        0.004688007354233139,
        0.0012651898782528098,
        -0.0019770057983340937,
        -0.0037509695721150305,
        -0.0036936438102353683,
        -0.001478388658588043,
        0.001630950422588293,
        0.002376706871284532,
        0.0038756747534371095,
        0.0018174469504633323,
        -0.0011437385885882066,
        -0.003310999518715353,
        -0.0039076738398432795,
        -0.0009760567192828907,
        0.001339650470207462,
        0.00305168659496638,
        0.00271768097194034,
        0.0014827824873503627,
        -0.000963493158882503,
        -0.003940696054739127,
        -0.0012873607298819884,
        -0.0008453774634968418,
        0.0008746780613141364,
        0.001979602724220428,
        0.0023425835054329135,
        0.0008315936633401156,
        -0.00044288118890040476,
        -0.0027151350016170156
    ],
    "zerrs": [
        0.00034046905705359284,
        0.00024892320693370695,
        0.00020141910112352293,
        0.0004805245860960626,
        0.0004505511656447383,
        0.00015794371868386054,
        0.00022481489713744676,
        0.00040925662253340995,
        0.0006434540697174405,
        0.00030415559428317586,
        0.0003639342576569106,
        0.0007398968423178029,
        0.0006179487058154153,
        0.00026702050644039204,
        0.0002656862649384759,
        0.0006902158670665853,
        0.000812643004422483,
        0.00043988669948898665,
        0.0002737673328172446,
        0.000714593905089301,
        0.0006831441211536993,
        0.0003846177392498662,
        0.0005003632746819261,
        0.0007522974883905373,
        0.0007552044389128811,
        0.00047539320694369016,
        0.0004028964054398491,
        0.0007709325911057979,
        0.0008270564378077268,
        0.0004449844132994336,
        0.00037252213526134056,
        0.0008321904746303306,
        0.0007569826681521727,
        0.0003832117600371187,
        0.0005102451308474836,
        0.0007657487769041338,
        0.0008289920375087036,
        0.00034860589840917007,
        0.00042493583889195485,
        0.0007369825261883306,
        0.0007542906270016143,
        0.0003918552431617531,
        0.0003853934832505268,
        0.0005769832226318367,
        0.0007462118645515745,
        0.0004208926096551442,
        0.00031716118953725985,
        0.0006917097420009496,
        0.0007531651419000899,
        0.0002817649289840375,
        0.00031950914296674065,
        0.0006369445525919247,
        0.0006088883578326483,
        0.0003637511144326521,
        0.00025439558258849284,
        0.0007332299650018428,
        0.0003828891741912137,
        0.00023043178596472146,
        0.0002497496545101604,
        0.00045069127094134615,
        0.00048744358741851926,
        0.00020578983960926666,
        0.00014703448295647843,
        0.0005446219251230048
    ]
}