{
    "bins": [
        0.0,
        0.7853982,
        1.570796,
        2.356194,
        3.141593,
        3.926991,
        4.712389,
        5.497787,
        6.283185
    ],
    "yvals": [
        -0.006183785498871781,
        -0.0027604126214766577,
        0.002742881952844291,
        0.006495178883599293,
        0.006604917506792732,
        0.0025926587539056634,
        -0.0025554126697546983,
        -0.006917095536275877
    ],
    "yerrs": [
        0.0004754283740146573,
        0.0002508565810474515,
        0.00024794543241230996,
        0.00046175172656041615,
        0.0004735485083828057,
        0.000239208215902169,
        0.00023422280198565212,
        0.00048465367851294877
    ]
}