{
    "bins": [
        0.0,
        0.7853982,
        1.570796,
        2.356194,
        3.141593,
        3.926991,
        4.712389,
        5.497787,
        6.283185
    ],
    "yvals": [
        -0.001791315539047581,
        -0.004971403026593657,
        -0.004222757124413356,
        -0.001839360630711269,
        0.0018639517798619294,
        0.004601425009994934,
        0.004346822884703043,
        0.0019457536179109194
    ],
    "yerrs": [
        0.00016342106915347455,
        0.0004033551596381015,
        0.00035564439223948174,
        0.00015549762488921984,
        0.00015625059708433616,
        0.0003776002333820487,
        0.000364817045846594,
        0.00015846117802999806
    ]
}