{
    "bins": [
        0.0,
        0.7853982,
        1.570796,
        2.356194,
        3.141593,
        3.926991,
        4.712389,
        5.497787,
        6.283185
    ],
    "yvals": [
        -0.00634390045711844,
        -0.006652540916208321,
        0.006623276351607721,
        0.006287355853521586,
        -0.006588608578071243,
        -0.006295355985118375,
        0.006349208936106281,
        0.006701748667554541
    ],
    "yerrs": [
        0.0005768002529695394,
        0.0006257368399366424,
        0.0006121114123564752,
        0.000534222887284785,
        0.0005579741583049551,
        0.0005990616982982168,
        0.0005920629460935454,
        0.0005492789594455447
    ]
}