{
    "bins": [
        0.0,
        0.7853982,
        1.570796,
        2.356194,
        3.141593,
        3.926991,
        4.712389,
        5.497787,
        6.283185
    ],
    "yvals": [
        0.24453722964987695,
        0.32195544729053227,
        0.2638608705395227,
        0.2822732139969621,
        0.2895938110359333,
        0.2963845082365884,
        0.2520254698891518,
        0.2992886409183625
    ],
    "yerrs": [
        0.01959215642985111,
        0.025910865304884644,
        0.02232166238304515,
        0.02121664916701015,
        0.02196918011572778,
        0.02423265047618025,
        0.02134890589202597,
        0.022121141084109782
    ]
}