{
    "bins": [
        -1.0,
        -0.75,
        -0.5,
        -0.25,
        0.0,
        0.25,
        0.5,
        0.75,
        1.0
    ],
    "yvals": [
        -0.00024564528,
        -0.00135359,
        0.00208176,
        -0.00037569148,
        -0.0002787786,
        0.0004727752,
        -0.0005755188,
        6.456032e-05
    ],
    "yerrs": [
        0.000544380161284373,
        0.000875704516375244,
        0.0010382279518487258,
        0.0010273178281330465,
        0.0011059479192077717,
        0.001001745436725319,
        0.0009059294453764046,
        0.000567484554855901
    ]
}