{
    "bins": [
        [
            -1.0,
            -0.75,
            -0.5,
            -0.25,
            0.0,
            0.25,
            0.5,
            0.75,
            1.0
        ],
        [
            0.0,
            0.7853982,
            1.570796,
            2.356194,
            3.141593,
            3.926991,
            4.712389,
            5.497787,
            6.283185
        ]
    ],
    "zvals": [
        5.757538023387371,
        1.9191798092635348,
        2.558905930496386,
        4.478079549375541,
        4.478085251044692,
        5.117812879584619,
        6.397266099480774,
        3.8383586410966166,
        3.1986312166236184,
        1.9191798092635348,
        2.558905930496386,
        4.478079549375541,
        1.9191793205483074,
        7.036992709428851,
        3.8383586410966166,
        2.558905930496386,
        1.2794523847902886,
        3.1986328456738735,
        0.001,
        1.9191768769759066,
        2.5589059304963846,
        4.4780852510446945,
        5.117812879584619,
        0.6397266099480774,
        3.8383576636666596,
        0.6397267728531961,
        3.8383586410966166,
        0.6397257954237273,
        1.9191793205483074,
        1.279452710600231,
        1.279452710600231,
        1.279452710600231,
        0.6397264470430413,
        3.1986328456738735,
        2.558905930496386,
        3.198627958528086,
        3.838358641096615,
        3.1986320311485392,
        1.9191793205483083,
        0.6397266099480774,
        2.5589052788763715,
        1.2794530364103387,
        3.8383586410966166,
        4.478079549375541,
        3.1986320311485374,
        5.117812879584619,
        2.5670185052673933,
        3.1986320311485392,
        3.1986312166236184,
        1.2794530364103387,
        4.4780852510446945,
        2.5589026723996344,
        2.5589059304963846,
        1.9191793205483083,
        4.4780852510446945,
        1.9191793205483083,
        1.2794523847902886,
        4.478086391380266,
        3.8383586410966166,
        2.5589026723996344,
        7.036992709428848,
        1.279452710600231,
        5.757539489532697,
        2.558905930496386
    ],
    "zerrs": [
        1.9191790106808253,
        1.10803896571357,
        1.279452932020869,
        1.6925545597077456,
        1.6925567147355904,
        1.8094195455308095,
        2.02299239154039,
        1.567003333915681,
        1.430471455406794,
        1.10803896571357,
        1.279452932020869,
        1.6925545597077456,
        1.1080386835537055,
        2.121732564528972,
        1.567003333915681,
        1.279452932020869,
        0.9047096140585077,
        1.430472183940261,
        0.0,
        1.1080372727565395,
        1.2794529320208683,
        1.6925567147355913,
        1.8094195455308095,
        0.6397263646458778,
        1.567002934881577,
        0.6397265275509341,
        1.567003333915681,
        0.6397255501218401,
        1.1080386835537055,
        0.9047098444409672,
        0.9047098444409672,
        0.9047098444409672,
        0.6397262017409042,
        1.430472183940261,
        1.279452932020869,
        1.4304699983420865,
        1.5670033339156801,
        1.4304718196734352,
        1.108038683553706,
        0.6397263646458778,
        1.27945260621087,
        0.9047100748235437,
        1.567003333915681,
        1.6925545597077456,
        1.4304718196734343,
        1.8094195455308095,
        1.2835284926297592,
        1.4304718196734352,
        1.430471455406794,
        0.9047100748235437,
        1.6925567147355913,
        1.2794513029725352,
        1.2794529320208683,
        1.108038683553706,
        1.6925567147355913,
        1.108038683553706,
        0.9047096140585077,
        1.6925571457418185,
        1.567003333915681,
        1.2794513029725352,
        2.121732564528971,
        0.9047098444409672,
        1.9191794993958495,
        1.279452932020869
    ]
}
