{
    "bins": [
        [
            -1.0,
            -0.75,
            -0.5,
            -0.25,
            0.0,
            0.25,
            0.5,
            0.75,
            1.0
        ],
        [
            0.0,
            0.7853982,
            1.570796,
            2.356194,
            3.141593,
            3.926991,
            4.712389,
            5.497787,
            6.283185
        ]
    ],
    "zvals": [
        0.0131323753988741,
        0.009431378595661968,
        -0.008378890702548264,
        -0.016916996329254304,
        -0.015218933585265045,
        -0.00840200255157258,
        0.009302870646474783,
        0.014890340948156224,
        0.01028791255187496,
        0.013186958252238545,
        -0.01166292758575907,
        -0.011692288887559063,
        -0.010594470574154755,
        -0.013667872849179655,
        0.013568117056575141,
        0.010397393423461737,
        0.008973308062076028,
        0.010054232390261342,
        -0.010095987002768024,
        -0.008514688712361487,
        -0.009169720320143415,
        -0.009825260568527042,
        0.010288551791575737,
        0.008617251380828575,
        0.004079803085874146,
        0.0038349814578039305,
        -0.0038963261938533083,
        -0.0038705814496835366,
        -0.0038878769744766332,
        -0.003785024153359189,
        0.0033517788433380285,
        0.0041310270716248335,
        -0.003844629641371727,
        -0.0038751970020797105,
        0.0038246988151230342,
        0.003686230310962963,
        0.003914342027863578,
        0.0037603457100731106,
        -0.0039487352908971,
        -0.0036228322455621235,
        -0.008422234733922231,
        -0.010487745191035677,
        0.010051087474121404,
        0.008459857983012456,
        0.008438040331144207,
        0.009935365254304189,
        -0.010929979449909475,
        -0.007959098444355602,
        -0.010253794826624252,
        -0.012458293109555438,
        0.013107662611822288,
        0.009364422414594367,
        0.01131716149009801,
        0.014727081046806844,
        -0.012909892818672828,
        -0.010138121054548142,
        -0.014490881186129533,
        -0.00978571113899224,
        0.009670439700635858,
        0.014760741992286722,
        0.016104263061530583,
        0.009434966730243776,
        -0.008993259468447846,
        -0.01675385982648288
    ],
    "zerrs": [
        0.0008864616264869995,
        0.0005656727216413033,
        0.0005327503150965071,
        0.0010165904944928732,
        0.0009613351464640013,
        0.0005296300519750976,
        0.0005641153026135074,
        0.0009381203268204654,
        0.0007018519211945575,
        0.000617520572337439,
        0.0005789196135861978,
        0.0007455969770158272,
        0.0007187370946704075,
        0.0006418137048048626,
        0.0006203579762292105,
        0.0007064668810524013,
        0.0005005427364472774,
        0.00042550757192347065,
        0.00042275436446256523,
        0.00048534701432811136,
        0.0005100689576844453,
        0.00042123345232495963,
        0.0004280685108246546,
        0.0004879670798180157,
        0.00021903651033162706,
        0.0001698635574955596,
        0.0001705362020160082,
        0.00021035954151001326,
        0.00021792962421100703,
        0.00017046219022572856,
        0.00015594783397965755,
        0.0002257542869452344,
        0.00021224452343946405,
        0.00017639687728735796,
        0.00016726483098671775,
        0.00020767510157598365,
        0.00021407331960371682,
        0.0001733309946280668,
        0.0001747760847632469,
        0.00020406916339193122,
        0.0004870996939528201,
        0.0004377491572486856,
        0.0004247663570725957,
        0.00048152859652546336,
        0.0004913236139908847,
        0.00042996353336320663,
        0.0004477452166752819,
        0.0004793737433530186,
        0.0007045366889356978,
        0.0005967643773028756,
        0.0006084978097565295,
        0.0006616286657976728,
        0.000736381147124336,
        0.0006642931250950961,
        0.0006122565296006268,
        0.0007019332154899947,
        0.0009326235095619114,
        0.0005759014742561565,
        0.0005748335802653916,
        0.0009305100650184532,
        0.0009784384605879025,
        0.0005689717663860537,
        0.0005522508261039802,
        0.0010111346869960563
    ]
}