{
    "bins": [
        0.0,
        0.7853982,
        1.570796,
        2.356194,
        3.141593,
        3.926991,
        4.712389,
        5.497787,
        6.283185
    ],
    "yvals": [
        -0.00013453583163292198,
        -2.484874543829891e-05,
        0.0006549390245455172,
        -0.0011808264334433835,
        0.0002257025100649606,
        0.0005444014372330973,
        -6.763628122302325e-05,
        -0.00010947520874766682
    ],
    "yerrs": [
        0.00044898511723878503,
        0.0003374313127974422,
        0.00032938216781106563,
        0.00046420525228574956,
        0.00047005558271843474,
        0.00034267827311245503,
        0.0003374068198619706,
        0.0004646765394719468
    ]
}