{
    "bins": [
        -1.0,
        -0.75,
        -0.5,
        -0.25,
        0.0,
        0.25,
        0.5,
        0.75,
        1.0
    ],
    "yvals": [
        0.048699,
        0.031573036,
        0.020980776,
        0.00760044,
        -0.007456864,
        -0.020477928,
        -0.03161632,
        -0.0512692
    ],
    "yerrs": [
        0.0010123551155597525,
        0.0005647994334274779,
        0.0003286125986629241,
        0.0001233028661467364,
        0.00012147723408112321,
        0.0003244098395548446,
        0.0005661064210905932,
        0.0010451534624159268
    ]
}