{
    "bins": [
        -1.0,
        -0.75,
        -0.5,
        -0.25,
        0.0,
        0.25,
        0.5,
        0.75,
        1.0
    ],
    "yvals": [
        -0.10142368,
        -0.5473352,
        -0.8284856,
        -0.8644864,
        -0.8458208,
        -0.815874,
        -0.5703544,
        -0.11367352
    ],
    "yerrs": [
        0.00945096735789517,
        0.01824261823313748,
        0.024322707086177724,
        0.027739788030913287,
        0.02750444909464649,
        0.023705169056558107,
        0.018417795742161982,
        0.00971999341563563
    ]
}