{
    "bins": [
        [
            -1.0,
            -0.75,
            -0.5,
            -0.25,
            0.0,
            0.25,
            0.5,
            0.75,
            1.0
        ],
        [
            0.0,
            0.7853982,
            1.570796,
            2.356194,
            3.141593,
            3.926991,
            4.712389,
            5.497787,
            6.283185
        ]
    ],
    "zvals": [
        -0.0005920273308494977,
        -0.00043073072015225916,
        0.0003846303148212754,
        0.0007628494561363079,
        0.0006845400675835688,
        0.00038630854674954617,
        -0.00042883638613798366,
        -0.0006746913030081566,
        -0.0006454697757137716,
        -0.000841744654746932,
        0.0007353199269669647,
        0.0007367108947172076,
        0.0006668216623928248,
        0.0008640999849757706,
        -0.0008641804537317388,
        -0.000648916854893952,
        -0.0009495748780682206,
        -0.0010466904796524767,
        0.0010478386754231616,
        0.000908395350643431,
        0.0009747715171161624,
        0.0010173746304421455,
        -0.0010757949472751398,
        -0.0009296234520587016,
        -0.0013442490700895416,
        -0.0011692306752068822,
        0.0011943401943982543,
        0.0012871923697381842,
        0.0012346285577503377,
        0.0011923763493158885,
        -0.0010667829559026126,
        -0.0012956208189987756,
        -0.0012790699036488752,
        -0.0011961398414917892,
        0.001241018693706885,
        0.0011844909402736698,
        0.0013020960073746046,
        0.0011900498855357414,
        -0.00123853638537404,
        -0.0012710707182855064,
        -0.0008915589569723994,
        -0.0010917917009698778,
        0.0010550686403581371,
        0.0009037159456531012,
        0.0008871293280604225,
        0.0010365969864960189,
        -0.0011577635797391898,
        -0.0008229208630528726,
        -0.0006482546051162327,
        -0.0007944157724913413,
        0.0008239104250329135,
        0.0005978326939555564,
        0.0007168686449417999,
        0.0009277706334877351,
        -0.000816204268409138,
        -0.0006361600105933554,
        -0.0006560972510504863,
        -0.0004460754537382203,
        0.0004440507869895265,
        0.0006665070874803762,
        0.0007297523039274353,
        0.0004298717847511708,
        -0.00041049378786296893,
        -0.0007573688753982059
    ],
    "zerrs": [
        4.0243621030352585e-05,
        2.5972785512485347e-05,
        2.4620604980026556e-05,
        4.613811282637537e-05,
        4.3553926163045156e-05,
        2.4604391277337625e-05,
        2.623194894077264e-05,
        4.279103321715603e-05,
        4.364301242974435e-05,
        3.924318271901769e-05,
        3.624454457077003e-05,
        4.655729939959127e-05,
        4.4895387537797706e-05,
        4.036289565999474e-05,
        3.939219112304792e-05,
        4.369782473177945e-05,
        5.199997351228453e-05,
        4.3386927513085935e-05,
        4.3084517730279244e-05,
        5.077097649278872e-05,
        5.3158638826525555e-05,
        4.272632211657643e-05,
        4.400126970925115e-05,
        5.15502078540226e-05,
        6.205712303225628e-05,
        4.508774116550509e-05,
        4.605175574077393e-05,
        5.992866923198758e-05,
        5.960601149487422e-05,
        4.645348956243638e-05,
        4.3035059552388476e-05,
        6.0661078510864674e-05,
        6.0386762256545496e-05,
        4.689985935196071e-05,
        4.688150172445273e-05,
        5.765620671849542e-05,
        6.11959690978903e-05,
        4.687839499784772e-05,
        4.735168820814038e-05,
        6.008256637714756e-05,
        5.059689286906348e-05,
        4.4688019625447985e-05,
        4.379138880528734e-05,
        5.034456571622754e-05,
        5.0661741957643106e-05,
        4.3952353306563945e-05,
        4.631620687976419e-05,
        4.862309826110064e-05,
        4.4145864023003546e-05,
        3.785726069744211e-05,
        3.799658550098905e-05,
        4.1809931751550093e-05,
        4.6216226910879185e-05,
        4.1596639743619624e-05,
        3.846318674598379e-05,
        4.363105215265393e-05,
        4.255769029926631e-05,
        2.6435791585326618e-05,
        2.653570080907574e-05,
        4.238663589489488e-05,
        4.470075846072702e-05,
        2.6089336777936878e-05,
        2.534281285769944e-05,
        4.602142649415005e-05
    ]
}