{
    "bins": [
        -1.0,
        -0.75,
        -0.5,
        -0.25,
        0.0,
        0.25,
        0.5,
        0.75,
        1.0
    ],
    "yvals": [
        0.0009652832,
        -0.0005601908,
        -0.00028413912,
        -0.0015595024,
        0.0013677812,
        0.0009667752,
        -0.0023874656,
        1.5094452e-05
    ],
    "yerrs": [
        0.0007123090340575501,
        0.0014990695781050324,
        0.002028620812276163,
        0.0023367447442970745,
        0.002360765977389542,
        0.0020460909070713356,
        0.0014988512934911188,
        0.0007339892097299524
    ]
}