{
    "bins": [
        [
            -1.0,
            -0.75,
            -0.5,
            -0.25,
            0.0,
            0.25,
            0.5,
            0.75,
            1.0
        ],
        [
            0.0,
            0.7853982,
            1.570796,
            2.356194,
            3.141593,
            3.926991,
            4.712389,
            5.497787,
            6.283185
        ]
    ],
    "zvals": [
        -0.0013762007603276912,
        -0.005952973130304159,
        -0.005218684030262364,
        -0.001731265254985046,
        0.0016125485422677415,
        0.005470235472970393,
        0.005739551157502312,
        0.0017219702622110068,
        -0.0014810815711062235,
        -0.007999238093103902,
        -0.0073545081601939415,
        -0.0017432555936536716,
        0.001469116549825693,
        0.008070537485453238,
        0.008416150792337136,
        0.001460354622751777,
        -0.0014465375652758052,
        -0.0062361417360731084,
        -0.006090888950570286,
        -0.0013359589202430867,
        0.0014041344643098144,
        0.0062374286667396675,
        0.006192019842169195,
        0.0012848858795158637,
        -0.0006226115618803303,
        -0.002361798314179133,
        -0.0022947005212643787,
        -0.000600302266745947,
        0.0005537992202679404,
        0.0022269911560762828,
        0.0021600253629370085,
        0.000595322626235361,
        0.0005625044722536924,
        0.0022392835834274044,
        0.002292065424154378,
        0.0005541606240904305,
        -0.0005549746752601864,
        -0.002164637037527471,
        -0.0022759660707055538,
        -0.0005272144823388907,
        0.0013470094532938833,
        0.00621030514727696,
        0.005929783370978792,
        0.001361641153095433,
        -0.0012980033053305454,
        -0.005799204989062871,
        -0.006331353021016098,
        -0.0012433955777834936,
        0.001454874228130393,
        0.00756019433718811,
        0.008209850292463185,
        0.0013156711429477249,
        -0.0016006121737004674,
        -0.00865208722201992,
        -0.008066442746225483,
        -0.0014655199020114646,
        0.0016721459254681256,
        0.006226775781648484,
        0.00577366379848179,
        0.0016857266179355972,
        -0.0018177708626709,
        -0.005927109567378579,
        -0.005557355633704187,
        -0.001879072266545115
    ],
    "zerrs": [
        0.0001060826096669494,
        0.0003134438553057123,
        0.0002926699502907354,
        0.0001201435110942894,
        0.00011743004551316086,
        0.00030173249795695283,
        0.0003075355930186068,
        0.00012155987945393475,
        0.00010738844505105121,
        0.00033336766725343935,
        0.00032179753226181825,
        0.00011758240444049525,
        0.0001079165014378852,
        0.00033794983327118343,
        0.00034458538419093683,
        0.00010645152281964814,
        8.504446809882676e-05,
        0.00023296367251168798,
        0.00022981484075807281,
        8.118729003876257e-05,
        8.332887556623964e-05,
        0.00023523066027864392,
        0.0002321446577161841,
        7.802885601905065e-05,
        3.5935609525911834e-05,
        9.355340152755054e-05,
        9.154181614290678e-05,
        3.478442735909754e-05,
        3.312268209361574e-05,
        9.044232401561984e-05,
        8.942015305363949e-05,
        3.478825206190097e-05,
        3.341310348745484e-05,
        9.056150281265801e-05,
        9.0235984783779e-05,
        3.344117478730902e-05,
        3.3206683981969526e-05,
        8.91577901274717e-05,
        9.064773573810965e-05,
        3.2213444267470256e-05,
        8.182161477967929e-05,
        0.00023196934136557746,
        0.00022408939624905236,
        8.212843879141165e-05,
        7.991974456269468e-05,
        0.00022493001286977155,
        0.00023272020751937973,
        7.945068647368804e-05,
        0.00010675800806547854,
        0.00032520349663356667,
        0.0003391359453126312,
        0.00010035156484335819,
        0.00011217450543670257,
        0.00035070325885911557,
        0.0003399904109968076,
        0.00010797421919195817,
        0.00012048809418966283,
        0.0003212053132006747,
        0.0003074506908573416,
        0.00011839296883962131,
        0.00012697459313606,
        0.00031519188686213065,
        0.0003056919547133132,
        0.0001279043455084077
    ]
}