{
    "bins": [
        [
            -1.0,
            -0.75,
            -0.5,
            -0.25,
            0.0,
            0.25,
            0.5,
            0.75,
            1.0
        ],
        [
            0.0,
            0.7853982,
            1.570796,
            2.356194,
            3.141593,
            3.926991,
            4.712389,
            5.497787,
            6.283185
        ]
    ],
    "zvals": [
        -1.5997917998793478,
        -2.6071119628804666,
        -2.2970748588613676,
        -1.986981903465627,
        -1.8960817318098586,
        -2.3820406978372755,
        -2.4113170647238733,
        -1.7519896918505016,
        -0.1401323303261963,
        -0.3410886050355629,
        -0.3636644351016938,
        -0.15168499068626265,
        -0.1371629670561931,
        -0.3854924000315765,
        -0.4040811410265879,
        -0.14790600434429427,
        0.5218677608377509,
        1.2952310281490473,
        1.2537220619354776,
        0.5048309457995236,
        0.5385045543787988,
        1.2831496897114587,
        1.2845650230838381,
        0.5157945398384005,
        1.1263616341366711,
        2.2688528029999575,
        2.211299239366538,
        1.08838284744442,
        1.0218472672453962,
        2.1929442142709816,
        2.1216152829520833,
        1.0721000053476075,
        1.0696377964706312,
        2.184120199980188,
        2.3344383357227807,
        0.9910819850801951,
        1.0795647557034773,
        2.191176957415222,
        2.2698621590582104,
        1.0627345626039284,
        0.49352020414612613,
        1.298609188872187,
        1.2643317146211224,
        0.5028234566124989,
        0.48013007417895115,
        1.240795622092239,
        1.3812156384406382,
        0.4377827801955188,
        -0.1258729138925961,
        -0.3177124764036772,
        -0.41111074894512095,
        -0.10057069082084392,
        -0.1367734066040402,
        -0.4329036233858503,
        -0.3867419575807426,
        -0.13923152338050265,
        -1.7858533416552265,
        -2.7648511365832706,
        -2.4034525170677803,
        -1.8681872525939045,
        -1.9836847050794622,
        -2.600432392239349,
        -2.434535865892198,
        -2.0089198088103104
    ],
    "zerrs": [
        0.11591521927165259,
        0.146063986073333,
        0.13830902997733688,
        0.1281809906323094,
        0.12809476927863714,
        0.14134649345025385,
        0.13895179594476673,
        0.11942780916051944,
        0.017281480241635436,
        0.028523239036686597,
        0.029513714167053687,
        0.01795355782893204,
        0.01687648701079356,
        0.030290967531128213,
        0.03130427903621017,
        0.017354007318332497,
        0.029406114656553708,
        0.04867864894358292,
        0.04763591278454635,
        0.028937012910619443,
        0.030136176391165333,
        0.04868274195567175,
        0.04829430655382157,
        0.029407118866033026,
        0.05188679456164806,
        0.0777328440929142,
        0.07620928991611241,
        0.05059479584059033,
        0.049306066548873366,
        0.07690329662600387,
        0.07534234095116818,
        0.05013323181025797,
        0.050444022020842916,
        0.07613136211807146,
        0.07844688272743067,
        0.04816285350893544,
        0.050693050625371945,
        0.07685351429278477,
        0.0778234502157259,
        0.050169146232040905,
        0.02872374098141782,
        0.048780372286036246,
        0.0479528793475904,
        0.028886485438238227,
        0.028242693086293364,
        0.04870624348144167,
        0.05093058550237607,
        0.026674745345351088,
        0.016592314528856775,
        0.0275632228717418,
        0.030434661082493,
        0.015408015434606162,
        0.01769789045723453,
        0.031538941158897826,
        0.029541007528234207,
        0.017640602242774785,
        0.12462300536738902,
        0.15262170102935116,
        0.13752755389824678,
        0.1272109293417625,
        0.13041532279173762,
        0.14775463866383212,
        0.14355919276225484,
        0.13065271004041015
    ]
}