{
    "bins": [
        -1.0,
        -0.75,
        -0.5,
        -0.25,
        0.0,
        0.25,
        0.5,
        0.75,
        1.0
    ],
    "yvals": [
        -13.298668,
        -1.6267264,
        5.653032,
        10.291388,
        10.3536,
        5.575704,
        -1.6107864,
        -14.019292
    ],
    "yerrs": [
        0.2941716777665722,
        0.0543521112745402,
        0.08891378295854924,
        0.1440458260415761,
        0.14452996921054123,
        0.08890588281997992,
        0.05378969418020519,
        0.30462887584731685
    ]
}