{
    "bins": [
        [
            -1.0,
            -0.75,
            -0.5,
            -0.25,
            0.0,
            0.25,
            0.5,
            0.75,
            1.0
        ],
        [
            0.0,
            0.7853982,
            1.570796,
            2.356194,
            3.141593,
            3.926991,
            4.712389,
            5.497787,
            6.283185
        ]
    ],
    "zvals": [
        12.794523847902884,
        5.757540955678765,
        5.757539489532697,
        6.397257954237273,
        10.87534727615807,
        10.875347276158077,
        10.875347276158077,
        8.956172539273084,
        4.478084110709701,
        3.1986328456738735,
        3.1986320311485392,
        6.397257954237273,
        2.5589059304963846,
        8.316445929325006,
        5.117812879584619,
        4.4780852510446945,
        1.2794523847902886,
        3.1986328456738735,
        1.279452710600231,
        3.198627958528086,
        3.838358641096615,
        4.4780852510446945,
        5.117812879584619,
        1.279452710600231,
        6.397264470430413,
        1.9191798092635348,
        5.117812879584619,
        1.2794510815521793,
        3.1986320311485374,
        1.279452710600231,
        2.558905930496386,
        1.279452710600231,
        1.9191788318333298,
        4.478086391380266,
        3.1986320311485392,
        3.198627958528086,
        3.838358641096615,
        4.4780852510446945,
        2.558905930496386,
        1.279452710600231,
        4.478084110709701,
        3.1986328456738735,
        5.117812879584619,
        8.316435340508455,
        4.478085251044692,
        5.757539489532697,
        2.5670185052673933,
        3.1986320311485392,
        5.11781157634433,
        1.9191798092635348,
        4.4780852510446945,
        3.838353753951813,
        7.036992709428848,
        3.1986320311485392,
        4.4780852510446945,
        4.4780852510446945,
        8.956170258602578,
        9.595901592797942,
        10.23562066621,
        7.676709545084728,
        9.595899149221156,
        5.757539489532697,
        10.875347276158077,
        9.595899149221161
    ],
    "zerrs": [
        2.860943001476775,
        1.9191799881111216,
        1.9191794993958495,
        2.0229898157892214,
        2.637659766279612,
        2.6376597662796137,
        2.6376597662796137,
        2.3936372028811,
        1.6925562837295827,
        1.430472183940261,
        1.4304718196734352,
        2.0229898157892214,
        1.2794529320208683,
        2.3065663224507706,
        1.8094195455308095,
        1.6925567147355913,
        0.9047096140585077,
        1.430472183940261,
        0.9047098444409672,
        1.4304699983420865,
        1.5670033339156801,
        1.6925567147355913,
        1.8094195455308095,
        0.9047098444409672,
        2.022991876389631,
        1.10803896571357,
        1.8094195455308095,
        0.9047086925298436,
        1.4304718196734343,
        0.9047098444409672,
        1.279452932020869,
        0.9047098444409672,
        1.108038401393985,
        1.6925571457418185,
        1.4304718196734352,
        1.4304699983420865,
        1.5670033339156801,
        1.6925567147355913,
        1.279452932020869,
        0.9047098444409672,
        1.6925562837295827,
        1.430472183940261,
        1.8094195455308095,
        2.3065633856424443,
        1.6925567147355904,
        1.9191794993958495,
        1.2835284926297592,
        1.4304718196734352,
        1.8094190847659266,
        1.10803896571357,
        1.6925567147355913,
        1.5670013387471946,
        2.121732564528971,
        1.4304718196734352,
        1.6925567147355913,
        1.6925567147355913,
        2.3936365933464194,
        2.4776507107763073,
        2.5589056613126324,
        2.216074779604179,
        2.477650079847603,
        1.9191794993958495,
        2.6376597662796137,
        2.477650079847604
    ]
}