{
    "bins": [
        [
            -1.0,
            -0.75,
            -0.5,
            -0.25,
            0.0,
            0.25,
            0.5,
            0.75,
            1.0
        ],
        [
            0.0,
            0.7853982,
            1.570796,
            2.356194,
            3.141593,
            3.926991,
            4.712389,
            5.497787,
            6.283185
        ]
    ],
    "zvals": [
        0.530289476089963,
        0.06878858076760593,
        -0.10199430097861215,
        -0.2541210263827685,
        -0.37549767124438804,
        -0.14962813758120092,
        0.17299916730116455,
        0.4309774152722569,
        0.4459502453659812,
        0.1105211142684637,
        -0.1858191642963186,
        -0.7182555618227169,
        -0.19167148375727966,
        -0.20835286058788033,
        0.21528697552069148,
        0.41698084283382447,
        0.16471934873291025,
        0.21595176355217696,
        -0.08384340168933459,
        -0.4395598160934761,
        -0.3573119361139192,
        -0.2135735003144903,
        0.1685918222353508,
        0.16413237619652715,
        0.3977245173212772,
        0.023607466178285706,
        -0.19405412287782758,
        -0.10584739731015701,
        -0.1811662876656166,
        -0.01585744297795513,
        0.03565749849121083,
        0.1483335582723664,
        -0.14890332063404269,
        -0.09108943264164987,
        0.0650890376598871,
        0.14706802529669633,
        0.16645099681944692,
        0.09297599433662936,
        -0.0532567182498555,
        -0.163195271696643,
        -0.4840574882906531,
        -0.14937989385760947,
        0.1636576614659065,
        0.7621130151680865,
        0.3795942948670609,
        0.2642328602823028,
        -0.18783933750786228,
        -0.5494442308230987,
        -0.5630590953735315,
        -0.04849055599595517,
        0.12385450434047454,
        0.294897701677746,
        0.551497711988062,
        0.12399318562053892,
        -0.13316764239277415,
        -0.5087843360945662,
        -0.2688685561031334,
        -0.16883841538644492,
        0.1593075612619335,
        0.24189962044769603,
        0.4260560887600935,
        0.08793477956399177,
        -0.24622675382417583,
        -0.3128879370713957
    ],
    "zerrs": [
        0.13151865494371154,
        0.03381272460960231,
        0.05112258093476071,
        0.0937285555819468,
        0.09918090593328381,
        0.04197376500062409,
        0.05179614662403451,
        0.12074421446410731,
        0.17043171127911036,
        0.05340687357807942,
        0.10123133782801574,
        0.2286299611220784,
        0.09717840010197502,
        0.06534808526936102,
        0.07786628361101383,
        0.15972689431004147,
        0.11648597995078651,
        0.10246715118058493,
        0.0724803076432143,
        0.19686676951212526,
        0.14802068997406165,
        0.08368139641655435,
        0.07275733904104349,
        0.1160591324331209,
        0.14879741450396694,
        0.01810235490673599,
        0.08211624106181488,
        0.08292775382692126,
        0.08130746329902189,
        0.013572983849857211,
        0.019013231714179193,
        0.10488777373883384,
        0.09593179451608878,
        0.04894405824304531,
        0.03547735080435909,
        0.07763840236524004,
        0.07703240166766544,
        0.044930982943289705,
        0.03400219558927554,
        0.11780562975176416,
        0.1883029857465355,
        0.07237462486518013,
        0.06754204891498139,
        0.21170798752328795,
        0.14424002368399758,
        0.09179425740927404,
        0.09845254026991446,
        0.24587539205376346,
        0.20137249142314897,
        0.030438989483488908,
        0.0584080052332384,
        0.12149636691646588,
        0.16679359863032064,
        0.0602170661250772,
        0.061881864949044636,
        0.1929716139605892,
        0.08102287852304159,
        0.05523841055992937,
        0.05108001996497315,
        0.07509736283890249,
        0.12118548555519786,
        0.03417921713330347,
        0.07566109912282577,
        0.1023343192274045
    ]
}