{
    "bins": [
        0.0,
        0.7853982,
        1.570796,
        2.356194,
        3.141593,
        3.926991,
        4.712389,
        5.497787,
        6.283185
    ],
    "yvals": [
        0.018448781777192766,
        -0.00973236237738379,
        -0.01345058174326902,
        -0.017951257895668316,
        0.10448796661055919,
        -0.004568780414515953,
        -0.006988747106562534,
        -0.09347194670727454
    ],
    "yerrs": [
        0.10423240338639377,
        0.040646523663391096,
        0.047892471588609535,
        0.10545710109863946,
        0.08553022893806772,
        0.04217394256999641,
        0.046639679702275436,
        0.10799486165576706
    ]
}