{
    "bins": [
        -1.0,
        -0.75,
        -0.5,
        -0.25,
        0.0,
        0.25,
        0.5,
        0.75,
        1.0
    ],
    "yvals": [
        0.4186492,
        0.038581476,
        0.2627402,
        -0.9100504,
        -0.00797044,
        0.24543964,
        -0.5942176,
        0.029743288
    ],
    "yerrs": [
        0.31027538735774707,
        0.4842676945657226,
        0.4821906676824013,
        0.3616932623093773,
        0.3069894069833681,
        0.5356198652029254,
        0.4200182853162467,
        0.3142750642351378
    ]
}