{
    "bins": [
        [
            -1.0,
            -0.75,
            -0.5,
            -0.25,
            0.0,
            0.25,
            0.5,
            0.75,
            1.0
        ],
        [
            0.0,
            0.7853982,
            1.570796,
            2.356194,
            3.141593,
            3.926991,
            4.712389,
            5.497787,
            6.283185
        ]
    ],
    "zvals": [
        -0.009071586871474876,
        0.005023177299452584,
        0.004461330433741875,
        -0.003486262141917675,
        -0.0044936203046098905,
        0.0060074764641621205,
        0.0070146498972495485,
        -0.008040234377984158,
        -0.01901138556212632,
        0.014935641530954122,
        0.011639510159180444,
        -0.025832189753233707,
        -0.004521789971453962,
        0.02573321551620962,
        0.01075977275215878,
        -0.018739884746332435,
        -0.014563705391736318,
        0.029064756738559745,
        0.01745181423940474,
        -0.020165918214818203,
        -0.02029218816447202,
        0.017061357426425842,
        0.038068189631244295,
        -0.015048772724147506,
        -0.11128617305209,
        0.04626495770678247,
        0.10463897285198082,
        -0.015876154667882187,
        -0.03697582117601521,
        0.009949574610579605,
        0.030301538837633923,
        -0.025462815031359904,
        -0.03643818384101211,
        0.06846461754794832,
        0.04933716154102762,
        -0.04479642576575728,
        -0.04430169162641105,
        0.04618167094899657,
        0.05658934705716084,
        -0.022008021410800643,
        -0.025290544337891276,
        0.01913337674233363,
        0.04521980957425408,
        -0.05149117836921106,
        -0.023596724208617786,
        0.04283165477885099,
        0.026187380156302925,
        -0.0518557979521211,
        -0.026142494342360344,
        0.009132594972891444,
        0.011951784954889116,
        -0.011376413771853543,
        -0.019775751911769567,
        0.009182310115380994,
        0.023986554587610363,
        -0.017886905747149857,
        -0.002396602895193801,
        0.0037128532827568395,
        0.007947914305867854,
        -0.002771162173621306,
        -0.008648084156058455,
        0.003581272170288186,
        0.006196043279967611,
        -0.003993722927738549
    ],
    "zerrs": [
        0.002696276100551034,
        0.0024271753662073276,
        0.0021969617695196636,
        0.0015547849714950405,
        0.0015884169125839167,
        0.0023403474936111767,
        0.002505052132610245,
        0.0026724126180063383,
        0.008025089394596539,
        0.007024270917940549,
        0.006249189657287489,
        0.008775283218354937,
        0.0028336110295328356,
        0.007574887901134751,
        0.004284665472411711,
        0.007923439979055473,
        0.010353724209591015,
        0.01606368114274351,
        0.013599729922372275,
        0.009733217678542827,
        0.0090947989289086,
        0.007258933896261418,
        0.014210640409802003,
        0.010654239447603655,
        0.04046508126847525,
        0.027045773595820905,
        0.039390854423907676,
        0.013824080772356365,
        0.019577145849556644,
        0.007124647695975401,
        0.01645359286579964,
        0.01809805118991443,
        0.024081506485108473,
        0.02768803815388986,
        0.02356814418671677,
        0.021099624445326585,
        0.019011758299327552,
        0.019405157173825963,
        0.028317805989897762,
        0.015562050116051173,
        0.012774521339128498,
        0.00997933484871138,
        0.017216477332726222,
        0.016170762602866085,
        0.010299712719628608,
        0.01611365139379743,
        0.013877831720763604,
        0.02379714293011077,
        0.01004233548555971,
        0.005388958746386033,
        0.00481880640293536,
        0.005166892813507245,
        0.006236292714208278,
        0.004966715892021121,
        0.010094583108251742,
        0.007003041187633515,
        0.0008458783745935414,
        0.001406141501409483,
        0.002745466426339467,
        0.0011675562808691451,
        0.002976796118033567,
        0.0019930298933496684,
        0.0023283013362355074,
        0.001821469655122271
    ]
}