{
    "bins": [
        -1.0,
        -0.75,
        -0.5,
        -0.25,
        0.0,
        0.25,
        0.5,
        0.75,
        1.0
    ],
    "yvals": [
        0.0516168,
        -0.007197552,
        0.023495944,
        -0.598074,
        -0.029564224,
        -0.07099788,
        0.10171212,
        -0.0037603692
    ],
    "yerrs": [
        0.042200777244027154,
        0.08800019999977272,
        0.1531699709473107,
        0.2594687495634108,
        0.24290785084060168,
        0.16733516068059337,
        0.07757946119946954,
        0.04313864161050971
    ]
}