{
    "bins": [
        0.0,
        0.7853982,
        1.570796,
        2.356194,
        3.141593,
        3.926991,
        4.712389,
        5.497787,
        6.283185
    ],
    "yvals": [
        -0.006214070773271444,
        0.0024306561592100204,
        0.006547687923829703,
        -0.0066753853773687,
        0.010936484432096844,
        -0.020298918510105707,
        0.011161803315007171,
        0.02621835044143225
    ],
    "yerrs": [
        0.021912266586561764,
        0.018557360293425612,
        0.020804586541497323,
        0.021467011083918516,
        0.01926180817233738,
        0.019363579044202436,
        0.022269983421256453,
        0.02155013199752745
    ]
}