{
    "bins": [
        0.0,
        0.7853982,
        1.570796,
        2.356194,
        3.141593,
        3.926991,
        4.712389,
        5.497787,
        6.283185
    ],
    "yvals": [
        1.7123250346130152e-06,
        1.1926439060562685e-05,
        1.2719609675603966e-05,
        -2.3122132826754298e-06,
        -1.6807733149307734e-06,
        6.3057316163270106e-06,
        -4.131293942688931e-06,
        2.9839177079646247e-06
    ]
}