{
    "bins": [
        [
            -1.0,
            -0.75,
            -0.5,
            -0.25,
            0.0,
            0.25,
            0.5,
            0.75,
            1.0
        ],
        [
            0.0,
            0.7853982,
            1.570796,
            2.356194,
            3.141593,
            3.926991,
            4.712389,
            5.497787,
            6.283185
        ]
    ],
    "zvals": [
        0.0,
        -0.0025315859046205627,
        -0.001558664014932557,
        0.0,
        0.0,
        -0.0017097048884769253,
        -0.002297750185256393,
        0.0,
        -0.00013814923436290024,
        -0.0026513784479661137,
        -0.0044507243461276965,
        -0.0001294170733601647,
        -0.00030911792492468776,
        -0.0022573161632700877,
        -0.0033691249532084373,
        -0.00013534197948046725,
        -0.0012818363984027465,
        -0.0022373090426278247,
        -0.0017666008826098365,
        -0.0006033672057132744,
        -0.0009649548381839523,
        -0.002469055943610756,
        -0.002095320843699628,
        -0.0010753274136170454,
        -0.00042487095081195753,
        -0.0006950556775178132,
        -0.0009599998981408155,
        -0.0007160431831464008,
        -0.0009585575720844714,
        -0.0007108039490805937,
        -0.0005309522051240264,
        -0.0008280479451182715,
        0.0005231746138455627,
        0.0006880273919789437,
        0.0007490006340734254,
        0.0005347299907435584,
        0.0007172129289863226,
        0.0007793546711348897,
        0.0005831148029406748,
        0.0005574600393685751,
        0.0010274314354170916,
        0.0020312570266939885,
        0.001956687437452095,
        0.0008428312233654487,
        0.0011811494299705369,
        0.0021962322287553578,
        0.0018460703999755542,
        0.0005643844267492407,
        0.00012416784250333143,
        0.0034215283006904275,
        0.002843432756385935,
        0.00014507240268958835,
        0.0,
        0.0028624997771830338,
        0.0031228279165467702,
        0.00043246287869335044,
        0.0,
        0.0014379979164698448,
        0.0038061151161576687,
        0.0,
        0.0,
        0.0014921820529209399,
        0.0027911876526296227,
        0.0
    ]
}