{
    "bins": [
        [
            -1.0,
            -0.75,
            -0.5,
            -0.25,
            0.0,
            0.25,
            0.5,
            0.75,
            1.0
        ],
        [
            0.0,
            0.7853982,
            1.570796,
            2.356194,
            3.141593,
            3.926991,
            4.712389,
            5.497787,
            6.283185
        ]
    ],
    "zvals": [
        -0.0022873650588962386,
        -0.0008487683566213198,
        0.0008709831193866042,
        0.0025320765623587506,
        0.0019207897142595213,
        0.0014464095910608381,
        -0.0008643215287026452,
        -0.002544867697651382,
        -0.0008378160275895717,
        -0.0014691291470386087,
        0.000743060206417638,
        0.0010576815096530554,
        0.0010095737447765334,
        0.001238034219593124,
        -0.0010040799696459633,
        -0.0005112332855443993,
        -0.00027984082469249355,
        -0.000818367456593334,
        0.0012007018097830657,
        0.00013799808759624088,
        0.00045651504078187094,
        0.00035992956437373166,
        -0.0005242488521743117,
        -0.0003169965800778714,
        -6.919837605943074e-05,
        -0.0002461159427744768,
        0.0002842080066412189,
        6.455526426695221e-06,
        0.00010321284240601578,
        0.00028505196091663086,
        -0.00030527584740475534,
        -0.00010445903860208458,
        0.00022377647415031,
        9.540525832896399e-05,
        -0.000296475468488588,
        -0.00022191044297229816,
        -0.00016063259646701414,
        -0.00040459996078421397,
        0.0002919041301352945,
        0.0003597302768787291,
        0.0006533129309438192,
        0.000783936496893676,
        -0.00044529377462127493,
        -0.0006373967881293458,
        -0.0004613619591595597,
        -0.001666211525876053,
        0.0014384197566074783,
        0.00034160759258363284,
        0.0017961563955710617,
        0.0011297301825902747,
        -0.001081117089679373,
        -0.0008772086544546148,
        -0.0020184548470966305,
        -0.0014435524409280394,
        0.0008801300741789515,
        0.0008382206219012528,
        0.001789356787423246,
        0.00035670596479898465,
        -0.0011523461989971966,
        -0.0017757150187357,
        -0.0018097657493398246,
        -0.0006806164517862282,
        0.0004335919368269337,
        0.002009074634771161
    ]
}