{
    "bins": [
        [
            -1.0,
            -0.75,
            -0.5,
            -0.25,
            0.0,
            0.25,
            0.5,
            0.75,
            1.0
        ],
        [
            0.0,
            0.7853982,
            1.570796,
            2.356194,
            3.141593,
            3.926991,
            4.712389,
            5.497787,
            6.283185
        ]
    ],
    "zvals": [
        0.0,
        -0.00040767616104857947,
        -0.00019649741914290594,
        0.0,
        5.170260173822697e-06,
        0.0005326018146213768,
        0.0003664810962085466,
        0.0,
        -1.149318142058385e-05,
        -0.00044863155970133856,
        -0.0004701419153091809,
        -2.7172267853664192e-05,
        6.014188984438461e-05,
        0.000252634918856427,
        0.00034482710676625103,
        0.0,
        -4.796474960090308e-05,
        -0.0002374571968498002,
        -0.0003643870750880446,
        -5.931940325872582e-05,
        4.381745306201441e-05,
        0.0002970447594722676,
        0.00040616115650918397,
        6.483897336127672e-05,
        -5.2087718051811164e-05,
        -0.00013965289946063,
        -0.0001436864876151964,
        -4.411072079287089e-05,
        4.2284253333978426e-05,
        0.00013078770254062276,
        0.00011039101194553592,
        4.250175325121787e-05,
        2.4875167781133186e-05,
        0.0001607191158416792,
        0.00014229183165732537,
        2.048798126811977e-05,
        -3.33693999730073e-05,
        -0.00016716014046381584,
        -0.00017714911420706447,
        -1.9338444966755713e-05,
        5.0718415193719565e-05,
        0.0003496505847100667,
        0.0002598194036654028,
        3.108123641614008e-05,
        -8.636507859709343e-06,
        -0.0001731302091423712,
        -0.00022343739097884134,
        -2.496632280703542e-05,
        0.0,
        0.0005373969725914689,
        0.0003484645491839807,
        3.934820899950217e-05,
        -4.57491157349522e-05,
        -0.00044232707493525587,
        -0.0006820771124958303,
        0.0,
        0.0,
        6.350376840882416e-05,
        0.0002662146835107806,
        1.3709108364028985e-05,
        -6.493629981232443e-06,
        -0.00039661547393805445,
        -0.0002728311505758864,
        0.0
    ]
}