{
    "bins": [
        -1.0,
        -0.75,
        -0.5,
        -0.25,
        0.0,
        0.25,
        0.5,
        0.75,
        1.0
    ],
    "yvals": [
        0.0007529936,
        -0.00065935,
        7.305432e-05,
        0.00025897196,
        -0.00027274792,
        0.0012963044,
        0.0015908648,
        -0.0014106056
    ]
}