{
    "bins": [
        -1.0,
        -0.75,
        -0.5,
        -0.25,
        0.0,
        0.25,
        0.5,
        0.75,
        1.0
    ],
    "yvals": [
        0.00013976688,
        0.0006460468,
        -0.00020320456,
        9.457464e-05,
        -0.0004977848,
        0.0009066536,
        0.0012764668,
        -3.4940096e-05
    ]
}