{
    "bins": [
        [
            -1.0,
            -0.75,
            -0.5,
            -0.25,
            0.0,
            0.25,
            0.5,
            0.75,
            1.0
        ],
        [
            0.0,
            0.7853982,
            1.570796,
            2.356194,
            3.141593,
            3.926991,
            4.712389,
            5.497787,
            6.283185
        ]
    ],
    "zvals": [
        0.0,
        -0.0045736109777745745,
        -0.007606813360869268,
        0.0,
        0.0,
        -0.013796678881280578,
        -0.012001685769507947,
        0.0,
        0.0017293673451250586,
        -0.006526277511854502,
        -0.007337961135628053,
        -0.0005202644770365127,
        0.001440571531885744,
        -0.013783926111347372,
        -0.0019512710753019494,
        0.0028958311582153256,
        0.05770682947834614,
        0.034243920723994896,
        0.05641277416036202,
        0.03425108002429339,
        0.03298032844494128,
        0.037224693722163804,
        0.032132126641524435,
        0.03844215544220893,
        0.06275339057308764,
        0.08788672440895555,
        0.0705928459201577,
        0.06531309563674007,
        0.0763974443530541,
        0.08347355098943468,
        0.0633229521847522,
        0.07551620961601635,
        0.06363574553646799,
        0.07207017895899377,
        0.07156422603571694,
        0.06724638050213969,
        0.07713098327217535,
        0.05493663085467496,
        0.08370726688888948,
        0.06454943862856795,
        0.022121792486919374,
        0.0405817841608418,
        0.03780561702474415,
        0.01702878664220352,
        0.04495616744631383,
        0.055207372567793664,
        0.05462504360846349,
        0.03695436453874342,
        0.002323095723927047,
        -0.010506084941923698,
        -0.008395391890481005,
        0.0013493686648442386,
        0.001446233883967109,
        -0.013148874837980239,
        -0.00383985648040866,
        0.0054846638264930666,
        0.0,
        -0.021136463585714145,
        -0.005596347329634149,
        0.0,
        0.0,
        0.0,
        -0.011970185816617818,
        0.0
    ]
}