{
    "bins": [
        -1.0,
        -0.75,
        -0.5,
        -0.25,
        0.0,
        0.25,
        0.5,
        0.75,
        1.0
    ],
    "yvals": [
        -0.00022885396,
        0.00031553856,
        0.0004566032,
        -0.00012376192,
        -6.20294e-05,
        0.00048065,
        -7.128496e-05,
        -0.0005107636
    ]
}