{
    "bins": [
        [
            -1.0,
            -0.75,
            -0.5,
            -0.25,
            0.0,
            0.25,
            0.5,
            0.75,
            1.0
        ],
        [
            0.0,
            0.7853982,
            1.570796,
            2.356194,
            3.141593,
            3.926991,
            4.712389,
            5.497787,
            6.283185
        ]
    ],
    "zvals": [
        0.08336932781358551,
        0.08443028488238699,
        0.11295979872625092,
        0.09487126925295297,
        0.07159559866462607,
        0.051745077018276096,
        0.09994963063313125,
        0.0894266601137258,
        0.03514029953213542,
        0.05192217243287414,
        0.05048395845163854,
        0.06339233943511514,
        0.05785021097583644,
        0.05063547398898394,
        0.051177364851960415,
        0.04630830228750265,
        0.026427450432150213,
        0.05697876923006405,
        0.01737657085961513,
        0.01695023803187934,
        0.015295414554149612,
        0.05911805224866884,
        0.042537735008237876,
        0.006005281398730327,
        0.028176219400553756,
        0.04350222524178194,
        0.04669479677819399,
        0.02595873944326387,
        0.006853870267049316,
        0.05238174785268107,
        0.04967869029460224,
        0.038700470334785686,
        0.03809729128485397,
        0.0452162050874092,
        0.040508027776999696,
        0.004873202028523082,
        0.017077960473543343,
        0.036014285750664,
        0.058474251271329956,
        0.020653971616938167,
        0.026129665181305484,
        0.0676439378872719,
        0.04555477859632951,
        0.011695955813541908,
        0.02323269476112747,
        0.037727648911761946,
        0.06168821412837824,
        0.03275104851298324,
        0.025812109067731497,
        0.0473740211648161,
        0.0739751820096308,
        0.06326613606587225,
        0.06296440785436172,
        0.05062790585155553,
        0.0644833829472446,
        0.060020982992062634,
        0.06942511454699031,
        0.06807307074198578,
        0.08418824595937349,
        0.07028840118207434,
        0.08970891191472345,
        0.093500976574934,
        0.06110939931092263,
        0.05173641898757064
    ]
}