{
    "bins": [
        -1.0,
        -0.75,
        -0.5,
        -0.25,
        0.0,
        0.25,
        0.5,
        0.75,
        1.0
    ],
    "yvals": [
        0.003502526,
        -0.009537412,
        -0.028697336,
        -0.032636428,
        -0.017971844,
        -0.0145886,
        -0.0004501976,
        0.001194068
    ]
}