{
    "bins": [
        -1.0,
        -0.75,
        -0.5,
        -0.25,
        0.0,
        0.25,
        0.5,
        0.75,
        1.0
    ],
    "yvals": [
        -0.00021211972,
        -0.0013199248,
        -0.00011244136,
        0.0017932268,
        -0.0008500344,
        0.0012320656,
        -0.00019493492,
        -0.0011212376
    ]
}