{
    "bins": [
        -1.0,
        -0.75,
        -0.5,
        -0.25,
        0.0,
        0.25,
        0.5,
        0.75,
        1.0
    ],
    "yvals": [
        -0.00011320688,
        0.0006728668,
        0.00090868,
        -0.00035618668,
        -0.0011196536,
        0.0004223144,
        -0.0002057394,
        0.00023303868
    ]
}