{
    "bins": [
        [
            -1.0,
            -0.75,
            -0.5,
            -0.25,
            0.0,
            0.25,
            0.5,
            0.75,
            1.0
        ],
        [
            0.0,
            0.7853982,
            1.570796,
            2.356194,
            3.141593,
            3.926991,
            4.712389,
            5.497787,
            6.283185
        ]
    ],
    "zvals": [
        5.6813219077914866e-05,
        0.00020409204100138806,
        0.00010658896508521798,
        3.901483959108682e-05,
        -0.00014784473604465502,
        -0.00016823730134275875,
        -0.00024873157303685525,
        -0.00012565007804960036,
        0.00011307573661360568,
        0.00034320330410907694,
        0.0005407006384024407,
        0.00011924512254280945,
        -0.00011454717226170677,
        -0.0004144351780880522,
        -0.0003149529792538306,
        -0.00013802311694198358,
        0.0001914543221514895,
        0.0005265291041049516,
        0.0003744593696444352,
        0.0001798179014742825,
        -7.116987820187978e-05,
        -0.0003109077435898742,
        -0.000495275669151182,
        -0.0001248387187133148,
        0.0001091020580388394,
        0.0005115878857822112,
        0.0003672325623441874,
        3.229282441154114e-05,
        -0.00010826414123794555,
        -0.0003511070820144692,
        -0.0004032275101286228,
        -9.894998459379833e-05,
        0.00014488497681812868,
        0.0005235925030602326,
        0.0005642856233400137,
        0.00010657523118822408,
        -0.0001100773365860366,
        -0.0003783592522517247,
        -0.00046355468183010407,
        -0.00017421765779897583,
        6.170632934987628e-05,
        0.0003496559323186288,
        0.0008513339733485445,
        3.6545816839593635e-05,
        -7.50366056445267e-05,
        -0.0004801276295585169,
        -0.0005997998467019271,
        -3.522404182338128e-05,
        9.471597974123189e-05,
        0.0002878727696970885,
        0.0003016922375661767,
        4.284324782690073e-05,
        -0.0002044565430520576,
        -0.0003686503403370012,
        -0.00046656054637266725,
        -9.539754366575928e-05,
        0.00012794131690141382,
        0.00030928001071558895,
        0.00022102505990593307,
        6.559356454490012e-05,
        -5.380609576291254e-05,
        -0.0002203204999248789,
        -0.0002153531330611996,
        -0.00010147833327815963
    ]
}