{
    "bins": [
        -1.0,
        -0.75,
        -0.5,
        -0.25,
        0.0,
        0.25,
        0.5,
        0.75,
        1.0
    ],
    "yvals": [
        0.32186548,
        0.18749992,
        0.0979186,
        0.1561444,
        0.13811336,
        0.14367776,
        0.22706004,
        0.27349504
    ]
}