{
    "bins": [
        0.0,
        0.7853982,
        1.570796,
        2.356194,
        3.141593,
        3.926991,
        4.712389,
        5.497787,
        6.283185
    ],
    "yvals": [
        -4.187440205490667e-05,
        0.00012380434475370316,
        3.263210499644767e-05,
        5.933898566206476e-05,
        -9.71053656872057e-05,
        -0.000243810908609393,
        0.0005108645552955319,
        -0.0002687158612576045
    ]
}