{
    "bins": [
        [
            -1.0,
            -0.75,
            -0.5,
            -0.25,
            0.0,
            0.25,
            0.5,
            0.75,
            1.0
        ],
        [
            0.0,
            0.7853982,
            1.570796,
            2.356194,
            3.141593,
            3.926991,
            4.712389,
            5.497787,
            6.283185
        ]
    ],
    "zvals": [
        0.09500902854119095,
        0.049737664149301156,
        0.08118625206583162,
        0.036805277317643645,
        0.08684020076445315,
        0.13598903995171877,
        0.057176768975729514,
        0.06409300762161352,
        0.023189475096836228,
        0.031083147928349177,
        0.056967397421434744,
        0.026823232522577695,
        0.0135597391386278,
        0.06017550337535875,
        0.03299615736225456,
        0.02209245248905651,
        0.012918491537159111,
        0.07006019115408776,
        0.03843398124263113,
        0.0,
        0.009942561605708186,
        0.04831435781603723,
        0.06330028851614088,
        0.011684109203231995,
        0.0079981339402102,
        0.04254812020099878,
        0.07775619494829375,
        0.011581710697365289,
        0.007613434207879315,
        0.03992461401735172,
        0.032762293766981844,
        0.007349557803814119,
        0.003913164557800107,
        0.05764126153651054,
        0.05270408124288579,
        0.011401043291371649,
        0.020883277013692414,
        0.046158823933852657,
        0.033350612046376495,
        0.011309175730012047,
        0.020053440407681096,
        0.05130943835085863,
        0.05447857010076421,
        0.00960641915765108,
        0.005212414597439767,
        0.02424136552423103,
        0.052256155477859646,
        0.020334444447273867,
        0.041079121393453655,
        0.015397313310528753,
        0.04822375916414354,
        0.01326222213168084,
        0.023905454304696466,
        0.04116251887578019,
        0.0715018882146377,
        0.021575313407979142,
        0.04423698959330439,
        0.15536346040184987,
        0.014757878171322058,
        0.1020703616887722,
        0.051398552071688475,
        0.0767535949926025,
        0.10037428157443745,
        0.06168352860587882
    ]
}