{
    "bins": [
        [
            -1.0,
            -0.75,
            -0.5,
            -0.25,
            0.0,
            0.25,
            0.5,
            0.75,
            1.0
        ],
        [
            0.0,
            0.7853982,
            1.570796,
            2.356194,
            3.141593,
            3.926991,
            4.712389,
            5.497787,
            6.283185
        ]
    ],
    "zvals": [
        0.0016025913988598395,
        0.004064670922174724,
        0.003199914438284794,
        0.002993811298461037,
        0.0020779182019816695,
        0.004199980646754895,
        0.0023140176063600883,
        0.0020146376741473756,
        0.0006853165693529727,
        0.0020582318921698022,
        0.0019143216560266265,
        0.000728790843889539,
        0.0006814481320298751,
        0.0015987970430278665,
        0.0031882347548631406,
        0.0005679841303390129,
        0.00010776851793141365,
        0.001811160662787698,
        0.0014608252121854147,
        0.000675039820524345,
        0.000658865441470439,
        0.0008254851680294579,
        0.0016274444294485091,
        0.00018056735565916902,
        0.00011856701479580676,
        0.00044937732191253904,
        0.000610238885253082,
        6.311477351002485e-05,
        0.00020452371918441343,
        0.0008734552418009725,
        0.00039239259585585915,
        0.00017191039447515786,
        -9.29837119565591e-05,
        -0.0003456170618252305,
        -0.0006496731593408694,
        -0.0001108651271519317,
        -6.781957682601685e-05,
        -0.0005590806189982659,
        -0.0005504943990180776,
        -0.00013264556314123544,
        -0.0004341700299287673,
        -0.0013097026755104228,
        -0.0020117127876567043,
        -0.0004870088706504592,
        -0.00031631106776436904,
        -0.0010990850498728037,
        -0.0015713164535687643,
        -0.00045168121130942536,
        -0.0005254272291431276,
        -0.0019083043013362147,
        -0.002498235544271822,
        -0.0005280037280414159,
        -0.0008830748232106522,
        -0.0032454154454174835,
        -0.002248246112162242,
        0.0,
        -0.0015398751868797255,
        -0.002991685487277912,
        -0.004510669494956698,
        -0.0011876297270559297,
        -0.0025130351745229797,
        -0.004097330525415141,
        -0.002722249356377277,
        -0.0023978879498037942
    ]
}