{
    "bins": [
        [
            -1.0,
            -0.75,
            -0.5,
            -0.25,
            0.0,
            0.25,
            0.5,
            0.75,
            1.0
        ],
        [
            0.0,
            0.7853982,
            1.570796,
            2.356194,
            3.141593,
            3.926991,
            4.712389,
            5.497787,
            6.283185
        ]
    ],
    "zvals": [
        0.0,
        0.00041838197153085983,
        0.0007494513609660327,
        0.0,
        0.0,
        0.0010707320364961462,
        0.0007563828784896322,
        0.0,
        0.0017658094963803074,
        0.003588780106081275,
        0.0026324019159712658,
        0.001916708832071342,
        0.0016930717928999048,
        0.0044803465249465884,
        0.0026059460299109505,
        0.0015077884079154776,
        0.003342953421589201,
        0.002367037951977966,
        0.003741903595374575,
        0.0020442231273531033,
        0.0019490800842375453,
        0.0021752940547340336,
        0.0025637075724664446,
        0.0023094711216478784,
        0.0008310576724010826,
        0.001122726343261975,
        0.0010076689780213347,
        0.0008108810935588154,
        0.0009385702535529754,
        0.0010428475753694309,
        0.0009731718186193499,
        0.0010345603120965425,
        -0.0008733103793718905,
        -0.0008705478930549588,
        -0.0006998510309422741,
        -0.0008434810841368529,
        -0.0009963274670931168,
        -0.0007484337877101802,
        -0.0009418159964756724,
        -0.0007573775334289113,
        -0.0015021027550101338,
        -0.002211883455746884,
        -0.0025809635369583328,
        -0.0012504961172601441,
        -0.0028958311582153243,
        -0.003275975747328107,
        -0.003733242508893581,
        -0.0023494747885785304,
        -0.0024363773688302315,
        -0.003705794948750811,
        -0.0038230196664621003,
        -0.0011676617871935158,
        -0.0011153331177313917,
        -0.004111883147143233,
        -0.00191709477233199,
        -0.0015560874868537993,
        0.0,
        -0.0015668319926539136,
        -0.0005424943786462406,
        0.0,
        0.0,
        0.0,
        -0.0009742408307635112,
        0.0
    ]
}