{
    "bins": [
        [
            -1.0,
            -0.75,
            -0.5,
            -0.25,
            0.0,
            0.25,
            0.5,
            0.75,
            1.0
        ],
        [
            0.0,
            0.7853982,
            1.570796,
            2.356194,
            3.141593,
            3.926991,
            4.712389,
            5.497787,
            6.283185
        ]
    ],
    "zvals": [
        -1.0547826567466032e-07,
        -5.102397791284875e-07,
        9.25719189506467e-07,
        0.0,
        0.0,
        -6.487717055556548e-07,
        6.23928759686172e-07,
        3.7324342562624305e-08,
        0.0,
        -3.602212789493426e-06,
        1.3563176886113795e-06,
        0.0,
        0.0,
        -3.970520933335711e-06,
        2.8062755443736812e-06,
        8.81113524607906e-07,
        -9.04881625651803e-07,
        -2.750028584241005e-06,
        4.466803837035491e-06,
        1.7786806451243256e-06,
        -9.1199009928724e-07,
        -4.191732089972218e-06,
        4.057096656726909e-06,
        4.6869301933541985e-07,
        -1.611854470764002e-06,
        -3.4586203322698383e-06,
        4.996710966923778e-06,
        1.9328096929076813e-06,
        -1.310417393474391e-06,
        -3.6396267879470033e-06,
        4.104453538206108e-06,
        1.384225577350592e-06,
        -3.91013170134589e-06,
        -4.716725715299941e-06,
        3.4803449970588167e-06,
        2.9233660852636686e-06,
        -1.2713167082167253e-06,
        -4.4066478396940155e-06,
        4.010985003781523e-06,
        4.742122592621831e-06,
        -1.15289085205441e-06,
        -3.9531671721005585e-06,
        2.960418539390221e-06,
        1.8285732474831266e-06,
        -1.0619639978711428e-06,
        -4.524369555308265e-06,
        3.6772545893928944e-06,
        6.838102465246921e-07,
        -2.2111423224550297e-07,
        -2.594290944028618e-06,
        2.0838881688010415e-06,
        3.8775643972044787e-07,
        -2.0435616082546675e-07,
        -1.9020807284968898e-06,
        2.2556935464567015e-06,
        2.2497093193514632e-07,
        -8.348773908572746e-08,
        -8.149225780871807e-07,
        1.1820834786948786e-06,
        8.853314048018905e-08,
        -9.883177700987267e-09,
        -6.389051156229072e-07,
        6.895520487701779e-07,
        3.0248663734819807e-07
    ]
}