{
    "bins": [
        -1.0,
        -0.75,
        -0.5,
        -0.25,
        0.0,
        0.25,
        0.5,
        0.75,
        1.0
    ],
    "yvals": [
        -0.24091728,
        -0.026021284,
        0.07591972,
        0.1514204,
        0.1447632,
        0.06059784,
        -0.031744424,
        -0.28532668
    ]
}