{
    "bins": [
        -1.0,
        -0.75,
        -0.5,
        -0.25,
        0.0,
        0.25,
        0.5,
        0.75,
        1.0
    ],
    "yvals": [
        0.0003592432,
        -0.00910424,
        -0.011335812,
        -0.012732012,
        -0.01323944,
        -0.011763596,
        -0.007647032,
        -0.00015665516
    ]
}