{
    "bins": [
        [
            -1.0,
            -0.75,
            -0.5,
            -0.25,
            0.0,
            0.25,
            0.5,
            0.75,
            1.0
        ],
        [
            0.0,
            0.7853982,
            1.570796,
            2.356194,
            3.141593,
            3.926991,
            4.712389,
            5.497787,
            6.283185
        ]
    ],
    "zvals": [
        0.0,
        0.03829352208524139,
        0.0133830491037665,
        0.0,
        0.0,
        0.027803798838296007,
        0.030663958910004868,
        0.0,
        0.04975476134271762,
        0.06579977687739895,
        0.05389827832512943,
        0.09431476230552878,
        0.0707941196692632,
        0.07690999977081685,
        0.08877766431796366,
        0.03816527671320783,
        0.07701866390832064,
        0.09701524501341867,
        0.09498862996850006,
        0.06753489627565097,
        0.09769115785881806,
        0.1063387989274228,
        0.068313797590521,
        0.09246435565152956,
        0.08361394258352005,
        0.0773693534664854,
        0.07522754068637813,
        0.07559362820680954,
        0.04676601672018516,
        0.050628303102376135,
        0.09071696133679995,
        0.09273983381674007,
        0.09187920216776661,
        0.05481981232949723,
        0.09110529947873564,
        0.05622380471581961,
        0.0860417775446334,
        0.05680258926047687,
        0.10916661361500796,
        0.07528570228088181,
        0.05141539667394195,
        0.07329223483946606,
        0.07813455089012197,
        0.10318373209031334,
        0.04760352330920117,
        0.07573322060916887,
        0.0973008334627794,
        0.06866994823006936,
        0.04119863783746894,
        0.12448565554932799,
        0.06300082251291703,
        0.08892657108043174,
        0.08880613396010682,
        0.08016328027318635,
        0.04954407828896942,
        0.03688667911046375,
        0.0,
        0.0,
        0.021233198964092096,
        0.0,
        0.0,
        0.0,
        0.012206295406914713,
        0.0
    ]
}