{
    "bins": [
        [
            -1.0,
            -0.75,
            -0.5,
            -0.25,
            0.0,
            0.25,
            0.5,
            0.75,
            1.0
        ],
        [
            0.0,
            0.7853982,
            1.570796,
            2.356194,
            3.141593,
            3.926991,
            4.712389,
            5.497787,
            6.283185
        ]
    ],
    "zvals": [
        0.05238107242924672,
        0.023842893371995695,
        0.06430894909332595,
        0.08634154105110906,
        0.05535888810513903,
        0.029481383960743478,
        0.03984849464857309,
        0.07450673416535313,
        0.02874356982228887,
        0.03291865599827247,
        0.07986447635466351,
        0.030452424818468066,
        0.022073292776401254,
        0.04311406955454433,
        0.052406754282542115,
        0.0,
        0.005863772033090985,
        0.08021687863144002,
        0.02440270028698826,
        0.0,
        0.004465248447284051,
        0.03370337077507201,
        0.06467401241154168,
        0.018014239914030852,
        0.013238808033937432,
        0.029852428922006145,
        0.019381516123035715,
        0.003995627190765459,
        0.018887045803528905,
        0.02065515827644074,
        0.05629135801211616,
        0.011395435180634536,
        0.004438563775674556,
        0.04774999879042187,
        0.026515448218610186,
        0.0038601139038883423,
        0.0077938166381885336,
        0.027295271951290945,
        0.02591890481004536,
        0.004100154062016966,
        0.004913638966832366,
        0.024146398169182546,
        0.03877962001431123,
        0.015280528750354917,
        0.019212572479176158,
        0.03604045846819066,
        0.05040791038428925,
        0.009834499196585684,
        0.012224723713397867,
        0.032092206013309435,
        0.06752046732993974,
        0.03033427340752917,
        0.03870744768894241,
        0.05001736189804406,
        0.024255345697340717,
        0.04059391034863853,
        0.0771390105044804,
        0.09330181469823318,
        0.07599321617829434,
        0.08337902136366357,
        0.05974071744516791,
        0.053488447895207285,
        0.044097917234319425,
        0.09572924810096284
    ]
}