{
    "bins": [
        [
            -1.0,
            -0.75,
            -0.5,
            -0.25,
            0.0,
            0.25,
            0.5,
            0.75,
            1.0
        ],
        [
            0.0,
            0.7853982,
            1.570796,
            2.356194,
            3.141593,
            3.926991,
            4.712389,
            5.497787,
            6.283185
        ]
    ],
    "zvals": [
        0.0013479587806541954,
        0.0005228234660193853,
        -0.0011937529761980553,
        -0.00016130766654910434,
        0.0002294582364610044,
        0.0013587307326985811,
        -0.0005183776887641681,
        -0.0002722335427388408,
        0.002117462454077435,
        0.0028608799260705846,
        -0.0019372231658343927,
        -0.0015660834811350663,
        0.0007261683885113024,
        0.0023853287123216517,
        -0.0020385211064963245,
        -0.001902172401763183,
        0.002103953892433163,
        0.002457314751836585,
        -0.0038251760254036813,
        -0.003201646551625352,
        0.003075849951234914,
        0.002714565608774151,
        -0.001181650577159606,
        -0.0005308921082050122,
        0.003106196576462742,
        0.004067178186646308,
        -0.002716847254512999,
        -0.001448151576459863,
        0.0006543775257894721,
        0.0055422753813989855,
        -0.00684157077048834,
        -0.0024891420655514785,
        0.0015997968928372892,
        0.0010449705868796678,
        -0.0037561562418035196,
        -0.0017060887523411667,
        0.0013013972533670822,
        0.006322384319797098,
        -0.001664757486013461,
        -0.0007001596642721272,
        0.0008669869627916131,
        0.002397113921123792,
        -0.00611587500859437,
        -0.0015523752895025332,
        0.0011650118793274235,
        0.0012099343262906197,
        -0.003499592308612959,
        -0.0009238072926083337,
        0.00034749598356604325,
        0.0016788888382422258,
        -0.00200092589998956,
        -0.0019038934350565765,
        0.0016115044856238488,
        0.0016430986582598888,
        -0.002884408669235216,
        -0.0012403097537808858,
        0.0006804583967724906,
        0.0005657586512210755,
        -0.0008937007733658606,
        -0.001178955409925401,
        0.001030652993768764,
        0.0008698820215992404,
        -0.0009127708499385026,
        -0.0011658593477447106
    ]
}