{
    "bins": [
        [
            -1.0,
            -0.75,
            -0.5,
            -0.25,
            0.0,
            0.25,
            0.5,
            0.75,
            1.0
        ],
        [
            0.0,
            0.7853982,
            1.570796,
            2.356194,
            3.141593,
            3.926991,
            4.712389,
            5.497787,
            6.283185
        ]
    ],
    "zvals": [
        0.0,
        -0.00012248880758260335,
        -0.00023235816745140685,
        -1.5090184734128767e-05,
        3.234832276119877e-05,
        0.0002531335195658762,
        0.00018188852021522848,
        2.2398844916844712e-05,
        -3.762464950900066e-05,
        -0.00015651207579140148,
        -0.000348062460052101,
        -1.5589788120433054e-05,
        0.0,
        0.00032062918418432443,
        0.00031677376311118705,
        4.731423303853589e-05,
        -3.171613584039281e-05,
        -0.00037336916400835347,
        -0.0004783682667895768,
        -6.915032995967655e-05,
        6.32936167395384e-05,
        0.0003614580633003905,
        0.00042251800997710723,
        7.284001232496138e-05,
        -0.00011064125178794653,
        -0.0006036777795914376,
        -0.000456358126707733,
        -8.836700836135519e-05,
        0.0001293951856256318,
        0.0005360028928008476,
        0.000528946088479981,
        2.4298875219952183e-05,
        -8.92163491080066e-05,
        -0.00044480175523791896,
        -0.0005022241971586382,
        -5.150508213022935e-05,
        5.189200889230681e-05,
        0.0005212434969276725,
        0.00044571424933600556,
        0.00010317912701585695,
        -9.542619272618654e-05,
        -0.0005046224473763486,
        -0.0004156502563031738,
        -3.794761134149649e-05,
        2.952680806419165e-05,
        0.0004484721376932461,
        0.0004039394549005728,
        7.004703347856758e-05,
        0.0,
        -0.0003253321055903136,
        -0.0003772541819561548,
        -2.6824088138640364e-05,
        3.1055250968298864e-05,
        0.0004456607223344089,
        0.0002629029358363531,
        3.094877246949955e-05,
        -3.859695629554536e-05,
        -0.0003159101795294053,
        -0.00014313507291844392,
        -3.475744175890216e-05,
        6.886862456996323e-05,
        0.00013763971897050924,
        0.00022095457335007224,
        3.6340754623770374e-05
    ]
}