{
    "bins": [
        0.0,
        0.7853982,
        1.570796,
        2.356194,
        3.141593,
        3.926991,
        4.712389,
        5.497787,
        6.283185
    ],
    "yvals": [
        6.73739766655946e-06,
        -4.811554093989058e-05,
        -5.799807231492824e-05,
        5.364761095952503e-05,
        3.9432848059200546e-05,
        -0.00011055396117637174,
        3.123452058701449e-05,
        -0.00010443163848138144
    ]
}