{
    "bins": [
        [
            -1.0,
            -0.75,
            -0.5,
            -0.25,
            0.0,
            0.25,
            0.5,
            0.75,
            1.0
        ],
        [
            0.0,
            0.7853982,
            1.570796,
            2.356194,
            3.141593,
            3.926991,
            4.712389,
            5.497787,
            6.283185
        ]
    ],
    "zvals": [
        0.0,
        2.666019690913318e-05,
        -1.4375519163532379e-05,
        0.0,
        0.0,
        5.174798000504204e-05,
        -4.345257818329052e-05,
        0.0,
        0.00028262178344691904,
        0.00033500659156417297,
        -0.0002349561368885585,
        -0.00044205098300354346,
        0.0003437746467396147,
        0.00027425534569734076,
        -0.0003688799818690652,
        -0.0001492925624969761,
        0.0005875277025081035,
        0.0005564925188229454,
        -0.0006081843854962709,
        -0.0003556669667264665,
        0.0005677478170303462,
        0.000741790022383556,
        -0.00044358422099368734,
        -0.0006685919750241281,
        0.0009439481781343528,
        0.0006698348276503957,
        -0.0006303682973473324,
        -0.0007046920100483957,
        0.0005036421279402288,
        0.0005177023623691429,
        -0.0007371457528539672,
        -0.0008175758023320662,
        0.0007336100337382998,
        0.0005436496002407952,
        -0.0008162546887055992,
        -0.0006093060979196561,
        0.0006620521060659689,
        0.0004838740103743581,
        -0.0011153122365985147,
        -0.0007005222829699084,
        0.0004128005895608113,
        0.000585704721861966,
        -0.000602819971530358,
        -0.0007040467329344702,
        0.0003573335811906828,
        0.0006381248742675689,
        -0.0006642517551610777,
        -0.0005868815555934699,
        0.00024062316414781698,
        0.0005176383228982816,
        -0.00023668112218263866,
        -0.00044142974462661657,
        0.00039687312674592995,
        0.00025209725514961846,
        -0.00017986396705873967,
        -0.00015623095551554756,
        0.0,
        0.0,
        -2.937208396252601e-05,
        0.0,
        0.0,
        0.0,
        -4.041284036883212e-05,
        0.0
    ]
}