{
    "bins": [
        -1.0,
        -0.75,
        -0.5,
        -0.25,
        0.0,
        0.25,
        0.5,
        0.75,
        1.0
    ],
    "yvals": [
        -0.0010617288,
        0.0029801064,
        -0.002089224,
        0.00023230184,
        0.0004144232,
        0.00073216,
        -0.0032702868,
        0.0008336848
    ]
}