{
    "bins": [
        0.0,
        0.7853982,
        1.570796,
        2.356194,
        3.141593,
        3.926991,
        4.712389,
        5.497787,
        6.283185
    ],
    "yvals": [
        0.0009395782928965206,
        0.004439755242502588,
        0.0031037843233621687,
        0.0008367615695971093,
        -0.0007396336634419744,
        -0.003666712927713084,
        -0.003992195039966998,
        -0.0011444815240171228
    ]
}