{
    "bins": [
        0.0,
        0.7853982,
        1.570796,
        2.356194,
        3.141593,
        3.926991,
        4.712389,
        5.497787,
        6.283185
    ],
    "yvals": [
        -0.00022887180031734222,
        -0.0001409214540707906,
        0.00027979164703755303,
        -0.0001452778778684465,
        2.2355137140659885e-06,
        0.0007133422799650625,
        -0.00022939554213277858,
        -0.0005633672354653311
    ]
}