{
    "bins": [
        [
            -1.0,
            -0.75,
            -0.5,
            -0.25,
            0.0,
            0.25,
            0.5,
            0.75,
            1.0
        ],
        [
            0.0,
            0.7853982,
            1.570796,
            2.356194,
            3.141593,
            3.926991,
            4.712389,
            5.497787,
            6.283185
        ]
    ],
    "zvals": [
        0.0,
        0.08839199702367387,
        0.1331521597966891,
        0.10562824755315452,
        0.0363406018349932,
        0.2035085396194032,
        0.13837687389068984,
        0.03840563383150964,
        0.016589159486232588,
        0.051743816954923985,
        0.10350359944894184,
        0.006127652314301393,
        0.0,
        0.10703475180736392,
        0.103585901670236,
        0.01820569443772457,
        0.010301378332672523,
        0.08430820661835313,
        0.11066908751995806,
        0.019878838653983516,
        0.01989008375371467,
        0.0811441332929292,
        0.09651279987980618,
        0.02309176748603893,
        0.029032080796721964,
        0.11566327280264853,
        0.08842039322738282,
        0.023944675254233837,
        0.034121344846816504,
        0.09624328047690472,
        0.09697152271841795,
        0.007133590867305494,
        0.024651887412015967,
        0.08536423198537098,
        0.09547439642066827,
        0.013123561400001782,
        0.014727157441195413,
        0.09740809118434222,
        0.08310660327630069,
        0.029009312475967608,
        0.03133247822569494,
        0.10915971498774252,
        0.09493342229035473,
        0.012100341355158334,
        0.009439718461213293,
        0.10238024542970574,
        0.09717081021342047,
        0.021906106203479003,
        0.0,
        0.1033782371175473,
        0.12204955958634987,
        0.012202409221300257,
        0.014874175895533215,
        0.14947438114179057,
        0.09326109819480062,
        0.013948443973628662,
        0.09190843574635132,
        0.207432615675776,
        0.09038810895876996,
        0.03754137705803038,
        0.06091148691491446,
        0.12824473706324696,
        0.14717506283438464,
        0.04960779630200231
    ]
}