{
    "bins": [
        0.0,
        0.7853982,
        1.570796,
        2.356194,
        3.141593,
        3.926991,
        4.712389,
        5.497787,
        6.283185
    ],
    "yvals": [
        0.0013562483336478233,
        0.0023796272411254525,
        -0.0026633948647692,
        -0.0014596708169987485,
        0.001968279776622807,
        0.0022605316030853153,
        -0.0023049867710383787,
        -0.001730172473064612
    ]
}