{
    "bins": [
        0.0,
        0.7853982,
        1.570796,
        2.356194,
        3.141593,
        3.926991,
        4.712389,
        5.497787,
        6.283185
    ],
    "yvals": [
        -0.0008890779225111541,
        -0.0030515529837236623,
        0.0026420082556869264,
        0.0012192297163607288,
        -0.0012841361959159555,
        -0.0028226007705647337,
        0.00265374752673167,
        0.001335254227792788
    ]
}