{
    "bins": [
        [
            -1.0,
            -0.75,
            -0.5,
            -0.25,
            0.0,
            0.25,
            0.5,
            0.75,
            1.0
        ],
        [
            0.0,
            0.7853982,
            1.570796,
            2.356194,
            3.141593,
            3.926991,
            4.712389,
            5.497787,
            6.283185
        ]
    ],
    "zvals": [
        0.07636722365801195,
        0.08662137836393226,
        0.07289338653778087,
        0.09688599043288824,
        0.06003631279937049,
        0.1129031140899264,
        0.07065869788311151,
        0.0957236458458005,
        0.020426769503673423,
        0.07297754080798291,
        0.05644654048011328,
        0.026279722790581606,
        0.025087723676403547,
        0.0753985113280146,
        0.045434951451366064,
        0.012493955930623711,
        0.009043346419688764,
        0.07160050613841801,
        0.07776989500864531,
        0.004415715324312865,
        0.013811091955925526,
        0.04473986437449549,
        0.05279117084586415,
        0.009657717488458084,
        0.007566490475786677,
        0.04220931609434098,
        0.05249710337943312,
        0.004306756183799572,
        0.008144074723897944,
        0.053357151406038736,
        0.044449713393718865,
        0.01607848759482454,
        0.015474005415342178,
        0.024685294509355638,
        0.05333601562519895,
        0.00909783689564158,
        0.008458666816060134,
        0.0505169964782187,
        0.0527977916928742,
        0.021089496026218558,
        0.021865224544695926,
        0.0728312200518005,
        0.04447519346878909,
        0.019800570156060807,
        0.01530516757109134,
        0.09103114599222308,
        0.06689123221602297,
        0.010015849289150216,
        0.04558968940850641,
        0.05872030708514844,
        0.08996870376547944,
        0.020532096424874493,
        0.05001609375119364,
        0.08069793913404416,
        0.05147769665825481,
        0.021894158121105484,
        0.07378071403779636,
        0.055843548326720546,
        0.08223911952920687,
        0.06780696181176701,
        0.07204953412155364,
        0.06004736452091807,
        0.0387040965217635,
        0.07364938540714391
    ]
}