{
    "bins": [
        [
            -1.0,
            -0.75,
            -0.5,
            -0.25,
            0.0,
            0.25,
            0.5,
            0.75,
            1.0
        ],
        [
            0.0,
            0.7853982,
            1.570796,
            2.356194,
            3.141593,
            3.926991,
            4.712389,
            5.497787,
            6.283185
        ]
    ],
    "zvals": [
        -6.156785182344447e-05,
        -0.0014411158269096245,
        -0.001296162200565828,
        0.0,
        2.1386109972268828e-05,
        0.0015403049154696096,
        0.0028524325246562896,
        0.0001622167105085575,
        0.0,
        -0.0016813945748256488,
        -0.0026825023745922455,
        0.0,
        0.0,
        0.001695826574552011,
        0.0038117199177996387,
        8.059017211655748e-05,
        -0.0003331003305075056,
        -0.0021369624411985873,
        -0.0018837404729831247,
        -0.00019838527932935997,
        0.0002773833903320354,
        0.001525441623227969,
        0.001740978713976863,
        0.00022334357866966818,
        -0.00023383267239471646,
        -0.0007351377862275651,
        -0.0008320535575593522,
        -0.00018375424465781089,
        0.00016456069406848496,
        0.0008049814234311777,
        0.0004980309091696186,
        0.00030897659530581954,
        7.472754584871725e-05,
        0.0006326215836102418,
        0.0004283473092623104,
        0.00013722619967685215,
        -0.00016618157927573022,
        -0.0004945058683622827,
        -0.0006554215824333651,
        -0.00012789342473497515,
        0.000318893524329442,
        0.001363269415829787,
        0.0019842922951166164,
        0.00028132014428335154,
        -0.00019137150845813198,
        -0.0016239954774521965,
        -0.0015996108979141788,
        -0.00017188732336980746,
        7.687504249436782e-05,
        0.0020318865166161658,
        0.0027286965334772945,
        0.00014442350957920752,
        -0.00025271778130323724,
        -0.0036344676202384025,
        -0.0009754768919706953,
        0.0,
        0.00019584159984069226,
        0.002369511093613962,
        0.0010466092350629875,
        0.0001038883421038224,
        -3.914624687101315e-06,
        -0.002592929953985114,
        -0.0018319354009050193,
        0.0
    ]
}