{
    "bins": [
        0.0,
        0.7853982,
        1.570796,
        2.356194,
        3.141593,
        3.926991,
        4.712389,
        5.497787,
        6.283185
    ],
    "yvals": [
        0.0008557017319367424,
        -0.010844409037051033,
        -0.00995211472399981,
        0.0008982937335036078,
        0.0011082550503057045,
        -0.007693117374885092,
        -0.011467886345521636,
        0.001376354408847489
    ]
}