{
    "bins": [
        0.0,
        0.7853982,
        1.570796,
        2.356194,
        3.141593,
        3.926991,
        4.712389,
        5.497787,
        6.283185
    ],
    "yvals": [
        0.0020598799437024427,
        0.0024279861746493306,
        -0.002124833523894892,
        -0.0026138446827663393,
        -0.002850510187191716,
        -0.0025166463372710405,
        0.002845427413871694,
        0.0023141999343008267
    ]
}