{
    "bins": [
        [
            -1.0,
            -0.75,
            -0.5,
            -0.25,
            0.0,
            0.25,
            0.5,
            0.75,
            1.0
        ],
        [
            0.0,
            0.7853982,
            1.570796,
            2.356194,
            3.141593,
            3.926991,
            4.712389,
            5.497787,
            6.283185
        ]
    ],
    "zvals": [
        0.0,
        -0.09966852466355267,
        -0.10232967234446741,
        0.0,
        -0.027560727172720064,
        -0.1731352002424249,
        -0.12687228640765577,
        0.0,
        0.0007762202663566073,
        -0.010827272498089503,
        -0.020575494208032112,
        0.0013115876134296071,
        0.0011513897412522055,
        -0.0020843261632955525,
        -0.015073509227168904,
        0.0,
        0.01375787212142834,
        0.033195641749951425,
        0.05508860475835183,
        0.012281635194340711,
        0.013179193224327024,
        0.04398916218274049,
        0.058071092618010245,
        0.01950103769044485,
        0.05949420306794693,
        0.09170450948551166,
        0.10065271365600628,
        0.04875995513108624,
        0.04340802497587209,
        0.0970994069248967,
        0.07806839334961385,
        0.04803714804468564,
        0.033658702044389706,
        0.1014902766470698,
        0.10791751443217328,
        0.027712436608653693,
        0.04549199259483726,
        0.08976172590202676,
        0.10198589759586861,
        0.030748181176931958,
        0.016324885898643515,
        0.05427562949628838,
        0.03954990972729751,
        0.00799642984011948,
        0.0020789036895943196,
        0.017077283109964633,
        0.04107256702970978,
        0.005961237487235773,
        0.0,
        -0.008573968503604161,
        -0.013362723103445644,
        0.002133267804007899,
        0.0010576614659064572,
        -0.014908263071716507,
        -0.015143608718127628,
        0.0,
        0.0,
        -0.01743596939028859,
        -0.06263219412323434,
        -0.02479119530327897,
        -0.05542672632219586,
        -0.11949722306397524,
        -0.10583342458218639,
        0.0
    ]
}