{
    "bins": [
        0.0,
        0.7853982,
        1.570796,
        2.356194,
        3.141593,
        3.926991,
        4.712389,
        5.497787,
        6.283185
    ],
    "yvals": [
        -0.000267181157277926,
        0.000735231878673457,
        0.000852225877835187,
        -0.0006487280987116104,
        -5.19229613520788e-05,
        0.0004139403207036434,
        0.00014381587424465051,
        2.4455498995413798e-05
    ]
}