{
    "bins": [
        -1.0,
        -0.75,
        -0.5,
        -0.25,
        0.0,
        0.25,
        0.5,
        0.75,
        1.0
    ],
    "yvals": [
        -0.007844928,
        -0.004149284,
        -0.001614228,
        -0.0009946688,
        0.0007563576,
        0.0023900984,
        0.005021128,
        0.006665368
    ]
}