{
    "bins": [
        [
            -1.0,
            -0.75,
            -0.5,
            -0.25,
            0.0,
            0.25,
            0.5,
            0.75,
            1.0
        ],
        [
            0.0,
            0.7853982,
            1.570796,
            2.356194,
            3.141593,
            3.926991,
            4.712389,
            5.497787,
            6.283185
        ]
    ],
    "zvals": [
        0.0,
        0.0027611225801752945,
        0.0020802981418338224,
        0.0,
        0.0,
        -0.0007593749920422513,
        -0.002445352292722926,
        0.0,
        0.00022307135412329694,
        0.006798491159511779,
        0.0041616912699039225,
        0.000934493677735775,
        -0.0005147311299494013,
        -0.01327676413741823,
        -0.011549130504534011,
        -0.0007358740409321136,
        0.005366444690094782,
        0.014984640904265328,
        0.009031838634679488,
        0.0030549847911698386,
        -0.004731988113033135,
        -0.012144665507169616,
        -0.010185144347197219,
        -0.004592408944255015,
        0.0052019981711188025,
        0.0132268463191519,
        0.015492104639940519,
        0.0062220654724541285,
        -0.0041731886253848355,
        -0.010786495509283194,
        -0.010643872278768219,
        -0.004373306272743247,
        0.00461875415553537,
        0.008687617917951897,
        0.012897562764356418,
        0.004424002577034094,
        -0.0075247352297815855,
        -0.013112271739933132,
        -0.010943669324342565,
        -0.00452884932225445,
        0.005513401991499343,
        0.01267561992152257,
        0.013403522799905273,
        0.005359920244359873,
        -0.003364793900672015,
        -0.006419466308801399,
        -0.013125997265080892,
        -0.003690310899696715,
        0.0011443749170802786,
        0.006742448221780097,
        0.010916279389557908,
        0.0004721510467927767,
        -0.0006298014509840868,
        -0.007652099954418016,
        -0.013095317278628163,
        -0.001708681203669987,
        0.0,
        0.0022324391537638633,
        0.0011968494954150636,
        0.0,
        0.0,
        0.0,
        -0.005617360879452202,
        0.0
    ]
}