{
    "bins": [
        -1.0,
        -0.75,
        -0.5,
        -0.25,
        0.0,
        0.25,
        0.5,
        0.75,
        1.0
    ],
    "yvals": [
        0.500114,
        0.4702068,
        0.2958044,
        0.21916048,
        0.29052144,
        0.29794836,
        0.3401516,
        0.5955408
    ]
}