{
    "bins": [
        [
            -1.0,
            -0.75,
            -0.5,
            -0.25,
            0.0,
            0.25,
            0.5,
            0.75,
            1.0
        ],
        [
            0.0,
            0.7853982,
            1.570796,
            2.356194,
            3.141593,
            3.926991,
            4.712389,
            5.497787,
            6.283185
        ]
    ],
    "zvals": [
        -0.02963717003680426,
        -0.02102240164156304,
        -0.046213817707709985,
        -0.03184638635903535,
        -0.044310655234670815,
        -0.041100914440831283,
        -0.043265951784954904,
        -0.024881993587964328,
        0.0006495685882651628,
        -0.011046234150388504,
        -0.005125263878950547,
        -0.0029420266641541435,
        0.00027609171400996683,
        -0.004790342730691956,
        -0.008454495682443807,
        -0.002047901828117719,
        0.0013018710763533707,
        0.01276648343043487,
        0.011314044599044054,
        0.001506976708653818,
        0.006258513517987056,
        0.010211765245136862,
        0.014204390640159515,
        0.0041059829538654296,
        0.010812925214241641,
        0.038652336433842825,
        0.04766604956977228,
        0.01205945513044962,
        0.004340435295226114,
        0.02567092353176352,
        0.02374286158100734,
        0.010115131436545551,
        0.004626586615553741,
        0.01902923588530551,
        0.016055920692438743,
        0.001895119805347346,
        0.012814934593670975,
        0.02542814216486419,
        0.02513355521659083,
        0.004035592654934187,
        0.0028664903993923085,
        0.014621482260327185,
        0.014807621104204497,
        0.005813595382729033,
        0.0,
        0.007036274602176223,
        0.01082009885433882,
        0.003840636721763998,
        0.0,
        -0.0012244729995423975,
        -0.0053075001464225795,
        0.0005570676815223855,
        -0.002516927723268966,
        -0.001988306565588403,
        -0.003982043753612819,
        -0.004006573482489134,
        -0.03443695694744398,
        -0.03518506927317596,
        -0.035109221057349274,
        -0.03361447620890783,
        -0.04564604442588342,
        -0.04000933030132495,
        -0.030682420887244436,
        -0.03547981532929802
    ]
}