{
    "bins": [
        -1.0,
        -0.75,
        -0.5,
        -0.25,
        0.0,
        0.25,
        0.5,
        0.75,
        1.0
    ],
    "yvals": [
        -0.2385974,
        -0.025861296,
        0.06184188,
        0.1597502,
        0.13788708,
        0.07218792,
        -0.03618322,
        -0.29972748
    ]
}