{
    "bins": [
        -1.0,
        -0.75,
        -0.5,
        -0.25,
        0.0,
        0.25,
        0.5,
        0.75,
        1.0
    ],
    "yvals": [
        0.0015273608,
        0.0010381484,
        -0.00018947968,
        -0.00039107064,
        -5.036164e-05,
        0.0004092992,
        -0.00037817884,
        0.0008267632
    ]
}