{
    "bins": [
        -1.0,
        -0.75,
        -0.5,
        -0.25,
        0.0,
        0.25,
        0.5,
        0.75,
        1.0
    ],
    "yvals": [
        0.41261,
        0.4114412,
        0.4013188,
        0.372058,
        0.4258404,
        0.39243856,
        0.42318,
        0.7077752
    ]
}