{
    "bins": [
        0.0,
        0.7853982,
        1.570796,
        2.356194,
        3.141593,
        3.926991,
        4.712389,
        5.497787,
        6.283185
    ],
    "yvals": [
        0.0011544538808466837,
        0.0033171050390006186,
        -0.003410688593553842,
        -0.0011626147983381696,
        0.0012273421882917958,
        0.003748570788313697,
        -0.0033127853648723333,
        -0.0012727051762291223
    ]
}