{
    "bins": [
        -1.0,
        -0.75,
        -0.5,
        -0.25,
        0.0,
        0.25,
        0.5,
        0.75,
        1.0
    ],
    "yvals": [
        0.0018370148,
        -0.0014070628,
        -0.000294819,
        0.00013260676,
        -0.0001490086,
        -0.0002171434,
        0.0009789124,
        -0.0004695392
    ]
}