{
    "bins": [
        [
            -1.0,
            -0.75,
            -0.5,
            -0.25,
            0.0,
            0.25,
            0.5,
            0.75,
            1.0
        ],
        [
            0.0,
            0.7853982,
            1.570796,
            2.356194,
            3.141593,
            3.926991,
            4.712389,
            5.497787,
            6.283185
        ]
    ],
    "zvals": [
        2.141034700614287e-05,
        0.001141838186967165,
        0.0005027519805245239,
        0.0,
        0.0,
        -0.0006244085164464388,
        -0.0005496932765298614,
        0.0,
        0.0,
        0.001365177748142406,
        0.0014464263978263255,
        6.286868203295395e-05,
        0.0,
        -0.002086012951395344,
        -0.002042076501340722,
        -5.716525888785051e-05,
        0.0005739620997348861,
        0.002265977317481663,
        0.001921402906551838,
        0.00045845686078031675,
        -0.0003959169745784938,
        -0.002905897901446146,
        -0.0018887290265572365,
        -0.0005461246399914439,
        0.0008841711121823298,
        0.0022967729219511438,
        0.002007842647931368,
        0.0008227807776684208,
        -0.000586775112745385,
        -0.00199985179488616,
        -0.0013655384913126849,
        -0.0008541238964193952,
        0.000675143385864648,
        0.002723358787101262,
        0.0022499262794150234,
        0.0007572787844140368,
        -0.0007433382819920599,
        -0.002154056924005409,
        -0.0020798428312779004,
        -0.000889127295969687,
        0.00036052254767072296,
        0.002352291284747678,
        0.0017760096155070427,
        0.0003823892823902246,
        -0.00042992245969559366,
        -0.0023440217571218673,
        -0.0024079562209223864,
        -0.00038531898476950547,
        5.5863229633070206e-05,
        0.0010766396340809714,
        0.0017246333705968188,
        0.0001231536072747737,
        -7.587994876483004e-05,
        -0.0017361154472000187,
        -0.0020608328516242727,
        0.0,
        0.0,
        0.0005319464862264702,
        0.0006676808446163603,
        0.0,
        0.0,
        -0.0004790213878823222,
        -0.0007528198442063771,
        0.0
    ]
}