{
    "bins": [
        [
            -1.0,
            -0.75,
            -0.5,
            -0.25,
            0.0,
            0.25,
            0.5,
            0.75,
            1.0
        ],
        [
            0.0,
            0.7853982,
            1.570796,
            2.356194,
            3.141593,
            3.926991,
            4.712389,
            5.497787,
            6.283185
        ]
    ],
    "zvals": [
        -0.006427282364538141,
        -0.004895751426856556,
        -0.0044377856831822856,
        -0.004620963357478173,
        -0.0024845803019615522,
        -0.006547172261706805,
        -0.002411337945856751,
        -0.0010712703622876556,
        -0.0005026649157077263,
        -0.005022909919024474,
        -0.0026602553100466267,
        -0.0005846470392755784,
        -0.0010082271663538738,
        -0.0036720760684391873,
        -0.005714468333252696,
        -0.0005232246580714493,
        -0.0006999486375191589,
        -0.0021540574725317538,
        -0.0026066040402445644,
        -0.0003829208338691544,
        -0.000429441531554702,
        -0.0033945041876857346,
        -0.0018022556716467324,
        -9.03530184696167e-05,
        -0.0003483621938527488,
        -0.000631519976246432,
        -0.0010863103802148722,
        -0.00012018192027237112,
        -0.00015775456520133736,
        -0.0009689935548600839,
        -0.0013286359272623566,
        -0.00016277250515025506,
        0.0003467811359893618,
        0.001070302972582811,
        0.0009973857840228778,
        0.0002582322615638675,
        8.374826521075936e-05,
        0.0012727055582010653,
        0.0006206285220996235,
        0.00020557011858955593,
        0.0009867010135750246,
        0.004066544622355703,
        0.0018750793865021306,
        0.000696623245000312,
        0.00026986679365111695,
        0.0035081887145116245,
        0.003404184884606277,
        0.000688291032062725,
        0.00032597900020651943,
        0.0019325060498004958,
        0.0040145337777789105,
        0.0,
        0.0004299706900195823,
        0.0034900700027247337,
        0.003874602176221483,
        0.0007880631221368022,
        0.0020770834463333374,
        0.006462172417595262,
        0.006735087178729767,
        0.002745300159536745,
        0.00482670798754262,
        0.004024940730686863,
        0.007358022302068507,
        0.0032010445659398173
    ]
}