{
    "bins": [
        0.0,
        0.7853982,
        1.570796,
        2.356194,
        3.141593,
        3.926991,
        4.712389,
        5.497787,
        6.283185
    ],
    "yvals": [
        0.00478478051006483,
        0.007141583538940394,
        -0.0057086636329606154,
        -0.004561731043711541,
        -0.0043798749169211,
        -0.006243043654300114,
        0.005968151179402037,
        0.005065659703742562
    ]
}