{
    "bins": [
        0.0,
        0.7853982,
        1.570796,
        2.356194,
        3.141593,
        3.926991,
        4.712389,
        5.497787,
        6.283185
    ],
    "yvals": [
        -0.007074085476641021,
        0.0015510993282639703,
        0.008930423810603034,
        -0.02483349227590053,
        -0.011752972378335566,
        -0.0050160606469586136,
        0.011352421320145967,
        -0.021320298752988937
    ]
}