{
    "bins": [
        [
            -1.0,
            -0.75,
            -0.5,
            -0.25,
            0.0,
            0.25,
            0.5,
            0.75,
            1.0
        ],
        [
            0.0,
            0.7853982,
            1.570796,
            2.356194,
            3.141593,
            3.926991,
            4.712389,
            5.497787,
            6.283185
        ]
    ],
    "zvals": [
        0.0,
        -0.0010049689469463754,
        -0.0007992233237161287,
        0.0,
        0.0,
        -0.00045842036776258673,
        -0.0006214362654348497,
        0.0,
        5.261713102983938e-06,
        -0.003323524970403533,
        -0.003968336053822395,
        6.868554709135102e-05,
        4.188572418060651e-05,
        -0.002873275969635778,
        -0.0034347956068133617,
        4.1787903712512645e-05,
        0.002400768425494227,
        -0.005488678476053791,
        -0.0035912090430584246,
        0.0008548959191442821,
        0.0014577419346624254,
        -0.005851239753602634,
        -0.0042245144499986,
        0.0017859913063185803,
        0.003202318518173329,
        -0.004016175751956524,
        -0.007020776727213465,
        0.0051777656961620785,
        0.0070529489507230704,
        -0.006301380955897521,
        -0.005061352842762524,
        0.005818008194571416,
        0.0037618105058045714,
        -0.005447303264664097,
        -0.006823806528664449,
        0.004254600273236916,
        0.006104166295305054,
        -0.005181337360166439,
        -0.005244612285745572,
        0.005287403329267455,
        0.0025546811795596172,
        -0.004386690158795963,
        -0.004541831784649313,
        0.0012722241815943233,
        0.0015622250120321157,
        -0.005464286896579825,
        -0.004110133715644808,
        0.0006495784302990332,
        1.5207210813572018e-05,
        -0.0034625113541188936,
        -0.0029299076391842106,
        2.0869346663288343e-05,
        0.0,
        -0.0032542069116549836,
        -0.0029143618904046106,
        5.283252567488077e-05,
        0.0,
        -0.0006827037203312767,
        -0.0016718906847229052,
        0.0,
        0.0,
        -0.00036787081199595627,
        -0.0010719120751517066,
        0.0
    ]
}