{
    "bins": [
        0.0,
        0.7853982,
        1.570796,
        2.356194,
        3.141593,
        3.926991,
        4.712389,
        5.497787,
        6.283185
    ],
    "yvals": [
        0.0004173016948600086,
        0.001951766353305293,
        0.0020116272259414975,
        0.0004464293944861147,
        -0.00047399929717162494,
        -0.00196783286944963,
        -0.0020761486532942536,
        -0.0004069353372430285
    ]
}