{
    "bins": [
        0.0,
        0.7853982,
        1.570796,
        2.356194,
        3.141593,
        3.926991,
        4.712389,
        5.497787,
        6.283185
    ],
    "yvals": [
        0.06752836968559388,
        0.12137226511202348,
        0.1324064996345802,
        0.06228141365089592,
        0.06322716635387407,
        0.14217301291829113,
        0.10580135167138192,
        0.06515067519907106
    ]
}