{
    "bins": [
        -1.0,
        -0.75,
        -0.5,
        -0.25,
        0.0,
        0.25,
        0.5,
        0.75,
        1.0
    ],
    "yvals": [
        -0.23799984,
        -0.0461238,
        0.22741268,
        0.39628748,
        0.4483604,
        0.21994776,
        -0.05077392,
        -0.1721994
    ]
}