{
    "bins": [
        -1.0,
        -0.75,
        -0.5,
        -0.25,
        0.0,
        0.25,
        0.5,
        0.75,
        1.0
    ],
    "yvals": [
        -0.004593864,
        -0.009840332,
        -0.013381584,
        -0.004488616,
        0.004683228,
        0.012107148,
        0.013363224,
        0.004170452
    ]
}