{
    "bins": [
        -1.0,
        -0.75,
        -0.5,
        -0.25,
        0.0,
        0.25,
        0.5,
        0.75,
        1.0
    ],
    "yvals": [
        -0.005671488,
        -0.0034125628,
        -0.0017606228,
        -0.0005110396,
        0.000748256,
        0.0022726944,
        0.003654204,
        0.005727088
    ]
}