{
    "bins": [
        -1.0,
        -0.75,
        -0.5,
        -0.25,
        0.0,
        0.25,
        0.5,
        0.75,
        1.0
    ],
    "yvals": [
        -0.002265126,
        -0.010557564,
        -0.009940184,
        -0.0009021344,
        -0.0025832288,
        -0.009789384,
        -0.009795544,
        -0.002980096
    ]
}