{
    "bins": [
        [
            -1.0,
            -0.75,
            -0.5,
            -0.25,
            0.0,
            0.25,
            0.5,
            0.75,
            1.0
        ],
        [
            0.0,
            0.7853982,
            1.570796,
            2.356194,
            3.141593,
            3.926991,
            4.712389,
            5.497787,
            6.283185
        ]
    ],
    "zvals": [
        0.0,
        -0.0001750133244580008,
        -0.00025825708748940035,
        0.0,
        0.0,
        -0.00015120344080326158,
        -0.00036813152057937513,
        0.0,
        0.0,
        -0.00038972469747177796,
        -0.0004591229924191303,
        -1.4218602264581443e-05,
        -1.9321195113814903e-05,
        -0.0005384923312766268,
        -0.00044771160609016075,
        -1.989103104413304e-05,
        -0.00010954677512629897,
        -0.00030381215735516447,
        -0.00015949106058329667,
        -0.00014961791395201674,
        -0.00013926243764308027,
        -0.0003566882523255726,
        -0.00032244013863035054,
        -5.45193647042646e-05,
        -7.120596915042585e-05,
        -0.00011998592305708012,
        -7.946691995650614e-05,
        -6.732440453833021e-05,
        -6.826393751957603e-05,
        -8.959589914922118e-05,
        -8.786251047239746e-05,
        -5.7329048456960686e-05,
        9.343209597373662e-05,
        9.169131871772496e-05,
        9.577029735242515e-05,
        6.789995912905415e-05,
        5.9361037333937675e-05,
        9.369715736480105e-05,
        0.00010406784840297532,
        5.122131709018868e-05,
        0.00013579440339944756,
        0.0002986026189530961,
        0.00027587999969442255,
        0.00017547738156020062,
        0.0001878005800880572,
        0.0002547312827381787,
        0.00028428154897262284,
        9.616780282099015e-05,
        0.0,
        0.00042642986776891915,
        0.00043349461037588594,
        0.0,
        0.0,
        0.00032868094902202457,
        0.0003820420729362693,
        3.329629054313865e-05,
        0.0,
        0.000360854996028764,
        0.0003197631264658174,
        0.0,
        0.0,
        0.00035784853029928785,
        0.0001539678481483274,
        0.0
    ]
}