{
    "bins": [
        -1.0,
        -0.75,
        -0.5,
        -0.25,
        0.0,
        0.25,
        0.5,
        0.75,
        1.0
    ],
    "yvals": [
        0.00031766136,
        0.00024116852,
        0.00017552916,
        7.901292e-05,
        -5.552648e-05,
        -0.00016336344,
        -0.00024657724,
        -0.00037284524
    ]
}