{
    "bins": [
        [
            -1.0,
            -0.75,
            -0.5,
            -0.25,
            0.0,
            0.25,
            0.5,
            0.75,
            1.0
        ],
        [
            0.0,
            0.7853982,
            1.570796,
            2.356194,
            3.141593,
            3.926991,
            4.712389,
            5.497787,
            6.283185
        ]
    ],
    "zvals": [
        0.0,
        -0.0005692020018390681,
        0.0004249844792067208,
        0.0,
        8.95467011629772e-05,
        0.001113347372924301,
        -0.0008178630452331178,
        0.0,
        -0.00010475919094288732,
        -0.0013535907536282887,
        0.0011907690113802177,
        0.00020200540107639557,
        0.0004617393474391326,
        0.0008423734208643263,
        -0.001046831288085786,
        0.0,
        -0.00046515910018637676,
        -0.0007842660114403172,
        0.001119682504921072,
        0.0005513503327608006,
        0.000395408900964861,
        0.0007763452415208596,
        -0.0009050524702125549,
        -0.0006475412466036329,
        -0.0005103846685668492,
        -0.0004478638977598358,
        0.00037285233728631857,
        0.0004900126941847393,
        0.0005476362302934307,
        0.0004292988777664319,
        -0.00031183501867842805,
        -0.0004289149704990337,
        0.0002791397790318338,
        0.0005342052142239258,
        -0.00045051904894079193,
        -0.0002119228570446359,
        -0.00034127660116272247,
        -0.0005174044242536906,
        0.000616333120277872,
        0.0002548337021484649,
        0.0004722091290761807,
        0.0009661122045414438,
        -0.0007925734468384183,
        -0.00027788530415750464,
        -7.476922528450541e-05,
        -0.0004508004349387191,
        0.0006129697299967662,
        0.00022754537190061602,
        0.0,
        0.0017198907356246731,
        -0.0011625310988823503,
        -0.0003273841194093703,
        -0.00036121950908965886,
        -0.0010308628236893908,
        0.002015624689647797,
        0.0,
        0.0,
        0.00014091895852012825,
        -0.0005711234304136249,
        -0.0001743323329925299,
        -0.00027560660964249964,
        -0.0009634009763202862,
        0.0007956709846472746,
        0.0
    ]
}