{
    "bins": [
        -1.0,
        -0.75,
        -0.5,
        -0.25,
        0.0,
        0.25,
        0.5,
        0.75,
        1.0
    ],
    "yvals": [
        0.0008270552,
        -0.00014683372,
        -0.0006057624,
        0.0004551516,
        -0.0004784028,
        -0.000352336,
        0.0009129924,
        -0.0010411736
    ]
}