{
    "bins": [
        -1.0,
        -0.75,
        -0.5,
        -0.25,
        0.0,
        0.25,
        0.5,
        0.75,
        1.0
    ],
    "yvals": [
        0.0004027156,
        -0.0005429172,
        -0.0015702032,
        0.000408414,
        -4.01938e-05,
        0.001577866,
        -0.0001173756,
        -0.000819328
    ]
}