{
    "bins": [
        0.0,
        0.7853982,
        1.570796,
        2.356194,
        3.141593,
        3.926991,
        4.712389,
        5.497787,
        6.283185
    ],
    "yvals": [
        -0.01408885327213635,
        -0.0005454769544809013,
        0.010787791667409391,
        -0.011319957117337812,
        -0.010833283252567483,
        -0.008679554824432964,
        -0.0027616660597556916,
        -0.010275129297502671
    ]
}