{
    "bins": [
        0.0,
        0.7853982,
        1.570796,
        2.356194,
        3.141593,
        3.926991,
        4.712389,
        5.497787,
        6.283185
    ],
    "yvals": [
        -0.002303800798117439,
        0.0012688629889210281,
        -0.002386740225974602,
        -0.000867032680204584,
        -0.01208351943855217,
        -0.00034816195101082515,
        0.004211132444951478,
        -0.014321656026625993
    ]
}