{
    "bins": [
        [
            -1.0,
            -0.75,
            -0.5,
            -0.25,
            0.0,
            0.25,
            0.5,
            0.75,
            1.0
        ],
        [
            0.0,
            0.7853982,
            1.570796,
            2.356194,
            3.141593,
            3.926991,
            4.712389,
            5.497787,
            6.283185
        ]
    ],
    "zvals": [
        0.0,
        -0.02248061810206242,
        -0.005611773903167566,
        0.0,
        0.0,
        -0.012896457592201665,
        -0.016078869566767424,
        0.0,
        -0.0015665169591679736,
        -0.004960397393524657,
        -0.0033214752265730246,
        -0.007111753389041749,
        -0.0042464437138877344,
        -0.011887623854402483,
        -0.011304979131599523,
        -0.0022048749805830934,
        0.035223803670545714,
        0.04358834211147523,
        0.04348489810261805,
        0.03207646559264781,
        0.046117932564126704,
        0.04898783037389961,
        0.02874956646184483,
        0.040617653724608425,
        0.07092142559022925,
        0.06609343698187084,
        0.06447640559308784,
        0.06434395765719081,
        0.039936607936358365,
        0.0420772907494035,
        0.07765601644007243,
        0.0771272654119313,
        0.07850422881030285,
        0.047724152015704645,
        0.07487648300606828,
        0.04758929919696868,
        0.07429817748453647,
        0.04681150193914424,
        0.09308274276226833,
        0.06569662769704024,
        0.02475937938233115,
        0.031956707798264775,
        0.031523798125281714,
        0.04972706102248666,
        0.02300545201286481,
        0.03242841463818345,
        0.0514491760865192,
        0.0316025709258236,
        -0.0005403811722512223,
        -0.01763118256761096,
        -0.004568083443044164,
        -0.0016753726449868155,
        0.0018661392058548652,
        -0.019658909240919894,
        -0.006442522135274092,
        -0.005600075375796732,
        0.0,
        0.0,
        -0.010287380410950883,
        0.0,
        0.0,
        0.0,
        -0.005127418200708432,
        0.0
    ]
}