{
    "bins": [
        -1.0,
        -0.75,
        -0.5,
        -0.25,
        0.0,
        0.25,
        0.5,
        0.75,
        1.0
    ],
    "yvals": [
        -0.0001120806,
        7.380556e-05,
        0.00033533632,
        -0.00073962,
        -0.000480064,
        0.00033723312,
        -0.00010646556,
        -4.578896e-05
    ]
}