{
    "bins": [
        0.0,
        0.7853982,
        1.570796,
        2.356194,
        3.141593,
        3.926991,
        4.712389,
        5.497787,
        6.283185
    ],
    "yvals": [
        -0.00018395318451200931,
        5.945592157248212e-05,
        -0.000467311223099626,
        0.00037313110915598315,
        -4.633953740651235e-05,
        0.0004460453171513043,
        -0.00027531009755563427,
        -0.00020457767908754548
    ]
}