{
    "bins": [
        0.0,
        0.7853982,
        1.570796,
        2.356194,
        3.141593,
        3.926991,
        4.712389,
        5.497787,
        6.283185
    ],
    "yvals": [
        0.000560889622614363,
        0.0007660379237120348,
        -0.0010860861626843972,
        -0.00024730678292180153,
        0.0003987680131602065,
        0.0009700281895293853,
        -0.0008375841293204211,
        -0.0004907106969969367
    ]
}