{
    "bins": [
        [
            -1.0,
            -0.75,
            -0.5,
            -0.25,
            0.0,
            0.25,
            0.5,
            0.75,
            1.0
        ],
        [
            0.0,
            0.7853982,
            1.570796,
            2.356194,
            3.141593,
            3.926991,
            4.712389,
            5.497787,
            6.283185
        ]
    ],
    "zvals": [
        0.0,
        5.953925513924281e-06,
        -2.856310813116408e-06,
        0.0,
        0.0,
        -1.2470813523843965e-05,
        1.0497902974033551e-05,
        0.0,
        0.00010122096027212692,
        6.478123569992174e-05,
        -4.436991690837004e-05,
        -0.00018686537670661667,
        -0.00013952345180405344,
        -5.4630798652403004e-05,
        6.625415394487892e-05,
        8.017489222025014e-05,
        0.00021999765214638893,
        9.366265095216717e-05,
        -9.690964326367016e-05,
        -0.00020282806573474122,
        -0.0002897335618374377,
        -0.00011652502298197858,
        7.354136374169531e-05,
        0.0002599576775087281,
        0.0002717162326065937,
        0.00010209588058433573,
        -9.346440912760156e-05,
        -0.00025299156225052494,
        -0.00015511014797593063,
        -7.850929083089084e-05,
        0.00011041112913452799,
        0.00031436815474447357,
        0.0003180493156210442,
        7.811689821387327e-05,
        -0.00012390685996144633,
        -0.00018662422539371707,
        -0.00030467778120137805,
        -7.44317658053624e-05,
        0.00017313336677709902,
        0.000257976210787397,
        0.0001460436756794197,
        9.33267702048567e-05,
        -9.931784903959523e-05,
        -0.00029841917292993753,
        -0.00013511676882294068,
        -0.0001048737073432833,
        0.00010728298264064846,
        0.0001892771817600758,
        8.329899406441217e-05,
        0.00010183221801741742,
        -4.460860353604161e-05,
        -0.000181763918721567,
        -0.00019663497997193775,
        -5.31065778115045e-05,
        3.2723536347176855e-05,
        6.946215803961814e-05,
        0.0,
        0.0,
        -6.19672064354633e-06,
        0.0,
        0.0,
        0.0,
        8.921036213486667e-06,
        0.0
    ]
}