{
    "bins": [
        [
            -1.0,
            -0.75,
            -0.5,
            -0.25,
            0.0,
            0.25,
            0.5,
            0.75,
            1.0
        ],
        [
            0.0,
            0.7853982,
            1.570796,
            2.356194,
            3.141593,
            3.926991,
            4.712389,
            5.497787,
            6.283185
        ]
    ],
    "zvals": [
        -0.0007533488108325178,
        -0.0008207438319791575,
        -0.0026801911896898144,
        -0.00032934485529011366,
        0.0007257634982518415,
        0.0005731061194451731,
        0.0010889419122534056,
        0.0009267449114971011,
        -0.0008672548523793409,
        -0.005166961251992302,
        -0.00410414439558033,
        -0.00024440031117941327,
        0.0002351226766556573,
        0.0034604676864468725,
        0.0031816974323846006,
        0.0016437490291546454,
        -0.0006518013410267556,
        -0.0031637470845984035,
        -0.004881514849795901,
        -0.0002936745272148297,
        0.0013650251210214433,
        0.004769340385384227,
        0.0037542127685581076,
        0.0008040911741562879,
        -0.0002629433069747295,
        -0.0030510892696669124,
        -0.004902921576067167,
        -0.0005453773177709674,
        0.0006081339651998094,
        0.00566832612255188,
        0.003976202129366259,
        0.0010401371024627007,
        -0.0014896413055186526,
        -0.0040382425313643605,
        -0.00535980993076122,
        -0.0008015798339442756,
        0.0006229549858797703,
        0.005374574419593633,
        0.002707678399995926,
        0.0008339990679884595,
        -0.0018416283612567486,
        -0.003289927728343522,
        -0.0038596120692948044,
        0.0,
        0.00046664514042561847,
        0.0037053733266445813,
        0.005316061410902499,
        0.0,
        -0.00021460578850320764,
        -0.002862139415210992,
        -0.0023919444663724637,
        -0.0006831966936550721,
        0.0004061414467569307,
        0.004487014227181634,
        0.00343145258836921,
        0.000532628298009417,
        -0.001401803569195855,
        -0.0022945707258156312,
        -0.0018450599568626358,
        -0.0003836228974062865,
        0.0008480505425274826,
        0.0011279799541124374,
        0.0023588366662507425,
        0.0009153606197112804
    ]
}