{
    "bins": [
        -1.0,
        -0.75,
        -0.5,
        -0.25,
        0.0,
        0.25,
        0.5,
        0.75,
        1.0
    ],
    "yvals": [
        -0.0026636788,
        -0.016134012,
        -0.025123852,
        -0.02643944,
        -0.024307912,
        -0.022613828,
        -0.01318754,
        -0.0018616476
    ]
}