{
    "bins": [
        [
            -1.0,
            -0.75,
            -0.5,
            -0.25,
            0.0,
            0.25,
            0.5,
            0.75,
            1.0
        ],
        [
            0.0,
            0.7853982,
            1.570796,
            2.356194,
            3.141593,
            3.926991,
            4.712389,
            5.497787,
            6.283185
        ]
    ],
    "zvals": [
        -0.0002001827353309442,
        -0.0009932255985438206,
        0.0006022673854529807,
        0.0002584739731015701,
        0.0004888637353290941,
        0.001084367416265384,
        -0.001055782163947451,
        -0.0006486219725540429,
        -0.0004259925729394338,
        -0.0011353085022647123,
        0.002265190896844658,
        0.00046674905366571643,
        0.00021896954155727408,
        0.002088084767213566,
        -0.002095242921423279,
        0.0,
        -0.0012219686777993634,
        -0.002890588692761808,
        0.002561455975187103,
        0.0004314012622883401,
        0.0008138457189857878,
        0.0027711494045057415,
        -0.00231206802156359,
        -0.0007082635810124296,
        -0.001881967643928901,
        -0.0029666887276740524,
        0.0029142437337502775,
        0.000839354773815602,
        0.0017650826714608384,
        0.0025267403278337866,
        -0.0025168508195844664,
        -0.00117266914354251,
        -0.0014380730691768838,
        -0.003701893231684632,
        0.003495634060692796,
        0.002083750552267064,
        0.0013342137362203617,
        0.0029221103185900657,
        -0.00288379802342252,
        -0.0018793595094461664,
        -0.00021946890125289312,
        -0.0021728642479008726,
        0.0013618812372835178,
        0.0008468969275489274,
        0.0009955309282682152,
        0.0021197970965039386,
        -0.002848945884761612,
        -0.0009575333779816097,
        -0.0004449218243688361,
        -0.0027660143687695585,
        0.0019801018082551782,
        0.00042101505094862613,
        0.000787053188319807,
        0.0017948637506079723,
        -0.0020145220639726617,
        -0.000251939780849964,
        -0.0007496828997061617,
        -0.0008700946195673071,
        0.0009112052742685877,
        0.00020470054074425866,
        0.0006321014313761938,
        0.0009979429537635698,
        -0.0008732133262371436,
        0.0
    ]
}