{
    "bins": [
        [
            -1.0,
            -0.75,
            -0.5,
            -0.25,
            0.0,
            0.25,
            0.5,
            0.75,
            1.0
        ],
        [
            0.0,
            0.7853982,
            1.570796,
            2.356194,
            3.141593,
            3.926991,
            4.712389,
            5.497787,
            6.283185
        ]
    ],
    "zvals": [
        0.0,
        -0.0003099052734805216,
        0.0008081507719652967,
        0.0,
        0.0,
        -0.00011104851298322636,
        0.00020063896266606237,
        0.0,
        -0.0007658774873688277,
        -0.0011692189613976508,
        0.0026235355832329604,
        0.000789649082822871,
        -0.0006320342043142456,
        -0.0024506830931578646,
        0.0030678667376285657,
        0.0005336076740709806,
        -0.0045572836810677695,
        -0.005260259196040528,
        0.005105136504039992,
        0.003653314557314181,
        -0.004677347790546957,
        -0.005804185903198125,
        0.005992044797669464,
        0.004358053369119861,
        -0.0058671486642062586,
        -0.0051238900847443165,
        0.005625550357907712,
        0.005358866003139806,
        -0.004566512774415009,
        -0.005038096862991758,
        0.004022264380607031,
        0.00760721061168987,
        -0.005243521057216581,
        -0.005788292251391587,
        0.006468694852800747,
        0.0054201036670533075,
        -0.007332842711593355,
        -0.006151989182554579,
        0.005287179239060961,
        0.004209399565570578,
        -0.0038432754238550584,
        -0.007072258160132355,
        0.0038277265793903227,
        0.004028836807788144,
        -0.0036010807259504087,
        -0.00542615591076117,
        0.005540508124543227,
        0.003375222244008771,
        -0.0017542087567809551,
        -0.001890653118712581,
        0.003649299845428688,
        0.0007385234766023385,
        -0.000798229178072773,
        -0.004199070025643051,
        0.0022793605280380146,
        0.0018890244181930694,
        0.0,
        -0.00010189919044845808,
        0.0003534370090068985,
        0.0,
        0.0,
        -0.0004970286147914817,
        0.00014966557083160388,
        0.0
    ]
}