{
    "bins": [
        0.0,
        0.7853982,
        1.570796,
        2.356194,
        3.141593,
        3.926991,
        4.712389,
        5.497787,
        6.283185
    ],
    "yvals": [
        -7.579727073476868e-05,
        -0.0002893783252257646,
        -0.0001254097922327279,
        0.0003744251011269431,
        -0.00010752669347260875,
        0.0004633376963017478,
        0.00037756780638606164,
        0.0002715111319356556
    ]
}