{
    "bins": [
        -1.0,
        -0.75,
        -0.5,
        -0.25,
        0.0,
        0.25,
        0.5,
        0.75,
        1.0
    ],
    "yvals": [
        -0.0007363916,
        -0.005933312,
        -0.013537124,
        -0.013893412,
        -0.016518436,
        -0.015966924,
        -0.0091028,
        0.0015549636
    ]
}