{
    "bins": [
        [
            -1.0,
            -0.75,
            -0.5,
            -0.25,
            0.0,
            0.25,
            0.5,
            0.75,
            1.0
        ],
        [
            0.0,
            0.7853982,
            1.570796,
            2.356194,
            3.141593,
            3.926991,
            4.712389,
            5.497787,
            6.283185
        ]
    ],
    "zvals": [
        0.00024879267612276163,
        0.0002573880904682951,
        -0.00019316967957646954,
        -0.0002963353403811311,
        7.730057881481743e-05,
        0.00028979854799732115,
        -0.00020495132404207807,
        -0.00015823625728611485,
        0.00019752635032777003,
        0.001131840196140096,
        -0.0006286015497874964,
        -0.00019244979940132343,
        0.000421063562677776,
        0.0007314334897720647,
        -0.0012505190998703846,
        -0.00022406779747338298,
        0.0005393284578446958,
        0.0012169506968315927,
        -0.0012732932856971883,
        -0.000335606080476293,
        0.0004563584832148795,
        0.0017919220573518145,
        -0.000998651893689569,
        -0.00012206509311202732,
        0.000898008169613834,
        0.0010848301332140222,
        -0.001837724567671423,
        -0.00035432436252147,
        0.00045133076478422386,
        0.0018467722097586198,
        -0.002087708397525841,
        -0.0003476052141716685,
        0.0011088759816358122,
        0.0017971117311507618,
        -0.0020254255804063675,
        -0.000802380955412472,
        0.0002187330245302381,
        0.0021487169562438412,
        -0.0011378602950351288,
        -0.0008273008079979834,
        0.00072448447169856,
        0.0022183510063308047,
        -0.0012559848637251434,
        -0.0005523200309651528,
        0.00021633683813811587,
        0.001663222468098977,
        -0.0015933109073361536,
        -0.0005359183496774885,
        8.193703525167233e-05,
        0.000587729682970846,
        -0.0007557355633704187,
        0.0,
        0.00019624221095546456,
        0.0008445740885512826,
        -0.000855313611697509,
        -0.0002665930394526088,
        0.00018317103349612974,
        0.00030619596846336977,
        -0.00047595405132175035,
        -0.0002507910501541255,
        0.000247987338903333,
        0.00025115913205788664,
        -0.0006268694343504823,
        -0.00010536166376792406
    ]
}