{
    "bins": [
        0.0,
        0.7853982,
        1.570796,
        2.356194,
        3.141593,
        3.926991,
        4.712389,
        5.497787,
        6.283185
    ],
    "yvals": [
        -0.00011627196242619348,
        -0.00048464154088539584,
        -0.000545451732752057,
        -8.607786615465516e-05,
        0.00011002065194971208,
        0.0005734423820788952,
        0.0004274044497184868,
        0.00010357686166758766
    ]
}