{
    "bins": [
        [
            -1.0,
            -0.75,
            -0.5,
            -0.25,
            0.0,
            0.25,
            0.5,
            0.75,
            1.0
        ],
        [
            0.0,
            0.7853982,
            1.570796,
            2.356194,
            3.141593,
            3.926991,
            4.712389,
            5.497787,
            6.283185
        ]
    ],
    "zvals": [
        -0.09194291507161591,
        -0.06031048215312037,
        -0.05595023160232138,
        -0.05946236244252922,
        -0.03554371159590423,
        -0.08371719815940455,
        -0.02598682960740924,
        -0.010504146942059952,
        -0.0005198489123097048,
        -0.018274494784681086,
        -0.004453842765069431,
        -0.0018934640864070366,
        -8.285587689298926e-05,
        -0.014584580047313594,
        -0.020496110252381603,
        3.516462226794569e-05,
        0.0074831849627361,
        0.02901686763064526,
        0.031336774476125484,
        0.005350202890505336,
        0.008183718318610434,
        0.03511062162113986,
        0.020865044219618593,
        0.0023258373461608004,
        0.0192942739109919,
        0.03424198539899144,
        0.05266634241492849,
        0.007707766370978319,
        0.01010318844713126,
        0.05094706123519542,
        0.07072730004405411,
        0.007491743039834583,
        0.02416473579898706,
        0.06414069405338288,
        0.06417306894084275,
        0.01803004587477193,
        0.0049251314620103424,
        0.06422211413830951,
        0.03541327581684701,
        0.0180007537579673,
        0.009537857356943267,
        0.053492586813968665,
        0.027699189455537197,
        0.00799342499799465,
        0.0030566683388549487,
        0.037272934232070884,
        0.042669601908841136,
        0.007446935184454252,
        -0.0019719989172371413,
        -0.0012622469785375004,
        -0.007026745675440988,
        0.0,
        0.0004771670414235838,
        -0.005773954097158384,
        -0.008926954232121805,
        -0.002222901000511843,
        -0.025209255636185566,
        -0.08424057210244286,
        -0.07600630508353728,
        -0.03301487269527972,
        -0.06524579894524812,
        -0.04761637793831918,
        -0.08044996294872156,
        -0.046033078770254074
    ]
}