{
    "bins": [
        [
            -1.0,
            -0.75,
            -0.5,
            -0.25,
            0.0,
            0.25,
            0.5,
            0.75,
            1.0
        ],
        [
            0.0,
            0.7853982,
            1.570796,
            2.356194,
            3.141593,
            3.926991,
            4.712389,
            5.497787,
            6.283185
        ]
    ],
    "zvals": [
        -0.00010320945477084107,
        -0.00034702638586458985,
        -0.0006751364276456014,
        -0.00022236152579771558,
        0.0002679876444808873,
        0.00035573372990509275,
        0.0008935866910789182,
        0.0002457591183068967,
        -0.00029739849161864644,
        -0.0012928887755988112,
        -0.0005308136766327392,
        -0.0002125657404707671,
        0.0002556310049172521,
        0.000671129796612673,
        0.0008927045905388098,
        0.00019396214403398027,
        -0.00014769634053146544,
        -0.0015363755793560917,
        -0.0015200695698231984,
        -0.00038005258473718453,
        0.00041434732454118795,
        0.0012001976068184543,
        0.0005729146241778055,
        0.00047520803465249476,
        -0.00022421849197006052,
        -0.0012935197934091488,
        -0.0016835953236448277,
        -0.0005053652474729405,
        0.00020539099921313772,
        0.0018330884468766159,
        0.0010908751995803404,
        0.00022704162730233595,
        -0.00027778459385315626,
        -0.001359009663637968,
        -0.0010623749996816903,
        -0.00023697050798384008,
        0.0002756095126292656,
        0.001793955166679824,
        0.0021572390049376246,
        0.00015451136875826017,
        -0.00013402185031745678,
        -0.0014566081035622966,
        -0.0007294314474954102,
        -0.00015980611128865713,
        7.372033032933618e-05,
        0.002105843406782294,
        0.0009311487933506326,
        0.0003175712186687515,
        -0.00014376141936663463,
        -0.0013503623259448906,
        -0.0013768626861794917,
        -0.00039139749350330217,
        0.00022155355628611218,
        0.0011521027555455963,
        0.0008457836663704264,
        0.0001740965472282843,
        -0.0002569072350815166,
        -0.0013133558561024745,
        -0.0006968003483584121,
        -0.0002672523901863893,
        0.00021408916243738837,
        0.00047300405654203355,
        0.0002940440388185354,
        0.0002009882887402311
    ]
}