{
    "bins": [
        0.0,
        0.7853982,
        1.570796,
        2.356194,
        3.141593,
        3.926991,
        4.712389,
        5.497787,
        6.283185
    ],
    "yvals": [
        0.013810001092439477,
        0.006009117927246549,
        0.001254128607406691,
        0.014875878375195283,
        0.007869197527877583,
        0.02471134380275988,
        0.013974774572891709,
        0.004806019368523985
    ]
}