{
    "bins": [
        [
            -1.0,
            -0.75,
            -0.5,
            -0.25,
            0.0,
            0.25,
            0.5,
            0.75,
            1.0
        ],
        [
            0.0,
            0.7853982,
            1.570796,
            2.356194,
            3.141593,
            3.926991,
            4.712389,
            5.497787,
            6.283185
        ]
    ],
    "zvals": [
        -0.0003273330649344498,
        -0.0007408551437246196,
        -0.0011454223209124547,
        -0.00013868996522786508,
        0.0005332582970672192,
        0.00173685901924884,
        0.000862936243789773,
        0.0004408314765252777,
        -0.0003175372696295968,
        -0.0006441428789334526,
        -0.0011810114107751741,
        -0.0003814840609677374,
        0.0001852267512776961,
        0.0012738871247443973,
        0.0006660393838537914,
        0.0002862513528172978,
        -0.00013838539482265174,
        -0.001180117896943434,
        -0.0007303339198724726,
        0.0,
        0.00012690600179781456,
        0.0009197257950745994,
        0.001108084818143158,
        0.00012579105116132205,
        -5.042863607275901e-05,
        -0.0003105864060225277,
        -0.0007170402776681378,
        -5.090321225262574e-05,
        6.354688960246904e-06,
        0.00026088154031459214,
        0.00031755487026959586,
        4.356790824524637e-05,
        1.1440968415766676e-05,
        0.0004634357773856764,
        0.0004253781140262645,
        5.233319624802171e-05,
        -0.00015229919098342493,
        -0.0003199609370026408,
        -0.00023814830188006596,
        -6.113252134586543e-05,
        0.00025879743549195804,
        0.0009324339844089199,
        0.0010298416853620714,
        0.00012961243902780625,
        -6.830636187003275e-05,
        -0.0004402066213563061,
        -0.0009084016002077928,
        -0.0002791550271327404,
        0.0005272744449885421,
        0.00030342835184921573,
        0.0009600274001207034,
        0.0001795958996637378,
        -0.0003234231816225658,
        -0.0008445099172648773,
        -0.0014037718456120338,
        -0.00023456133068838989,
        0.00019661155322230173,
        0.0017985703550481042,
        0.00013028146239231578,
        0.0005392219750725428,
        -0.0002283586156318197,
        -0.0008399970460836419,
        -0.0011638104502430617,
        -0.00035328085887664605
    ]
}