{
    "bins": [
        [
            -1.0,
            -0.75,
            -0.5,
            -0.25,
            0.0,
            0.25,
            0.5,
            0.75,
            1.0
        ],
        [
            0.0,
            0.7853982,
            1.570796,
            2.356194,
            3.141593,
            3.926991,
            4.712389,
            5.497787,
            6.283185
        ]
    ],
    "zvals": [
        0.0007209555611408327,
        -0.0014579684333213053,
        -0.0008072579762107876,
        0.0010239244002093204,
        0.0034578957420314275,
        -0.0012391388824519547,
        -0.0021064927590852033,
        0.0037360573874647,
        0.0006509971629677785,
        -0.005423004749949643,
        -0.008398850009803949,
        0.0017899263941003236,
        0.002727034191581847,
        -0.005181067433326799,
        -0.004822092747880693,
        0.0015843401689334584,
        0.0015284812213728015,
        -0.010280196863296537,
        -0.007393178999691877,
        0.0019454565131862913,
        0.0007008721692695931,
        -0.005404408974812772,
        -0.009381750399160683,
        0.0015273840778815332,
        0.0011356842936487504,
        -0.008474793283098067,
        -0.0058894267619729115,
        0.0004867499958619759,
        0.0012066463118062432,
        -0.0072488139771173365,
        -0.008287166506662865,
        0.0012148398646291436,
        0.0011843683879081974,
        -0.01054102265119663,
        -0.008363835915039256,
        0.0007695670608187685,
        0.0011467765387739716,
        -0.005826004140575862,
        -0.006619181612379967,
        0.0016552504590029516,
        0.0006561196600654292,
        -0.006847449789138701,
        -0.01620142653788271,
        2.7596388587202175e-05,
        0.0006397699001016044,
        -0.009001245228533815,
        -0.011383517656016444,
        0.00021339427907888744,
        0.0015762501110901449,
        -0.005042194923387867,
        -0.004000948818306134,
        0.000801320093353824,
        0.0022834374419084327,
        -0.006225266680078128,
        -0.007386033577880261,
        0.0024922289081459343,
        0.002098810004912158,
        -0.0035378357311415943,
        -0.002102000769036845,
        0.0024647237900735806,
        0.002177400502675076,
        -0.0019888107685530143,
        -0.0014910672041436321,
        0.0032956437373153494
    ]
}