{
    "bins": [
        -1.0,
        -0.75,
        -0.5,
        -0.25,
        0.0,
        0.25,
        0.5,
        0.75,
        1.0
    ],
    "yvals": [
        -4.500752e-05,
        -0.0001067738,
        0.0012486804,
        0.0005037316,
        -0.0010644516,
        -0.0001542842,
        -0.0026565652,
        -0.00025852464
    ]
}