{
    "bins": [
        0.0,
        0.7853982,
        1.570796,
        2.356194,
        3.141593,
        3.926991,
        4.712389,
        5.497787,
        6.283185
    ],
    "yvals": [
        -0.015861737396393318,
        0.0020738293384575304,
        0.011265996348348227,
        -0.029434771370984686,
        -0.0162371561934204,
        -0.012763936246336255,
        0.008072479176162916,
        0.0013069997631773957
    ]
}