{
    "bins": [
        [
            -1.0,
            -0.75,
            -0.5,
            -0.25,
            0.0,
            0.25,
            0.5,
            0.75,
            1.0
        ],
        [
            0.0,
            0.7853982,
            1.570796,
            2.356194,
            3.141593,
            3.926991,
            4.712389,
            5.497787,
            6.283185
        ]
    ],
    "zvals": [
        -0.0010343986018811857,
        -0.00029657536601197505,
        0.0010045979236005186,
        0.0019484786713504854,
        0.0013068864448343384,
        0.0004390495519469111,
        -0.0010970096689831145,
        -0.001874708109773644,
        -0.001959602148311519,
        -0.0012233240276456083,
        0.0009642056638799693,
        0.0018295271575339415,
        0.0022007094492219226,
        0.0009841395063394612,
        -0.0007092842100438251,
        -0.0006096557414202737,
        -0.0013755580290354627,
        -0.0011650829681468422,
        0.0004305013763722343,
        0.0008123285107314882,
        0.0010547192633543754,
        0.002052375992808742,
        0.0,
        -0.0011923503752237722,
        -0.0026032333662083765,
        -0.001219315358408185,
        0.0015506578830096337,
        0.0025519013902487783,
        0.0017895482290507482,
        0.0014858448837404734,
        -0.001300341482916942,
        -0.0026987560447059972,
        -0.000787268420019297,
        -0.002687337295826395,
        0.001083562728705701,
        0.00044989861204305074,
        0.0015217380232697302,
        0.0012184314194841343,
        -0.0005848321487958972,
        -0.002029317110560506,
        -0.001527935256281463,
        -0.00042980909801377084,
        0.0017647399153040881,
        0.0013123887348978037,
        0.0020315636148806075,
        0.00038473049332949673,
        -0.0012640765573632734,
        -0.003153123893872916,
        -0.0014723094603476298,
        -0.0011326484489770662,
        0.0016590121186965082,
        0.0018941770997925897,
        0.0017614707447688937,
        0.00034856289422687616,
        -0.0015533826162022315,
        -0.0015666039383853796,
        -0.0012723100205730036,
        -0.0005259780457750199,
        0.0007296983185595076,
        0.001033093752347533,
        0.002043868713696749,
        0.00033217451534126654,
        -0.00026162877929406496,
        -0.0017356652296033352
    ]
}