{
    "bins": [
        0.0,
        0.7853982,
        1.570796,
        2.356194,
        3.141593,
        3.926991,
        4.712389,
        5.497787,
        6.283185
    ],
    "yvals": [
        0.002515315161150102,
        -0.015687604421606476,
        -0.018333991173901644,
        0.0025234575037656024,
        0.002378946725099885,
        -0.01738023269730761,
        -0.013494648573080147,
        0.0023816778244915324
    ]
}