{
    "bins": [
        -1.0,
        -0.75,
        -0.5,
        -0.25,
        0.0,
        0.25,
        0.5,
        0.75,
        1.0
    ],
    "yvals": [
        -0.00023728588,
        0.00016856484,
        0.000253975,
        -0.0002231802,
        7.366988e-05,
        -0.00034876944,
        0.00010772328,
        0.00010740808
    ]
}