{
    "bins": [
        -1.0,
        -0.75,
        -0.5,
        -0.25,
        0.0,
        0.25,
        0.5,
        0.75,
        1.0
    ],
    "yvals": [
        -0.13346596,
        -0.013151868,
        0.04678716,
        0.07987792,
        0.05835104,
        0.04308552,
        -0.027386948,
        -0.14181584
    ]
}