{
    "bins": [
        [
            -1.0,
            -0.75,
            -0.5,
            -0.25,
            0.0,
            0.25,
            0.5,
            0.75,
            1.0
        ],
        [
            0.0,
            0.7853982,
            1.570796,
            2.356194,
            3.141593,
            3.926991,
            4.712389,
            5.497787,
            6.283185
        ]
    ],
    "zvals": [
        -0.000600606418502105,
        -0.001480615300934125,
        0.0008345180405348627,
        0.0013702044438559254,
        -0.0014432667259147585,
        -0.0008828451307489962,
        0.0008519919836821587,
        0.0007291258699411001,
        -0.004087069208969412,
        -0.0010446069494974392,
        0.004154762298859942,
        0.00270035281430203,
        -0.0013787913898431108,
        -0.00365565229348687,
        0.002084899121209884,
        0.0017932946098665901,
        -0.0025674507530065636,
        -0.003445649071082195,
        0.0033252287375318,
        0.0031191972487869223,
        -0.0024571190657475565,
        -0.007590139012322417,
        0.005033544266728462,
        0.0021497391131630084,
        -0.002060136119486905,
        -0.0073576880403790285,
        0.004394146152651268,
        0.003916980795748403,
        -0.0008835810633589591,
        -0.002805391406649878,
        0.005433224938184209,
        0.0018616421228472703,
        -0.0025392097919246567,
        -0.005804004034643336,
        0.005004765481959467,
        0.002509077297017185,
        -0.002019865596805695,
        -0.0033266028179343475,
        0.00403455063547399,
        0.003037325279667125,
        -0.00408631341401088,
        -0.0035149759777783948,
        0.003639545809895111,
        0.0029997812576792178,
        -0.0014156257082396436,
        -0.005808932541208408,
        0.004565989218205293,
        0.0026664351067866234,
        -0.0020846108381710063,
        -0.0028428258902686004,
        0.0036216109539367308,
        0.001162599392156089,
        -0.0034994257688458577,
        -0.0021118546265714968,
        0.0019547011833490795,
        0.0024103412537337765,
        -0.0019529904703117474,
        -0.0007158609306010279,
        0.0011153183481496009,
        0.0009867539938298877,
        -0.001536402690101069,
        -0.0009066328154642616,
        0.0018989775884328715,
        0.0018252305200675333
    ]
}