{
    "bins": [
        0.0,
        0.7853982,
        1.570796,
        2.356194,
        3.141593,
        3.926991,
        4.712389,
        5.497787,
        6.283185
    ],
    "yvals": [
        -0.00074519091080168,
        -0.0010651179567857205,
        0.0012953356132814195,
        0.0005113518097170992,
        -0.0007210725008212395,
        -0.0009823986055477608,
        0.0011652746760241308,
        0.0007374462374490387
    ]
}