{
    "bins": [
        0.0,
        0.7853982,
        1.570796,
        2.356194,
        3.141593,
        3.926991,
        4.712389,
        5.497787,
        6.283185
    ],
    "yvals": [
        0.0005771390868988495,
        -0.0003705060034545551,
        -0.0010330692209554904,
        0.0005232635895894953,
        -0.00019877081428778777,
        0.0006947029404200164,
        -0.00015941879149170232,
        -3.0334238182424712e-05
    ]
}