{
    "bins": [
        [
            -1.0,
            -0.75,
            -0.5,
            -0.25,
            0.0,
            0.25,
            0.5,
            0.75,
            1.0
        ],
        [
            0.0,
            0.7853982,
            1.570796,
            2.356194,
            3.141593,
            3.926991,
            4.712389,
            5.497787,
            6.283185
        ]
    ],
    "zvals": [
        -0.0006834571304084985,
        -0.004437202141386187,
        -0.001269381383706096,
        -0.0011457534323318468,
        0.0013485127285783763,
        0.001736525430418718,
        0.002322815693444598,
        0.0008493151243064029,
        -0.001457646325138,
        -0.006229296797113513,
        -0.00274039760732775,
        -0.0005610646308436859,
        0.0008517281683936039,
        0.005991515129908659,
        0.0052559441200512366,
        0.0004654905156366582,
        -0.0008183568538863471,
        -0.008737223353566817,
        -0.005880060809933308,
        -0.0017031241445430922,
        0.0005861990990555105,
        0.0062190889205218265,
        0.007732787707633583,
        0.001183818140611512,
        -0.0008100925110345299,
        -0.006923151554537077,
        -0.008147868978530632,
        -0.0005471399887191096,
        0.001061279504149488,
        0.006977659734300318,
        0.004889801603772865,
        0.0004792489413010984,
        -0.001143408782958759,
        -0.007066503114727339,
        -0.008092997435695025,
        -0.0010265982004051444,
        0.0007239860554776046,
        0.006820679451692011,
        0.006158548914053767,
        0.00181156407324694,
        -0.0006982068459031355,
        -0.006466002323917892,
        -0.0031780050369366875,
        -0.0008911108875870736,
        0.0018110919559255303,
        0.007017420467075294,
        0.0068886653645667565,
        0.001060799747389222,
        -0.00032975828057665526,
        -0.0038860679263425487,
        -0.004331508356272872,
        -0.00028594322121622257,
        0.00024451271839245827,
        0.006847463324327285,
        0.005452079073285138,
        0.0008126549851158268,
        -0.0005244427603730184,
        -0.004805964569801443,
        -0.002890269137430959,
        -0.001562424194581353,
        0.0,
        0.0025102584931461507,
        0.0035095118653217868,
        0.0008511124296216697
    ]
}