{
    "bins": [
        [
            -1.0,
            -0.75,
            -0.5,
            -0.25,
            0.0,
            0.25,
            0.5,
            0.75,
            1.0
        ],
        [
            0.0,
            0.7853982,
            1.570796,
            2.356194,
            3.141593,
            3.926991,
            4.712389,
            5.497787,
            6.283185
        ]
    ],
    "zvals": [
        -0.0004426507216339431,
        -0.002161669920644035,
        -0.0016567977000196083,
        -0.0016814021917522176,
        4.851027377202385e-05,
        0.0022211052230843476,
        0.001973604210858699,
        0.0004605105182340674,
        -0.0002745490886024439,
        -0.0031330701461093984,
        -0.0025034517531238943,
        -0.0010474910204876758,
        0.0004568027420492538,
        0.0031215969482988252,
        0.003881579021082306,
        0.000626191052179914,
        -0.0004248976888411508,
        -0.002711818138528017,
        -0.002603810042806323,
        -0.00041833809312209465,
        0.00017815242717704902,
        0.0020525033167897045,
        0.002475332506576284,
        0.000157476184049361,
        -0.00012124641996887692,
        -0.0008014858203066013,
        -0.0009488875703783308,
        -8.678167402810546e-05,
        9.53681572909531e-05,
        0.0007578893758323807,
        0.0007861430765038874,
        0.00017388401803926167,
        0.0001855350827134567,
        0.0008005650130417987,
        0.0009617778502109761,
        0.00020052319903641336,
        -0.00011145645901823022,
        -0.0008967789579296104,
        -0.0006181686227874276,
        -0.00011010208836793577,
        0.00018523729746261193,
        0.0023396531031790514,
        0.0014657256575647001,
        5.6629560261726846e-05,
        0.0,
        -0.0024939498190726236,
        -0.002000582634536885,
        -0.0001936682293563264,
        0.0007505711115711749,
        0.0013314394310755644,
        0.0023521501200665144,
        0.0008573644733441219,
        -0.0004909281663564205,
        -0.004067760294780481,
        -0.0021659713928479578,
        -0.00030805808010715593,
        0.001047464076184539,
        0.0021776674189818205,
        0.0016627121535832791,
        0.0009920267278160527,
        -0.0012489275501083525,
        -0.00348106106712775,
        -0.0006099419657294774,
        -0.00016763113733419237
    ]
}