{
    "bins": [
        [
            -1.0,
            -0.75,
            -0.5,
            -0.25,
            0.0,
            0.25,
            0.5,
            0.75,
            1.0
        ],
        [
            0.0,
            0.7853982,
            1.570796,
            2.356194,
            3.141593,
            3.926991,
            4.712389,
            5.497787,
            6.283185
        ]
    ],
    "zvals": [
        -0.000508930934652002,
        -0.004174044796152981,
        -0.0038697037680258933,
        0.0,
        0.0008223397564037593,
        0.0017346934929806292,
        0.006545267494951606,
        0.0004791490683704314,
        -0.0007074205161152648,
        -0.004498377255449403,
        -0.007104652672912334,
        0.0,
        0.0010300520245786209,
        0.009319142651241792,
        0.0088274378086015,
        0.0003606363652568507,
        -0.0008499505091812026,
        -0.005921065732549797,
        -0.005582825522855929,
        -0.0009835994188940908,
        0.0003940473492420402,
        0.005219977641908944,
        0.007103379433102709,
        0.00043385177960728196,
        -0.00017826075995590516,
        -0.0021445265061857824,
        -0.0016590559181459594,
        -0.0008369901158519428,
        0.0006462680067940075,
        0.0011422168123677425,
        0.002627144454149362,
        0.00035040328597730076,
        0.0002930862331999233,
        0.0021150800269621327,
        0.0023138770406851052,
        0.0006140904177367173,
        -0.0006323138077764393,
        -0.001859274915393215,
        -0.0028752062011871693,
        -0.00028571399468804357,
        0.0006878757807186215,
        0.0050578053567249615,
        0.006101324424049973,
        0.0003010398536285379,
        -0.0005921196641702676,
        -0.006130695519978407,
        -0.004772532652234918,
        -0.0016918204528150063,
        0.0007718362481604872,
        0.007799960733274271,
        0.009630572015716874,
        0.0005995683722541027,
        -0.0006426932587045037,
        -0.008553966269330965,
        -0.005110422995729554,
        -0.0003452781392364127,
        0.00024193342943744966,
        0.008272001780499003,
        0.0064279715507296956,
        0.0,
        -0.0012861372196007624,
        -0.009200405399555387,
        -0.008536594185368439,
        -0.0004772049839699109
    ]
}