{
    "bins": [
        -1.0,
        -0.75,
        -0.5,
        -0.25,
        0.0,
        0.25,
        0.5,
        0.75,
        1.0
    ],
    "yvals": [
        -0.0002534296,
        4.474888e-05,
        6.92762e-05,
        0.0009705212,
        -0.0001412658,
        -0.0005036496,
        9.546956e-05,
        -3.5315196e-05
    ]
}