{
    "bins": [
        -1.0,
        -0.75,
        -0.5,
        -0.25,
        0.0,
        0.25,
        0.5,
        0.75,
        1.0
    ],
    "yvals": [
        -0.13559044,
        -0.024521212,
        0.05548624,
        0.0738852,
        0.09949372,
        0.05451476,
        -0.022679676,
        -0.16264164
    ]
}