{
    "bins": [
        [
            -1.0,
            -0.75,
            -0.5,
            -0.25,
            0.0,
            0.25,
            0.5,
            0.75,
            1.0
        ],
        [
            0.0,
            0.7853982,
            1.570796,
            2.356194,
            3.141593,
            3.926991,
            4.712389,
            5.497787,
            6.283185
        ]
    ],
    "zvals": [
        0.0,
        0.09258156821931511,
        0.05718568165439689,
        0.0,
        0.0,
        0.06195584913636146,
        0.08336359399947545,
        0.0,
        0.0059244393480911975,
        0.10805199607129025,
        0.17645361969345483,
        0.005755494977711966,
        0.01288649067097191,
        0.09226766556573868,
        0.13578639110361881,
        0.005895390617241196,
        0.0729451124283198,
        0.11979626120674135,
        0.09671152714929249,
        0.0354449445441107,
        0.05617793780987472,
        0.1362230614287279,
        0.12000152788777159,
        0.06430966210761933,
        0.06580290099977311,
        0.09579430958426416,
        0.13503935584251553,
        0.10560405602757325,
        0.13906513640218077,
        0.11213855904904267,
        0.09017812624936658,
        0.12510278864983107,
        0.07561239636148899,
        0.09300341814046334,
        0.11824644320459184,
        0.0902561882559056,
        0.12320897175699451,
        0.10484610350421063,
        0.09704654200800106,
        0.10387100552840728,
        0.06352655251820032,
        0.11787132584277674,
        0.10799319580645739,
        0.045927504364023895,
        0.06584055472512024,
        0.12021426079516376,
        0.10421213193820206,
        0.03096434164589164,
        0.005427743531879752,
        0.13962229076781218,
        0.11468692306321128,
        0.006148176913899814,
        0.0,
        0.11680941382585647,
        0.1227258536436304,
        0.018154128225434753,
        0.0,
        0.05271509545863255,
        0.1402986511297457,
        0.0,
        0.0,
        0.0542377749879679,
        0.1025923162523969,
        0.0
    ]
}