{
    "bins": [
        [
            -1.0,
            -0.75,
            -0.5,
            -0.25,
            0.0,
            0.25,
            0.5,
            0.75,
            1.0
        ],
        [
            0.0,
            0.7853982,
            1.570796,
            2.356194,
            3.141593,
            3.926991,
            4.712389,
            5.497787,
            6.283185
        ]
    ],
    "zvals": [
        0.0026756985182802813,
        0.003934085376862527,
        0.008194978851486763,
        0.0025323424144925066,
        0.0012809092969424416,
        0.007286140275376308,
        0.006948578937048479,
        0.001963012383530389,
        0.0006906830191360255,
        0.0057941898996915955,
        0.005815145951479379,
        0.00065911212008164,
        0.0005080819151563918,
        0.005820269468473311,
        0.005093122213196368,
        0.0006520042067843312,
        0.0009088923300308048,
        0.0029158421375766524,
        0.004892042505837806,
        0.0005482573825533264,
        0.0005234436553187045,
        0.004195972997130118,
        0.003945038311785873,
        0.0,
        0.00017866346014034664,
        0.0013244004503195704,
        0.0008828568445552448,
        0.0001159995365412994,
        0.0004371959185024661,
        0.001048828746699126,
        0.0010844249667047792,
        0.00022670396410482335,
        -0.0002696010762438722,
        -0.001125158741213688,
        -0.0004362782181772809,
        -0.00040161222512379057,
        -0.00026149580212834757,
        -0.0009170188872393363,
        -0.0009686406127848558,
        -0.00032363443757177894,
        -0.0009614440165510947,
        -0.003932018653477257,
        -0.004571411691906524,
        -0.0007337967071513969,
        -0.0005338419501959514,
        -0.0030781697941680533,
        -0.0038585252317933083,
        -0.0003179322585491688,
        0.0,
        -0.005321629370492252,
        -0.003963115770602931,
        -0.0007830964898096382,
        -0.0006512173445819825,
        -0.00711081515359092,
        -0.0023730154647707284,
        -0.00031170071734330876,
        -0.004138379232343542,
        -0.004153398952734525,
        -0.009695053972635533,
        -0.0025183174411986774,
        -0.0012941336749011324,
        -0.004391839551412152,
        -0.010788568343693263,
        -0.004141922439323758
    ]
}