{
    "bins": [
        0.0,
        0.7853982,
        1.570796,
        2.356194,
        3.141593,
        3.926991,
        4.712389,
        5.497787,
        6.283185
    ],
    "yvals": [
        0.03976565008679673,
        0.24719982663562337,
        0.22625904318574794,
        0.04919606467540703,
        0.0530222384065149,
        0.252364533650455,
        0.279078505420182,
        0.04143960132315082
    ]
}