{
    "bins": [
        [
            -1.0,
            -0.75,
            -0.5,
            -0.25,
            0.0,
            0.25,
            0.5,
            0.75,
            1.0
        ],
        [
            0.0,
            0.7853982,
            1.570796,
            2.356194,
            3.141593,
            3.926991,
            4.712389,
            5.497787,
            6.283185
        ]
    ],
    "zvals": [
        -0.0021273249671313224,
        -0.0026907602746022463,
        -0.0007453184245439893,
        -0.002088687660666744,
        -0.0002195815115393723,
        -0.0013741277670684168,
        -0.002129032159491112,
        -0.0012724290105144145,
        -0.00018943465875017283,
        -0.0016921030336474075,
        -0.0008282924071617194,
        -0.0006585106423613985,
        -0.0004468934221884954,
        -0.0008737613286512064,
        -0.002369710134224941,
        -0.00031699647821868665,
        -0.00017754733840744731,
        -0.0007142530829599981,
        -0.0008492249789278815,
        -0.00030921684392264315,
        -0.0002928581941894427,
        -0.0009501796541371383,
        -0.001059149119300024,
        -0.0005529033687378884,
        -5.733270078795698e-05,
        -0.00030392705454484337,
        -0.0002492983175409156,
        -3.4040751261460737e-06,
        -7.4676176919218e-05,
        -0.00017070275198052457,
        -0.00011470413726543741,
        -7.6120692948034e-05,
        8.553480260076989e-05,
        0.0003014629274489946,
        0.0001175458048021513,
        3.948357459074942e-05,
        5.729222636166629e-05,
        0.00028217214711522064,
        0.00027217451534126654,
        5.586680892999474e-05,
        0.0002488267989409703,
        0.000903147933442136,
        0.00083575715751759,
        0.00024596440789967903,
        0.0001375876689270917,
        0.00025412221574284635,
        0.0008284772815820771,
        0.00012727651458241556,
        0.0012719891642226833,
        0.0011541448168049361,
        0.0011426522603826344,
        0.00036354332001950604,
        0.0004604733396316261,
        0.001829949656097928,
        0.0010624371337844,
        0.0005206033119513929,
        0.0011419114533239316,
        0.0010316423091584926,
        0.001476653620202751,
        0.0017946129292245089,
        0.002009754035533576,
        0.0023452002678896566,
        0.001279850470716758,
        0.0018042495651886055
    ]
}