{
    "bins": [
        [
            -1.0,
            -0.75,
            -0.5,
            -0.25,
            0.0,
            0.25,
            0.5,
            0.75,
            1.0
        ],
        [
            0.0,
            0.7853982,
            1.570796,
            2.356194,
            3.141593,
            3.926991,
            4.712389,
            5.497787,
            6.283185
        ]
    ],
    "zvals": [
        0.056936010293886584,
        0.011957466649384555,
        0.07158419043593187,
        0.061299237712296555,
        0.04173424429397578,
        0.03870457016697268,
        0.07616765003221299,
        0.05142849867201089,
        0.031162638264258816,
        0.03668730419158291,
        0.03806417637936436,
        0.02884474770148676,
        0.029050865930394517,
        0.03993685239840184,
        0.026633243272837472,
        0.008352514266652069,
        0.015423422157066312,
        0.022754874026894398,
        0.015963407087871376,
        0.008550217150773047,
        0.011847756169483492,
        0.03683644216053518,
        0.0,
        0.013297731850603138,
        0.024901141866635293,
        0.021649477500446268,
        0.027484735127922412,
        0.02371113281274868,
        0.017563513021423525,
        0.024308740281997157,
        0.03323603574238795,
        0.025954463851448572,
        0.007505823160786464,
        0.05939013325476593,
        0.018289555104545725,
        0.004567841823073368,
        0.01430625491788876,
        0.03138081838762004,
        0.021241668555305723,
        0.01916935362707825,
        0.0166157956562671,
        0.00956225240254047,
        0.03951179911331581,
        0.01617581891497188,
        0.024144492346555496,
        0.01118045627821818,
        0.028273145589879277,
        0.037472450910239145,
        0.022238894868870335,
        0.03503993008383777,
        0.05792207263069171,
        0.028911648728862656,
        0.028383978568827514,
        0.0254675107397778,
        0.06581524271770492,
        0.025322575305768546,
        0.04454929996019853,
        0.027210445458339706,
        0.07259458261925802,
        0.03259231040528445,
        0.06098762665553004,
        0.0221252307747155,
        0.01990561727939211,
        0.06825960850422336
    ]
}