{
    "bins": [
        -1.0,
        -0.75,
        -0.5,
        -0.25,
        0.0,
        0.25,
        0.5,
        0.75,
        1.0
    ],
    "yvals": [
        0.00016636648,
        0.000839434,
        4.6511e-05,
        -0.00013401628,
        -0.00013377376,
        -0.00013581812,
        0.0020114612,
        0.0002619692
    ]
}