{
    "bins": [
        [
            -1.0,
            -0.75,
            -0.5,
            -0.25,
            0.0,
            0.25,
            0.5,
            0.75,
            1.0
        ],
        [
            0.0,
            0.7853982,
            1.570796,
            2.356194,
            3.141593,
            3.926991,
            4.712389,
            5.497787,
            6.283185
        ]
    ],
    "zvals": [
        0.0003805935893410501,
        0.00028207005418146063,
        -0.0011047713388625897,
        -0.0008938468218064959,
        0.0007622377444302122,
        0.0005507164520408762,
        -0.00126122806526118,
        -0.000464731460991752,
        0.001566829666785587,
        0.0020740078467242967,
        -0.0014753340344640555,
        -0.00113495433531237,
        0.0009731977927114657,
        0.0017571992798555642,
        -0.0010903653943605666,
        -0.0005732359899057549,
        0.0016658887173410888,
        0.0021691463867100215,
        -0.0008782966088530912,
        -0.0009933050589572942,
        0.0013320232544518826,
        0.0037295720131703936,
        0.0,
        -0.0013157848632158475,
        0.0033738595275619424,
        0.002581634427802064,
        -0.0032070349045961416,
        -0.003208757332260418,
        0.0026852653049791305,
        0.003024960593227893,
        -0.0028885497543920413,
        -0.003677821945052064,
        0.0011402124425546173,
        0.0057913480277128355,
        -0.0022504146942059953,
        -0.0006186002274003405,
        0.0021105095760366073,
        0.0027477070224268467,
        -0.0013520879859638046,
        -0.002834950942070136,
        0.0018184329936075739,
        0.0008794427486300573,
        -0.0031305366196501655,
        -0.0018649501718234936,
        0.002341920911435985,
        0.0007286995892528376,
        -0.0026675020817470895,
        -0.0035839103231737296,
        0.0009965059762041726,
        0.0020126570255226076,
        -0.0028256267522962886,
        -0.0006053071114172541,
        0.0008520510620093248,
        0.0005910710238630606,
        -0.0026575646996809268,
        -0.001134891099799083,
        0.0006309869312152739,
        0.0005301563105982725,
        -0.000919801680167253,
        -0.0003379714005238102,
        0.0011118653217858968,
        0.00032003605815140865,
        -0.0002673420609678151,
        -0.0011377839006465513
    ]
}