{
    "bins": [
        [
            -1.0,
            -0.75,
            -0.5,
            -0.25,
            0.0,
            0.25,
            0.5,
            0.75,
            1.0
        ],
        [
            0.0,
            0.7853982,
            1.570796,
            2.356194,
            3.141593,
            3.926991,
            4.712389,
            5.497787,
            6.283185
        ]
    ],
    "zvals": [
        0.0,
        -0.03881855538683709,
        -0.04163365834901542,
        0.0,
        0.0,
        -0.007600589764679821,
        -0.014394006605568136,
        0.0,
        0.0015638283866706087,
        0.00036927121517274427,
        -0.015083353917376925,
        0.0005751634519524471,
        0.0007346084405613456,
        -0.021753378541834845,
        -0.012787366405312977,
        0.0009518430146244327,
        0.039397222962823185,
        0.05016679700401503,
        0.04596664620994707,
        0.033690269531792126,
        0.04876792148694036,
        0.055626930549861356,
        0.04680220728853397,
        0.043326736253466405,
        0.08890185895511346,
        0.08152133861337528,
        0.08310171403543173,
        0.06180084262903315,
        0.07255119060654595,
        0.07053300364910531,
        0.05772685950307998,
        0.10171108151535911,
        0.078559843911025,
        0.08458826851819548,
        0.08788094698484084,
        0.08224176501370642,
        0.10511109017338975,
        0.08023407240660152,
        0.08507258740154676,
        0.06377047051303927,
        0.03527827794868896,
        0.0678358915698516,
        0.03977670429514718,
        0.04207857152861157,
        0.027848214535814955,
        0.057329557752884536,
        0.05384964056440176,
        0.03179549222177801,
        0.002293623794910658,
        -0.006092988801343727,
        -0.01705138031927762,
        0.0014783094961923814,
        0.0011662255315139582,
        -0.013950246881199089,
        -0.013929839393530418,
        0.0027805571188111,
        0.0,
        -0.02884527560428613,
        -0.02883658476339385,
        0.0,
        0.0,
        -0.03362803062905687,
        -0.006824122292137237,
        0.0
    ]
}