{
    "bins": [
        [
            -1.0,
            -0.75,
            -0.5,
            -0.25,
            0.0,
            0.25,
            0.5,
            0.75,
            1.0
        ],
        [
            0.0,
            0.7853982,
            1.570796,
            2.356194,
            3.141593,
            3.926991,
            4.712389,
            5.497787,
            6.283185
        ]
    ],
    "zvals": [
        -0.0006595538416054429,
        -0.0038738193562548808,
        -0.0046156078828823105,
        0.0,
        0.0,
        -0.004182302985238059,
        -0.0039875375287433895,
        -0.0009333708514663905,
        0.0,
        -0.005683025850085142,
        -0.0025138923195628213,
        0.0,
        0.0,
        -0.005114395503935586,
        -0.003367415246792073,
        -0.0007370118080259947,
        -0.00039605596244045375,
        -0.0019322712643198134,
        -0.003259338068087773,
        -0.0007871138109419543,
        -0.0002689415557462585,
        -0.002630951950476065,
        -0.0027077665081907524,
        -0.00017102508537072928,
        -0.00016862580026284754,
        -0.0006171277790694091,
        -0.0009155322524376178,
        -0.0002027828403142861,
        -0.00017419453576403296,
        -0.000773056208444636,
        -0.0007471004509815407,
        -0.00012404100850778844,
        0.0004172776051689449,
        0.000892882562186958,
        0.0006349107076921511,
        0.0004395945500312581,
        0.00012576594287227617,
        0.0006885986468007305,
        0.0008682609326736255,
        0.0005372155263955346,
        0.0004107696707224437,
        0.0025154437662035724,
        0.001558347742163846,
        0.0007673572286188295,
        0.00047083471055439397,
        0.002817019141887299,
        0.002335781349073973,
        0.00024370573900111796,
        0.00014345278611537432,
        0.0037969044476569703,
        0.0035135449797427556,
        0.0002532802308126188,
        0.00016117565871061546,
        0.0033180028469642154,
        0.003546598794496549,
        0.0002336023773933726,
        0.0006034207870606273,
        0.0049296995738974565,
        0.005735059167453954,
        0.00111153642925443,
        0.0006858535417711782,
        0.002376601417370557,
        0.0041283130336466365,
        0.0018665975721863315
    ]
}