{
    "bins": [
        [
            -1.0,
            -0.75,
            -0.5,
            -0.25,
            0.0,
            0.25,
            0.5,
            0.75,
            1.0
        ],
        [
            0.0,
            0.7853982,
            1.570796,
            2.356194,
            3.141593,
            3.926991,
            4.712389,
            5.497787,
            6.283185
        ]
    ],
    "zvals": [
        0.0,
        0.010251992047851419,
        0.01846270553273627,
        0.0,
        0.0,
        0.02595399020623939,
        0.018088622583709156,
        0.0,
        0.04919937937214524,
        0.0963518359740758,
        0.06988757292481011,
        0.05250976892000117,
        0.046976086009895605,
        0.11845331920885975,
        0.07105161968836184,
        0.042459838196685,
        0.12401388238475719,
        0.08314110378205795,
        0.13258159557319985,
        0.07492899787241898,
        0.07171681109450238,
        0.07993679637585022,
        0.08694980124726573,
        0.08451073213835535,
        0.0756400001935324,
        0.10532476663418207,
        0.08590324905334622,
        0.0779896587594331,
        0.0920248841988393,
        0.10042887809747417,
        0.07829034451322771,
        0.0912902248286856,
        0.07669597409314154,
        0.08657253687239766,
        0.08311500665904421,
        0.08017794776922303,
        0.09286756523444162,
        0.0664318982223026,
        0.09860045480126002,
        0.0766808675346767,
        0.05258081823971585,
        0.08296015089423474,
        0.09076906230980981,
        0.043133760037891565,
        0.10374790870361265,
        0.11976623317095283,
        0.13173448366306004,
        0.08427034446229811,
        0.06770394941063017,
        0.09847672096866072,
        0.10213410270970898,
        0.03257710794131391,
        0.03109916246285322,
        0.10893009658797198,
        0.051281312150018216,
        0.04478576212315286,
        0.0,
        0.0378389753574558,
        0.013348630885232712,
        0.0,
        0.0,
        0.0,
        0.023676744784173125,
        0.0
    ]
}