{
    "bins": [
        0.0,
        0.7853982,
        1.570796,
        2.356194,
        3.141593,
        3.926991,
        4.712389,
        5.497787,
        6.283185
    ],
    "yvals": [
        0.00045064108881329244,
        -0.0035070266303266952,
        -0.0029050888848711105,
        0.0005589947275206615,
        0.00039713202732881913,
        -0.0036835056875622304,
        -0.0028161110672550735,
        0.0005048959890399518
    ]
}