{
    "bins": [
        [
            -1.0,
            -0.75,
            -0.5,
            -0.25,
            0.0,
            0.25,
            0.5,
            0.75,
            1.0
        ],
        [
            0.0,
            0.7853982,
            1.570796,
            2.356194,
            3.141593,
            3.926991,
            4.712389,
            5.497787,
            6.283185
        ]
    ],
    "zvals": [
        -0.001179067637282591,
        -0.0025315553468573506,
        -0.002535523136040581,
        -0.0009173329734313388,
        0.0008919895390617238,
        0.0018526240199236569,
        0.0020775051629874286,
        0.0008514348139414668,
        -0.0013373190822184209,
        -0.00326183139295781,
        -0.002729149806849522,
        -0.0017147243630307653,
        0.001681828066789067,
        0.004129659102773372,
        0.004269124698560476,
        0.001435476026167625,
        -0.0015243946319204703,
        -0.006704357969935744,
        -0.003805809538603359,
        -0.0012444136037861012,
        0.0010314943506349644,
        0.003914128123575564,
        0.005601740773467721,
        0.001097901446145776,
        -0.0008134513167970081,
        -0.005998387059398435,
        -0.00503321577085758,
        -0.0011698369873147279,
        0.0005974204161456992,
        0.004706774399731092,
        0.004996710966923778,
        0.0008790814338717443,
        -0.001590830231085327,
        -0.003943662689149371,
        -0.007200435957310817,
        -0.0014351574168034338,
        0.0008075533678466202,
        0.0069520472422898985,
        0.005563823691937083,
        0.0008677857595766734,
        -0.0008249303347015565,
        -0.004088680666026821,
        -0.0042580123707979915,
        -0.0012408826596417872,
        0.0008359751361729973,
        0.005763671412455851,
        0.004896896095992097,
        0.0008355631157706032,
        -0.0009972811244028826,
        -0.004558756339780937,
        -0.0035680019556963483,
        -0.0007497987647043095,
        0.0017455211243216809,
        0.0029121276091866803,
        0.004034703933547068,
        0.0005030169671937032,
        -0.0008640559654962285,
        -0.0032243385453842627,
        -0.002737770658952532,
        -0.0009340246167871362,
        0.0007363446303657507,
        0.002645964975719317,
        0.0022605313484373533,
        0.0016118268699436466
    ]
}