{
    "bins": [
        [
            -1.0,
            -0.75,
            -0.5,
            -0.25,
            0.0,
            0.25,
            0.5,
            0.75,
            1.0
        ],
        [
            0.0,
            0.7853982,
            1.570796,
            2.356194,
            3.141593,
            3.926991,
            4.712389,
            5.497787,
            6.283185
        ]
    ],
    "zvals": [
        -0.0003655404863418327,
        -0.0004829012762704453,
        0.0003666417281429289,
        0.0004260549351348805,
        0.00016197504959269054,
        0.00023124469377309344,
        -0.0004730107792482284,
        -0.0007134736783134158,
        -0.0005068008049929322,
        -0.0006896601951265969,
        0.0003035531539423325,
        0.0006363415283187272,
        0.0004060715713561785,
        0.00025038994242409585,
        -0.000503701766492912,
        -0.0003954961942862091,
        0.0,
        -0.0004756536878509209,
        0.000993386792428807,
        0.00018984017041019917,
        0.00039951708560500524,
        0.00040522593640421805,
        -0.000823032398860196,
        -0.00019646207400579073,
        -0.00022574418938062243,
        -0.0008907445373541916,
        0.00033684022622924945,
        0.0005827422749456009,
        0.0007052179913878057,
        0.00019753709584185346,
        -0.0007210657526502488,
        -9.870475860646452e-05,
        -0.0002291579481592904,
        -0.0011754558008693174,
        0.0010411393968408377,
        0.00020788852545012155,
        0.0006840307716597187,
        0.00042484640908176504,
        -0.0007445891127810361,
        -0.00018714766271368151,
        -0.00033892677625184267,
        -0.00076650787664544,
        0.0004915822551114213,
        0.0,
        0.0004829416423265655,
        0.0009025233066547153,
        -0.0008711425290107693,
        -0.00027151441689436445,
        -0.0004368061958889134,
        -0.00020133343892738176,
        0.0006228378478172851,
        0.00039170235765515366,
        0.0001716639461776067,
        0.0006987127545524691,
        -0.0005109750725110073,
        -0.0008692168811226922,
        -0.0004270684603045945,
        -0.0002421307520851217,
        0.00035868000682456544,
        0.00037654252169916184,
        0.00035179982633008983,
        0.00012998372799523302,
        -0.00017961512507034657,
        -0.0007038398366178678
    ]
}