{
    "bins": [
        0.0,
        0.7853982,
        1.570796,
        2.356194,
        3.141593,
        3.926991,
        4.712389,
        5.497787,
        6.283185
    ],
    "yvals": [
        -0.01562143890831428,
        -0.009115375673321213,
        0.004173673729752305,
        -0.007316291464593156,
        -0.017792813325218544,
        0.012677259173056211,
        0.0005265308798851029,
        -0.012263686691333568
    ]
}