{
    "bins": [
        [
            -1.0,
            -0.75,
            -0.5,
            -0.25,
            0.0,
            0.25,
            0.5,
            0.75,
            1.0
        ],
        [
            0.0,
            0.7853982,
            1.570796,
            2.356194,
            3.141593,
            3.926991,
            4.712389,
            5.497787,
            6.283185
        ]
    ],
    "zvals": [
        -0.0008896709974634522,
        -0.00041598542802131604,
        0.00032560490350115487,
        0.0009134597828619594,
        0.0003584837751051058,
        0.0004706280382684958,
        -0.00025387831392491457,
        -0.0002763441210698271,
        -0.0001637165453142113,
        -0.0008775176095476712,
        0.00041643579433612015,
        0.000183996108984096,
        0.0003446806332585516,
        0.000573609303817937,
        -0.0009218444661178156,
        -0.00017033493846432005,
        -0.0002663948045717446,
        -0.00039492155440211315,
        0.00045297232740597765,
        0.00015112496960143827,
        0.00017283802607085828,
        0.0006912546250436085,
        -0.0003349733510907846,
        -3.496018579115303e-05,
        -0.0001443985993347069,
        -0.00013360067980837227,
        0.00024406382496517694,
        5.0147412970986725e-05,
        6.935836353033746e-05,
        0.0002341861833108819,
        -0.00025527317360115513,
        -6.789709166562688e-05,
        0.00014573942237198912,
        0.00020390655537868833,
        -0.00022310848767121896,
        -0.00011085988141059514,
        -3.748909979398978e-05,
        -0.0003031303873959445,
        0.00015121815945546083,
        8.531261857045728e-05,
        0.00037395990976297116,
        0.0008318098166305023,
        -0.0004213669502596137,
        -0.0002752478167148163,
        -0.00010048423856439663,
        -0.0006732673116050718,
        0.0005564893213377168,
        0.0002618716115905567,
        9.205786313235757e-05,
        0.00037161693093614476,
        -0.0004879550495417611,
        0.0,
        -0.00014589953119310204,
        -0.0005625922143932123,
        0.0005941532827942013,
        0.0002520692948033991,
        0.00043944674179288923,
        0.0005330766141692783,
        -0.0006236150333970803,
        -0.0005574277532820898,
        -0.0008565832864356668,
        -0.00035463120608914217,
        0.0007342213756592202,
        0.0004316524870193202
    ]
}