{
    "bins": [
        0.0,
        0.7853982,
        1.570796,
        2.356194,
        3.141593,
        3.926991,
        4.712389,
        5.497787,
        6.283185
    ],
    "yvals": [
        0.07769560714552184,
        0.22596752881151436,
        0.21739525692706124,
        0.07946900874587312,
        0.07978163937264925,
        0.21902105683997164,
        0.237285299937102,
        0.05844135075464925
    ]
}