{
    "bins": [
        -1.0,
        -0.75,
        -0.5,
        -0.25,
        0.0,
        0.25,
        0.5,
        0.75,
        1.0
    ],
    "yvals": [
        0.00010005792,
        0.0008628944,
        -0.003896978,
        0.0009284896,
        -0.00037866488,
        0.0010175712,
        -0.00011230768,
        0.000797402
    ]
}