{
    "bins": [
        [
            -1.0,
            -0.75,
            -0.5,
            -0.25,
            0.0,
            0.25,
            0.5,
            0.75,
            1.0
        ],
        [
            0.0,
            0.7853982,
            1.570796,
            2.356194,
            3.141593,
            3.926991,
            4.712389,
            5.497787,
            6.283185
        ]
    ],
    "zvals": [
        0.0,
        -0.0009437490148304464,
        0.0014227757137145755,
        0.0,
        0.0,
        0.0015045136351251214,
        -0.0015777967349038327,
        0.0,
        0.0,
        -0.0030826747923154356,
        0.004340799441811668,
        0.0003162530637293911,
        0.00037690674027690405,
        0.005260527783365887,
        -0.004275139483421145,
        -0.00040896177479443554,
        -0.0027196033808073406,
        -0.0027921998253623835,
        0.0018529514972026927,
        0.0036818676876339287,
        0.0033474533930567675,
        0.004030459970613626,
        -0.0030708471373749368,
        -0.0013281021851341615,
        -0.0020444528648015745,
        -0.0013944531038920659,
        0.001079113010219023,
        0.0018243043344847653,
        0.0019012332600796024,
        0.0009900009931270517,
        -0.0008274291505707936,
        -0.0016819202493512848,
        0.0026256652994621067,
        0.0009227797684179914,
        -0.0011139564908492258,
        -0.0020125144035070073,
        -0.0016809357803304816,
        -0.0011366919701858169,
        0.0014045846819064987,
        0.0014457245880432597,
        0.0033969397943616367,
        0.0035993688803304517,
        -0.0028103000007639444,
        -0.004290656341553784,
        -0.0044764386973228844,
        -0.002361096921560789,
        0.0031643722036470688,
        0.002382863720050217,
        0.0,
        0.0034755768350764413,
        -0.003683884094433651,
        0.0,
        0.0,
        -0.0034445134823363447,
        0.0030585817636408553,
        0.0006942615081780195,
        0.0,
        0.002013267671490804,
        -0.0011061403263058988,
        0.0,
        0.0,
        -0.0015633734743403984,
        0.0008144212233797389,
        0.0
    ]
}