{
    "bins": [
        -1.0,
        -0.75,
        -0.5,
        -0.25,
        0.0,
        0.25,
        0.5,
        0.75,
        1.0
    ],
    "yvals": [
        0.017645964,
        0.0089717,
        0.005770444,
        0.002264758,
        -0.0019707044,
        -0.006032632,
        -0.009296528,
        -0.017247628
    ]
}