{
    "bins": [
        [
            -1.0,
            -0.75,
            -0.5,
            -0.25,
            0.0,
            0.25,
            0.5,
            0.75,
            1.0
        ],
        [
            0.0,
            0.7853982,
            1.570796,
            2.356194,
            3.141593,
            3.926991,
            4.712389,
            5.497787,
            6.283185
        ]
    ],
    "zvals": [
        -0.0025237455344308147,
        -0.002146628880294801,
        -0.0017446797674554816,
        -0.0032430960569086544,
        -0.0021202137005696467,
        0.0,
        -0.004104591557401471,
        -0.0018214383026185453,
        -0.0013680041538164972,
        -0.0015472872473032136,
        -0.0018439191339932116,
        -0.001695860575325408,
        -0.0015986065663523457,
        -0.002173855293749157,
        -0.0013979312399573212,
        -0.0006034056618427855,
        -0.0004649645491930081,
        -0.0007028845764528497,
        -0.0018554047756678784,
        -0.0004301410620589026,
        -0.0009480339904099574,
        -0.001462511490989282,
        -0.001358126707732895,
        -0.00014364722089946756,
        -0.00013119566609651,
        -0.00028590892411463337,
        -0.0004897751203848241,
        -0.00025545599115863404,
        -3.464115773149409e-05,
        -0.000646352040621443,
        -0.0004920609423502481,
        -0.0001613297207275802,
        3.448432654925871e-05,
        0.0002668084377114374,
        0.00023849421567154492,
        0.00014847933343434358,
        8.014107497090644e-05,
        0.00017239025309460942,
        0.0002294559955589396,
        0.00010726678703027003,
        0.000443792511874868,
        0.0008640676100696997,
        0.0006797078678580798,
        0.0010300237204274516,
        0.000593588982910575,
        0.0002586570375783998,
        0.0011212715082034844,
        0.0001507840865395634,
        0.0019293296063067115,
        0.002614586391762238,
        0.0009754300367457011,
        0.0018707204872937197,
        0.001281729772675764,
        0.002539517034675414,
        0.00149377869564221,
        0.0015714779003766245,
        0.001589648155547084,
        0.0023993726491212475,
        0.0011709523069832113,
        0.003175973486087963,
        0.0042177021077211795,
        0.0016781377085248502,
        0.00190608888741759,
        0.002560532621677163
    ]
}