{
    "bins": [
        [
            -1.0,
            -0.75,
            -0.5,
            -0.25,
            0.0,
            0.25,
            0.5,
            0.75,
            1.0
        ],
        [
            0.0,
            0.7853982,
            1.570796,
            2.356194,
            3.141593,
            3.926991,
            4.712389,
            5.497787,
            6.283185
        ]
    ],
    "zvals": [
        -0.00044024944289406315,
        -0.000258345312400926,
        0.000562412942228017,
        0.0010411329782696438,
        0.0011542397612420705,
        0.0003804350405781528,
        -0.0007023160232137084,
        -0.001367940330889562,
        -0.0007535245178815025,
        -0.0006760034214508876,
        0.00035775976001976075,
        0.00039677829994690594,
        0.00046616574017249837,
        0.0004836941270540542,
        -0.00035847251966518895,
        -0.000466415804471109,
        -0.00011516690514442228,
        -0.0007005219520604718,
        0.00043971785005818715,
        0.00044335228336170535,
        0.0003688843108844177,
        0.00027821125085625384,
        -0.00018370833641032956,
        -0.000505753057685403,
        -6.9977853272391e-05,
        -0.000127748002349892,
        0.00018966918683266325,
        0.0001820611943738151,
        8.201197354716968e-05,
        0.000260289687521486,
        -0.0001862787020084085,
        -0.00010308745374956393,
        7.902177519632716e-05,
        0.00019737539371768038,
        -0.00016680404075385987,
        -7.697524442990123e-05,
        -0.00010309687572415511,
        -0.00019094150990962548,
        0.0002327888280846145,
        9.319794550024321e-05,
        0.000135781721934173,
        0.000680023295201489,
        -0.0002438242521625979,
        -0.0001759702265982004,
        -9.533693745082108e-05,
        -0.0005449364526011017,
        0.0002835357869513292,
        0.0003615584964565737,
        0.0002620358437286971,
        0.0006823563804227616,
        -0.0010900913931535352,
        -0.0007564527074773459,
        -0.0003508677638598518,
        -0.0007999694422445692,
        0.0007505774142536652,
        0.00025715237370097714,
        0.0014934299569314012,
        0.0009425888384204794,
        -0.0006017270224777758,
        -0.0010164881798932772,
        -0.0007816979416805234,
        -0.00046001242682054206,
        0.00030030404966653856,
        0.0008120845736811148
    ]
}