{
    "bins": [
        -1.0,
        -0.75,
        -0.5,
        -0.25,
        0.0,
        0.25,
        0.5,
        0.75,
        1.0
    ],
    "yvals": [
        -0.0005115036,
        -0.0021857772,
        -0.0005635592,
        -0.00030425696,
        0.000831866,
        -0.0004606072,
        -0.0025604796,
        -0.0005656688
    ]
}