{
    "bins": [
        [
            -1.0,
            -0.75,
            -0.5,
            -0.25,
            0.0,
            0.25,
            0.5,
            0.75,
            1.0
        ],
        [
            0.0,
            0.7853982,
            1.570796,
            2.356194,
            3.141593,
            3.926991,
            4.712389,
            5.497787,
            6.283185
        ]
    ],
    "zvals": [
        0.0,
        0.05072499566461734,
        0.0751919918308934,
        0.0,
        0.0,
        0.04442867947206386,
        0.10763454961688215,
        0.0,
        0.0,
        0.12522372739012,
        0.1480671965041928,
        0.005041251134773535,
        0.006266173328681762,
        0.17043068609800385,
        0.1420301554116512,
        0.00662620480316986,
        0.04988026201231426,
        0.13316691235957115,
        0.07080573161632703,
        0.06896199256683545,
        0.060395111777722874,
        0.15405559983600675,
        0.14278202898403106,
        0.023575990771557864,
        0.08595099912375657,
        0.13258814832432683,
        0.10802095243430722,
        0.078025615005876,
        0.08269330963409632,
        0.10129208375880766,
        0.11353183990791932,
        0.07091253097155838,
        0.11502883505462579,
        0.09068112999552583,
        0.10673574417047155,
        0.08926958144841031,
        0.08723729879627905,
        0.0879903946788762,
        0.15078810997736183,
        0.078878377586905,
        0.059922317112516936,
        0.1291567661635925,
        0.12932958831063998,
        0.07657763760840032,
        0.08253461302422463,
        0.11051105299478738,
        0.1243991454014398,
        0.04251363512512129,
        0.0,
        0.13780899309878383,
        0.13921614264360238,
        0.0,
        0.0,
        0.10356619191798301,
        0.12343769655639564,
        0.011258679039162313,
        0.0,
        0.10451936585511189,
        0.09221373112740294,
        0.0,
        0.0,
        0.10380978815836049,
        0.044537475267316703,
        0.0
    ]
}