{
    "bins": [
        [
            -1.0,
            -0.75,
            -0.5,
            -0.25,
            0.0,
            0.25,
            0.5,
            0.75,
            1.0
        ],
        [
            0.0,
            0.7853982,
            1.570796,
            2.356194,
            3.141593,
            3.926991,
            4.712389,
            5.497787,
            6.283185
        ]
    ],
    "zvals": [
        0.0,
        -0.0007568480583979226,
        5.434355575135156e-05,
        0.0,
        0.0,
        -0.0003955804318320139,
        0.0005715160975709133,
        0.0,
        -0.0022483805030365485,
        -0.0036019036467889263,
        0.005389216677404323,
        0.0018074400400306086,
        -0.001686509514921097,
        -0.004410934074189138,
        0.0021146771445814737,
        0.0014010735958074763,
        -0.004876254618357923,
        -0.004720578539944981,
        0.004649562132829471,
        0.004994722427708719,
        -0.007517426833274337,
        -0.004275861155745241,
        0.005178026936661414,
        0.004271076320540669,
        -0.009684249340016313,
        -0.006256803876965278,
        0.005827048197219755,
        0.005293788252849826,
        -0.005978247971092361,
        -0.006269835166374247,
        0.007291813831967997,
        0.006784870855286111,
        -0.0069153710818283,
        -0.006479121790257115,
        0.00804463978772546,
        0.007358573158356453,
        -0.006890412249585557,
        -0.007965418806770581,
        0.008467538751053608,
        0.007692935301592315,
        -0.005006118425023127,
        -0.004655226688946671,
        0.008195381195266605,
        0.0060290680278431725,
        -0.0059727985047071655,
        -0.005800702319078991,
        0.006368490879783245,
        0.004720924677679344,
        -0.00131564752758537,
        -0.004640406683084674,
        0.002874577730017139,
        0.001372520718768422,
        -0.0017695761893969676,
        -0.004143230311256204,
        0.0024549183980606014,
        0.0006629301322386867,
        0.0,
        -1.2265646784342913e-05,
        0.00046586978831114937,
        0.0,
        0.0,
        0.0,
        0.0002144735790007105,
        0.0
    ]
}