{
    "bins": [
        -1.0,
        -0.75,
        -0.5,
        -0.25,
        0.0,
        0.25,
        0.5,
        0.75,
        1.0
    ],
    "yvals": [
        0.0006501164,
        -0.00034578252,
        -0.0008408716,
        0.00022447196,
        0.0011370368,
        0.0009229384,
        -0.0007501268,
        -5.4503e-05
    ]
}