{
    "bins": [
        [
            -1.0,
            -0.75,
            -0.5,
            -0.25,
            0.0,
            0.25,
            0.5,
            0.75,
            1.0
        ],
        [
            0.0,
            0.7853982,
            1.570796,
            2.356194,
            3.141593,
            3.926991,
            4.712389,
            5.497787,
            6.283185
        ]
    ],
    "zvals": [
        -0.00010385305186591972,
        -0.00016362358030541974,
        -0.0005171115790974768,
        -0.0004531832100626561,
        0.0002790975276229376,
        0.000543060206417638,
        0.000879078887392125,
        0.0003055872818621897,
        -0.00010375190572119976,
        -0.0019741771621972965,
        -0.0008222674363825732,
        -0.00023663941512530576,
        9.974041186761359e-05,
        0.0019426486953111675,
        0.0014066065867241835,
        0.00012195386288225845,
        -8.957463869919742e-05,
        -0.0015815430091604534,
        -0.0011122406728817748,
        -8.143295318685153e-05,
        0.00042030109575018,
        0.0008963098963837445,
        0.0014583479968118078,
        0.000284100341482917,
        -0.00046945898271730187,
        -0.002671349983409681,
        -0.003123546533095323,
        -0.000536138701475301,
        0.0001795844145261383,
        0.0016760735321454858,
        0.001517570454724866,
        0.0004237783136702666,
        -0.00018870483787714306,
        -0.0011701728729059337,
        -0.0010853783686742265,
        -8.378085533595027e-05,
        0.0005688789632772172,
        0.0016251963972406351,
        0.0016509667709874486,
        0.0001758324314551349,
        -0.00019514050325045306,
        -0.0017120384090711738,
        -0.0013858553243069123,
        -0.0003360472320438401,
        0.0,
        0.0008057061515308164,
        0.0011024937674911322,
        0.00035080450930610984,
        0.0,
        -0.0015963981564501453,
        -0.0012260744234133525,
        -8.87908948190665e-05,
        0.0002568052885288732,
        0.0014421921115154357,
        0.0011137273076834932,
        0.00028250222180346786,
        -0.00031116816921658336,
        -0.000692855518566515,
        -0.0007950832571511515,
        -0.0002933031491000116,
        0.0005223349180924828,
        0.0007839948662970877,
        0.000625562581009883,
        0.00032963450378024905
    ]
}