{
    "bins": [
        -1.0,
        -0.75,
        -0.5,
        -0.25,
        0.0,
        0.25,
        0.5,
        0.75,
        1.0
    ],
    "yvals": [
        0.0036312824,
        -0.0009617164,
        -0.0017402512,
        0.0001939748,
        2.417036e-05,
        0.0005468692,
        -0.0038887996,
        0.0014987484
    ]
}