{
    "bins": [
        [
            -1.0,
            -0.75,
            -0.5,
            -0.25,
            0.0,
            0.25,
            0.5,
            0.75,
            1.0
        ],
        [
            0.0,
            0.7853982,
            1.570796,
            2.356194,
            3.141593,
            3.926991,
            4.712389,
            5.497787,
            6.283185
        ]
    ],
    "zvals": [
        0.0,
        0.00028883131579945855,
        0.000376060494169835,
        0.0,
        -2.0721071354905407e-05,
        -0.00039855680814058613,
        -0.00039327607149496194,
        0.0,
        0.0,
        0.000588956577163827,
        0.000424288831904334,
        0.0,
        0.0,
        -0.0003424044369860887,
        -0.0006120423021194352,
        0.0,
        4.668572960824203e-05,
        0.0003568651198157163,
        0.00022500230456405545,
        9.880807080222919e-05,
        -5.386970682380142e-05,
        -0.00026678203916994953,
        -0.00032417098082755506,
        -9.268661239269774e-05,
        4.55032822840694e-05,
        0.00011010858446509526,
        0.00015465962480169294,
        2.9838652710278473e-05,
        -5.4074953081113005e-05,
        -0.0001238791542631889,
        -0.0001478864473808184,
        -2.4810203234538415e-05,
        -3.466035445459386e-05,
        -0.00016611373242960445,
        -0.00018586551022538897,
        -3.476886525192928e-05,
        4.015094003295143e-05,
        7.914560515814914e-05,
        0.0001069669135903071,
        2.8527141653021788e-05,
        -5.9048772966375525e-05,
        -0.00037000679146287395,
        -0.00035568310589026214,
        -5.375917208960032e-05,
        7.134130720984772e-05,
        0.0003054574623312003,
        0.00033255893190458854,
        3.919882148923222e-05,
        -1.4654573947330156e-05,
        -0.0003061183008152047,
        -0.00028255366069177674,
        0.0,
        5.3549818054031184e-05,
        0.0006739971326639489,
        0.00054140957832844,
        2.9356285602968184e-05,
        0.0,
        -0.00027665195904546716,
        -0.00026828028591873175,
        -1.3184788878009777e-05,
        0.0,
        0.00036743648443209693,
        0.0004384680887906515,
        0.0
    ]
}