{
    "bins": [
        [
            -1.0,
            -0.75,
            -0.5,
            -0.25,
            0.0,
            0.25,
            0.5,
            0.75,
            1.0
        ],
        [
            0.0,
            0.7853982,
            1.570796,
            2.356194,
            3.141593,
            3.926991,
            4.712389,
            5.497787,
            6.283185
        ]
    ],
    "zvals": [
        -6.513164914307162e-05,
        -9.213506836917547e-05,
        3.881711947318431e-05,
        0.00013466806043807035,
        8.797547230830736e-05,
        2.76427187235007e-05,
        -7.33042864891431e-05,
        -0.00010534022240952997,
        -8.426344750981095e-05,
        -0.00016681314869993271,
        5.646548628848051e-05,
        3.6692218859458694e-05,
        5.6394082999956696e-05,
        0.0001469307026501214,
        -0.00010408302542150606,
        -3.1275771010366725e-05,
        -5.38076099486859e-05,
        -0.00023006629252080921,
        0.00015835146002408975,
        0.00010247138078861828,
        3.506256445776535e-05,
        0.00014056817053264718,
        -0.00017845632405481045,
        -7.723238409061395e-05,
        -5.563491232854875e-05,
        -0.0001286266399014614,
        0.00020328684310375126,
        3.3102665014852325e-05,
        6.813421984777143e-05,
        0.0001765900091418619,
        -0.00012014560770462876,
        -3.093129852635225e-05,
        -7.756554573208851e-05,
        -0.00018662135289912958,
        0.00013723615288045046,
        6.737446826390154e-05,
        5.2302908843669046e-05,
        0.0001742922187222275,
        -0.00015633128681254605,
        -0.0001082068454465125,
        -3.976671706148549e-05,
        -0.00011884835939189031,
        6.854593467261187e-05,
        4.958743262978435e-05,
        0.00011802601992874946,
        0.0001516832994227131,
        -0.00010333298531445206,
        -6.521534304900193e-05,
        -2.4084913869168533e-05,
        -8.015897167015238e-05,
        0.00010019460197250315,
        1.7709587101587858e-05,
        1.740962416507299e-05,
        0.00016498936844758965,
        -0.00012112951649991471,
        -5.3769120878841055e-05,
        -8.719047229800119e-05,
        -4.8777600344691566e-05,
        3.1492196313206816e-05,
        0.0001774157593783542,
        0.0,
        3.9208330044130495e-05,
        -7.147087209287521e-05,
        -8.341803773373502e-05
    ]
}