{
    "bins": [
        -1.0,
        -0.75,
        -0.5,
        -0.25,
        0.0,
        0.25,
        0.5,
        0.75,
        1.0
    ],
    "yvals": [
        0.0032122796,
        0.006404132,
        0.006282176,
        0.0025805072,
        -0.0031012832,
        -0.00733842,
        -0.007194932,
        -0.004758276
    ]
}