{
    "bins": [
        [
            -1.0,
            -0.75,
            -0.5,
            -0.25,
            0.0,
            0.25,
            0.5,
            0.75,
            1.0
        ],
        [
            0.0,
            0.7853982,
            1.570796,
            2.356194,
            3.141593,
            3.926991,
            4.712389,
            5.497787,
            6.283185
        ]
    ],
    "zvals": [
        -0.0003613373700117978,
        -0.00017771412142993014,
        8.720974588679881e-06,
        0.00036256068571515886,
        4.242539960631424e-05,
        2.507841374691558e-05,
        -6.863898303789928e-05,
        -0.00022894542639527988,
        -4.2292060256822584e-05,
        -0.00023588652782067889,
        0.00013005258480413756,
        0.0002114860344869296,
        0.00011946875342183195,
        0.00011858746775520185,
        -0.00032243810144665515,
        -9.794763928606899e-05,
        -8.194187356171684e-05,
        -0.0001365654449248521,
        0.00031000847977713216,
        0.00017097551690287358,
        0.00016242134561076036,
        0.0001771490123478797,
        -0.0003203712257988944,
        -0.0003262079098749934,
        -8.042055609498468e-05,
        -0.00022312438359262018,
        0.00016903373830847547,
        4.264399623630792e-05,
        8.110552866190133e-05,
        0.00022504753004209336,
        -8.806811323685572e-05,
        -0.00018173522214214963,
        -0.00011522226559724736,
        -0.000246932853644357,
        0.0001624885217431163,
        0.0001298992231973812,
        0.0001255121097838293,
        0.00024694511572476635,
        -0.00028862166697648844,
        -0.00013452939783396446,
        -0.00015496394058453405,
        -0.00029389402414929097,
        0.00018705318831980733,
        0.00012954740202113831,
        8.437194899910616e-05,
        7.352384396191487e-05,
        -0.0001933654529295975,
        -8.87380920246805e-05,
        -0.0003804431433634556,
        -0.00013862564932063727,
        0.00016363805357283827,
        8.093048246814676e-05,
        0.00013549028645349232,
        0.0001995720895647812,
        -0.00016240204329524653,
        -0.00017043002401330285,
        -0.00017210245707209414,
        -8.173478458941443e-05,
        0.00010197662841005453,
        0.0001997928186819693,
        0.000299807282422415,
        6.265674218676391e-05,
        -4.913033137339287e-05,
        -0.0002459944639533078
    ]
}