{
    "bins": [
        [
            -1.0,
            -0.75,
            -0.5,
            -0.25,
            0.0,
            0.25,
            0.5,
            0.75,
            1.0
        ],
        [
            0.0,
            0.7853982,
            1.570796,
            2.356194,
            3.141593,
            3.926991,
            4.712389,
            5.497787,
            6.283185
        ]
    ],
    "zvals": [
        0.0,
        -0.00191142017459178,
        -0.0006541081082457558,
        0.0,
        0.0,
        -0.0013678165719800666,
        -0.0015206786877481231,
        0.0,
        -0.002206381425371232,
        -0.002952298567681244,
        -0.0023946778575957674,
        -0.004237156910054635,
        -0.0031683156819854383,
        -0.003528132742889593,
        -0.00404865456749317,
        -0.001710996972235733,
        -0.0025473193088550493,
        -0.0032384852618634785,
        -0.003143950455692529,
        -0.0021958775093933146,
        -0.0031756897776668634,
        -0.003510771354141468,
        -0.002347250693279077,
        -0.003110316043585546,
        -0.0010217660290028675,
        -0.0009028306420007798,
        -0.0008662874109687065,
        -0.0009031618323934714,
        -0.0005832344874827793,
        -0.0007321790990045813,
        -0.001047731723279153,
        -0.0012636950947163097,
        0.00107684433195798,
        0.000539119921140599,
        0.0013632695779719332,
        0.0007223513144274439,
        0.0009612884168281557,
        0.00087473408386576,
        0.001316371572120123,
        0.0006981357222707469,
        0.0016544489152126908,
        0.0024834406207911454,
        0.002715640732469398,
        0.00332690619672294,
        0.0015269654366321275,
        0.0025698023167871585,
        0.003008529688132642,
        0.002267231136315601,
        0.0018190528065890651,
        0.005680876620739197,
        0.002827368035059932,
        0.003926680833563578,
        0.0038648720775963257,
        0.0037791061347240518,
        0.002260416247558563,
        0.0016901693154298843,
        0.0,
        0.0,
        0.001047218862283836,
        0.0,
        0.0,
        0.0,
        0.0005966641116987822,
        0.0
    ]
}