{
    "bins": [
        -1.0,
        -0.75,
        -0.5,
        -0.25,
        0.0,
        0.25,
        0.5,
        0.75,
        1.0
    ],
    "yvals": [
        -0.00011216016,
        -2.4484084e-06,
        0.00018434652,
        -0.0004506192,
        0.0005811904,
        0.0005804924,
        -8.043976e-05,
        -8.577436e-05
    ]
}