{
    "bins": [
        0.0,
        0.7853982,
        1.570796,
        2.356194,
        3.141593,
        3.926991,
        4.712389,
        5.497787,
        6.283185
    ],
    "yvals": [
        0.0017493228275796914,
        0.00534924340251526,
        -0.0046574284630212974,
        -0.0027035608652417435,
        0.002094412005123516,
        0.005187214635127669,
        -0.0041293560716986815,
        -0.0022000781769243114
    ]
}