{
    "bins": [
        0.0,
        0.7853982,
        1.570796,
        2.356194,
        3.141593,
        3.926991,
        4.712389,
        5.497787,
        6.283185
    ],
    "yvals": [
        0.059720228541394665,
        0.20944889328694324,
        0.210921469115022,
        0.05800428826621883,
        0.060592209300252844,
        0.1982850733004159,
        0.188627167372466,
        0.0800374205180049
    ]
}