{
    "bins": [
        [
            -1.0,
            -0.75,
            -0.5,
            -0.25,
            0.0,
            0.25,
            0.5,
            0.75,
            1.0
        ],
        [
            0.0,
            0.7853982,
            1.570796,
            2.356194,
            3.141593,
            3.926991,
            4.712389,
            5.497787,
            6.283185
        ]
    ],
    "zvals": [
        -0.0001605750560671007,
        -0.0010109394245820399,
        -0.0007491997687796507,
        -0.00027951306278719483,
        0.00040392763923513927,
        0.0009465458277204681,
        0.0003348304935841447,
        0.0003087088584386516,
        -0.00028567857680346094,
        -0.0008639102375891554,
        -0.0010266636787972469,
        -0.0006153346260945074,
        0.00048798993631254457,
        0.0007305320359868501,
        0.0010765099987522253,
        0.0003136267217385326,
        -0.0002249028327286719,
        -0.0005267348597105823,
        -0.0006479991036391741,
        -0.0001865378998445376,
        0.000249535038286321,
        0.0008380917700325187,
        0.0003529774712948086,
        0.00030886042490558933,
        -9.78697430169817e-05,
        -0.00032418955082379907,
        -0.0002638826174754711,
        -5.949373503149355e-05,
        2.4847198490446875e-05,
        0.00022198717083567827,
        0.0002526194871899343,
        5.752293741517041e-05,
        6.669111286478629e-05,
        0.00022500037560583948,
        0.00020318671552512234,
        5.2227110042156925e-05,
        -1.1195556902360328e-05,
        -0.0002860046498717848,
        -0.00018330772423662912,
        -4.146603378159864e-05,
        0.00013253200733080365,
        0.0006019894631739482,
        0.0007279585636836357,
        0.0002212858941760812,
        -0.00014616854130007967,
        -0.0006664132070618975,
        -0.0007642255264209995,
        -0.00018612555672410682,
        0.00045990163970327405,
        0.0008929986816871654,
        0.0009490566566250489,
        0.00021153818632313004,
        -0.00034495565305743065,
        -0.001502484090868579,
        -0.0010275381398984974,
        -0.0002068599614462986,
        0.00041332348355267425,
        0.0010259937066286664,
        0.0007612660078075067,
        0.0003227790715292482,
        -0.0001818977384714501,
        -0.0007646360189356227,
        -0.0009339417721970265,
        -0.00021268121385590498
    ]
}