{
    "bins": [
        -1.0,
        -0.75,
        -0.5,
        -0.25,
        0.0,
        0.25,
        0.5,
        0.75,
        1.0
    ],
    "yvals": [
        0.00027196924,
        -0.0026707244,
        -0.01608252,
        -0.025823252,
        -0.027427172,
        -0.019439476,
        -0.0018286492,
        0.0001443094
    ]
}