{
    "bins": [
        0.0,
        0.7853982,
        1.570796,
        2.356194,
        3.141593,
        3.926991,
        4.712389,
        5.497787,
        6.283185
    ],
    "yvals": [
        -0.00036541298413976503,
        -0.0028905390363965877,
        -0.0025168895260746786,
        -0.0005273290391253363,
        0.0005816855912543702,
        0.002428795336886522,
        0.002438589097502159,
        0.0005685484302226389
    ]
}