{
    "bins": [
        [
            -1.0,
            -0.75,
            -0.5,
            -0.25,
            0.0,
            0.25,
            0.5,
            0.75,
            1.0
        ],
        [
            0.0,
            0.7853982,
            1.570796,
            2.356194,
            3.141593,
            3.926991,
            4.712389,
            5.497787,
            6.283185
        ]
    ],
    "zvals": [
        -0.009238564590547827,
        -0.021688306231568255,
        -0.03127281200104916,
        -0.052648348164436164,
        -0.0601317548555,
        -0.056758637022248606,
        -0.02501706905288784,
        -0.04703612690635832,
        -0.004539067698398086,
        -0.008823253642931008,
        -0.005914397541119281,
        3.6493400169849975e-06,
        0.0,
        -0.004139016396782269,
        -0.008860277209771353,
        -0.0006552677750643625,
        0.002895871673757337,
        0.01348449919263843,
        0.025031721496617008,
        0.0014476432997750188,
        0.0,
        0.014989500864529834,
        0.017132842202297438,
        0.003757454437113413,
        0.013740861641903431,
        0.04369012492777545,
        0.038910972526031394,
        0.015625820761167256,
        0.0023335704954685387,
        0.04946931874030747,
        0.02845558557572085,
        0.011174069707333098,
        0.01993511571582415,
        0.023791943394799425,
        0.033039376214352476,
        0.004216711251223901,
        0.016873259162870285,
        0.03861043190840823,
        0.034664626087665115,
        0.004431854932149051,
        0.0,
        0.021411040367059854,
        0.021921868912322166,
        0.007940213827621376,
        0.003895796526092502,
        0.019657824440602094,
        0.017085808723729883,
        0.0,
        -0.0027599100685486676,
        -0.0059125655814161945,
        -0.010058380591750937,
        -0.00038767800824803704,
        -0.005369002722186712,
        -0.015143853180171075,
        -0.005074787559937765,
        -0.0013637396581096465,
        -0.0381000007384789,
        -0.017090152276973528,
        -0.06473074797745858,
        -0.0385981443826641,
        -0.05464078085251043,
        -0.04075942643093056,
        -0.04348962436879138,
        -0.08421600258722332
    ]
}