{
    "bins": [
        -1.0,
        -0.75,
        -0.5,
        -0.25,
        0.0,
        0.25,
        0.5,
        0.75,
        1.0
    ],
    "yvals": [
        -0.005078972,
        -0.0027172976,
        -0.001161638,
        -0.0007550292,
        0.0004269552,
        0.0012545616,
        0.0023228048,
        0.00549714
    ]
}