{
    "bins": [
        [
            -1.0,
            -0.75,
            -0.5,
            -0.25,
            0.0,
            0.25,
            0.5,
            0.75,
            1.0
        ],
        [
            0.0,
            0.7853982,
            1.570796,
            2.356194,
            3.141593,
            3.926991,
            4.712389,
            5.497787,
            6.283185
        ]
    ],
    "zvals": [
        0.04412616173553746,
        0.15505151656905583,
        0.05681873394126292,
        0.11897366816102391,
        0.059772191933261845,
        0.07158042164609536,
        0.06975678573156542,
        0.07743044927539924,
        0.03431280591170186,
        0.10371167324380078,
        0.04091600946271828,
        0.016108337290982037,
        0.021546843765835915,
        0.102706092961785,
        0.08609530454623009,
        0.010176226575570605,
        0.013281874086291513,
        0.10467128886788327,
        0.07041800462949996,
        0.02767022621622895,
        0.0094417301801125,
        0.07367001189205984,
        0.09436937705469077,
        0.021146542262649004,
        0.011766826050785448,
        0.06665860281248559,
        0.08220723760437385,
        0.007312960673492072,
        0.014469168498009922,
        0.0704895607068009,
        0.05031668529840923,
        0.006599196840328089,
        0.016690967715484957,
        0.07127863103257992,
        0.07774458300122997,
        0.014693886801485615,
        0.010634175284378107,
        0.06835011038989151,
        0.06152106320617064,
        0.02447141958599335,
        0.010873327695428892,
        0.07526040943837632,
        0.03539165620487957,
        0.01425888752086519,
        0.031531468121894876,
        0.0843359927068824,
        0.07824771644440146,
        0.017310897150234664,
        0.011337754530122427,
        0.06863054620219206,
        0.07007346593701538,
        0.007172547966065656,
        0.0059415328279420095,
        0.12489993608336158,
        0.08852673421628272,
        0.020095431870211032,
        0.07693982491938484,
        0.19128635196075158,
        0.1028600021899725,
        0.14232225913198263,
        0.0,
        0.10758805089903464,
        0.13175470271123688,
        0.05391039956811707
    ]
}