{
    "bins": [
        -1.0,
        -0.75,
        -0.5,
        -0.25,
        0.0,
        0.25,
        0.5,
        0.75,
        1.0
    ],
    "yvals": [
        -0.33531204,
        -0.04955108,
        0.1070888,
        0.1648674,
        0.1645642,
        0.10865996,
        -0.038076756,
        -0.35574568
    ]
}