{
    "bins": [
        -1.0,
        -0.75,
        -0.5,
        -0.25,
        0.0,
        0.25,
        0.5,
        0.75,
        1.0
    ],
    "yvals": [
        0.007567928,
        0.004619588,
        0.0027096396,
        0.0007943664,
        -0.0005415248,
        -0.0023002168,
        -0.00478896,
        -0.010300188
    ]
}