{
    "bins": [
        -1.0,
        -0.75,
        -0.5,
        -0.25,
        0.0,
        0.25,
        0.5,
        0.75,
        1.0
    ],
    "yvals": [
        0.9432316,
        0.7084512,
        0.4577688,
        0.38403872,
        0.37497608,
        0.465094,
        0.7049264,
        1.0226048
    ]
}