{
    "bins": [
        [
            -1.0,
            -0.75,
            -0.5,
            -0.25,
            0.0,
            0.25,
            0.5,
            0.75,
            1.0
        ],
        [
            0.0,
            0.7853982,
            1.570796,
            2.356194,
            3.141593,
            3.926991,
            4.712389,
            5.497787,
            6.283185
        ]
    ],
    "zvals": [
        0.0008583167111918514,
        -0.0003030494865149864,
        -0.0016221309450749814,
        0.00017433936126733037,
        0.0012211026766047275,
        -0.00011023287556118047,
        -0.0005084345007244736,
        0.0007474910809551337,
        0.00037260396064060244,
        -0.004479348427000941,
        -0.003688805930241738,
        0.00014099854978170332,
        4.1758405292603226e-05,
        -0.002298137250158519,
        -0.0025741960127222126,
        0.0008932424070343955,
        7.399899821517289e-05,
        -0.002709134148325855,
        -0.0047383512563057215,
        1.1488275386141312e-05,
        0.00046165006786368166,
        -0.0042518412320887,
        -0.003519885713994689,
        0.00023886432101940679,
        0.00020162704727359957,
        -0.0028523507450619293,
        -0.004662672937797143,
        9.624972784533722e-05,
        0.0004889939113672302,
        -0.005680335320436264,
        -0.004401207031339526,
        0.0005987888942930846,
        0.00036875561976077863,
        -0.0046849695784734816,
        -0.004682086789118385,
        0.00013928757230401365,
        0.00044598825054303665,
        -0.006265572359491623,
        -0.002483404846969308,
        0.00030502119944283035,
        0.001009160958097434,
        -0.0032270423981325133,
        -0.00375639968525512,
        0.0,
        0.00013354986898362356,
        -0.0037799454544065565,
        -0.005357202335631107,
        0.0,
        0.00020719375216291558,
        -0.001976769988405875,
        -0.001810807259504099,
        0.00021398845682258318,
        0.00021762418544483172,
        -0.004170369672446327,
        -0.0025632329086654163,
        0.00014586927901522544,
        0.0010242045372653005,
        -0.001317689456222057,
        -0.0006266641880931708,
        0.0008915824950120894,
        0.0009562489336616591,
        -0.0006559604175207986,
        -0.001257511732904846,
        0.0007863294788120164
    ]
}