{
    "bins": [
        0.0,
        0.7853982,
        1.570796,
        2.356194,
        3.141593,
        3.926991,
        4.712389,
        5.497787,
        6.283185
    ],
    "yvals": [
        7.58555214412256e-05,
        5.052171014484634e-06,
        -1.156920440337256e-05,
        -8.326220175986983e-05,
        0.0001205205895609614,
        -0.00012059532873778647,
        -0.00022301890251821377,
        8.539653780630968e-05
    ]
}