{
    "bins": [
        -1.0,
        -0.75,
        -0.5,
        -0.25,
        0.0,
        0.25,
        0.5,
        0.75,
        1.0
    ],
    "yvals": [
        0.00029340284,
        0.0004179904,
        5.040996e-05,
        -4.990816e-05,
        9.663984e-06,
        -4.190976e-05,
        -0.00020507596,
        0.0004536736
    ]
}