{
    "bins": [
        0.0,
        0.7853982,
        1.570796,
        2.356194,
        3.141593,
        3.926991,
        4.712389,
        5.497787,
        6.283185
    ],
    "yvals": [
        4.91556639676536e-05,
        -0.0005026613265277799,
        0.00022511872961224758,
        -0.00015405367208259753,
        0.00040777452960155224,
        0.0003356681580548971,
        -0.0005574142027354285,
        7.238653523436527e-05
    ]
}