{
    "bins": [
        -1.0,
        -0.75,
        -0.5,
        -0.25,
        0.0,
        0.25,
        0.5,
        0.75,
        1.0
    ],
    "yvals": [
        -0.001142018,
        0.0005558584,
        -0.0001434546,
        0.00012283012,
        0.00706634,
        0.0013720104,
        -0.007466132,
        -0.001891438
    ]
}