{
    "bins": [
        [
            -1.0,
            -0.75,
            -0.5,
            -0.25,
            0.0,
            0.25,
            0.5,
            0.75,
            1.0
        ],
        [
            0.0,
            0.7853982,
            1.570796,
            2.356194,
            3.141593,
            3.926991,
            4.712389,
            5.497787,
            6.283185
        ]
    ],
    "zvals": [
        -0.03454020648379382,
        -0.0402965376271744,
        -0.026100606316797347,
        -0.04435745398198878,
        -0.055115495583131086,
        -0.03291672247701166,
        -0.033021688366917164,
        -0.04435782622313783,
        -0.006113586713083884,
        -0.003854553195845468,
        -0.0007277757264469736,
        -0.0031411891280737564,
        -0.0042008296430599504,
        -0.0047176483770012155,
        -0.0019443482158090551,
        -0.0047582907010203755,
        0.007913896415856313,
        0.011289275320098935,
        0.011895517941222159,
        0.008270603858675655,
        0.00735803248798698,
        0.03416251123634133,
        0.01644399400049402,
        0.00554151653047245,
        0.008443171884020105,
        0.04269273990836236,
        0.022202964611572736,
        0.015872681274103993,
        0.0036434658606209836,
        0.023393066954588634,
        0.029308396507248563,
        0.007390006086086292,
        0.01056444998218738,
        0.02738939171971197,
        0.03164107879062591,
        0.009831120233155377,
        0.008295946768390036,
        0.01979015480049606,
        0.029536342083886138,
        0.012082108688843112,
        0.011199414513555035,
        0.016149013913713532,
        0.01529761980549989,
        0.00806631533780919,
        0.0036768430782864216,
        0.024252264457001425,
        0.01866497750185257,
        0.006053623767822175,
        -0.0023858995347837567,
        -0.001282857680528262,
        -0.0031288243667541814,
        -0.005159212069279436,
        -0.0015365570067659958,
        -0.0025137074451424637,
        -0.003627892100565574,
        -0.004612758881484293,
        -0.050290881746354904,
        -0.02982860405262149,
        -0.05363186562736346,
        -0.03664227736475346,
        -0.04527383568585608,
        -0.04522939961650018,
        -0.04007643513225143,
        -0.04474349565443254
    ]
}