{
    "bins": [
        -1.0,
        -0.75,
        -0.5,
        -0.25,
        0.0,
        0.25,
        0.5,
        0.75,
        1.0
    ],
    "yvals": [
        -0.008019452,
        -0.025061724,
        -0.04146036,
        -0.036186212,
        -0.04069496,
        -0.024124524,
        -0.022274124,
        -0.00636794
    ]
}