{
    "bins": [
        0.0,
        0.7853982,
        1.570796,
        2.356194,
        3.141593,
        3.926991,
        4.712389,
        5.497787,
        6.283185
    ],
    "yvals": [
        0.0005734889639421124,
        -0.0007300133766608462,
        0.0006551419789711715,
        -0.00043122896769667396,
        -0.00032946353313861247,
        0.0006578315707450237,
        0.0004703197614457894,
        -0.0005633485188401296
    ]
}