{
    "bins": [
        -1.0,
        -0.75,
        -0.5,
        -0.25,
        0.0,
        0.25,
        0.5,
        0.75,
        1.0
    ],
    "yvals": [
        1.5687388e-05,
        -1.5272152e-06,
        8.974304e-06,
        -1.3716336e-05,
        -2.1273832e-05,
        4.292124e-06,
        -1.7412284e-05,
        4.222756e-06
    ]
}