{
    "bins": [
        0.0,
        0.7853982,
        1.570796,
        2.356194,
        3.141593,
        3.926991,
        4.712389,
        5.497787,
        6.283185
    ],
    "yvals": [
        -0.0007803747194735104,
        -0.002158142026881155,
        0.002550354087991057,
        0.0008289198229180328,
        -0.000774287685988505,
        -0.0023030985564007045,
        0.002221300538071144,
        0.0008847506614480813
    ]
}