{
    "bins": [
        0.0,
        0.7853982,
        1.570796,
        2.356194,
        3.141593,
        3.926991,
        4.712389,
        5.497787,
        6.283185
    ],
    "yvals": [
        0.00036224401838455956,
        0.0005813886924562304,
        -0.0005134660388745579,
        -0.0004329995327215849,
        -0.00042985658226784364,
        -0.0005673174619746932,
        0.000504076659222458,
        0.00047197522784626407
    ]
}