{
    "bins": [
        0.0,
        0.7853982,
        1.570796,
        2.356194,
        3.141593,
        3.926991,
        4.712389,
        5.497787,
        6.283185
    ],
    "yvals": [
        0.0001661201922795341,
        -0.002161698186575007,
        -0.001846428180362059,
        0.00010777269897211482,
        0.00015472817603304307,
        -0.00215616031617091,
        -0.0018537187515119727,
        0.00011320685817891058
    ]
}