{
    "bins": [
        0.0,
        0.7853982,
        1.570796,
        2.356194,
        3.141593,
        3.926991,
        4.712389,
        5.497787,
        6.283185
    ],
    "yvals": [
        0.0029107324157351005,
        0.008918180061110434,
        0.008951489563253283,
        0.002959392614454564,
        -0.0024102747906157127,
        -0.010177069460324576,
        -0.00857891922312,
        -0.0027479825515216495
    ]
}