{
    "bins": [
        [
            -1.0,
            -0.75,
            -0.5,
            -0.25,
            0.0,
            0.25,
            0.5,
            0.75,
            1.0
        ],
        [
            0.0,
            0.7853982,
            1.570796,
            2.356194,
            3.141593,
            3.926991,
            4.712389,
            5.497787,
            6.283185
        ]
    ],
    "zvals": [
        0.004806987843873336,
        -0.005484492062493681,
        -0.0008491709935599533,
        0.00478161545914879,
        0.000660353094864005,
        -0.002603327230270513,
        -0.00363956414454837,
        0.0022126534572280555,
        0.0002092555852559886,
        -0.010637799087290541,
        -0.0049066221202498615,
        0.0019622143649278903,
        0.0006176853009556936,
        -0.004987390851517321,
        -0.0131809350163866,
        0.0012487279061062038,
        0.0003349423006062403,
        -0.009594613073782484,
        -0.009551529288335343,
        0.001684858778786324,
        0.0013050687676821175,
        -0.014335957056167704,
        -0.011733403955701443,
        0.0025126949648458493,
        0.0006809620903129138,
        -0.015160307299052786,
        -0.006687951840977443,
        0.0004307788016027522,
        0.0006693258704503956,
        -0.010475575440731964,
        -0.007318628262358704,
        0.0015605270194220004,
        0.0006591902044084134,
        -0.014234116774964228,
        -0.007233463797972494,
        0.0017725380348077857,
        0.0015571228854669855,
        -0.010736248373436145,
        -0.006652739120802448,
        0.001223106756065078,
        0.0013855071223743572,
        -0.00908447158879233,
        -0.012200071810725265,
        0.0012764049865100417,
        0.0007615237115449744,
        -0.004429252429978178,
        -0.012154224991660282,
        0.0008390594322878339,
        0.0033122235319612394,
        -0.009153414995560211,
        -0.006208388613161736,
        0.0003861066795348606,
        0.0021360925288834444,
        -0.012101686024155909,
        -0.006541203313479282,
        0.0010192936574832125,
        0.0018156990937845286,
        -0.0011329998632540097,
        -0.0014799401067993555,
        0.0019463946350835692,
        0.0031748061492389837,
        -0.0036444645899276554,
        -0.0017315485906508551,
        0.0026006488430069855
    ]
}