{
    "bins": [
        -1.0,
        -0.75,
        -0.5,
        -0.25,
        0.0,
        0.25,
        0.5,
        0.75,
        1.0
    ],
    "yvals": [
        0.0009157952,
        0.0013506112,
        0.0012537324,
        -0.00031527696,
        -0.0006805868,
        0.0006545496,
        0.0004271704,
        -0.0010036204
    ]
}