{
    "bins": [
        0.0,
        0.7853982,
        1.570796,
        2.356194,
        3.141593,
        3.926991,
        4.712389,
        5.497787,
        6.283185
    ],
    "yvals": [
        0.04973579007438519,
        0.09103032883463641,
        0.0991916073124709,
        0.06341087778313953,
        0.05655974423158703,
        0.07344887560192413,
        0.08947517055047251,
        0.06354354098176977
    ]
}