{
    "bins": [
        0.0,
        0.7853982,
        1.570796,
        2.356194,
        3.141593,
        3.926991,
        4.712389,
        5.497787,
        6.283185
    ],
    "yvals": [
        1.0072362019673587e-05,
        0.00033906499356122465,
        0.0005755155984609079,
        -0.0003681368323616404,
        -1.8080272677037623e-05,
        -0.00012848059200558192,
        0.00019660439675171066,
        1.6479950292717837e-06
    ]
}