{
    "bins": [
        -1.0,
        -0.75,
        -0.5,
        -0.25,
        0.0,
        0.25,
        0.5,
        0.75,
        1.0
    ],
    "yvals": [
        0.015494928,
        0.01058052,
        0.00496332,
        0.0017060544,
        -0.0014162468,
        -0.005030784,
        -0.010436024,
        -0.01677232
    ]
}