{
    "bins": [
        [
            -1.0,
            -0.75,
            -0.5,
            -0.25,
            0.0,
            0.25,
            0.5,
            0.75,
            1.0
        ],
        [
            0.0,
            0.7853982,
            1.570796,
            2.356194,
            3.141593,
            3.926991,
            4.712389,
            5.497787,
            6.283185
        ]
    ],
    "zvals": [
        0.0,
        -0.0008998655203770623,
        0.0011699464475336074,
        0.00010514288915570304,
        -0.000349040308225893,
        -0.002562835148548889,
        0.0015021219814667216,
        0.0003094515137548097,
        -0.0008045559564562281,
        -0.0014514102280398543,
        0.0019299539851132805,
        0.00034984893028893593,
        0.0,
        -0.0038707030066284873,
        0.0035829110845711355,
        0.001049114461712406,
        -0.0008639688759154273,
        -0.005046487270527113,
        0.005788876467727191,
        0.0018322926308793365,
        -0.0015807333352007512,
        -0.004199626686087819,
        0.005224301564302432,
        0.001854244599553348,
        -0.003102320835469192,
        -0.008478546795012667,
        0.006782772556079849,
        0.0025098702697609753,
        -0.0036493573958680807,
        -0.005786610100866059,
        0.006095182315208341,
        0.00073729956022297,
        -0.0025794309179725645,
        -0.006211298274581365,
        0.006951400436466608,
        0.0014307245107263952,
        -0.0015507953929090725,
        -0.00694799833969529,
        0.004776961998884643,
        0.0030197576260698406,
        -0.0024519414482997285,
        -0.005688465131936962,
        0.005069439952737339,
        0.0009979819174712472,
        -0.0007655359448330653,
        -0.0053081011156127225,
        0.006599207026246567,
        0.0018751593459621749,
        0.0,
        -0.0031862238473293406,
        0.003532829979195262,
        0.0005735719042168376,
        -0.0006460612326489242,
        -0.005460314388373793,
        0.003443885520462238,
        0.0006764239277410944,
        -0.0004062874602972097,
        -0.0025138369371546492,
        0.0010778265287153777,
        0.00045474491309512743,
        -0.0010642756920694982,
        -0.0008177189144866682,
        0.0014742298809011485,
        0.0004437869207713797
    ]
}