{
    "bins": [
        0.0,
        0.7853982,
        1.570796,
        2.356194,
        3.141593,
        3.926991,
        4.712389,
        5.497787,
        6.283185
    ],
    "yvals": [
        0.08314435912891065,
        0.11628516148122646,
        0.11793533978950803,
        0.08782407413302029,
        0.08614475718043588,
        0.10793778440994249,
        0.12227466838469161,
        0.08640076750895725
    ]
}