{
    "bins": [
        -1.0,
        -0.75,
        -0.5,
        -0.25,
        0.0,
        0.25,
        0.5,
        0.75,
        1.0
    ],
    "yvals": [
        -0.29292664,
        -0.04592296,
        0.1801304,
        0.2890474,
        0.34078916,
        0.16966944,
        -0.037627764,
        -0.32886508
    ]
}