{
    "bins": [
        [
            -1.0,
            -0.75,
            -0.5,
            -0.25,
            0.0,
            0.25,
            0.5,
            0.75,
            1.0
        ],
        [
            0.0,
            0.7853982,
            1.570796,
            2.356194,
            3.141593,
            3.926991,
            4.712389,
            5.497787,
            6.283185
        ]
    ],
    "zvals": [
        0.0032092510525234203,
        -0.0028244331725910104,
        -0.0010039867684918987,
        0.004735586370749135,
        0.0017008823551880696,
        0.0,
        -0.0032133924456135624,
        0.0018556400703846972,
        0.00657432624622771,
        -0.0038128556000538833,
        -0.008947606181833927,
        0.005709469963674514,
        0.005618965161612327,
        -0.009790271938558541,
        -0.00838770152203087,
        0.0008922513171665833,
        0.002016216996677609,
        -0.006656937414390517,
        -0.01862543576632485,
        0.0016714862127402762,
        0.005108599716322168,
        -0.010116394490436699,
        -0.011689100303285724,
        0.001752967540024294,
        0.004442175192150936,
        -0.006954086196829174,
        -0.011409710745380053,
        0.004273584763922542,
        0.0017752533110601243,
        -0.019495017812624943,
        -0.01602691628957548,
        0.00184071107896888,
        0.0018639945953530322,
        -0.008735746395011547,
        -0.008433808082017017,
        0.002905577929179946,
        0.002931649431243776,
        -0.009192180270385208,
        -0.005249903870394374,
        0.0010279455766375777,
        0.0022907452550820716,
        -0.011642533248756234,
        -0.006879228111097814,
        0.00787195807481293,
        0.0024130461243853426,
        -0.0033502911899444617,
        -0.010583754987916957,
        0.0013052551699902473,
        0.007242522328164236,
        -0.009083244185303294,
        -0.0025541175302203475,
        0.007916180183575483,
        0.005523197156091559,
        -0.011694132147013364,
        -0.0042651995548753634,
        0.006341574590207768,
        0.0012856041686879344,
        -0.0027566840650686823,
        -0.00250320117952936,
        0.0032092503300870006,
        0.003183192215921099,
        -0.0012646265969610314,
        -0.0022188979345503816,
        0.002585692858907204
    ]
}