{
    "bins": [
        -1.0,
        -0.75,
        -0.5,
        -0.25,
        0.0,
        0.25,
        0.5,
        0.75,
        1.0
    ],
    "yvals": [
        -0.4159204,
        -0.035595336,
        0.19561456,
        0.4454968,
        0.4231464,
        0.1447778,
        -0.03832556,
        -0.30286264
    ]
}