{
    "bins": [
        0.0,
        0.7853982,
        1.570796,
        2.356194,
        3.141593,
        3.926991,
        4.712389,
        5.497787,
        6.283185
    ],
    "yvals": [
        -0.004516422370206603,
        0.012215832537346042,
        0.0017318951665270352,
        -0.015600032594897626,
        -0.02425973837468391,
        0.001481531656561387,
        0.003724274826266429,
        -0.028476937807328268
    ]
}