{
    "bins": [
        0.0,
        0.7853982,
        1.570796,
        2.356194,
        3.141593,
        3.926991,
        4.712389,
        5.497787,
        6.283185
    ],
    "yvals": [
        0.0010782615748291759,
        -0.01547362368471111,
        -0.015196397240634688,
        0.0009041145965299167,
        0.0012575343965734566,
        -0.014956811705657517,
        -0.01669058235442413,
        0.0009979875171569068
    ]
}