{
    "bins": [
        [
            -1.0,
            -0.75,
            -0.5,
            -0.25,
            0.0,
            0.25,
            0.5,
            0.75,
            1.0
        ],
        [
            0.0,
            0.7853982,
            1.570796,
            2.356194,
            3.141593,
            3.926991,
            4.712389,
            5.497787,
            6.283185
        ]
    ],
    "zvals": [
        -0.0006698090217166272,
        -0.0013997024183159158,
        -0.0007643294227894649,
        -0.00077725232652448,
        -0.0002879523502733645,
        -0.0007037863605458635,
        -0.0015883544394052448,
        -0.0010299797045574348,
        -0.0003933833309014459,
        -0.0009370818201935376,
        -0.0004213873220965677,
        -0.0005142761831884176,
        -0.00033811682739197184,
        -0.0005794870880750908,
        -0.000809862006269433,
        -0.0003514154606963604,
        0.0,
        -0.0005021331610554549,
        -0.0005427597218225665,
        -6.859234605595373e-05,
        -0.00015259045732227478,
        -0.0003430208378427244,
        -0.0005480604737979981,
        -8.453828504783565e-05,
        -2.5843420573156393e-05,
        -0.00017205675900798298,
        -0.00012023305381475383,
        -5.518794905519361e-05,
        -5.229893633546302e-05,
        -5.773368406845957e-05,
        -0.00016119908632311264,
        -6.123035709283702e-06,
        2.1262386392023816e-05,
        0.00024553071067935254,
        0.00027617508575270125,
        4.246159213342518e-05,
        8.822278640892894e-05,
        0.00010265801542657356,
        0.00016247426145724847,
        1.3924247324286543e-05,
        0.00011672514655623097,
        0.0006960798718814847,
        0.00042680017010483866,
        0.0,
        0.00016160244869480183,
        0.0006518157672925066,
        0.0007211859464882773,
        0.00011947573077598876,
        0.0003752318760088831,
        0.0003876556313246612,
        0.0009719556199531959,
        0.00031560167507216076,
        0.00015973353637264157,
        0.0009265569813012004,
        0.0009254314373094917,
        0.0005905113076427494,
        0.0009043402442226121,
        0.0013898495768641065,
        0.0009519046394312185,
        0.0006532404548516105,
        0.0003933413632323992,
        0.0007915991637360932,
        0.0007436331643319694,
        0.0014640465089037664
    ]
}