{
    "bins": [
        [
            -1.0,
            -0.75,
            -0.5,
            -0.25,
            0.0,
            0.25,
            0.5,
            0.75,
            1.0
        ],
        [
            0.0,
            0.7853982,
            1.570796,
            2.356194,
            3.141593,
            3.926991,
            4.712389,
            5.497787,
            6.283185
        ]
    ],
    "zvals": [
        -0.0003023692185696376,
        -0.0006427881514310327,
        -0.0009876592504691891,
        -0.00043656037249856445,
        0.00019508891033590608,
        0.001249487775624588,
        0.0005722632346912013,
        0.0006684519186450693,
        -0.0003805598739594769,
        -0.0014158379358842105,
        -0.0004673595807475956,
        -0.00018534482473239717,
        0.0009391447393550783,
        0.000942442430462008,
        0.0019386782242888322,
        0.00042930524396548,
        -0.00026216882086055196,
        -0.002243936002876504,
        -0.0012712306372055953,
        -0.0006791752981605528,
        0.0,
        0.0009668275192959496,
        0.0014749744715418173,
        0.0,
        -0.00016014938664234268,
        -0.0014032623977301693,
        -0.0013732283504668972,
        -0.0013712484991704856,
        0.0007258241044667796,
        0.0012768461340619665,
        0.0030549754392040734,
        0.00022328888028744665,
        -0.000676812857477901,
        -0.002195180582374944,
        -0.0010517358078324622,
        -0.00043340539012654716,
        0.0003160185281857095,
        0.002212645817789198,
        0.0024623143934667524,
        0.00015592894303270447,
        -0.0007002251851353873,
        -0.002390581689941072,
        -0.001710528419985791,
        -0.00014574584383224325,
        0.0002520653732247853,
        0.002694989801349125,
        0.0014301564302430108,
        0.00023924705690618012,
        -0.0002413938814731177,
        -0.0010879266532195532,
        -0.002469331472705559,
        -0.00010577818408223083,
        0.0007138159251742426,
        0.0016148006488430073,
        0.0013411325213458659,
        0.0008154932912994433,
        -0.00022700831247130434,
        -0.0010960626576748751,
        -0.0003125736505567879,
        -0.00042981368705587863,
        0.0002810302037947638,
        0.00021866365842540983,
        0.0007700116374118602,
        0.000321815690898118
    ]
}