{
    "bins": [
        [
            -1.0,
            -0.75,
            -0.5,
            -0.25,
            0.0,
            0.25,
            0.5,
            0.75,
            1.0
        ],
        [
            0.0,
            0.7853982,
            1.570796,
            2.356194,
            3.141593,
            3.926991,
            4.712389,
            5.497787,
            6.283185
        ]
    ],
    "zvals": [
        0.06773832687673591,
        0.08801043242036073,
        0.050188077891718606,
        0.14385152005541132,
        0.07910272244136092,
        0.07225350713905564,
        0.10350370130812661,
        0.03211657783696929,
        0.06972860391072962,
        0.09650019391447238,
        0.07923289847949704,
        0.06176193246999296,
        0.04494517684027714,
        0.06671700208047386,
        0.0922098095487893,
        0.08759013901232243,
        0.022069671155345146,
        0.030941365000003822,
        0.07724496369993304,
        0.045161417317821896,
        0.021464434592397733,
        0.08618529713597439,
        0.05528463275944172,
        0.038278080667381385,
        0.020787422227349132,
        0.03477634900428802,
        0.0778154769938299,
        0.011471906635990115,
        0.03184926368541808,
        0.06514231001352183,
        0.023749283802607095,
        0.013451798960527022,
        0.021276962437652643,
        0.0665396821839837,
        0.0731942276399991,
        0.02041637435239923,
        0.034651481159870524,
        0.057122528959839484,
        0.052139934148037054,
        0.04456223214217506,
        0.0046573333119429095,
        0.07143987416313109,
        0.08661015179565013,
        0.013845090202559465,
        0.043457829024265385,
        0.06749215047657367,
        0.07242060713167084,
        0.01943669833638487,
        0.07398086728490083,
        0.06374247546911896,
        0.049736215269201106,
        0.04908461049733957,
        0.07076442771690275,
        0.02847207657773512,
        0.05284729525667243,
        0.04446650997328744,
        0.10539097237554146,
        0.09306779316163097,
        0.08041573826263883,
        0.1471538415506004,
        0.07765413204515415,
        0.14048765084708648,
        0.06975678573156542,
        0.04433932350222436
    ]
}