{
    "bins": [
        [
            -1.0,
            -0.75,
            -0.5,
            -0.25,
            0.0,
            0.25,
            0.5,
            0.75,
            1.0
        ],
        [
            0.0,
            0.7853982,
            1.570796,
            2.356194,
            3.141593,
            3.926991,
            4.712389,
            5.497787,
            6.283185
        ]
    ],
    "zvals": [
        0.0012416911574281682,
        0.005182937869191892,
        0.0038818010741051047,
        0.0017346490127947705,
        -0.0023998889734886,
        -0.0048532764280021096,
        -0.004778634526698566,
        -0.002244740628318382,
        0.001589266183701465,
        0.008829517984389567,
        0.005485748626810867,
        0.002851129680582736,
        -0.002852680042475279,
        -0.006584610605069024,
        -0.006501040236924465,
        -0.0035923401893052957,
        0.00258861352114125,
        0.008826727042016161,
        0.010468343438613291,
        0.002428720179170078,
        -0.002658835902306855,
        -0.009451936470426461,
        -0.009035612517475219,
        -0.0021861542810142124,
        0.0026276291440443843,
        0.011916284970495206,
        0.006111810827122046,
        0.0032947834158179473,
        -0.0019064397923091217,
        -0.010787860422359113,
        -0.014826510890020095,
        -0.002502265602917248,
        0.0013616043428670958,
        0.011130369858433523,
        0.012342399649604407,
        0.0015800269671848324,
        -0.0004961563945922958,
        -0.009679683421653738,
        -0.008113206297953396,
        -0.0015494681677315199,
        0.003062241293652061,
        0.008644842142414965,
        0.01028504783561965,
        0.0032203738481969037,
        -0.0035579662795168806,
        -0.01088400530686353,
        -0.013173636805797828,
        -0.0017289155307245504,
        0.003174847103036396,
        0.006824974554295924,
        0.009575598613696498,
        0.0037440699567990285,
        -0.0019250036287334568,
        -0.009731432980476143,
        -0.00946175569583829,
        -0.002931954499502164,
        0.001875164470710526,
        0.003859966503598558,
        0.004944494383739201,
        0.001934002971737932,
        -0.003799075627898211,
        -0.003827294187150974,
        -0.004052582766953826,
        -0.0014575152979763128
    ]
}