{
    "bins": [
        [
            -1.0,
            -0.75,
            -0.5,
            -0.25,
            0.0,
            0.25,
            0.5,
            0.75,
            1.0
        ],
        [
            0.0,
            0.7853982,
            1.570796,
            2.356194,
            3.141593,
            3.926991,
            4.712389,
            5.497787,
            6.283185
        ]
    ],
    "zvals": [
        0.06683585472948626,
        0.05681559077450942,
        0.04602180295850003,
        0.08578095974148173,
        0.055592502145409055,
        0.0,
        0.10841382330996517,
        0.048114010985513087,
        0.039939113687808295,
        0.04570422275183353,
        0.05400288770788825,
        0.05072255503253761,
        0.0463757228819019,
        0.06253955319468602,
        0.04318112854883767,
        0.017735502254907706,
        0.018427248751015726,
        0.03030201001326971,
        0.06846475290235016,
        0.016162149429780278,
        0.03706682217168874,
        0.05454625552904389,
        0.04932970544870245,
        0.007070779401017065,
        0.016830825433518947,
        0.022475672837382533,
        0.032722904820231276,
        0.026909568257662664,
        0.00909014283204184,
        0.0626327034191582,
        0.04989074583841569,
        0.013938375193214144,
        0.010307607020235086,
        0.026609598346213854,
        0.035052363260410654,
        0.013376497805573982,
        0.013815675619240178,
        0.02548160805094997,
        0.025466599100074108,
        0.013669650291953892,
        0.016025328298435112,
        0.036803184322645156,
        0.02768662512509582,
        0.04632192299710084,
        0.023727857723090707,
        0.01333906630778281,
        0.04344555499250063,
        0.006820053017705674,
        0.0569155366029614,
        0.07541635588997066,
        0.027260945406023446,
        0.05300266488752851,
        0.03718513670775835,
        0.07279845377757521,
        0.043332048209952165,
        0.045981049098673545,
        0.041709354566893585,
        0.06342228104025756,
        0.03126214734440374,
        0.08401533488074214,
        0.11109210871430787,
        0.044340118003865565,
        0.050202485873404326,
        0.06761519637177585
    ]
}