{
    "bins": [
        -1.0,
        -0.75,
        -0.5,
        -0.25,
        0.0,
        0.25,
        0.5,
        0.75,
        1.0
    ],
    "yvals": [
        -0.0009729452,
        0.00088562,
        -0.001017404,
        -0.00011397408,
        0.00032350192,
        -0.0005034056,
        -0.0013675288,
        0.0002924116
    ]
}