{
    "bins": [
        0.0,
        0.7853982,
        1.570796,
        2.356194,
        3.141593,
        3.926991,
        4.712389,
        5.497787,
        6.283185
    ],
    "yvals": [
        0.0028933272319697193,
        0.004080115834294417,
        -0.003947953776301952,
        -0.0024144224782562747,
        0.003042267741960126,
        0.003362490100560481,
        -0.003046160036058152,
        -0.003680777134650204
    ]
}