{
    "bins": [
        -1.0,
        -0.75,
        -0.5,
        -0.25,
        0.0,
        0.25,
        0.5,
        0.75,
        1.0
    ],
    "yvals": [
        0.00017666652,
        0.000177573,
        0.00016940336,
        -3.6223252e-05,
        -8.859492e-05,
        5.507316e-06,
        -0.000609544,
        -0.0006516576
    ]
}