{
    "bins": [
        [
            -1.0,
            -0.75,
            -0.5,
            -0.25,
            0.0,
            0.25,
            0.5,
            0.75,
            1.0
        ],
        [
            0.0,
            0.7853982,
            1.570796,
            2.356194,
            3.141593,
            3.926991,
            4.712389,
            5.497787,
            6.283185
        ]
    ],
    "zvals": [
        -0.031529152982525295,
        -0.06759102202730896,
        -0.07713286766709365,
        -0.048928964768226085,
        -0.05223736245826955,
        -0.04707949854723339,
        -0.06216028052019487,
        -0.046171459565723376,
        -0.00224196999687547,
        -0.004337022589062511,
        -0.004487590240871508,
        0.0004800975809747657,
        0.0005929294446891893,
        -0.012599853832069857,
        -0.0024921061678282864,
        7.601959770714977e-05,
        0.0046686569946302395,
        0.02504372688591692,
        0.020228475244398386,
        0.004347005789414044,
        0.004762897282651597,
        0.018482741234380536,
        0.03375445824919341,
        0.0030104726520821298,
        0.010232088639877197,
        0.06763324267014753,
        0.04651943600569394,
        0.00978979092155707,
        0.009392735912238123,
        0.052788980873391594,
        0.049153005227922666,
        0.006059185279310618,
        0.008084362811119251,
        0.03942852908424241,
        0.040015991892008905,
        0.016243881135575677,
        0.013082676553798196,
        0.04221552894201413,
        0.062103443095093205,
        0.010942910473416029,
        0.0032698837354096302,
        0.02636379169893269,
        0.044123555191126033,
        0.0028450705946913607,
        0.0010988935546054352,
        0.017425982750147066,
        0.03928562079353399,
        0.007759882250782407,
        0.0008150102712229287,
        -0.003913118167634287,
        -0.009993053203598688,
        -0.0021670829731130293,
        -0.00045519499667684394,
        -0.014455906432152874,
        -0.0047664486031286065,
        0.0,
        -0.04496026092242126,
        -0.07399684592954042,
        -0.08501748158258617,
        -0.024258665977420393,
        -0.037527083083990526,
        -0.06977680106137273,
        -0.031875579005803435,
        -0.08827865617177535
    ]
}