{
    "bins": [
        0.0,
        0.7853982,
        1.570796,
        2.356194,
        3.141593,
        3.926991,
        4.712389,
        5.497787,
        6.283185
    ],
    "yvals": [
        0.014262319419626884,
        -0.04610667358630238,
        -0.04508377917947335,
        0.014405849765533189,
        0.01455782927891336,
        -0.045568323321424305,
        -0.04784889953883255,
        0.014962299369237002
    ]
}