{
    "bins": [
        [
            -1.0,
            -0.75,
            -0.5,
            -0.25,
            0.0,
            0.25,
            0.5,
            0.75,
            1.0
        ],
        [
            0.0,
            0.7853982,
            1.570796,
            2.356194,
            3.141593,
            3.926991,
            4.712389,
            5.497787,
            6.283185
        ]
    ],
    "zvals": [
        4.2003075637300924e-05,
        -0.0032837239931153357,
        -0.002255708316038493,
        0.00018917365568328967,
        0.00023137359657141978,
        -0.002494454022037235,
        -0.0027455470984137985,
        0.00010619869161877165,
        0.00010184184277478609,
        -0.003530928148767414,
        -0.00911632064252774,
        4.937675754616443e-05,
        5.724313023460715e-05,
        -0.008553930618616297,
        -0.010916865079870336,
        0.0,
        0.0006602862089574435,
        -0.010658568180353956,
        -0.015531957045981787,
        0.00016429728074520087,
        0.0005755125426853644,
        -0.017132368557088256,
        -0.01137988637607939,
        0.0005136896197851282,
        0.0020524569575025766,
        -0.016923693954834097,
        -0.011716979162157278,
        0.0005022603797560221,
        0.0014659573872100509,
        -0.013117593882337365,
        -0.009481475634009766,
        0.001145336249901324,
        0.0011043142192075305,
        -0.014686539738206548,
        -0.014388404350405785,
        0.001263993460648664,
        0.0008374658453421066,
        -0.012652856258864933,
        -0.014880430049478104,
        0.0015879918207074633,
        0.00016047034485182167,
        -0.009739166572659103,
        -0.006685222014825605,
        0.0005403923356154006,
        0.0008202440036771163,
        -0.0077518812118187235,
        -0.008686317001061884,
        0.0006251683859648231,
        0.00010533332009164267,
        -0.010736597428717016,
        -0.004251094604264335,
        8.46086638765774e-05,
        0.00021011914978138465,
        -0.004942754628863329,
        -0.008936773457533635,
        0.00010685868820648896,
        0.0002564168850909004,
        -0.001446572424827266,
        -0.001112889006592836,
        0.00012555636052503252,
        0.0002950024828176287,
        -0.0030388358513772644,
        -0.003186595840580191,
        0.0
    ]
}