{
    "bins": [
        -1.0,
        -0.75,
        -0.5,
        -0.25,
        0.0,
        0.25,
        0.5,
        0.75,
        1.0
    ],
    "yvals": [
        0.0013494408,
        -0.009713352,
        -0.010472988,
        -0.018228248,
        -0.010608924,
        -0.008872728,
        -0.00829552,
        6.610528e-05
    ]
}