{
    "bins": [
        -1.0,
        -0.75,
        -0.5,
        -0.25,
        0.0,
        0.25,
        0.5,
        0.75,
        1.0
    ],
    "yvals": [
        0.02734422,
        0.01966056,
        0.014081784,
        0.004161884,
        -0.0036940728,
        -0.014127064,
        -0.016112116,
        -0.032296832
    ]
}