{
    "bins": [
        -1.0,
        -0.75,
        -0.5,
        -0.25,
        0.0,
        0.25,
        0.5,
        0.75,
        1.0
    ],
    "yvals": [
        0.0004923184,
        0.0011006388,
        -0.0010294156,
        8.335224e-05,
        -9.448104e-05,
        0.0002632566,
        -0.000429304,
        -2.5479192e-05
    ]
}