{
    "bins": [
        [
            -1.0,
            -0.75,
            -0.5,
            -0.25,
            0.0,
            0.25,
            0.5,
            0.75,
            1.0
        ],
        [
            0.0,
            0.7853982,
            1.570796,
            2.356194,
            3.141593,
            3.926991,
            4.712389,
            5.497787,
            6.283185
        ]
    ],
    "zvals": [
        -0.0002259320685990877,
        -0.0020788807913645797,
        -0.0008552952770442503,
        -0.0005516503076780083,
        0.0005691687526578879,
        0.0012103101866824213,
        0.0009060812479787319,
        0.0004141978971171305,
        -0.0008701629313639883,
        -0.002712971694089288,
        -0.0021992192493487384,
        -0.0011693164875432743,
        0.0006330100153043423,
        0.0020545644373935255,
        0.0014984565787027728,
        0.001036894924611471,
        -0.0007886990319050897,
        -0.0028423466426822177,
        -0.0012974354403754531,
        -0.0007575716291973888,
        0.000940300331806294,
        0.002226165078087798,
        0.004172433848825692,
        0.0009307209847745986,
        -0.0009155147032422534,
        -0.0031268740503220148,
        -0.0024035477554055404,
        -0.0008314576412753263,
        0.0008470151439142953,
        0.0030878056730472966,
        0.0018369489099793995,
        0.0007738318661366596,
        -0.0010254115682974572,
        -0.0026103897922810583,
        -0.003304190741509401,
        -0.0009372739206441568,
        0.0009197588993096491,
        0.0025373530362949744,
        0.003286227364979285,
        0.0007608239389456049,
        -0.0007834558317042235,
        -0.0024147864941816742,
        -0.002576193471335553,
        -0.000502071380279323,
        0.0010910921596439,
        0.0028523790485842854,
        0.0023451732752056927,
        0.0006886521228727348,
        -0.00104597998824036,
        -0.0021015765513985396,
        -0.002548651257069665,
        -0.0008898422330560645,
        0.0006016455351299594,
        0.0019966366097188943,
        0.00217655558073741,
        0.0010772978795464212,
        -0.0004676670254655536,
        -0.001417042930346889,
        -0.00125414834262374,
        -0.0006141510238744894,
        0.0005736312035426622,
        0.0015947511962088015,
        0.0007832894914425554,
        0.0007542372147624518
    ]
}