{
    "bins": [
        -1.0,
        -0.75,
        -0.5,
        -0.25,
        0.0,
        0.25,
        0.5,
        0.75,
        1.0
    ],
    "yvals": [
        -8.592468e-05,
        0.0015396952,
        -0.03130254,
        -0.04094,
        -0.0556946,
        -0.033559336,
        -0.0033157356,
        0.0013642504
    ]
}