{
    "bins": [
        0.0,
        0.7853982,
        1.570796,
        2.356194,
        3.141593,
        3.926991,
        4.712389,
        5.497787,
        6.283185
    ],
    "yvals": [
        0.07128577580137056,
        0.21068915650132963,
        0.19801616505262307,
        0.05069205588497057,
        0.04593974010629004,
        0.2138574327920367,
        0.20752090023147504,
        0.04435911474182517
    ]
}