{
    "bins": [
        [
            -1.0,
            -0.75,
            -0.5,
            -0.25,
            0.0,
            0.25,
            0.5,
            0.75,
            1.0
        ],
        [
            0.0,
            0.7853982,
            1.570796,
            2.356194,
            3.141593,
            3.926991,
            4.712389,
            5.497787,
            6.283185
        ]
    ],
    "zvals": [
        0.0,
        0.03168258429040672,
        0.04435560569290985,
        0.0,
        0.0,
        0.006336517281683937,
        0.012673029470408636,
        0.0,
        0.019009541911351464,
        0.05069213588324286,
        0.10138426632102453,
        0.0190095225484117,
        0.01267302947040863,
        0.09504770829566668,
        0.10138426632102453,
        0.012673029470408636,
        0.12673026243248328,
        0.17742249850967243,
        0.17108589530403698,
        0.10772063626258756,
        0.13940335982520957,
        0.17742245332939482,
        0.17108589530403698,
        0.14573986692097513,
        0.19643192459570188,
        0.1837590072190169,
        0.19643197461669118,
        0.14573968135941096,
        0.15841288111250595,
        0.1520763740167406,
        0.13306680179985184,
        0.2407875752166418,
        0.17108585173737345,
        0.1900955159283614,
        0.2097603508030324,
        0.19643172451199964,
        0.23445106812087624,
        0.17742245332939482,
        0.19643197461669118,
        0.14573986692097513,
        0.10138424050373428,
        0.21544160169534468,
        0.13940335982520966,
        0.14573968135941096,
        0.10772077341678993,
        0.18085694132147018,
        0.17742245332939482,
        0.10772077341678998,
        0.03801908382270293,
        0.08237471508068905,
        0.14573986692097513,
        0.0190095225484117,
        0.019009546752092564,
        0.16474938820827154,
        0.10772077341678998,
        0.04435560569290985,
        0.0,
        0.025346070488101696,
        0.02534606403377651,
        0.0,
        0.0,
        0.03168257622250121,
        0.006336517281683937,
        0.0
    ]
}