{
    "bins": [
        [
            -1.0,
            -0.75,
            -0.5,
            -0.25,
            0.0,
            0.25,
            0.5,
            0.75,
            1.0
        ],
        [
            0.0,
            0.7853982,
            1.570796,
            2.356194,
            3.141593,
            3.926991,
            4.712389,
            5.497787,
            6.283185
        ]
    ],
    "zvals": [
        0.006336515668103135,
        0.06336518895265558,
        0.03801909350418515,
        0.006336509213788151,
        0.01267302947040863,
        0.05069212297459378,
        0.05787348579955642,
        0.019009546752092574,
        0.012673026243248328,
        0.057028629313705746,
        0.1203937876083209,
        0.01267301333462355,
        0.006336517281683934,
        0.1203937876083209,
        0.12673029470408637,
        0.0,
        0.03801908382270293,
        0.15207641274268913,
        0.16474938820827154,
        0.01267301333462355,
        0.025346064033776494,
        0.19009546752092574,
        0.12673029470408637,
        0.019009546752092574,
        0.057028600269264686,
        0.19643202463770587,
        0.1520763740167406,
        0.02534603176219985,
        0.057028614791481504,
        0.15841288111250604,
        0.1203937876083209,
        0.03168257622250121,
        0.04435559439784812,
        0.20381182631272968,
        0.1847260115253668,
        0.06336509213788151,
        0.04435560569290982,
        0.17108589530403698,
        0.15841288111250604,
        0.05069212297459378,
        0.006336515668103135,
        0.12673032697570583,
        0.08237469410413577,
        0.02534603176219985,
        0.031682576222501195,
        0.11405728051255544,
        0.12673029470408637,
        0.02534606403377651,
        0.012673026243248328,
        0.15207641274268913,
        0.08237469410413577,
        0.01267301333462355,
        0.02534605894081726,
        0.08871120119990122,
        0.10772077341678998,
        0.006336517281683937,
        0.019009541911351464,
        0.0443556169879773,
        0.03801909350418515,
        0.006336509213788151,
        0.019009546752092564,
        0.05702861479148153,
        0.05702861479148153,
        0.0
    ]
}