{
    "bins": [
        -1.0,
        -0.75,
        -0.5,
        -0.25,
        0.0,
        0.25,
        0.5,
        0.75,
        1.0
    ],
    "yvals": [
        0.08460368,
        0.36329812,
        0.7614332,
        1.1809996,
        1.1048244,
        0.7315728,
        0.37325148,
        0.12939384
    ]
}