{
    "bins": [
        0.0,
        0.7853982,
        1.570796,
        2.356194,
        3.141593,
        3.926991,
        4.712389,
        5.497787,
        6.283185
    ],
    "yvals": [
        0.05861275210460121,
        0.14257157328426434,
        0.14890806953926547,
        0.07445396543667614,
        0.044355613332348685,
        0.1808439797402082,
        0.1695018321920861,
        0.04593974010629007
    ]
}