{
    "bins": [
        0.0,
        0.7853982,
        1.570796,
        2.356194,
        3.141593,
        3.926991,
        4.712389,
        5.497787,
        6.283185
    ],
    "yvals": [
        0.057028625734054386,
        0.06336517622025424,
        0.06336516008444128,
        0.04118729461076472,
        0.041187347052067856,
        0.08237469410413577,
        0.06336516008444128,
        0.042771473826009244
    ]
}