{
    "bins": [
        -1.0,
        -0.75,
        -0.5,
        -0.25,
        0.0,
        0.25,
        0.5,
        0.75,
        1.0
    ],
    "yvals": [
        0.38818156,
        0.31353124,
        0.21399752,
        0.28367112,
        0.24385764,
        0.2637644,
        0.32846132,
        0.32846132
    ]
}