{
    "bins": [
        -1.0,
        -0.75,
        -0.5,
        -0.25,
        0.0,
        0.25,
        0.5,
        0.75,
        1.0
    ],
    "yvals": [
        0.23888096,
        0.32348464,
        0.4130648,
        0.4976796,
        0.5822724,
        0.5822724,
        0.2886478,
        0.34836804
    ]
}