{
    "bins": [
        -1.0,
        -0.75,
        -0.5,
        -0.25,
        0.0,
        0.25,
        0.5,
        0.75,
        1.0
    ],
    "yvals": [
        0.23390428,
        0.20404416,
        0.16920736,
        0.2189742,
        0.13437052,
        0.13437052,
        0.14432392,
        0.18911408
    ]
}