{
    "bins": [
        -1.0,
        -0.75,
        -0.5,
        -0.25,
        0.0,
        0.25,
        0.5,
        0.75,
        1.0
    ],
    "yvals": [
        0.25878768,
        0.2986012,
        0.4230184,
        0.3682748,
        0.4130648,
        0.33841468,
        0.25878768,
        0.24929384
    ]
}