{
    "bins": [
        [
            -1.0,
            -0.75,
            -0.5,
            -0.25,
            0.0,
            0.25,
            0.5,
            0.75,
            1.0
        ],
        [
            0.0,
            0.7853982,
            1.570796,
            2.356194,
            3.141593,
            3.926991,
            4.712389,
            5.497787,
            6.283185
        ]
    ],
    "zvals": [
        0.057028600269264686,
        0.057028629313705746,
        0.08237469410413577,
        0.0760380901936468,
        0.06336517281683934,
        0.03801909350418515,
        0.06336517281683937,
        0.05702861479148153,
        0.03168256815459979,
        0.0443556169879773,
        0.04435560569290985,
        0.0760380901936468,
        0.07603818700837026,
        0.05069212297459378,
        0.03801909350418515,
        0.03801909350418515,
        0.03168256815459979,
        0.057028629313705746,
        0.019009546752092574,
        0.02534603176219985,
        0.025346064033776494,
        0.06970167991260483,
        0.03801909350418515,
        0.006336517281683937,
        0.03801908382270293,
        0.0443556169879773,
        0.05069212297459378,
        0.0380190450968234,
        0.01267302947040863,
        0.08237469410413577,
        0.05069212297459378,
        0.04435560569290985,
        0.05069211006595126,
        0.0443556169879773,
        0.03801909350418515,
        0.006336509213788151,
        0.031682576222501195,
        0.05069212297459378,
        0.06336517281683937,
        0.02534606403377651,
        0.03168256815459979,
        0.06336518895265558,
        0.03801909350418515,
        0.01267301333462355,
        0.03801909350418513,
        0.05069212297459378,
        0.06336517281683937,
        0.03801909350418515,
        0.025346057579454597,
        0.03801910318567228,
        0.05069212297459378,
        0.06336509213788151,
        0.07603818700837026,
        0.05069212297459378,
        0.05702861479148153,
        0.05702861479148153,
        0.05069211006595126,
        0.0443556169879773,
        0.05069212297459378,
        0.050692058431446946,
        0.06970167991260479,
        0.06970167991260483,
        0.04435560569290985,
        0.03801909350418515
    ]
}