{
    "bins": [
        [
            -1.0,
            -0.75,
            -0.5,
            -0.25,
            0.0,
            0.25,
            0.5,
            0.75,
            1.0
        ],
        [
            0.0,
            0.7853982,
            1.570796,
            2.356194,
            3.141593,
            3.926991,
            4.712389,
            5.497787,
            6.283185
        ]
    ],
    "zvals": [
        0.0,
        0.0443556169879773,
        0.006336517281683937,
        0.0,
        0.0,
        0.019009546752092574,
        0.02534606403377651,
        0.0,
        0.03801908382270293,
        0.09580877359218475,
        0.13940335982520966,
        0.03168253588303525,
        0.03801909350418513,
        0.11405728051255544,
        0.0760381870083703,
        0.03168257622250121,
        0.10772074598592153,
        0.11405730955701683,
        0.14573986692097513,
        0.12039363431835284,
        0.18375896042516016,
        0.11405728051255544,
        0.13306680179985184,
        0.12673029470408637,
        0.2471240193827793,
        0.14573990403334464,
        0.1520763740167406,
        0.1267301333462355,
        0.1520763740167405,
        0.14573986692097513,
        0.20276848171245665,
        0.17742245332939482,
        0.15841284077299897,
        0.1584129214520336,
        0.17108589530403698,
        0.1647491784430589,
        0.16474938820827142,
        0.1520763740167406,
        0.19643197461669118,
        0.19643197461669118,
        0.12039375695029603,
        0.12039381826636132,
        0.16474938820827154,
        0.13306663237411814,
        0.13306680179985175,
        0.1037784664590437,
        0.1520763740167406,
        0.13306680179985184,
        0.025346057579454597,
        0.09504773249937802,
        0.08237469410413577,
        0.02534603176219985,
        0.025346064033776494,
        0.08237469410413577,
        0.08237469410413577,
        0.019009546752092574,
        0.0,
        0.006336518895265558,
        0.012673029470408636,
        0.0,
        0.0,
        0.0,
        0.012673029470408636,
        0.0
    ]
}