{
    "bins": [
        -1.0,
        -0.75,
        -0.5,
        -0.25,
        0.0,
        0.25,
        0.5,
        0.75,
        1.0
    ],
    "yvals": [
        0.07465028,
        0.4435228,
        0.8211532,
        1.0600344,
        1.0699876,
        0.8329872,
        0.34339136,
        0.024883432
    ]
}