{
    "bins": [
        -1.0,
        -0.75,
        -0.5,
        -0.25,
        0.0,
        0.25,
        0.5,
        0.75,
        1.0
    ],
    "yvals": [
        0.05972024,
        0.38506684,
        0.9505472,
        1.1316596,
        1.1147776,
        0.945626,
        0.4230184,
        0.06469692
    ]
}