{
    "bins": [
        -1.0,
        -0.75,
        -0.5,
        -0.25,
        0.0,
        0.25,
        0.5,
        0.75,
        1.0
    ],
    "yvals": [
        0.22395088,
        0.24883432,
        0.22892756,
        0.22892756,
        0.16920736,
        0.19409076,
        0.31353124,
        0.253811
    ]
}