{
    "bins": [
        -1.0,
        -0.75,
        -0.5,
        -0.25,
        0.0,
        0.25,
        0.5,
        0.75,
        1.0
    ],
    "yvals": [
        0.16423064,
        0.35334476,
        0.5175752,
        0.5972024,
        0.6867828,
        0.5177912,
        0.37325148,
        0.31353124
    ]
}