{
    "bins": [
        [
            -1.0,
            -0.75,
            -0.5,
            -0.25,
            0.0,
            0.25,
            0.5,
            0.75,
            1.0
        ],
        [
            0.0,
            0.7853982,
            1.570796,
            2.356194,
            3.141593,
            3.926991,
            4.712389,
            5.497787,
            6.283185
        ]
    ],
    "zvals": [
        0.057028600269264686,
        0.057028629313705746,
        0.019009546752092574,
        0.03168253588303525,
        0.006336517281683934,
        0.04435560569290985,
        0.04435560569290985,
        0.03801909350418515,
        0.0,
        0.13940339532400012,
        0.05702861479148153,
        0.0190095225484117,
        0.019009546752092564,
        0.09504770829566668,
        0.0760381870083703,
        0.019009546752092574,
        0.019009541911351464,
        0.08237471508068905,
        0.13306680179985184,
        0.0190095225484117,
        0.01267302947040863,
        0.08237469410413577,
        0.08237469410413577,
        0.025346058940817272,
        0.012673026243248328,
        0.14573990403334464,
        0.15841288111250604,
        0.06336509213788151,
        0.031682576222501195,
        0.13306680179985184,
        0.0760381870083703,
        0.03801909350418515,
        0.05069211006595126,
        0.12673032697570583,
        0.20276848171245665,
        0.0190095225484117,
        0.019009546752092564,
        0.08871120119990122,
        0.10772077341678998,
        0.019009546752092574,
        0.04435559439784812,
        0.08237471508068905,
        0.13940335982520966,
        0.03168253588303525,
        0.03801909350418513,
        0.0760381870083703,
        0.09504770829566668,
        0.019009546752092574,
        0.012673026243248328,
        0.08237471508068905,
        0.1203937876083209,
        0.0190095225484117,
        0.019009546752092564,
        0.05069212297459378,
        0.09504770829566668,
        0.012673029470408636,
        0.025346052486496656,
        0.06336518895265558,
        0.03168257622250121,
        0.03168253588303525,
        0.031682576222501195,
        0.05702861479148153,
        0.0760381870083703,
        0.03168257622250121
    ]
}