{
    "bins": [
        [
            -1.0,
            -0.75,
            -0.5,
            -0.25,
            0.0,
            0.25,
            0.5,
            0.75,
            1.0
        ],
        [
            0.0,
            0.7853982,
            1.570796,
            2.356194,
            3.141593,
            3.926991,
            4.712389,
            5.497787,
            6.283185
        ]
    ],
    "zvals": [
        0.0,
        0.03168258429040672,
        0.019009546752092574,
        0.0,
        0.0,
        0.019009546752092574,
        0.03801909350418515,
        0.0,
        0.0,
        0.1647494301613781,
        0.08871120119990122,
        0.006336509213788151,
        0.019009546752092564,
        0.05737035235638493,
        0.12673029470408637,
        0.006336517281683937,
        0.09504768409196761,
        0.15207641274268913,
        0.1520763740167406,
        0.10138413723470492,
        0.1267302947040863,
        0.13306680179985184,
        0.1203937876083209,
        0.13940335982520966,
        0.2316004289289178,
        0.14612712182285206,
        0.11405728051255544,
        0.17742222742835173,
        0.23445106812087624,
        0.20276848171245665,
        0.20910498880822215,
        0.18375896042516027,
        0.1394033243264372,
        0.17742249850967243,
        0.22177805392934544,
        0.190095225484117,
        0.14573986692097504,
        0.2407875752166418,
        0.26613365452929605,
        0.20910498880822215,
        0.09504768409196761,
        0.1900955159283614,
        0.13306680179985184,
        0.14573968135941096,
        0.10772077341678993,
        0.14573986692097513,
        0.17108589530403698,
        0.13306680179985184,
        0.006336515668103135,
        0.08871122379003353,
        0.10138426632102453,
        0.006336509213788151,
        0.019009546752092564,
        0.06336517281683937,
        0.18375896042516027,
        0.006336517281683937,
        0.0,
        0.057028629313705746,
        0.03168257622250121,
        0.0,
        0.0,
        0.012673029470408636,
        0.03168257622250121,
        0.0
    ]
}