{
    "bins": [
        [
            -1.0,
            -0.75,
            -0.5,
            -0.25,
            0.0,
            0.25,
            0.5,
            0.75,
            1.0
        ],
        [
            0.0,
            0.7853982,
            1.570796,
            2.356194,
            3.141593,
            3.926991,
            4.712389,
            5.497787,
            6.283185
        ]
    ],
    "zvals": [
        0.0,
        0.025346070488101696,
        0.019009546752092574,
        0.0,
        0.0,
        0.006336517281683937,
        0.02534606403377651,
        0.0,
        0.006336515668103135,
        0.08871122379003353,
        0.05069212297459378,
        0.0190095225484117,
        0.01267302947040863,
        0.14811058851690484,
        0.14573986692097513,
        0.019009546752092574,
        0.16474934625518622,
        0.20910504205639488,
        0.13306680179985184,
        0.12039363431835284,
        0.13306680179985175,
        0.14573986692097513,
        0.13940335982520966,
        0.16474938820827154,
        0.19009541911351463,
        0.19643202463770587,
        0.24105210351948952,
        0.2281142705809404,
        0.1267302947040863,
        0.13940335982520966,
        0.14573986692097513,
        0.17330652739120805,
        0.19009541911351463,
        0.1330668356850503,
        0.20276848171245665,
        0.17742222742835173,
        0.23445106812087624,
        0.16474938820827154,
        0.1520763740167406,
        0.16474938820827154,
        0.16474934625518622,
        0.1837590072190169,
        0.2091759846600068,
        0.17108567747094153,
        0.10138426632102447,
        0.0760381870083703,
        0.17108589530403698,
        0.12673029470408637,
        0.025346057579454597,
        0.08871122379003353,
        0.1520763740167406,
        0.01267301333462355,
        0.01267302947040863,
        0.0760381870083703,
        0.13940335982520966,
        0.03168257622250121,
        0.0,
        0.025346065395141164,
        0.012673029470408636,
        0.0,
        0.0,
        0.0,
        0.04435560569290985,
        0.0
    ]
}