{
    "bins": [
        0.0,
        0.7853982,
        1.570796,
        2.356194,
        3.141593,
        3.926991,
        4.712389,
        5.497787,
        6.283185
    ],
    "yvals": [
        0.04435560203728504,
        0.17267007878046003,
        0.1790065673709381,
        0.04752380637102925,
        0.04752386688023141,
        0.19326367013921608,
        0.2138574327920367,
        0.05702864025627772
    ]
}