{
    "bins": [
        -1.0,
        -0.75,
        -0.5,
        -0.25,
        0.0,
        0.25,
        0.5,
        0.75,
        1.0
    ],
    "yvals": [
        0.23390428,
        0.333438,
        0.35832144,
        0.5175752,
        0.4976688,
        0.4130648,
        0.32348464,
        0.27371776
    ]
}