{
    "bins": [
        0.0,
        0.7853982,
        1.570796,
        2.356194,
        3.141593,
        3.926991,
        4.712389,
        5.497787,
        6.283185
    ],
    "yvals": [
        0.18534305273426907,
        0.23761933124844506,
        0.25512860995317027,
        0.18217453803735428,
        0.15524460209982704,
        0.18910399568117062,
        0.240787600681438,
        0.17005696474908266
    ]
}