{
    "bins": [
        [
            -1.0,
            -0.75,
            -0.5,
            -0.25,
            0.0,
            0.25,
            0.5,
            0.75,
            1.0
        ],
        [
            0.0,
            0.7853982,
            1.570796,
            2.356194,
            3.141593,
            3.926991,
            4.712389,
            5.497787,
            6.283185
        ]
    ],
    "zvals": [
        -0.0009571419949778342,
        -0.000774750323975952,
        0.0011719907613719418,
        0.0009668308719517087,
        0.0003419707715069301,
        0.0012942609988820957,
        -0.0013127514966933965,
        -0.000673901385030265,
        -0.0005860858861148396,
        -0.0029603286385574286,
        0.002673060537459989,
        0.0005465415667705205,
        0.0004611696999483063,
        0.0027139951973394385,
        -0.001969334783129064,
        -0.0005707995182060562,
        -0.0018117001032087927,
        -0.0026256859899531164,
        0.004510488694903731,
        0.0008475493347967084,
        0.0009940458213542685,
        0.0032243061479657453,
        -0.003650511969727451,
        0.0,
        -0.0015079255338247529,
        -0.002905389854669825,
        0.002388995133677448,
        0.0008949973198336134,
        0.0028793921043852914,
        0.0037732059414462486,
        -0.00276919268956631,
        -0.0018094642461529064,
        -0.001916347147217806,
        -0.0039587811424987435,
        0.0020334250914822807,
        0.002099155715757214,
        0.0013082584880531904,
        0.003003959775807935,
        -0.0032492713248569523,
        -0.0018090557908219784,
        -0.0015970747068175097,
        -0.003224946135576137,
        0.004289245452624021,
        0.0012391561486581979,
        0.0010894461152180165,
        0.002895148192381443,
        -0.00392134484681652,
        -0.0005881904461177646,
        0.0,
        -0.002042088225864651,
        0.002095574473069705,
        0.0009092458737533407,
        0.0005438165108645551,
        0.0036958097677865244,
        -0.0015355440171734589,
        -0.00029141698858413194,
        -0.0010257629823954269,
        -0.00040511343423676506,
        0.0017134130720984778,
        0.0008450436020417648,
        0.0004800485359015427,
        0.0009060466158559102,
        -0.002169665825479566,
        -0.0013041179121922903
    ],
    "zerrs": [
        0.00048395196048533454,
        0.0003747880902293159,
        0.00039548092688120983,
        0.00048457683094210925,
        0.0002428147567662612,
        0.00041198653187928864,
        0.00043319179655595984,
        0.0003897675345362925,
        0.00041445132416040705,
        0.0007895953290423694,
        0.000741480645514234,
        0.00038647820882718547,
        0.0003261013488450147,
        0.0006674194348059205,
        0.000568066353910126,
        0.0004037584249129627,
        0.0007402519323469246,
        0.0007730312195063394,
        0.0009499974559937261,
        0.0004895723587265309,
        0.0004974938561401041,
        0.000678945335866732,
        0.0008540658794885804,
        0.0,
        0.0006749497154764475,
        0.000759905382251173,
        0.0006983810306067404,
        0.0005168496477261798,
        0.0008691579238729948,
        0.0007746692354432781,
        0.0007044855081436392,
        0.0007397305459325917,
        0.0007834055383347261,
        0.0009106318827949642,
        0.0006562376299655698,
        0.0007941791535526454,
        0.0005857793217342325,
        0.0007045510423643891,
        0.0008247743617501225,
        0.0007391800047529631,
        0.0007145129582274285,
        0.0007952924913602631,
        0.000942976222399333,
        0.0006197675707284455,
        0.0005451405648447922,
        0.0007320306456947774,
        0.0009080329278430817,
        0.0004159372135421476,
        0.0,
        0.0006293378566870529,
        0.0007241310505070599,
        0.0005250056210278871,
        0.0003845493163032376,
        0.0008556186678284591,
        0.0006025612208169517,
        0.00029141697365866077,
        0.0005203749559190767,
        0.0002060035489711235,
        0.000602357360508097,
        0.0004891952517164491,
        0.00033973809908201215,
        0.00041861026918767034,
        0.000606361875094929,
        0.0006084159610502359
    ]
}