{
    "bins": [
        [
            -1.0,
            -0.75,
            -0.5,
            -0.25,
            0.0,
            0.25,
            0.5,
            0.75,
            1.0
        ],
        [
            0.0,
            0.7853982,
            1.570796,
            2.356194,
            3.141593,
            3.926991,
            4.712389,
            5.497787,
            6.283185
        ]
    ],
    "zvals": [
        0.0002597337758095193,
        0.0005809086809257678,
        0.0005069102289539827,
        0.0002703743192950335,
        -7.555130010516959e-05,
        -0.0007238750289662059,
        -0.0003528023753561889,
        -0.00011391208024466579,
        0.00011225383506099199,
        0.0012505341878981582,
        0.0007605922093002531,
        0.0001121666821577313,
        -0.00022842304156618672,
        -0.0008964178671196007,
        -0.001453717987568087,
        -0.00012707310179042985,
        0.00026242020926454886,
        0.001261657723003553,
        0.0014496976055452142,
        0.00015790037929765637,
        -0.0002110028800684493,
        -0.0016980185842082616,
        -0.0009693042253736326,
        -5.86062607747919e-05,
        0.0004019868138225934,
        0.000978323596017203,
        0.0015020241966493425,
        0.00015995156601930995,
        -0.00019030906623138837,
        -0.0014391312430130968,
        -0.002103307113081521,
        -0.00015117059121617324,
        0.0004922635677036183,
        0.0018791328419814773,
        0.0018438310257983855,
        0.00034420838325488067,
        -9.079483268355659e-05,
        -0.0018368669133356594,
        -0.001009125564363546,
        -0.0003760206672285899,
        0.00035072262706993724,
        0.002283104434466203,
        0.0011074757002182336,
        0.0002568093414939413,
        -0.00010731608687569865,
        -0.0018032976911069294,
        -0.0019120125083078902,
        -0.0002615956750590147,
        5.390045457196107e-05,
        0.0005843505036555997,
        0.0011997575751402478,
        0.0,
        -0.0001074728481610597,
        -0.0010166229096585427,
        -0.0010882243142967007,
        -0.00015466940328343087,
        0.00015409951283310808,
        0.0006530794967849413,
        0.00091752869245911,
        0.00021226612206025217,
        -0.0002174567289450698,
        -0.0005149149857779114,
        -0.0009955798206769055,
        -0.00010816803709711512
    ],
    "zerrs": [
        0.0001036313950630522,
        0.0002069843950454613,
        0.00019445869444134403,
        0.00011200590009067579,
        6.408055951067859e-05,
        0.00024331540138522106,
        0.00017682091440148558,
        8.054884963136066e-05,
        7.939052411724555e-05,
        0.00030554987422911896,
        0.00024211330427165604,
        7.932540002290353e-05,
        0.0001142738283146113,
        0.0002734252772198117,
        0.0003545508849828905,
        8.985863774467771e-05,
        0.00011749889966275406,
        0.00030716214574554436,
        0.0003336319036679285,
        9.14294958082468e-05,
        0.00010587949913466073,
        0.0003648809407402645,
        0.0002813219023029686,
        5.860628656948505e-05,
        0.00014237087686314265,
        0.0002634846959973599,
        0.00032940254818411823,
        9.258280725111142e-05,
        9.524890438332715e-05,
        0.0003236080086531833,
        0.00040583149102373886,
        8.784378850752469e-05,
        0.00015609693428253146,
        0.00037075280047414955,
        0.0003705339434047429,
        0.0001307249763468724,
        6.421009837712838e-05,
        0.0003627939762491703,
        0.0002713030428879752,
        0.00014230622177521468,
        0.00013282907862387908,
        0.00040737206159119853,
        0.00028708722561709754,
        0.00011492160711781641,
        7.588620352590077e-05,
        0.00036276033593086353,
        0.0003773325003303203,
        0.00011708979121488456,
        5.3900484915829566e-05,
        0.00020711386759199917,
        0.0003104676473462119,
        0.0,
        7.601406734971917e-05,
        0.00027284062151719556,
        0.0002820766635515257,
        8.9357693359236e-05,
        7.99264421849418e-05,
        0.00020280703465133722,
        0.000257226459641585,
        9.914663179781139e-05,
        8.834415684362635e-05,
        0.00018309305338014072,
        0.00025612435804504933,
        5.8670669378534005e-05
    ]
}