{
    "bins": [
        [
            -1.0,
            -0.75,
            -0.5,
            -0.25,
            0.0,
            0.25,
            0.5,
            0.75,
            1.0
        ],
        [
            0.0,
            0.7853982,
            1.570796,
            2.356194,
            3.141593,
            3.926991,
            4.712389,
            5.497787,
            6.283185
        ]
    ],
    "zvals": [
        0.0005917655528113,
        -0.002136594220151877,
        -0.001290078151459515,
        0.0006349343454728107,
        0.00027795935309231747,
        -0.0009414854634210938,
        -0.0019654463087504684,
        0.0013557376005541143,
        0.0006926427893519491,
        -0.004624205466325472,
        -0.002239341582229647,
        0.0008371963804384778,
        0.0005516790213369526,
        -0.004061587118887495,
        -0.004229812146198489,
        0.0005673052388725208,
        0.0,
        -0.00865806856092543,
        -0.005565321021953202,
        0.00022054558256376697,
        0.00018513793006857664,
        -0.004400631017649651,
        -0.006727967221714343,
        0.0002530306417892585,
        0.0003816887280872301,
        -0.007123966988448402,
        -0.0063141337258307275,
        0.0006914100985613682,
        0.0009192012202730332,
        -0.0025748158258615387,
        -0.008263596291307084,
        0.00021930562593742287,
        0.00035422933233103917,
        -0.008196045367073858,
        -0.010842568990499088,
        0.00046132317459024013,
        0.0008034800190476673,
        -0.00502863618191032,
        -0.00838366280535474,
        0.0002692829877336077,
        0.00022699384847075022,
        -0.00798742751762228,
        -0.006680699467021817,
        0.0,
        0.0007204418651435321,
        -0.007235776001466775,
        -0.009437788229661907,
        0.000422011464251246,
        0.00040866118613462567,
        -0.0024188623904981654,
        -0.005166231643065046,
        0.00023188534744760308,
        0.0002109498623627765,
        -0.004793254884784531,
        -0.0052742685873913625,
        0.0011536031413372585,
        0.0007668252868417574,
        -0.0022324686929349686,
        -0.001710086351123889,
        0.0005158794447153612,
        0.0007641705224612233,
        -0.0017362819869671177,
        -0.0015889946243815242,
        0.0012651440416196632
    ],
    "zerrs": [
        0.0003397235825440367,
        0.0007435432844747424,
        0.0006136979956849622,
        0.00033395260539908654,
        0.00019899665350461298,
        0.0005166419952585054,
        0.0007019764486613687,
        0.0005411273385107132,
        0.00034321072874000567,
        0.0014808372836470627,
        0.0010443208232575939,
        0.00037085625130431457,
        0.00031501972305191244,
        0.0016553535657641736,
        0.0015836846447865305,
        0.000314441093422303,
        0.0,
        0.0025799829178561563,
        0.001681757297568187,
        0.00016877902503655598,
        0.00010567118470884993,
        0.0018359620054107396,
        0.0019772970695209452,
        0.000198465505368303,
        0.00029901241424558844,
        0.0022504351340751913,
        0.0023080772077880896,
        0.00035938250687176325,
        0.00039462511287265703,
        0.0013745217655097924,
        0.002406744156065891,
        0.00021930562793019806,
        0.0002831209629878699,
        0.0025737068330331492,
        0.0028720167582551503,
        0.0003593694430926287,
        0.0003791932010916467,
        0.0018733992103812775,
        0.0023942250014115847,
        0.0001950036830704963,
        0.00017748143680607718,
        0.002547364761341512,
        0.002307757463774597,
        0.0,
        0.00035260197654776135,
        0.0020469122099756364,
        0.002392615661142468,
        0.00025889481085446557,
        0.00024237022447046473,
        0.0012379904943498265,
        0.0018277941746736586,
        0.0001434209315503091,
        0.00018006776620701267,
        0.0014033820840442684,
        0.00155371437618567,
        0.00039521219302482305,
        0.00038185316126066246,
        0.001040352725198411,
        0.0007517794400588562,
        0.00031090434726477263,
        0.0003871242372545561,
        0.0007407081976271432,
        0.0007068199952196574,
        0.0004488831823078066
    ]
}