{
    "bins": [
        -1.0,
        -0.75,
        -0.5,
        -0.25,
        0.0,
        0.25,
        0.5,
        0.75,
        1.0
    ],
    "yvals": [
        -0.00024824224,
        -0.0030021984,
        -0.005712336,
        -0.006668556,
        -0.0080084,
        -0.006403708,
        -0.0039874024,
        -0.0005268816
    ],
    "yerrs": [
        0.0004429651002054225,
        0.0007878868954361406,
        0.0010678199099099061,
        0.001101766291007308,
        0.0012341255041526367,
        0.0011153812621700258,
        0.0008074892445104145,
        0.0005295431993709295
    ]
}