{
    "bins": [
        0.0,
        0.7853982,
        1.570796,
        2.356194,
        3.141593,
        3.926991,
        4.712389,
        5.497787,
        6.283185
    ],
    "yvals": [
        -7.020679446426029e-05,
        -0.000408763431728482,
        -0.00019171999419402653,
        -1.7843045382028754e-05,
        6.578142546836124e-05,
        0.0002854955067367119,
        -4.362477368162385e-05,
        4.99192129340793e-05
    ],
    "yerrs": [
        9.791539467410136e-05,
        0.0003021561677063686,
        0.0002923415997945882,
        9.33590734218515e-05,
        0.00010161484346475269,
        0.0002926006474532634,
        0.0002835812629393037,
        7.658082864098554e-05
    ]
}