{
    "bins": [
        0.0,
        0.7853982,
        1.570796,
        2.356194,
        3.141593,
        3.926991,
        4.712389,
        5.497787,
        6.283185
    ],
    "yvals": [
        0.05483237674850795,
        0.20913720410217598,
        0.13410742069625847,
        0.08712819853348426,
        0.03833427128665975,
        0.1759050825186721,
        0.16514709739520603,
        0.057785135689166524
    ],
    "yerrs": [
        0.012858647219685623,
        0.02372662064750126,
        0.017298334643620943,
        0.01658438561783899,
        0.008734311875177782,
        0.01916332930322109,
        0.018016451283807165,
        0.011640405817265248
    ]
}