{
    "bins": [
        0.0,
        0.7853982,
        1.570796,
        2.356194,
        3.141593,
        3.926991,
        4.712389,
        5.497787,
        6.283185
    ],
    "yvals": [
        0.00022636593768613167,
        -0.0005396797648274543,
        -0.0003176453212256717,
        -0.0002818673056624722,
        -0.00026811960305475683,
        -0.000696613818726302,
        0.000930498549779857,
        0.00015965052113705411
    ],
    "yerrs": [
        0.0001736193582759715,
        0.00046936318530210627,
        0.00042644981154353503,
        0.0002242688265351868,
        0.00015279291512836895,
        0.0005129461132488625,
        0.00040375576689299334,
        0.00013411331734848036
    ]
}