{
    "bins": [
        -1.0,
        -0.75,
        -0.5,
        -0.25,
        0.0,
        0.25,
        0.5,
        0.75,
        1.0
    ],
    "yvals": [
        0.0007529936,
        -0.00065935,
        7.305432e-05,
        0.00025897196,
        -0.00027274792,
        0.0012963044,
        0.0015908648,
        -0.0014106056
    ],
    "yerrs": [
        0.0010059378907268579,
        0.0010584528331484592,
        0.0007723842567012873,
        0.0003322545289382825,
        0.00031209355007753685,
        0.0007542532200793047,
        0.0011183929184325158,
        0.0013083987159883642
    ]
}