{
    "bins": [
        0.0,
        0.7853982,
        1.570796,
        2.356194,
        3.141593,
        3.926991,
        4.712389,
        5.497787,
        6.283185
    ],
    "yvals": [
        -0.00185423012173952,
        -0.005452440788604195,
        -0.005469155765611831,
        -0.0015887376989275517,
        0.0016305427312012504,
        0.005572593767745782,
        0.0051790200637129215,
        0.001810368755713664
    ],
    "yerrs": [
        0.0002137356523543943,
        0.0005033068485252903,
        0.0004941133501199897,
        0.00019576706880531196,
        0.00018642622332637763,
        0.0004866565068212999,
        0.0004672673877716585,
        0.00020394317127660926
    ]
}