{
    "bins": [
        [
            -1.0,
            -0.75,
            -0.5,
            -0.25,
            0.0,
            0.25,
            0.5,
            0.75,
            1.0
        ],
        [
            0.0,
            0.7853982,
            1.570796,
            2.356194,
            3.141593,
            3.926991,
            4.712389,
            5.497787,
            6.283185
        ]
    ],
    "zvals": [
        -0.0008501949711623988,
        -0.002188923371061136,
        -0.004939429945072436,
        -0.0007121317954313668,
        0.0004227149547108598,
        0.004703811825342057,
        0.003992067206690112,
        0.0006831456153440678,
        -0.0006977739444781004,
        -0.008485412105814404,
        -0.00788267349802266,
        -0.0007015949854787185,
        0.0006112187706105692,
        0.00830420754827489,
        0.008485516897165516,
        0.0006366448603128606,
        -0.0020514765630988206,
        -0.008122345135165899,
        -0.013560508175472821,
        -0.0010631416643005658,
        0.0011346721025518268,
        0.012136720490757555,
        0.010402527126374147,
        0.0,
        -0.0017229104930467118,
        -0.010450602229850912,
        -0.007328763251243321,
        -0.0010024672809616515,
        0.0029146628842956043,
        0.011371284367925564,
        0.009901741537411607,
        0.0019211396005592075,
        -0.0019235979914392469,
        -0.012359693393589848,
        -0.005886151989182556,
        -0.002421904280499466,
        0.0013901828117718657,
        0.00856614862782946,
        0.008340107817947081,
        0.0019907893832171717,
        -0.0017833924243778503,
        -0.011541112032654025,
        -0.01231266695357004,
        -0.0014287031177783523,
        0.00111018311734942,
        0.008813503472124963,
        0.010430283754223975,
        0.0007222941744185752,
        0.0,
        -0.008264520221472482,
        -0.004949252226259808,
        -0.001167475385122721,
        0.0006273242356104802,
        0.010199725489497047,
        0.003109154339583244,
        0.0003854023565122398,
        -0.0004942397372441138,
        -0.002514688989452224,
        -0.005093300466769716,
        -0.0007787150225554146,
        0.0006363790078406105,
        0.002791845662963237,
        0.006262333237415936,
        0.0011140496920032904
    ],
    "zerrs": [
        0.0004741132450437395,
        0.0009100828346489856,
        0.001428178650257132,
        0.00036858498166309893,
        0.0002991034300783194,
        0.0013049139571397323,
        0.0012000803879309325,
        0.0003967951965242144,
        0.0004934020749705206,
        0.0020157085951989784,
        0.0019294896374368632,
        0.0004962680938023965,
        0.00043223516291110664,
        0.0018230254530425584,
        0.0019506319778552301,
        0.00045022021805191234,
        0.00083924684153481,
        0.0019909131223802426,
        0.0025772487338874515,
        0.0006147453468619398,
        0.0005684358560559384,
        0.002264841321137537,
        0.0021312942167477054,
        0.0,
        0.0007720949435440414,
        0.0022972735516246508,
        0.0019057115780108263,
        0.0005793170515112972,
        0.0008818890922657371,
        0.0021623010005940224,
        0.0021175976995117013,
        0.0007866983535259848,
        0.000789080327675675,
        0.0024891231760709415,
        0.0017106172778915032,
        0.0009195569840551115,
        0.0006238897933469096,
        0.001879045913396616,
        0.0019222571622625408,
        0.0008142350165850068,
        0.0007990693578299289,
        0.0024734402106143917,
        0.0025243985983928814,
        0.0007163141638349955,
        0.0005574096726226576,
        0.0019391458184732375,
        0.0021829613918236163,
        0.0005107519567441479,
        0.0,
        0.0021444835496250516,
        0.0015842094039416645,
        0.0006741823019331117,
        0.0004435856689865051,
        0.00210131881481804,
        0.001178979693344866,
        0.0003854023671770824,
        0.00027894340333450206,
        0.0011333046847916714,
        0.0015229341384014401,
        0.0004590578386386903,
        0.0004502271026721855,
        0.001068971016329138,
        0.0016408231102002363,
        0.0005789722565410491
    ]
}