{
    "bins": [
        -1.0,
        -0.75,
        -0.5,
        -0.25,
        0.0,
        0.25,
        0.5,
        0.75,
        1.0
    ],
    "yvals": [
        -0.15663904,
        -0.013871524,
        0.03946472,
        0.08099256,
        0.07358304,
        0.04764072,
        -0.019218276,
        -0.12691876
    ],
    "yerrs": [
        0.018473384097127413,
        0.003233667144280623,
        0.0062841667705432515,
        0.010935155051484182,
        0.010753753577239903,
        0.006846601492711548,
        0.003857620613798096,
        0.016389830993637486
    ]
}