{
    "bins": [
        -1.0,
        -0.75,
        -0.5,
        -0.25,
        0.0,
        0.25,
        0.5,
        0.75,
        1.0
    ],
    "yvals": [
        1.2644784,
        0.7511952,
        0.55046,
        0.5023792,
        0.4181392,
        0.6378904,
        0.8847736,
        1.2032488
    ],
    "yerrs": [
        0.09758579404810927,
        0.06401269874017186,
        0.0507997165346422,
        0.04621866289714578,
        0.0422824786406852,
        0.055223169050680164,
        0.07233786283821218,
        0.09670626866961624
    ]
}