{
    "bins": [
        [
            -1.0,
            -0.75,
            -0.5,
            -0.25,
            0.0,
            0.25,
            0.5,
            0.75,
            1.0
        ],
        [
            0.0,
            0.7853982,
            1.570796,
            2.356194,
            3.141593,
            3.926991,
            4.712389,
            5.497787,
            6.283185
        ]
    ],
    "zvals": [
        0.05753310868295853,
        0.14691464631044293,
        0.11602759365315422,
        0.10778159890705234,
        0.07454488043004945,
        0.1511614748191363,
        0.08391740238707002,
        0.07249639036513973,
        0.02787037709024543,
        0.08234925027801197,
        0.07702713783330237,
        0.028770456799664883,
        0.0259337151355109,
        0.06676406102383761,
        0.1280641916582421,
        0.022048775270627128,
        0.004818235641487337,
        0.09579181403360182,
        0.07927318378707357,
        0.03848163799546473,
        0.038024461483222506,
        0.047879673745031194,
        0.09009302290049123,
        0.00996535259830048,
        0.018461310453729077,
        0.07438727228418515,
        0.08648680032289363,
        0.016012375875192098,
        0.034834511928983763,
        0.10804692652642357,
        0.05770480698957727,
        0.02486243662448848,
        0.011833752611095875,
        0.05854302112891072,
        0.07811198908069542,
        0.016237835800656738,
        0.011285814325985037,
        0.08796895332048212,
        0.07774285139508888,
        0.02108660831833033,
        0.024625144289864682,
        0.07111265144873082,
        0.11036055604928968,
        0.02536168240601274,
        0.01737473739428926,
        0.05866651048258337,
        0.08510222842431482,
        0.02542524427105748,
        0.02164923219839312,
        0.07653456630512588,
        0.10325465560136392,
        0.021138050850586773,
        0.035717075928382795,
        0.12830957043435307,
        0.08823623182131864,
        0.0,
        0.055815203039681016,
        0.10845989128057144,
        0.16360469468982608,
        0.04325708079587573,
        0.09009648611277336,
        0.14773248722303856,
        0.09846488022633114,
        0.08645573327153878
    ],
    "zerrs": [
        0.02610494446938703,
        0.04079063978704977,
        0.03567722821455157,
        0.03900011499289957,
        0.03365793000423161,
        0.0460270763588591,
        0.032570089541135445,
        0.029909189610289356,
        0.012520577978999586,
        0.02215261621170204,
        0.022376523683686447,
        0.01448741863183517,
        0.01499515621783253,
        0.021304043908516333,
        0.030466114517160133,
        0.012744698781150924,
        0.004818235920854466,
        0.020479730935175477,
        0.019290688239510904,
        0.013650897697776995,
        0.013472680300064705,
        0.015174658153659306,
        0.021326665711940602,
        0.007089955365914962,
        0.008256804821068525,
        0.016636598186488993,
        0.01844744077719089,
        0.008006899241495075,
        0.011623836833865364,
        0.020807496732950098,
        0.015428628066856584,
        0.010151929929290092,
        0.006833037775419786,
        0.01513203341090769,
        0.01793013894542973,
        0.008119366352574283,
        0.006517929358759331,
        0.0183490493637534,
        0.017844067778043798,
        0.009438385780508794,
        0.011050691879508051,
        0.01915602539129615,
        0.023589936270139156,
        0.011372400423560473,
        0.008703947800425632,
        0.01630602985276457,
        0.020734055686999136,
        0.011393301559957452,
        0.012642754937142812,
        0.024507323979631134,
        0.026854764055568175,
        0.012277377870768668,
        0.01472686296671112,
        0.028885000176888515,
        0.025796298564344018,
        0.0,
        0.028352442427329143,
        0.03891768056209516,
        0.04666677466393231,
        0.021697431250717943,
        0.03438743675379816,
        0.044310624461451106,
        0.03556590697149404,
        0.03604448486942492
    ]
}