{
    "bins": [
        0.0,
        0.7853982,
        1.570796,
        2.356194,
        3.141593,
        3.926991,
        4.712389,
        5.497787,
        6.283185
    ],
    "yvals": [
        -0.0001444912911692438,
        7.258493721270928e-05,
        6.722578870840008e-05,
        -0.0006984053964927381,
        0.0003190477948759736,
        -0.0004303577294569124,
        -0.00023000440540974136,
        -0.0003686027975625098
    ],
    "yerrs": [
        0.0006141585184948098,
        0.0003320313426832914,
        0.00035274515500387536,
        0.0005899765917118904,
        0.0006116044236328039,
        0.00037478418834471913,
        0.00032784792760172577,
        0.0006130664888163177
    ]
}