{
    "bins": [
        [
            -1.0,
            -0.75,
            -0.5,
            -0.25,
            0.0,
            0.25,
            0.5,
            0.75,
            1.0
        ],
        [
            0.0,
            0.7853982,
            1.570796,
            2.356194,
            3.141593,
            3.926991,
            4.712389,
            5.497787,
            6.283185
        ]
    ],
    "zvals": [
        0.0026756985182802813,
        0.003934085376862527,
        0.008194978851486763,
        0.0025323424144925066,
        0.0012809092969424416,
        0.007286140275376308,
        0.006948578937048479,
        0.001963012383530389,
        0.0006906830191360255,
        0.0057941898996915955,
        0.005815145951479379,
        0.00065911212008164,
        0.0005080819151563918,
        0.005820269468473311,
        0.005093122213196368,
        0.0006520042067843312,
        0.0009088923300308048,
        0.0029158421375766524,
        0.004892042505837806,
        0.0005482573825533264,
        0.0005234436553187045,
        0.004195972997130118,
        0.003945038311785873,
        0.0,
        0.00017866346014034664,
        0.0013244004503195704,
        0.0008828568445552448,
        0.0001159995365412994,
        0.0004371959185024661,
        0.001048828746699126,
        0.0010844249667047792,
        0.00022670396410482335,
        -0.0002696010762438722,
        -0.001125158741213688,
        -0.0004362782181772809,
        -0.00040161222512379057,
        -0.00026149580212834757,
        -0.0009170188872393363,
        -0.0009686406127848558,
        -0.00032363443757177894,
        -0.0009614440165510947,
        -0.003932018653477257,
        -0.004571411691906524,
        -0.0007337967071513969,
        -0.0005338419501959514,
        -0.0030781697941680533,
        -0.0038585252317933083,
        -0.0003179322585491688,
        0.0,
        -0.005321629370492252,
        -0.003963115770602931,
        -0.0007830964898096382,
        -0.0006512173445819825,
        -0.00711081515359092,
        -0.0023730154647707284,
        -0.00031170071734330876,
        -0.004138379232343542,
        -0.004153398952734525,
        -0.009695053972635533,
        -0.0025183174411986774,
        -0.0012941336749011324,
        -0.004391839551412152,
        -0.010788568343693263,
        -0.004141922439323758
    ],
    "zerrs": [
        0.0013527478250499167,
        0.0016174933167150032,
        0.002303221768239082,
        0.0012695367505795444,
        0.0009067650287292923,
        0.0020051291633787017,
        0.0020615138957794142,
        0.0011341602854512574,
        0.0004902152319403527,
        0.0013931769108443326,
        0.00143428673643426,
        0.0004667133663804992,
        0.0003607409215640819,
        0.0012908035612474139,
        0.001180444901349101,
        0.0004733767396186124,
        0.00038197748178440965,
        0.0007362173489737424,
        0.0009447265044617944,
        0.00031803322617259737,
        0.00026907834513367827,
        0.000797754313697557,
        0.0008275430345888455,
        0.0,
        9.521149680663514e-05,
        0.00032147467254656855,
        0.000249919454806385,
        7.659254039525329e-05,
        0.00015023786918561222,
        0.00023921548762717644,
        0.00026786859582769235,
        0.00011639803187700954,
        0.00014092028721904003,
        0.00027850779133916563,
        0.0001599596504661336,
        0.00015855708316285286,
        0.00012620080666782098,
        0.0002199327681016812,
        0.0002599859167659508,
        0.00014799066060962196,
        0.0004373595535495996,
        0.0008608653655275977,
        0.0009542202461991933,
        0.0003763737225413689,
        0.0002776838121958925,
        0.000687624567091095,
        0.0008285501207109795,
        0.00022521293794446688,
        0.0,
        0.001405506340675528,
        0.0012730188578819813,
        0.0004522432786586991,
        0.000463075032734702,
        0.00147574661165006,
        0.0009167903813178322,
        0.00031170071413126913,
        0.0020724052536116085,
        0.0018884241655787123,
        0.00289093925606567,
        0.0014634056270359643,
        0.0009204817615085573,
        0.0017169777392074903,
        0.0028465195706353762,
        0.001908019250766239
    ]
}