{
    "bins": [
        -1.0,
        -0.75,
        -0.5,
        -0.25,
        0.0,
        0.25,
        0.5,
        0.75,
        1.0
    ],
    "yvals": [
        -0.0011370064,
        0.0011698876,
        -0.0031131788,
        6.984316e-05,
        -0.0020627512,
        0.0013808348,
        0.0017261748,
        -0.00023942008
    ],
    "yerrs": [
        0.0014004147956944756,
        0.0021785653995232733,
        0.0024398376995201955,
        0.002422749512434168,
        0.0024965742929061816,
        0.002237485016709609,
        0.0019840669343547863,
        0.0013986399107704598
    ]
}