{
    "bins": [
        0.0,
        0.7853982,
        1.570796,
        2.356194,
        3.141593,
        3.926991,
        4.712389,
        5.497787,
        6.283185
    ],
    "yvals": [
        -0.0004027325247244009,
        9.441420640597668e-05,
        -4.9903615746411385e-05,
        0.00022524920454444175,
        0.0005692274490131117,
        -0.0001889229409802419,
        -0.0006239324520816199,
        8.676266046004704e-05
    ],
    "yerrs": [
        0.0002476452762962585,
        0.00031257116922069414,
        0.00031553400087904035,
        0.0002580831194953635,
        0.0002805967498589404,
        0.00032456943142600937,
        0.0003013452272421178,
        0.00024203957240721054
    ]
}