{
    "bins": [
        -1.0,
        -0.75,
        -0.5,
        -0.25,
        0.0,
        0.25,
        0.5,
        0.75,
        1.0
    ],
    "yvals": [
        0.0005151576,
        0.0007630896,
        -0.0014147852,
        0.0017686852,
        -0.00036390908,
        -0.0007803092,
        -0.0021621748,
        0.0011262
    ],
    "yerrs": [
        0.001163974707628993,
        0.0019306504603371372,
        0.0021241242901487664,
        0.0023026357071842694,
        0.0023063852236779527,
        0.0022454305600485623,
        0.0020836959471093666,
        0.0012813936163412084
    ]
}