{
    "bins": [
        0.0,
        0.7853982,
        1.570796,
        2.356194,
        3.141593,
        3.926991,
        4.712389,
        5.497787,
        6.283185
    ],
    "yvals": [
        8.154910464526148e-05,
        0.0010379186190743084,
        -0.0002243373423410806,
        9.236290089495913e-05,
        -0.000585657335516515,
        0.00025715675364592223,
        0.00018561608254668338,
        -1.624694740755643e-05
    ],
    "yerrs": [
        0.0005347301161969736,
        0.0004923468301300323,
        0.0003696423055284842,
        0.0006587498634623788,
        0.0004039309901301801,
        0.0004607833585820389,
        0.00045558772878257956,
        0.0005301226874564561
    ]
}