{
    "bins": [
        -1.0,
        -0.75,
        -0.5,
        -0.25,
        0.0,
        0.25,
        0.5,
        0.75,
        1.0
    ],
    "yvals": [
        -0.0017752304,
        0.0017843544,
        -0.0008008648,
        -0.0001841616,
        -0.00030182344,
        0.0005653504,
        -0.0004602948,
        0.0014191944
    ],
    "yerrs": [
        0.0010137976129385984,
        0.0012049909543228945,
        0.0006995942824237488,
        0.00026719356279671113,
        0.00030990974169909535,
        0.0006423902863524634,
        0.0011102596453082495,
        0.0010613808364578663
    ]
}