{
    "bins": [
        -1.0,
        -0.75,
        -0.5,
        -0.25,
        0.0,
        0.25,
        0.5,
        0.75,
        1.0
    ],
    "yvals": [
        -0.0004027148,
        -0.0006353728,
        0.0012418168,
        -0.00014141812,
        0.0002860678,
        -0.0012700784,
        -0.00120177,
        0.0007821944
    ],
    "yerrs": [
        0.0017926748729203518,
        0.001235874621472583,
        0.000760429141998122,
        0.0003003393813671461,
        0.0003433010107762574,
        0.0008734198532206604,
        0.0014175257316888467,
        0.0018173589628909309
    ]
}