{
    "bins": [
        [
            -1.0,
            -0.75,
            -0.5,
            -0.25,
            0.0,
            0.25,
            0.5,
            0.75,
            1.0
        ],
        [
            0.0,
            0.7853982,
            1.570796,
            2.356194,
            3.141593,
            3.926991,
            4.712389,
            5.497787,
            6.283185
        ]
    ],
    "zvals": [
        0.00015810874025430668,
        -0.000470675471716371,
        -0.0004093390612148236,
        0.00020120173313182218,
        6.011825851351797e-05,
        -0.0005640141686126017,
        -0.00031123308182602963,
        6.564213303318829e-05,
        2.50956673952143e-05,
        -0.0012532589217846039,
        -0.0008626602053990463,
        3.65784473878882e-05,
        9.214018879599894e-05,
        -0.000880848690727504,
        -0.0015631162798988543,
        1.4895770042704466e-05,
        0.00010751157820326045,
        -0.0018622359268131385,
        -0.0021564704773885347,
        8.862481362976016e-05,
        0.00011892884881295849,
        -0.002168919197655202,
        -0.0013424383560946174,
        8.021981212073372e-06,
        0.00020459868637335811,
        -0.0013225730960794643,
        -0.0019359993277293808,
        6.885880934404042e-05,
        0.0001967723370826001,
        -0.00181441205605311,
        -0.0033073407367984137,
        0.000130891446120311,
        0.00028266064271601334,
        -0.0028809283652182368,
        -0.0026918138319679966,
        0.00031131198282656334,
        0.0001105335129450291,
        -0.0024228994726240714,
        -0.0013622754323285777,
        0.00012919049959383654,
        0.00018009880847702476,
        -0.0030448977575440114,
        -0.001427747969819124,
        0.00018846120252253952,
        2.5418806770580002e-05,
        -0.0024623867134879393,
        -0.002773319005141343,
        9.667608015299251e-05,
        7.604290409629153e-06,
        -0.000681240003473399,
        -0.0016400367711657024,
        0.0,
        2.472239552430741e-05,
        -0.0012489535242004694,
        -0.0013236280204431386,
        5.121454345440148e-05,
        8.943641582066268e-05,
        -0.00045080335086245465,
        -0.0008122964407854363,
        0.00010713265486714397,
        0.00020899574483255616,
        -0.0004179484541595472,
        -0.0008472168251001405,
        0.00010212040264935742
    ],
    "zerrs": [
        7.258976713692878e-05,
        0.00018857163518985667,
        0.00017186598253947244,
        9.707169285061315e-05,
        4.670319154622876e-05,
        0.0002109423545835584,
        0.00016571655122499525,
        4.646571904695314e-05,
        1.84144907728199e-05,
        0.0003628430756851041,
        0.0003128759104344051,
        2.665955240859451e-05,
        4.998182556977824e-05,
        0.00032285963409436506,
        0.0004203718497870078,
        1.0731251854388853e-05,
        5.566032198191943e-05,
        0.0004826490438525752,
        0.0005293189741411324,
        6.0802732155777633e-05,
        7.300404887183066e-05,
        0.0005334329621198868,
        0.0004200475676286689,
        8.021983131830277e-06,
        8.429390060660255e-05,
        0.00041452919534203586,
        0.00048474300705599743,
        5.259336243466725e-05,
        0.00010043247178222191,
        0.0004615910262984518,
        0.0006702398213054757,
        8.688940721730943e-05,
        0.00010661275114319139,
        0.000624782553337031,
        0.0005984820893153956,
        0.00013310070288299634,
        7.825817036763726e-05,
        0.0005544820058313592,
        0.0004179523586322548,
        5.938438518682759e-05,
        7.81898099221384e-05,
        0.0006376055051139621,
        0.00041139095055871884,
        8.629265656018657e-05,
        1.818816895700507e-05,
        0.000557014928604221,
        0.0006097333681095363,
        4.86067344433572e-05,
        7.604291051236175e-06,
        0.000254996503339738,
        0.00044441224766023297,
        0.0,
        1.9264417061616932e-05,
        0.0003650684907158154,
        0.0003715966646138592,
        3.2835600186876225e-05,
        5.4475583745645276e-05,
        0.0001688065591675558,
        0.0002532259589156324,
        6.177810471250451e-05,
        8.34843992886434e-05,
        0.00016078772373463214,
        0.00024279718372447568,
        6.0895821672017866e-05
    ]
}