{
    "bins": [
        -1.0,
        -0.75,
        -0.5,
        -0.25,
        0.0,
        0.25,
        0.5,
        0.75,
        1.0
    ],
    "yvals": [
        -6.40874e-05,
        -0.0006678108,
        7.333284e-05,
        0.00022436944,
        -0.00014323952,
        -0.0004008216,
        0.0004426576,
        -0.0003920092
    ],
    "yerrs": [
        0.00025474030697948056,
        0.0004078988109813511,
        0.000469073128627083,
        0.0004747041183726975,
        0.0005071520482064526,
        0.00045298423813638374,
        0.00041811960011460834,
        0.00035427424405395317
    ]
}