{
    "bins": [
        [
            -1.0,
            -0.75,
            -0.5,
            -0.25,
            0.0,
            0.25,
            0.5,
            0.75,
            1.0
        ],
        [
            0.0,
            0.7853982,
            1.570796,
            2.356194,
            3.141593,
            3.926991,
            4.712389,
            5.497787,
            6.283185
        ]
    ],
    "zvals": [
        0.0,
        0.0002973795954101221,
        -0.0001632412101889743,
        0.0,
        2.4356945141189557e-06,
        0.000502901458878174,
        -0.00032396379924573283,
        0.0,
        9.905558734410137e-05,
        0.0013375896902181289,
        -0.0011537803763187584,
        -0.00020699420294652783,
        0.0004250854216588276,
        0.0009144097642214523,
        -0.001007063425167877,
        0.0,
        0.0006981997157620173,
        0.001418266768763549,
        -0.002135224688629205,
        -0.0007260248612488685,
        0.0006558259633969017,
        0.0014905013763722344,
        -0.001777442264940833,
        -0.0009699393173906735,
        0.0023098081966574408,
        0.0024154511255315455,
        -0.0027687292302756065,
        -0.0017852077733737884,
        0.0015760661473545891,
        0.0027463074772281068,
        -0.002005395990313192,
        -0.0017989080695392657,
        0.0012133142143692206,
        0.002934728363130123,
        -0.0030478152478106645,
        -0.0010168650583970696,
        0.0016917812370288688,
        0.002432071382916687,
        -0.0029547388712474446,
        -0.0009732003391910855,
        0.0007916152596224437,
        0.0018523912340981856,
        -0.0014748537684078648,
        -0.00043384562496259863,
        0.0001141645382341182,
        0.0007619637432231813,
        -0.0013603105686543643,
        -0.00032854644396853574,
        0.0,
        0.001746656789718535,
        -0.0010963664282312919,
        -0.00031771188911623266,
        0.0003320430151337283,
        0.0010328949144255526,
        -0.002081776627900759,
        0.0,
        0.0,
        7.545740515188609e-05,
        -0.00026881713475206207,
        -1.3797817415097297e-05,
        4.609820244003676e-06,
        0.0004633172989999976,
        -0.00030998011199417377,
        0.0
    ],
    "zerrs": [
        0.0,
        0.00011539804585331607,
        8.460617890588542e-05,
        0.0,
        2.4356946440033766e-06,
        0.00016748945824981358,
        0.00011421905550242633,
        0.0,
        9.905557055520145e-05,
        0.00031617999775590116,
        0.0002930209655371441,
        0.00014637161277510823,
        0.00021254530452157036,
        0.000284863328638825,
        0.0002909623258184655,
        0.0,
        0.00026417958817996927,
        0.0003356155113231661,
        0.00043093866264153313,
        0.00027458852081036086,
        0.00026799028592560097,
        0.0003605464083640993,
        0.0003847676606361416,
        0.00032431470966614966,
        0.00048306318129018083,
        0.0004336866577262991,
        0.0004854379685801459,
        0.00042601686746311727,
        0.0003973744035830544,
        0.0005215558293121291,
        0.0004413790726781163,
        0.00044052169111695667,
        0.000339530818040119,
        0.0005066967726454866,
        0.0005269505040659186,
        0.0003247069933091924,
        0.00042750018927332426,
        0.0004822212454150894,
        0.0005380252856779232,
        0.00030913561973226175,
        0.00028021591591340984,
        0.0003783923329480424,
        0.0003540004192376396,
        0.0002170739900397484,
        0.00011416455177270789,
        0.00025407379648774593,
        0.00034383955511232994,
        0.0001900901580651019,
        0.0,
        0.0003617036922466663,
        0.00029796723530898405,
        0.0001834366060778765,
        0.0001917163989700417,
        0.0002800025896344417,
        0.00041604199789567486,
        0.0,
        0.0,
        6.847193284443352e-05,
        0.00011539486961764271,
        1.379781572019841e-05,
        3.293024108955536e-06,
        0.00015166293036290596,
        0.00013244975633933172,
        0.0
    ]
}