{
    "bins": [
        -1.0,
        -0.75,
        -0.5,
        -0.25,
        0.0,
        0.25,
        0.5,
        0.75,
        1.0
    ],
    "yvals": [
        -0.04482088,
        -0.036602744,
        0.25042144,
        0.39476656,
        0.4151484,
        0.21712532,
        -0.04260816,
        -0.012106752
    ],
    "yerrs": [
        0.018059014369560703,
        0.01025577846874629,
        0.020564590927125197,
        0.030296209663916704,
        0.030894276492580305,
        0.018953416578548578,
        0.010781884807398008,
        0.007105219489924291
    ]
}