{
    "bins": [
        -1.0,
        -0.75,
        -0.5,
        -0.25,
        0.0,
        0.25,
        0.5,
        0.75,
        1.0
    ],
    "yvals": [
        -2.1310592e-05,
        -3.213556e-05,
        5.86836e-05,
        3.1948856e-05,
        1.2351268e-05,
        1.9595524e-06,
        -1.3613912e-05,
        -2.8875432e-05
    ],
    "yerrs": [
        2.8187040994045472e-05,
        5.0427262467835786e-05,
        5.7817713548704083e-05,
        6.113999672881901e-05,
        5.972013395832263e-05,
        5.548269640167103e-05,
        4.773315828645743e-05,
        2.934776584341643e-05
    ]
}