{
    "bins": [
        0.0,
        0.7853982,
        1.570796,
        2.356194,
        3.141593,
        3.926991,
        4.712389,
        5.497787,
        6.283185
    ],
    "yvals": [
        7.16050533347288e-05,
        -1.131184604795175e-05,
        -0.0003309882378106388,
        0.0002902808636119985,
        -0.0004664225017125074,
        -0.00032363387734626273,
        -0.0004887319550087982,
        0.00032688827829966473
    ],
    "yerrs": [
        0.0005040594156146693,
        0.00037478145055030646,
        0.00042925878612957524,
        0.000593671523721995,
        0.0006015723276248753,
        0.0004294432335124264,
        0.00044510577153539823,
        0.0006436348767310734
    ]
}