{
    "bins": [
        -1.0,
        -0.75,
        -0.5,
        -0.25,
        0.0,
        0.25,
        0.5,
        0.75,
        1.0
    ],
    "yvals": [
        0.41261,
        0.4114412,
        0.4013188,
        0.372058,
        0.4258404,
        0.39243856,
        0.42318,
        0.7077752
    ],
    "yerrs": [
        0.07495519728477806,
        0.049305285720701385,
        0.039625664410833546,
        0.034030280633576916,
        0.03634219145841373,
        0.038683350423664185,
        0.04965640341385993,
        0.09229026384185929
    ]
}