{
    "bins": [
        0.0,
        0.7853982,
        1.570796,
        2.356194,
        3.141593,
        3.926991,
        4.712389,
        5.497787,
        6.283185
    ],
    "yvals": [
        -5.3356437537035346e-05,
        -0.0002438701763615839,
        -0.00010946545573072509,
        3.604714291716695e-05,
        0.00021178205190234753,
        -0.000206379568066127,
        1.4939470179450423e-06,
        0.00011886011932803499
    ],
    "yerrs": [
        0.00022978170313305853,
        0.00030117934903974307,
        0.00029548390386838306,
        0.00018806107339259162,
        0.00024180751535360045,
        0.00029817256595013,
        0.00031826105624209255,
        0.00017833763282774245
    ]
}