{
    "bins": [
        [
            -1.0,
            -0.75,
            -0.5,
            -0.25,
            0.0,
            0.25,
            0.5,
            0.75,
            1.0
        ],
        [
            0.0,
            0.7853982,
            1.570796,
            2.356194,
            3.141593,
            3.926991,
            4.712389,
            5.497787,
            6.283185
        ]
    ],
    "zvals": [
        0.0,
        -3.597124412622495e-05,
        6.722752031454118e-05,
        0.0,
        0.0,
        -6.035991942938486e-05,
        4.269304480021595e-06,
        0.0,
        -0.00035142189019531745,
        -0.0006202222618907259,
        0.0004279635547836894,
        0.00045713238748712443,
        -0.00028061105324943524,
        -0.0006482975510505503,
        0.00034499441047723586,
        0.00030469433331890334,
        -0.001326744573644299,
        -0.0006339111212178084,
        0.0011772354907957497,
        0.0005349983893536916,
        -0.0005997428055584554,
        -0.0007038077509746652,
        0.0007973068431546811,
        0.000743070901632039,
        -0.0008359825627305995,
        -0.0014023762225970075,
        0.0010495641700131654,
        0.0008831643534050846,
        -0.0009721720707208316,
        -0.0011689069745530294,
        0.000784228123830211,
        0.0011546935439102216,
        -0.000768464200707361,
        -0.0008665799675018188,
        0.0008379634274597086,
        0.0009640872983031556,
        -0.000965404546484712,
        -0.0006946210711002576,
        0.001075101286226856,
        0.0007864399960274919,
        -0.00037318374297267294,
        -0.0007022173986227107,
        0.0008675555578190931,
        0.0005022915486268763,
        -0.0007929925973837466,
        -0.0010825359881232192,
        0.0013910964886592533,
        0.0007262391806447179,
        -0.00047284967039649435,
        -0.0005463427577719214,
        0.0004924758657394087,
        0.00016063269752062328,
        -0.00013438109086093926,
        -0.0005726350207156118,
        0.00028628608679930436,
        0.00035400905018856686,
        0.0,
        -5.5657247830335144e-05,
        5.586517918303842e-05,
        0.0,
        0.0,
        0.0,
        5.665229603334871e-05,
        0.0
    ],
    "zerrs": [
        0.0,
        3.597124532020977e-05,
        4.956093375970802e-05,
        0.0,
        0.0,
        4.3411178808192985e-05,
        4.26930442878785e-06,
        0.0,
        0.00013361256498263047,
        0.00016728774526763448,
        0.00013467171042721608,
        0.00015262146784081738,
        0.00010832949374665782,
        0.0001688506098640891,
        0.00011674369072224066,
        0.00011879174306517524,
        0.00026361112915299713,
        0.0001702724553342177,
        0.0002276722538588448,
        0.00015022003228065084,
        0.00016835023088957458,
        0.0001804643232650618,
        0.000201607736113202,
        0.00018599581969329265,
        0.00020707574931740427,
        0.00027297294518753513,
        0.00022813717484740048,
        0.00021127793924284203,
        0.00021522311854321044,
        0.00023602198525252198,
        0.000184874630810318,
        0.0002444374262389121,
        0.0001912519294965849,
        0.00020724526177792635,
        0.00019504125592591535,
        0.0002193258683180612,
        0.00021476381688560417,
        0.00017553613808893686,
        0.00022291976254351433,
        0.00019254349849541342,
        0.00013355500271516223,
        0.00018339156157493706,
        0.00021740124390483094,
        0.00017365796426786553,
        0.00018650135795967896,
        0.0002262704410373292,
        0.0002639824282185835,
        0.00018291170070762553,
        0.00016792572101462623,
        0.00017225225274437032,
        0.0001625113735250806,
        8.079115189455082e-05,
        7.137396711038332e-05,
        0.0001591674677233602,
        0.00011562549744814796,
        0.00013510021656529947,
        0.0,
        3.94149773368672e-05,
        5.586518967390852e-05,
        0.0,
        0.0,
        0.0,
        4.1082443379007477e-05,
        0.0
    ]
}