{
    "bins": [
        -1.0,
        -0.75,
        -0.5,
        -0.25,
        0.0,
        0.25,
        0.5,
        0.75,
        1.0
    ],
    "yvals": [
        0.0005130076,
        -0.00030523428,
        -3.5078516e-05,
        -0.00010360204,
        -0.0001655134,
        0.0004493008,
        -0.00021215096,
        -0.0005414932
    ],
    "yerrs": [
        0.0008320780732599556,
        0.0005687963431668668,
        0.00030094275867679555,
        0.00018498358846124702,
        0.0001421703203907201,
        0.0003546153972968461,
        0.0005416669087178947,
        0.0008683423288081723
    ]
}