{
    "bins": [
        0.0,
        0.7853982,
        1.570796,
        2.356194,
        3.141593,
        3.926991,
        4.712389,
        5.497787,
        6.283185
    ],
    "yvals": [
        -0.0009404465149016129,
        -0.00138566214471189,
        0.0014095324918067021,
        0.0009334478398877514,
        -0.000990646907682474,
        -0.0014273043730694504,
        0.0015473301434431974,
        0.0006672050348995034
    ],
    "yerrs": [
        0.00010917733473850367,
        0.00012263117019418242,
        0.00012721316724309786,
        0.0001070826925845326,
        0.00011280042441175891,
        0.00012724916887733455,
        0.00013272943342684476,
        8.981362680716513e-05
    ]
}