{
    "bins": [
        [
            -1.0,
            -0.75,
            -0.5,
            -0.25,
            0.0,
            0.25,
            0.5,
            0.75,
            1.0
        ],
        [
            0.0,
            0.7853982,
            1.570796,
            2.356194,
            3.141593,
            3.926991,
            4.712389,
            5.497787,
            6.283185
        ]
    ],
    "zvals": [
        0.003955602139144194,
        0.001454361598670126,
        -0.0015363196748654825,
        -0.0035932849417939167,
        -0.0031684205969457514,
        -0.0009316015574269354,
        0.0010744549896994902,
        0.002610552611542174,
        0.002623209984438467,
        0.0014618182021900238,
        -0.0011691794478722892,
        -0.003060807054758155,
        -0.0032849286603734654,
        -0.0017061958395615984,
        0.0018410925416158437,
        0.0024934405231487734,
        0.0012852945168450856,
        0.0015321693032498945,
        -0.0007615568157800251,
        -0.001061391216439033,
        -0.0010140611511615764,
        -0.0013310785105131414,
        0.0013812202221039527,
        0.0008976610584697187,
        0.00025036690942250694,
        0.000468429476120254,
        -0.0004467025380762366,
        -0.00036209972256139874,
        -0.00016718692942941025,
        -0.00043020313267922767,
        0.0005272669398190473,
        0.00024247436331643326,
        -0.00046226054503308,
        -0.0004515167218446499,
        0.0006056032737541987,
        0.0004357526811213154,
        0.0002098601218745145,
        0.0006285990033078773,
        -0.0005097965617432182,
        -0.0002499131905097798,
        -0.0006753583086897831,
        -0.000888842316594215,
        0.0014529168650798706,
        0.0010593295891642338,
        0.0007148905395735663,
        0.0012308989836999841,
        -0.0013708860985131108,
        -0.0007247943081087553,
        -0.0020429249774190977,
        -0.0020433955888340912,
        0.0017043985342463314,
        0.001905340342933974,
        0.0033657697116621114,
        0.0015571967333759447,
        -0.0021081927888790147,
        -0.0013384571898578813,
        -0.003188251768338659,
        -0.002255631477450026,
        0.0015743493107952915,
        0.00313949215621614,
        0.003107431900768781,
        0.001461439423069578,
        -0.0014710065469991014,
        -0.005266318478020063
    ],
    "zerrs": [
        0.0007183892942082874,
        0.0003289138641919342,
        0.00035203663796629255,
        0.0007124281834001874,
        0.000663917588118087,
        0.0002766586215048712,
        0.0002931958290022518,
        0.0005710086353416141,
        0.0005757320333151462,
        0.0003479671876353782,
        0.0003079232806821833,
        0.0006272425695633099,
        0.000673815637548825,
        0.0003767741848832108,
        0.0003841124241107203,
        0.0005611102979663672,
        0.00032555958335593697,
        0.0002827972906797603,
        0.00018910974456142637,
        0.00028997642367382205,
        0.00030887061592033073,
        0.0002885803463584334,
        0.0002695090377794358,
        0.00026436349025342785,
        9.727373679815384e-05,
        0.00010457216018168911,
        9.994784257173418e-05,
        0.00011451646681050652,
        7.203954387332412e-05,
        0.0001094151383348579,
        0.00011887546189022547,
        9.355527688858165e-05,
        0.00012707253600761364,
        0.00011860290280424456,
        0.00012337859577542717,
        0.00012342909433852003,
        8.285689038400753e-05,
        0.00012129118466760819,
        0.00011455515675934444,
        9.377209880350591e-05,
        0.00024640912674069715,
        0.00022863348703795812,
        0.000308937538871031,
        0.0002997030690023458,
        0.0002456916065909638,
        0.0002464003470796894,
        0.0002714659068485066,
        0.00024571942332356276,
        0.000568971165619421,
        0.0004534646622535992,
        0.0003992358370351468,
        0.0005328796161455119,
        0.0006792915642594675,
        0.0003831821838738945,
        0.00042769854790239024,
        0.00044850988737060363,
        0.0007334032735882216,
        0.0005048417264901209,
        0.000387690662753055,
        0.0006945443245237251,
        0.0007033308482299348,
        0.0003539612166752923,
        0.0003552494044770997,
        0.0009031468271757805
    ]
}