{
    "bins": [
        [
            -1.0,
            -0.75,
            -0.5,
            -0.25,
            0.0,
            0.25,
            0.5,
            0.75,
            1.0
        ],
        [
            0.0,
            0.7853982,
            1.570796,
            2.356194,
            3.141593,
            3.926991,
            4.712389,
            5.497787,
            6.283185
        ]
    ],
    "zvals": [
        0.0,
        0.00034337824730346837,
        -0.00030912271230637214,
        0.0,
        0.0,
        -0.00020324166855530576,
        0.0005069236743663724,
        0.0,
        0.0,
        0.0025282393202527434,
        -0.0013503023944547864,
        -0.00024021324193180795,
        -0.0006646260876651072,
        -0.0009927710536568723,
        0.0021304612438534354,
        0.00019007514661356414,
        0.003078558621601119,
        0.0020571705191942224,
        -0.0023193804924382293,
        -0.0038102951493444734,
        -0.004733580681387015,
        -0.0018313135505819982,
        0.0016179995365407096,
        0.004794242409580876,
        0.007925854681103165,
        0.0017902576248622034,
        -0.0016921076957160577,
        -0.006377818153575444,
        -0.00865590694144879,
        -0.0030286937323497137,
        0.002791074079638604,
        0.006131031655288148,
        0.00483084427746333,
        0.0027820683989692864,
        -0.002971396413028809,
        -0.006895272339282327,
        -0.005295231207617028,
        -0.0036599777437681283,
        0.004423077726197419,
        0.007093468534424586,
        0.003354520038370345,
        0.003073949532326166,
        -0.002073372226565385,
        -0.005136090063776501,
        -0.0039595094461661465,
        -0.0020698779472318497,
        0.0022662441208151796,
        0.0046303382488878265,
        0.00023592068329160925,
        0.0018522527055716222,
        -0.0015996531694758584,
        -0.00020105729699172015,
        -0.0006317051991474383,
        -0.0009981247724083842,
        0.002930985309359077,
        0.0002122418442623995,
        0.0,
        0.0005705531642691131,
        -0.0005267179188131369,
        0.0,
        0.0,
        -0.00012021568682375053,
        0.0005034509891800082,
        0.0
    ],
    "zerrs": [
        0.0,
        0.0001770595399499251,
        0.00019431551763584505,
        0.0,
        0.0,
        0.00013164162778771978,
        0.00023574169000540327,
        0.0,
        0.0,
        0.0005680580512966008,
        0.0004358876935479147,
        0.0002402132077585822,
        0.00038406386861562764,
        0.00037077971002917045,
        0.0005125033013469918,
        0.0001900751477226266,
        0.0007977851608688334,
        0.0004988612689110058,
        0.0005431332409162965,
        0.0009561523389634573,
        0.0010637240059919598,
        0.00045716684140246393,
        0.000429756865123303,
        0.0010240684806491073,
        0.0013954081137484062,
        0.0004217831134076322,
        0.0004553388112844151,
        0.0012118600547248233,
        0.0014285085204801607,
        0.0005875193717267643,
        0.0005731373847420745,
        0.0011432472929931742,
        0.0010330474838962803,
        0.0006093782083439615,
        0.0006038334125623216,
        0.001264336778954249,
        0.001110057755119167,
        0.0006588482462671218,
        0.0007527531587051067,
        0.0012424507622256693,
        0.0008687975728719496,
        0.0006585964038189402,
        0.0005354454059990129,
        0.001074187286928086,
        0.0009618651861958103,
        0.0005099176493338477,
        0.0005051060788938056,
        0.0010143278828100392,
        0.0002359206878363699,
        0.0005393548604171067,
        0.00046468744517200275,
        0.00020105729995876208,
        0.0003647294587790477,
        0.00036550792116358876,
        0.0006426757618554476,
        0.00021224182776294622,
        0.0,
        0.0002606785967231932,
        0.0002493840701671341,
        0.0,
        0.0,
        9.933131229717984e-05,
        0.0002302660303166753,
        0.0
    ]
}