{
    "bins": [
        -1.0,
        -0.75,
        -0.5,
        -0.25,
        0.0,
        0.25,
        0.5,
        0.75,
        1.0
    ],
    "yvals": [
        -0.0008089336,
        -0.0004269744,
        9.298928e-05,
        3.9003072e-05,
        3.7268416e-05,
        -0.0004827664,
        0.0006900084,
        0.0015374244
    ],
    "yerrs": [
        0.0007006230370177675,
        0.0005820827432590662,
        0.0003653267468992655,
        0.0001364071552375461,
        0.00014860562573469418,
        0.0003028925353982828,
        0.0005401470910779766,
        0.0007443363755722275
    ]
}