{
    "bins": [
        -1.0,
        -0.75,
        -0.5,
        -0.25,
        0.0,
        0.25,
        0.5,
        0.75,
        1.0
    ],
    "yvals": [
        0.00029340284,
        0.0004179904,
        5.040996e-05,
        -4.990816e-05,
        9.663984e-06,
        -4.190976e-05,
        -0.00020507596,
        0.0004536736
    ],
    "yerrs": [
        0.00027555651325998447,
        0.0002965060808819947,
        0.00016797233105484961,
        6.263521054486846e-05,
        5.7542846644913213e-05,
        0.00017073891179224495,
        0.0002846083343825335,
        0.000294755301903121
    ]
}