{
    "bins": [
        0.0,
        0.7853982,
        1.570796,
        2.356194,
        3.141593,
        3.926991,
        4.712389,
        5.497787,
        6.283185
    ],
    "yvals": [
        -0.0022828330902719155,
        -0.008577892629696696,
        -0.007966978525537374,
        -0.0023515423370796245,
        0.002082032294454531,
        0.008219249348737839,
        0.008425259549935194,
        0.002020522079251539
    ],
    "yerrs": [
        0.0002234249797301734,
        0.000603307475727092,
        0.0005757592671649735,
        0.00021987957224305955,
        0.00020579076916945588,
        0.0005789163932500815,
        0.0005731236944652809,
        0.00019846721255021966
    ]
}