{
    "bins": [
        [
            -1.0,
            -0.75,
            -0.5,
            -0.25,
            0.0,
            0.25,
            0.5,
            0.75,
            1.0
        ],
        [
            0.0,
            0.7853982,
            1.570796,
            2.356194,
            3.141593,
            3.926991,
            4.712389,
            5.497787,
            6.283185
        ]
    ],
    "zvals": [
        0.00010778109753752937,
        -0.0002953036537662825,
        -0.000535641292694914,
        0.00037731089548115034,
        0.000435458506387844,
        -0.0002597271192440012,
        -0.000788511811845714,
        0.0006425613510602269,
        0.0003887171628353617,
        -0.0019284433951813971,
        -0.000631636444197719,
        0.00019249003372807962,
        0.00020203066470757497,
        -0.0008303301001530436,
        -0.0014374312132192854,
        0.00022208398799080216,
        6.810705703170697e-05,
        -0.0021195093747397816,
        -0.002698018074912338,
        0.00030109129245135276,
        0.00023417737249139918,
        -0.0022964871313652445,
        -0.0010375967343945365,
        0.0002750607462713173,
        8.257304383941801e-05,
        -0.0022942758434006307,
        -0.00256314480047059,
        0.00017223749966577498,
        0.0001435792298936335,
        -0.002584297388075855,
        -0.0016576808191515644,
        0.00021033829981741747,
        0.0002329863246439831,
        -0.002172127296511398,
        -0.0018116465791866037,
        0.00020277958082452359,
        0.0002143315363675486,
        -0.003222303087097243,
        -0.003769253805077172,
        0.0001286195788632006,
        0.00014309256120016573,
        -0.0020167319032469914,
        -0.0012652621982739963,
        0.00014134874121306495,
        4.2548155202839824e-05,
        -0.003775744781626641,
        -0.0016292213629268222,
        0.00020651465880992825,
        8.984425989262516e-05,
        -0.0020256247216378755,
        -0.001491912635377223,
        0.0003641110823925164,
        0.00013325452827738288,
        -0.0013813556948196967,
        -0.0007846538952225498,
        1.9416229733205334e-05,
        0.0006894627464132207,
        -0.0011760924209362439,
        -0.0006230935143710579,
        0.00048460963153760064,
        0.00018314831461246396,
        -0.00038377622555697886,
        -0.00016009534019694477,
        0.0003149891901940164
    ],
    "zerrs": [
        7.664769723972571e-05,
        0.0001708717481285819,
        0.0002273072208842312,
        0.0001673519011479954,
        0.0001792561766414575,
        0.00015018084143460155,
        0.0002817609448127201,
        0.00026319825006598167,
        0.00018566070647151248,
        0.0006180076250263525,
        0.00034797857833601084,
        0.00011568266340812993,
        0.00010909275613654821,
        0.00036020751274301577,
        0.0005432573940629119,
        0.00013672488975522576,
        4.908791706317665e-05,
        0.0006148564010830214,
        0.000805706956359624,
        0.00014674836751874123,
        0.00010597842436043805,
        0.0007282887192045523,
        0.0004891269939126226,
        0.00012825572059390163,
        5.415502897497419e-05,
        0.0007331362242420433,
        0.0007637508382285493,
        9.700169964712486e-05,
        9.17733872982089e-05,
        0.0006810922375674398,
        0.0005889242705240363,
        0.0001248874296583061,
        0.00012432951416782253,
        0.0006614279435570749,
        0.0006389263006652333,
        0.0001256097271705446,
        0.00012937722452854172,
        0.0008311294415657292,
        0.0009359243491961467,
        9.319003516516919e-05,
        0.00011553950657861224,
        0.0005911077897713604,
        0.0005530231479848308,
        0.00010163256157013324,
        4.25481555480433e-05,
        0.0009674615987218931,
        0.0006225269305906038,
        0.00011209819634277916,
        6.733739813601483e-05,
        0.0006410398781443447,
        0.0005074998825231618,
        0.00017100297053989114,
        9.42955729630053e-05,
        0.0004798417164967168,
        0.00033960698472347827,
        1.7580021853655046e-05,
        0.0002654539380929117,
        0.0003658717768192958,
        0.00031179211261610326,
        0.00024328406807730066,
        0.00011307651853064088,
        0.0001975445905455201,
        9.436559448707125e-05,
        0.00018206855590654065
    ]
}