{
    "bins": [
        -1.0,
        -0.75,
        -0.5,
        -0.25,
        0.0,
        0.25,
        0.5,
        0.75,
        1.0
    ],
    "yvals": [
        0.0006015904,
        0.00017128404,
        -0.0004284868,
        8.07076e-05,
        0.00017155784,
        -0.0004504268,
        -0.00031408888,
        -7.706456e-05
    ],
    "yerrs": [
        0.0006948592951094487,
        0.0007478783858355582,
        0.0005970952352849586,
        0.00024637116714420945,
        0.00022743319018999844,
        0.0006366699615970586,
        0.00089616453846378,
        0.00069978613875955
    ]
}