{
    "bins": [
        -1.0,
        -0.75,
        -0.5,
        -0.25,
        0.0,
        0.25,
        0.5,
        0.75,
        1.0
    ],
    "yvals": [
        -0.0021141456,
        -0.019050836,
        -0.037512372,
        -0.0564638,
        -0.0583534,
        -0.0468668,
        -0.029848988,
        -0.0024953916
    ],
    "yerrs": [
        0.0033193247506081713,
        0.007009269291445436,
        0.00859131840871935,
        0.009872012155584088,
        0.009885286035315315,
        0.008776677275598095,
        0.007990563434451916,
        0.00376701091052309
    ]
}