{
    "bins": [
        -1.0,
        -0.75,
        -0.5,
        -0.25,
        0.0,
        0.25,
        0.5,
        0.75,
        1.0
    ],
    "yvals": [
        -0.29292664,
        -0.04592296,
        0.1801304,
        0.2890474,
        0.34078916,
        0.16966944,
        -0.037627764,
        -0.32886508
    ],
    "yerrs": [
        0.059549979009232236,
        0.010948889989400752,
        0.016596828612719963,
        0.025009377441271904,
        0.02700544241444676,
        0.01602903365771,
        0.009071396805343706,
        0.05461466469731367
    ]
}