{
    "bins": [
        [
            -1.0,
            -0.75,
            -0.5,
            -0.25,
            0.0,
            0.25,
            0.5,
            0.75,
            1.0
        ],
        [
            0.0,
            0.7853982,
            1.570796,
            2.356194,
            3.141593,
            3.926991,
            4.712389,
            5.497787,
            6.283185
        ]
    ],
    "zvals": [
        0.08964038878622335,
        0.11346820681188564,
        0.031112811593612417,
        0.08834862280191344,
        0.009276565512007921,
        0.0576924820282201,
        0.08925426344350255,
        0.054030491546960914,
        0.00829959630668876,
        0.07918035930327282,
        0.039063975207474434,
        0.031112425658805273,
        0.020290624625985798,
        0.04032983531916304,
        0.10903730337994241,
        0.014490064909765498,
        0.010022997251585246,
        0.042257011669755117,
        0.05525514452545081,
        0.018631564338635522,
        0.018025006429861032,
        0.05698664880735628,
        0.06443499983447884,
        0.035645356876386244,
        0.007424483529501341,
        0.051768772461547506,
        0.028953101484852275,
        0.0036772830115648224,
        0.007642010802166543,
        0.038141686126015095,
        0.022109279626380512,
        0.016303367210000537,
        0.010939948678262822,
        0.04971430273932522,
        0.028039103741033213,
        0.010850199707409865,
        0.010782966088530906,
        0.04340355335766072,
        0.03940823888016013,
        0.011990297912650659,
        0.01640642415528836,
        0.05577963167200112,
        0.05207240150853454,
        0.014448890309256824,
        0.008999223323716126,
        0.017424913228706977,
        0.05143965225274321,
        0.008982747600579582,
        0.05892216203194761,
        0.05531021349945213,
        0.05320125592374823,
        0.015941028700062008,
        0.02066167726426601,
        0.08465308034907144,
        0.04985025681246961,
        0.025161591957198776,
        0.04816970041438852,
        0.04337086760365257,
        0.061818848532845784,
        0.07494926782437972,
        0.08498004833218314,
        0.0980716019139341,
        0.05359657141984066,
        0.0757460039368575
    ],
    "zerrs": [
        0.031968132287288085,
        0.03790403844188363,
        0.02213470044753642,
        0.030103861708158094,
        0.009276566267513556,
        0.02921817887269663,
        0.0367031131343314,
        0.02433567599650438,
        0.00829959495832936,
        0.02535298569415758,
        0.017692767403150254,
        0.014096023607454383,
        0.011731518569726046,
        0.01819672357360587,
        0.031698379458369355,
        0.01025543822737947,
        0.0070910784437436475,
        0.01609494951460782,
        0.017585487502127548,
        0.009338847907813506,
        0.00906025424599692,
        0.019091255081209353,
        0.020516491813539685,
        0.013556660618409365,
        0.005267246328327977,
        0.015692451125948442,
        0.011877699257463775,
        0.003677282942689862,
        0.005408943305777042,
        0.013527682067007081,
        0.01112745394827667,
        0.008167919021784917,
        0.0063222708891055345,
        0.015081728405208494,
        0.011473744292998429,
        0.006264946738066315,
        0.006228793255732118,
        0.014592015262773803,
        0.013977008437474635,
        0.0069269394583813025,
        0.008237550502440499,
        0.016948757455335525,
        0.017468835339773548,
        0.008382273078806075,
        0.0064032474391303405,
        0.010079531200717914,
        0.018282439741440965,
        0.006351855376345449,
        0.0187891084171726,
        0.019696586186449882,
        0.020277315165152927,
        0.01128896145980087,
        0.012008562867588831,
        0.02698334205242417,
        0.020527715395713624,
        0.01271218541327774,
        0.0220173113371784,
        0.021923979504017758,
        0.027702739689331953,
        0.030842793208275078,
        0.03098522246548332,
        0.03715475206739341,
        0.026961906866078567,
        0.029128797354989723
    ]
}