{
    "bins": [
        0.0,
        0.7853982,
        1.570796,
        2.356194,
        3.141593,
        3.926991,
        4.712389,
        5.497787,
        6.283185
    ],
    "yvals": [
        0.0072312095953364795,
        -0.013116627013724765,
        -0.015089279575450922,
        0.009573271674651992,
        0.007063696367956117,
        -0.01622573523232807,
        -0.015408709978889688,
        0.004400510314515699
    ],
    "yerrs": [
        0.0012060973650177703,
        0.0025166476185087623,
        0.002909539626548729,
        0.001509228255807581,
        0.0013205903115731245,
        0.0030317147302793873,
        0.002680649716288264,
        0.0008867187945018366
    ]
}