{
    "bins": [
        [
            -1.0,
            -0.75,
            -0.5,
            -0.25,
            0.0,
            0.25,
            0.5,
            0.75,
            1.0
        ],
        [
            0.0,
            0.7853982,
            1.570796,
            2.356194,
            3.141593,
            3.926991,
            4.712389,
            5.497787,
            6.283185
        ]
    ],
    "zvals": [
        0.000622886072313382,
        0.000226820599701196,
        -0.00024249167937784416,
        -0.0005627284985084015,
        -0.0004926537118760168,
        -0.00014804300494780992,
        0.00017366058991746865,
        0.0003991143343884248,
        0.0005561464235594122,
        0.00030983300437052404,
        -0.0002546034494612923,
        -0.0006249470651223137,
        -0.0006801840595468792,
        -0.00035904099577539034,
        0.0003976376308572215,
        0.0005096142338024799,
        0.00043868447877777156,
        0.0005825817184616509,
        -0.0002573360258111175,
        -0.00038394191996679394,
        -0.00031967506920058353,
        -0.00046230166106865574,
        0.0004901322896162201,
        0.00031598282654144783,
        0.0002308662281120583,
        0.0006179360319063792,
        -0.0005214492524809079,
        -0.0003325125700440159,
        -0.00017434951451366054,
        -0.00046582578514332867,
        0.0004961269063583051,
        0.00027344520867127246,
        0.00045269663210330757,
        0.0004718764427402267,
        -0.0006693401307362639,
        -0.0004298009546739937,
        -0.00023007621613500408,
        -0.0007062146835107807,
        0.0005829294192243934,
        0.0002433417961339347,
        0.00024924386126680707,
        0.0003060423647736217,
        -0.0005296616492529903,
        -0.0003778954645982488,
        -0.0002586118121003618,
        -0.00045490668425435265,
        0.0005061607490724449,
        0.0002465849416474196,
        0.00041266119530194994,
        0.0004390803233724362,
        -0.00036606907580615184,
        -0.00038885055876057903,
        -0.0007132832016378954,
        -0.00034248699385534473,
        0.0004570307538343618,
        0.0002626162531608179,
        0.0005116467035447751,
        0.0003600634990319555,
        -0.00024979284388297406,
        -0.0004916774785809506,
        -0.0004854526240199235,
        -0.0002258174326901775,
        0.0002263718522328807,
        0.0008167329175780944
    ],
    "zerrs": [
        0.00011467721917081443,
        5.177730218405203e-05,
        5.624086883691434e-05,
        0.00011259552195539185,
        0.00010476821259685405,
        4.451308724886932e-05,
        4.7991582129328576e-05,
        8.859153920074564e-05,
        0.00012152527631574883,
        7.365773297481516e-05,
        6.651484708083012e-05,
        0.00012790151589020914,
        0.00013899253086166883,
        7.859838771578342e-05,
        8.274345783919017e-05,
        0.00011406828044468396,
        0.00010973441817057697,
        0.00010690628837860277,
        6.34826286229119e-05,
        0.00010267368752406892,
        9.640588446446949e-05,
        9.892393908494117e-05,
        9.339226414859879e-05,
        9.12899411898392e-05,
        8.164853479474953e-05,
        0.00011476778360098154,
        0.00010364080702028887,
        9.602901186365684e-05,
        7.121374014007837e-05,
        9.724105121282058e-05,
        0.0001002671103509684,
        8.650254458761453e-05,
        0.00011690580715778815,
        0.00010821051494069171,
        0.00011655503990960582,
        0.00011099289868426864,
        8.137509807614295e-05,
        0.00012163300352269476,
        0.00010944221938201243,
        8.114855059713423e-05,
        8.815676288440711e-05,
        7.70797830274397e-05,
        0.00011090123101520038,
        0.00010483736547526667,
        8.622724427985315e-05,
        9.027574457844283e-05,
        9.912917597900737e-05,
        8.22450790029441e-05,
        0.00011449618514566164,
        9.770568367060576e-05,
        8.626955821777583e-05,
        0.00010792180792323886,
        0.00014283024172692015,
        8.371506724855657e-05,
        9.284345957748618e-05,
        8.774995848000026e-05,
        0.00011892665315629038,
        8.170102464196824e-05,
        6.180823808913219e-05,
        0.00011021753413248914,
        0.0001105750066263752,
        5.51106198775301e-05,
        5.4800549065581335e-05,
        0.00014103828579847835
    ]
}