{
    "bins": [
        [
            -1.0,
            -0.75,
            -0.5,
            -0.25,
            0.0,
            0.25,
            0.5,
            0.75,
            1.0
        ],
        [
            0.0,
            0.7853982,
            1.570796,
            2.356194,
            3.141593,
            3.926991,
            4.712389,
            5.497787,
            6.283185
        ]
    ],
    "zvals": [
        0.000246082102047089,
        0.000321626722152774,
        0.0004884701514391431,
        0.00029568665098886045,
        0.0003226234851629364,
        0.0005450795647557035,
        0.00021455063547398903,
        0.0005711988062103546,
        9.85045292948214e-05,
        0.00027027496129986613,
        9.659627348172522e-05,
        3.569885879661166e-05,
        0.00025546736813691906,
        0.00020918876798769546,
        0.00037175006811832994,
        0.00011815171416275573,
        4.344115889239369e-05,
        0.00020627361064673214,
        0.0001357324057356907,
        0.00010700879425616789,
        0.0,
        9.601277314177018e-05,
        0.00012357041907415096,
        0.0,
        7.344855132084591e-06,
        2.903357763416195e-05,
        5.0058604681957433e-05,
        7.266156437683266e-05,
        3.8424060158034516e-05,
        3.829525921889285e-05,
        7.904344039582481e-05,
        9.252394327462002e-06,
        -2.1078428751173606e-05,
        -7.419496209436797e-05,
        -3.5534360922742365e-05,
        -2.8117845833773663e-05,
        -1.865390031550882e-05,
        -7.024010756329913e-05,
        -6.277688509520016e-05,
        -5.629207102640956e-06,
        -8.343283699911713e-05,
        -0.00021719801099519248,
        -0.0001545201286481504,
        -1.9870053310482955e-05,
        -4.4868135645876345e-05,
        -0.0002432208383520203,
        -0.00014299496560979277,
        -3.110315024993698e-05,
        -7.157963947460027e-05,
        -0.00020892352894291276,
        -0.0004254636757414713,
        -2.8612590543150682e-05,
        -0.0002450515534798916,
        -0.0002787829864603679,
        -0.0002721585234492576,
        -0.00024187115322422525,
        -0.0001695440096501367,
        -0.000392233591690733,
        -0.00013538537149317928,
        -0.0002722294782651875,
        -0.0004102573217655251,
        -0.00016100957730984806,
        -0.00041316769332236657,
        -0.0002610043315618324
    ],
    "zerrs": [
        0.00012445221888349279,
        0.00016247254552445182,
        0.00020187439425175684,
        0.00014967169172048917,
        0.00016181686841193463,
        0.0001941395713089172,
        0.00010782142332254788,
        0.0001841731240046804,
        5.749151007503952e-05,
        0.00011220697104286929,
        6.830514707442567e-05,
        3.5698859694143086e-05,
        9.734507814284103e-05,
        9.469876674853736e-05,
        0.0001188992974903588,
        6.029050653366744e-05,
        3.078263577524949e-05,
        7.098116305620905e-05,
        6.180660140680098e-05,
        5.384036388031353e-05,
        0.0,
        4.8588347254644097e-05,
        4.719902825072903e-05,
        0.0,
        7.344855871433771e-06,
        1.5975502618981258e-05,
        2.4250867580038708e-05,
        2.7464108385587933e-05,
        1.8451721737329488e-05,
        1.8129489918890215e-05,
        2.4621210745034136e-05,
        8.285797039465003e-06,
        1.0488665892552097e-05,
        2.6841622169492957e-05,
        1.819035076638179e-05,
        1.7031941203080724e-05,
        1.3270955997783694e-05,
        2.6019021092372236e-05,
        2.2700045492438612e-05,
        5.629206168954109e-06,
        3.7423479827620715e-05,
        6.969703002029266e-05,
        5.9508934973639025e-05,
        1.987005579698956e-05,
        3.173832739338232e-05,
        7.214474728353948e-05,
        5.5004266295648785e-05,
        2.2043884364993548e-05,
        5.0655136776421015e-05,
        9.378178968129573e-05,
        0.00013000210178411043,
        2.8612592036375297e-05,
        0.00010091645719451458,
        0.00010586258199627554,
        0.00011295068733585985,
        9.297637534635054e-05,
        9.831555287871388e-05,
        0.00016194565446891259,
        9.750988855449404e-05,
        0.00012248986542980487,
        0.00016163852347340647,
        0.00011527194045767211,
        0.0001869267296686762,
        0.00013245885254020899
    ]
}