{
    "bins": [
        0.0,
        0.7853982,
        1.570796,
        2.356194,
        3.141593,
        3.926991,
        4.712389,
        5.497787,
        6.283185
    ],
    "yvals": [
        0.0009998874456294909,
        0.0027360733630779205,
        0.0028432221625214233,
        0.000897616752758789,
        -0.0009679065900346063,
        -0.0026556803047626818,
        -0.0029496815627236134,
        -0.000817328411837056
    ],
    "yerrs": [
        0.00011066943114867699,
        0.0002486057686506208,
        0.00024443309542279505,
        0.00010189684732679867,
        0.0001074998867073055,
        0.0002494254038920692,
        0.00025288295987812654,
        9.080499597440064e-05
    ]
}