{
    "bins": [
        0.0,
        0.7853982,
        1.570796,
        2.356194,
        3.141593,
        3.926991,
        4.712389,
        5.497787,
        6.283185
    ],
    "yvals": [
        0.06843802290354116,
        0.04834081531677323,
        0.05420726816212928,
        0.06725338331217635,
        0.06507350413420963,
        0.04971120374638083,
        0.03293817911428346,
        0.05814281421648643
    ],
    "yerrs": [
        0.006545357517933449,
        0.008766918033019643,
        0.008904590834379831,
        0.006495511690606472,
        0.006808893186072379,
        0.007549147170764203,
        0.009350455924957386,
        0.005932458645351787
    ]
}