{
    "bins": [
        [
            -1.0,
            -0.75,
            -0.5,
            -0.25,
            0.0,
            0.25,
            0.5,
            0.75,
            1.0
        ],
        [
            0.0,
            0.7853982,
            1.570796,
            2.356194,
            3.141593,
            3.926991,
            4.712389,
            5.497787,
            6.283185
        ]
    ],
    "zvals": [
        -0.0012939357385845802,
        -0.0013878027160249239,
        0.0007914260031219842,
        0.005529821148231664,
        0.005244999350647696,
        0.0021900437739846555,
        -0.0015613424021960844,
        -0.0038778484284401043,
        -0.002352488202799548,
        -0.0015972817851030395,
        0.0023688433125625486,
        0.0007254778781230942,
        0.0,
        0.0009988978836207886,
        -0.002890297148706771,
        -0.0017888611888494754,
        -0.0005835424629188098,
        -0.0009386962886832633,
        0.002122425063471005,
        0.00021855362688264182,
        0.0,
        0.0013091660533894919,
        -0.002116925686085272,
        -0.00044444136603352707,
        -0.0005327335866061317,
        -0.000888261719093178,
        0.0009124260565980562,
        0.00025944122668860036,
        8.592611644032704e-05,
        0.0008567691794478725,
        -0.0004138178095691612,
        -0.000625970527044887,
        0.0007387310029485679,
        0.00046052953038574844,
        -0.0005724099119172702,
        -0.000165583404104156,
        -0.0004549363252771205,
        -0.0005261836673890182,
        0.0007860147339310772,
        0.00017197787618506796,
        0.0,
        0.0015792409909984467,
        -0.0023224540933386648,
        -0.0011055043360126509,
        -0.0008952520887499074,
        -0.0015837478577740206,
        0.0014149096381707114,
        0.0,
        0.001586314814574314,
        0.0018554347873141481,
        -0.002600783806426806,
        -0.0008074392760876955,
        -0.0018240571022589815,
        -0.0029446874068943395,
        0.0018296899151767645,
        0.001540238197703585,
        0.0027240744885842615,
        0.0008715894034844507,
        -0.0020234255753134086,
        -0.0034936428490487,
        -0.004022369804863265,
        -0.001594793467770481,
        0.0009968408373843582,
        0.006332458193170852
    ],
    "zerrs": [
        0.000917526586939075,
        0.0007059785767575943,
        0.0004616646895835709,
        0.001678697798134785,
        0.0015953267821365062,
        0.0007839341540373205,
        0.0007714717084761011,
        0.001495313474725114,
        0.0010659935697851356,
        0.0007004561386371209,
        0.000809151502356498,
        0.0005153215097136515,
        0.0,
        0.0005256920849079838,
        0.0010247209911138165,
        0.0008972828718592692,
        0.00041278699028571975,
        0.00038899307759365044,
        0.0005909125572177285,
        0.000218553610403633,
        0.0,
        0.0004953713869713258,
        0.0006981940030513841,
        0.0003186414333134838,
        0.00026653755870750145,
        0.0002647376537926988,
        0.0002577290500441317,
        0.00013640265307995647,
        8.592614671717506e-05,
        0.0002423874086301127,
        0.00017895219517681234,
        0.00030008664913492883,
        0.00029339058294918923,
        0.000188125027915042,
        0.00019755594794448853,
        0.0001537972904997751,
        0.00021116959190628428,
        0.000208310936003913,
        0.00024935307350377355,
        0.00013561048108505294,
        0.0,
        0.0005160280002731942,
        0.0006472055171453663,
        0.0004980649493765781,
        0.0005179028722093981,
        0.0005496143127197154,
        0.0004678679096939507,
        0.0,
        0.0007987185447175253,
        0.0006572324975320787,
        0.0008481228424823273,
        0.0005714660651164505,
        0.0009166783364218658,
        0.0009614579043070944,
        0.0007024994699333128,
        0.0007742581227874588,
        0.0010590339164561798,
        0.0005507280357685145,
        0.0006982343101454361,
        0.001375094319831401,
        0.001443836069244375,
        0.0006970101284545381,
        0.00048021207210930766,
        0.001666650970713623
    ]
}