{
    "bins": [
        -1.0,
        -0.75,
        -0.5,
        -0.25,
        0.0,
        0.25,
        0.5,
        0.75,
        1.0
    ],
    "yvals": [
        9.411584e-05,
        9.968916e-05,
        -2.55209e-05,
        -3.1731176e-05,
        2.6924744e-05,
        -7.984432e-05,
        3.2324892e-05,
        -5.387512e-05
    ],
    "yerrs": [
        0.0001076725926129765,
        0.00013188922624687735,
        0.00015474567522228206,
        0.00017466933331297742,
        0.00016322803680740634,
        0.00015729147465771946,
        0.00013816089171686755,
        0.00010675124729950465
    ]
}