{
    "bins": [
        -1.0,
        -0.75,
        -0.5,
        -0.25,
        0.0,
        0.25,
        0.5,
        0.75,
        1.0
    ],
    "yvals": [
        -0.0004202936,
        -0.0034293456,
        0.0018721248,
        0.002038918,
        0.0010633688,
        -0.0028397116,
        -0.0003998096,
        -0.0006745776
    ],
    "yerrs": [
        0.001903576003210799,
        0.002045661164513811,
        0.002026220521068721,
        0.0020164380476473853,
        0.002110935337711698,
        0.0018431438359498697,
        0.0016664241956956818,
        0.0020636325254269473
    ]
}