{
    "bins": [
        0.0,
        0.7853982,
        1.570796,
        2.356194,
        3.141593,
        3.926991,
        4.712389,
        5.497787,
        6.283185
    ],
    "yvals": [
        0.07530022350445927,
        0.16225039082105908,
        0.1576654129498675,
        0.10542803084801484,
        0.06083608565338846,
        0.20401694427538655,
        0.15535741114695992,
        0.03945588096735669
    ],
    "yerrs": [
        0.014180973060927212,
        0.018863567157541904,
        0.01810154787452531,
        0.01705942474440131,
        0.012871314680014314,
        0.021281185525343305,
        0.016717085951947857,
        0.00834634868569214
    ]
}