{
    "bins": [
        0.0,
        0.7853982,
        1.570796,
        2.356194,
        3.141593,
        3.926991,
        4.712389,
        5.497787,
        6.283185
    ],
    "yvals": [
        3.4186454718128967e-06,
        4.146974946963182e-06,
        1.3982197560981826e-07,
        -6.870460746703269e-07,
        -3.61158673691555e-06,
        -1.566530599772345e-06,
        1.5214961077059024e-06,
        -4.329667251508153e-06
    ],
    "yerrs": [
        5.03551326917934e-06,
        2.3659289102876928e-05,
        2.569327584890846e-05,
        4.8742877208608815e-06,
        5.796965911766154e-06,
        2.1665188354069748e-05,
        2.3948787915952015e-05,
        5.5820233103176544e-06
    ]
}