{
    "bins": [
        -1.0,
        -0.75,
        -0.5,
        -0.25,
        0.0,
        0.25,
        0.5,
        0.75,
        1.0
    ],
    "yvals": [
        4.476916e-05,
        -5.126016e-05,
        -0.00016475724,
        6.266956e-05,
        0.00013711452,
        5.828576e-05,
        -5.357004e-05,
        -8.979656e-05
    ],
    "yerrs": [
        9.234677254782649e-05,
        0.00013100222898867027,
        0.0001716543969725215,
        0.00016222108370985566,
        0.00016462058194527195,
        0.00017897655712411053,
        0.0001501667872733515,
        7.882035270157068e-05
    ]
}