{
    "bins": [
        -1.0,
        -0.75,
        -0.5,
        -0.25,
        0.0,
        0.25,
        0.5,
        0.75,
        1.0
    ],
    "yvals": [
        0.4635928,
        0.4928288,
        0.4660668,
        0.39346008,
        0.4677348,
        0.430666,
        0.4237716,
        0.5461688
    ],
    "yerrs": [
        0.08805071266037544,
        0.05439442618504216,
        0.04189642466846068,
        0.034034060586418426,
        0.03703963714725078,
        0.03957221045127502,
        0.048718210147746605,
        0.08374506074987348
    ]
}