{
    "bins": [
        0.0,
        0.7853982,
        1.570796,
        2.356194,
        3.141593,
        3.926991,
        4.712389,
        5.497787,
        6.283185
    ],
    "yvals": [
        0.06674772109230706,
        0.0893872251743002,
        0.08061860356150641,
        0.09407291071162556,
        0.08348648710590041,
        0.08391945230316351,
        0.103315516464264,
        0.0552361477874912
    ],
    "yerrs": [
        0.010481035685921933,
        0.01324857599927326,
        0.013118825621585223,
        0.01359668759664021,
        0.013471015580755011,
        0.013097281422053067,
        0.014204010172483447,
        0.009587928624423743
    ]
}