{
    "bins": [
        [
            -1.0,
            -0.75,
            -0.5,
            -0.25,
            0.0,
            0.25,
            0.5,
            0.75,
            1.0
        ],
        [
            0.0,
            0.7853982,
            1.570796,
            2.356194,
            3.141593,
            3.926991,
            4.712389,
            5.497787,
            6.283185
        ]
    ],
    "zvals": [
        -0.0005451904524354652,
        -0.0008227193913708442,
        0.0011033896190211845,
        0.0004483411870908927,
        -0.00031203501918772384,
        -0.0004754932912994432,
        0.000862205913434972,
        0.0007427347663222978,
        -0.0008074757492441413,
        -0.0017010060379593626,
        0.0020239562616660603,
        0.0002345511517076034,
        -0.00022767402005098046,
        -0.0022004792474643433,
        0.0014485944705741553,
        0.00035520915510352724,
        -0.000723846833364273,
        -0.0031449484579661414,
        0.001974231154140958,
        0.0007560839776979599,
        -0.0009263603930745938,
        -0.0018951283298404126,
        0.0034140107308651166,
        0.000418272519155893,
        -0.0010388126685291614,
        -0.004004622370981941,
        0.0025312083809737236,
        0.0010072485450070602,
        -0.0009271014186437956,
        -0.0029974906989831914,
        0.0035171864455982834,
        0.00064475234212463,
        -0.0008432089607539207,
        -0.0030200181360324663,
        0.0030348399155587366,
        0.0016758839774433125,
        -0.0013830404457357921,
        -0.002834634160005501,
        0.004437166888634807,
        0.0011559683116076182,
        -0.0005680588521847897,
        -0.003407195181855615,
        0.003899755283308591,
        0.0004595463961629694,
        -0.00020969225793801352,
        -0.0014932016633604876,
        0.003622295447658386,
        0.0011472629163812491,
        -0.0002619105060337546,
        -0.002390674381822816,
        0.0017281439473999175,
        0.0007656841936391567,
        -0.00017530902803419406,
        -0.0031645020741076506,
        0.001799298699512859,
        0.0,
        -0.00038242053521385713,
        -0.0010105645826866334,
        0.0010081217420976373,
        0.0001210495047740066,
        -0.0004896787615960314,
        -0.0007692731583222776,
        0.00024110114871695628,
        0.0006660597556907454
    ],
    "zerrs": [
        0.00022911485157106073,
        0.00031296799851455873,
        0.00038995156274582285,
        0.00023144447354235287,
        0.00017095798083261295,
        0.0002189797765240616,
        0.0002881541248404803,
        0.0002633603644538171,
        0.00040475374460402605,
        0.0005522216108134361,
        0.0006385033471107269,
        0.00023455118253446752,
        0.00022767401973526575,
        0.0006157236066088103,
        0.00047093110008459085,
        0.0002511793592266991,
        0.00041842531799272616,
        0.0008357164938764779,
        0.0006630559602826992,
        0.0004365258311725592,
        0.000463373206100945,
        0.0005971322586529489,
        0.0007907115686411518,
        0.0002957851998957217,
        0.0005204963149553297,
        0.0009405371694861006,
        0.0007314709405114807,
        0.0005041569984688311,
        0.00046386098468735994,
        0.0007757468053312595,
        0.0008297182472567047,
        0.00037246712452276447,
        0.0004870572782163546,
        0.0008742643462532901,
        0.0008305476691096346,
        0.0006342059614843324,
        0.0005650417361682989,
        0.000763910271504606,
        0.0009158469089380895,
        0.0005172047426783094,
        0.00040167869023762697,
        0.0009450406501800785,
        0.0008925140429797924,
        0.0003249694985023645,
        0.0002096922295730728,
        0.0005309976063877519,
        0.0008305849884522602,
        0.0005131406019634894,
        0.0002619105305685977,
        0.0007415037469787422,
        0.0005326239562787045,
        0.0003835972660668175,
        0.0001753090229307357,
        0.0007021094571066704,
        0.0005258600645676709,
        0.0,
        0.00022217476668165642,
        0.000371902087942121,
        0.0002961291503288518,
        7.298698846363516e-05,
        0.00023631358307140606,
        0.0002661418426683989,
        0.00011318551636897809,
        0.00025631720865908675
    ]
}