{
    "bins": [
        -1.0,
        -0.75,
        -0.5,
        -0.25,
        0.0,
        0.25,
        0.5,
        0.75,
        1.0
    ],
    "yvals": [
        -0.23915428,
        -0.03695058,
        0.15125544,
        0.25801964,
        0.29626652,
        0.15039432,
        -0.037156904,
        -0.39002024
    ],
    "yerrs": [
        0.04677305207061006,
        0.008246218042230026,
        0.015323806315664525,
        0.02362327665672144,
        0.02529037761679331,
        0.015220486194599698,
        0.008971730713747487,
        0.05484474085999495
    ]
}