{
    "bins": [
        -1.0,
        -0.75,
        -0.5,
        -0.25,
        0.0,
        0.25,
        0.5,
        0.75,
        1.0
    ],
    "yvals": [
        0.54745,
        0.39202992,
        0.31402948,
        0.26093736,
        0.29305804,
        0.25235528,
        0.32210304,
        0.6349408
    ],
    "yerrs": [
        0.075474096218504,
        0.047806911634197834,
        0.03610597291307908,
        0.029510545911588963,
        0.031231963114732315,
        0.03198486642148127,
        0.04382099953218776,
        0.08413371262460727
    ]
}