{
    "bins": [
        [
            -1.0,
            -0.75,
            -0.5,
            -0.25,
            0.0,
            0.25,
            0.5,
            0.75,
            1.0
        ],
        [
            0.0,
            0.7853982,
            1.570796,
            2.356194,
            3.141593,
            3.926991,
            4.712389,
            5.497787,
            6.283185
        ]
    ],
    "zvals": [
        -4.1269674414838226e-05,
        -0.00013524209005933043,
        -0.0002536656319471148,
        -8.528847121017471e-05,
        0.00010072263998635084,
        0.00013366359476341933,
        0.00032962599853832077,
        8.95679897325942e-05,
        -9.03089923047952e-05,
        -0.0003323600346219457,
        -0.00013485881043751068,
        -5.5751891713638546e-05,
        6.65720055309537e-05,
        0.00017990511816938677,
        0.00023033381801328758,
        5.719739546064544e-05,
        -1.8918199710669057e-05,
        -0.00026228094858427156,
        -0.00023800462949994785,
        -6.615776185098276e-05,
        5.787506461692032e-05,
        0.00020911160965523217,
        9.661527021968483e-05,
        7.9548254515545e-05,
        -1.2257501990709934e-05,
        -6.32209563102927e-05,
        -7.829065009078203e-05,
        -3.039306136116802e-05,
        1.3226511908611935e-05,
        8.275467979292029e-05,
        6.361162111439043e-05,
        1.4674190665115014e-05,
        1.142707482650202e-05,
        7.052466915491741e-05,
        6.624687101316786e-05,
        1.2129615647588041e-05,
        -1.567023598226631e-05,
        -9.026170171047038e-05,
        -0.00010360632443678241,
        -1.3971250245098666e-05,
        1.900539624358701e-05,
        0.00024713769251709134,
        0.00011468508959788542,
        2.557413493014379e-05,
        -1.498170354393568e-05,
        -0.0003352945131003645,
        -0.00014320825874270118,
        -5.540681285157336e-05,
        3.943685126856669e-05,
        0.0003494716690064576,
        0.00036807183109709987,
        0.00010570713739131321,
        -5.473112994940143e-05,
        -0.00030110344054861364,
        -0.00023243064026137072,
        -4.6368205674065893e-05,
        9.604712615842511e-05,
        0.0005016382271506235,
        0.000253323181367918,
        9.485787478721008e-05,
        -8.470828802721674e-05,
        -0.00017971270616935623,
        -0.00012034958072213071,
        -7.637722530487728e-05
    ],
    "zerrs": [
        2.7050473138780942e-05,
        6.572167109977055e-05,
        9.047415244837103e-05,
        3.636705640957711e-05,
        3.877821438067509e-05,
        6.0858135228990467e-05,
        0.0001049582168261937,
        3.9382016581812566e-05,
        4.079828073023686e-05,
        9.643816300851643e-05,
        6.098641654697382e-05,
        3.24078154251862e-05,
        3.3338590533799586e-05,
        6.867671885766334e-05,
        8.19102235079413e-05,
        3.314420240659495e-05,
        1.3409296926606844e-05,
        6.92106915822859e-05,
        6.70961959960381e-05,
        3.0224183793608988e-05,
        2.41818778242263e-05,
        6.410684428181518e-05,
        4.388186896134254e-05,
        3.279691761900117e-05,
        8.68675903965537e-06,
        2.134311438408377e-05,
        2.480528921063358e-05,
        1.3782673478304114e-05,
        8.748725641991863e-06,
        2.294870704934245e-05,
        2.2058364336765474e-05,
        9.270817096480657e-06,
        7.76161777528154e-06,
        2.2523539514829392e-05,
        2.4356690857553865e-05,
        8.987449900165644e-06,
        9.103329494564072e-06,
        2.76270811838872e-05,
        2.6544824057693863e-05,
        9.89215661119924e-06,
        1.3515531115794123e-05,
        6.763371054275111e-05,
        4.773750260196314e-05,
        1.8135582126917733e-05,
        1.4981702918493646e-05,
        7.964963281680934e-05,
        5.1559213711645696e-05,
        2.806304651547327e-05,
        2.7888900040291795e-05,
        0.00010218768632470437,
        0.00010762130270104219,
        4.778391371182437e-05,
        3.200241492953263e-05,
        9.201635658678189e-05,
        8.287271348004199e-05,
        3.290371736318689e-05,
        3.968106857547062e-05,
        0.00013580828821679623,
        9.690635468144507e-05,
        4.539455384365687e-05,
        4.144409153709095e-05,
        8.081138224523772e-05,
        6.119255696786731e-05,
        3.740204215227329e-05
    ]
}