{
    "bins": [
        [
            -1.0,
            -0.75,
            -0.5,
            -0.25,
            0.0,
            0.25,
            0.5,
            0.75,
            1.0
        ],
        [
            0.0,
            0.7853982,
            1.570796,
            2.356194,
            3.141593,
            3.926991,
            4.712389,
            5.497787,
            6.283185
        ]
    ],
    "zvals": [
        -0.0005278968044490043,
        -0.0005218909449453512,
        -0.0016676171826258792,
        -0.000780869850865611,
        0.0005960870794170597,
        0.0007517233300823278,
        0.0010395330774970145,
        0.0006669688489148178,
        -0.0006684150791280143,
        -0.0012712309609219682,
        -0.0031482035859526003,
        -0.0008048169147146865,
        0.000513400339700381,
        0.0017101551060736088,
        0.0020093654427436798,
        0.0,
        -0.0001627315163187285,
        -0.0026707301701125214,
        -0.0007883962016710001,
        0.0,
        0.00011247000883628424,
        0.0011546553467159327,
        0.0022237988892255907,
        0.00036385633780580044,
        -0.0001530805138081549,
        -0.000266361683213271,
        -0.0002104829398597909,
        -5.9477081075988134e-05,
        0.00014030944820333128,
        0.00048403010957501815,
        0.0007733169679576472,
        9.430739574075821e-05,
        1.8440103376860298e-05,
        0.0005891623327694577,
        0.0002775377069969621,
        2.2768722649252165e-05,
        -7.110616528180614e-05,
        -0.00042047359427958825,
        -0.00019963626085118632,
        -2.769120369545123e-05,
        0.00011087170813480346,
        0.0007682792083196566,
        0.0012187879266308296,
        0.0003921631680203311,
        -0.0004448819070076571,
        -0.0011692054219644057,
        -0.001676915907603534,
        -0.00023465651809655746,
        0.0002755808200222511,
        0.0011912159672461521,
        0.00256963985138745,
        0.0006779005320862389,
        -0.0008645476560928342,
        -0.001899149221159209,
        -0.0008721881135424335,
        -0.0009030850600587221,
        0.0009397332461418933,
        0.002676773986379895,
        0.0018792632525165588,
        0.0007896872799685255,
        -0.00037015281424195105,
        -0.0015869788311149258,
        -0.0012538152630895423,
        -0.0010345638771680093
    ],
    "zerrs": [
        0.00027701520092744415,
        0.0003714576873638807,
        0.0007015173759412594,
        0.0002833327302710152,
        0.00027180465476133527,
        0.0004450766771329047,
        0.0005278976932147889,
        0.0002744046075610869,
        0.00033965951805064564,
        0.0006433203496115141,
        0.0010619643158913397,
        0.0003635543956237658,
        0.0002591147810304826,
        0.0007114876815914483,
        0.0007645953370306087,
        0.0,
        0.0001627315227655586,
        0.0008267947332705862,
        0.0004228928514384904,
        0.0,
        0.00011247002260855736,
        0.0004906343194823634,
        0.0006905801079555924,
        0.0001878621394340412,
        9.210835148338257e-05,
        0.00015783892419816162,
        0.00012828888340674346,
        5.9477075743291555e-05,
        6.521613353671293e-05,
        0.00024992433271832175,
        0.00026416875679617354,
        6.298967374181886e-05,
        1.84401020135387e-05,
        0.0002456181798091109,
        0.00016409788122255376,
        2.27687229792282e-05,
        6.314493142464862e-05,
        0.00020673744994094152,
        0.0001247393294916084,
        2.7691202000164818e-05,
        0.00011087170584771554,
        0.00040405637217275043,
        0.0005005047486975146,
        0.00023051111506980005,
        0.00022465723829907049,
        0.0005004355068418259,
        0.0006029190473526217,
        0.0001661913838275193,
        0.0002001078848322665,
        0.0006053912877815512,
        0.0009253758378839991,
        0.0003086962561350288,
        0.0003562627827947315,
        0.0007765794281154759,
        0.0005046371967600408,
        0.0003733621289006546,
        0.00039144529074504976,
        0.0009082436609935981,
        0.0007163366208868655,
        0.00031633050727043673,
        0.00020947249097455397,
        0.0007146741212741758,
        0.0006379307053614646,
        0.000394678119587196
    ]
}