{
    "bins": [
        [
            -1.0,
            -0.75,
            -0.5,
            -0.25,
            0.0,
            0.25,
            0.5,
            0.75,
            1.0
        ],
        [
            0.0,
            0.7853982,
            1.570796,
            2.356194,
            3.141593,
            3.926991,
            4.712389,
            5.497787,
            6.283185
        ]
    ],
    "zvals": [
        -0.0010765637099753983,
        -6.391344615429276e-05,
        0.0005335725326522351,
        0.0015498237201728039,
        0.0011727898466764618,
        0.0005871570846882728,
        -0.0007078999437228005,
        -0.0013417859480161654,
        -0.0001236784092451447,
        -0.0013163097732130137,
        0.00031936913513912695,
        0.0004525896773487107,
        0.00013457034522624194,
        0.001148802008663124,
        -0.0006523286282878235,
        -0.0003516517230754344,
        -0.00010727674191257377,
        -0.0003256972708607027,
        0.000391849431753073,
        8.220983219993915e-05,
        0.0003376175136682292,
        0.00025316397546212247,
        -0.00043102050170741466,
        -0.00024550981795217207,
        -0.00020237301282330413,
        -0.00040065719562748964,
        0.00034128744916590067,
        0.0002173609592067217,
        6.0728140382328434e-05,
        0.00014311088136206106,
        -0.00019938512703113586,
        -9.198271449634455e-05,
        6.455843672674574e-06,
        0.0001234746519534432,
        -0.0001148682833416943,
        -5.949047554173102e-05,
        -0.0002286128561570057,
        -0.00018392066188098268,
        0.00020475509232261864,
        4.1468529331625505e-05,
        0.0001933355589559538,
        0.0005566402146784724,
        -0.0003421332878362309,
        -0.0003644179837254695,
        0.0,
        -0.0003526967473815824,
        0.0005043540727121791,
        0.0003769866997369487,
        0.0,
        0.0008244336818870641,
        -0.000796440530788212,
        -0.00013054154639870945,
        -0.00046424936147023533,
        -0.000906207044071923,
        0.0006135992197586448,
        0.0005892869602418139,
        0.0016048348468331096,
        0.0005565200208098367,
        -0.0008320326764264744,
        -0.0012233827646839378,
        -0.0015507882627661383,
        -0.0007994138003916488,
        0.00020292030282735636,
        0.0013518924163290463
    ],
    "zerrs": [
        0.0004533478710777281,
        5.768267406836149e-05,
        0.00023766538619558852,
        0.000518895910604288,
        0.0004451929850716622,
        0.00024627778387969405,
        0.00026341890996137987,
        0.0005094830557229228,
        0.00012367839145642923,
        0.0003841594508303986,
        0.00016219528024527028,
        0.0002613948264054842,
        0.00013457036288659188,
        0.0003566559391894986,
        0.00024289560841941847,
        0.0002503309921931986,
        0.00010727672465041378,
        0.0001334956766369863,
        0.00015765469824489126,
        8.220983378784665e-05,
        0.00017215874684756264,
        0.0001136814215737037,
        0.0001478100141134239,
        0.00014652051617395379,
        9.476960208517692e-05,
        0.00010791734612156082,
        9.786281200146333e-05,
        9.893317335249604e-05,
        5.274914364202493e-05,
        6.0188931867719525e-05,
        7.282867603594676e-05,
        6.141741428110641e-05,
        6.210638253397831e-06,
        5.738071632351645e-05,
        5.3206996096871793e-05,
        5.9490462617745165e-05,
        0.00010682311730234212,
        7.484345768223741e-05,
        7.094775561987598e-05,
        3.19310511257564e-05,
        0.00013680225412473593,
        0.00019312080589133768,
        0.00013616705393816928,
        0.00018630491757956017,
        0.0,
        0.00016311262463024939,
        0.0001800123715886976,
        0.0001886529311158008,
        0.0,
        0.0002839270457443915,
        0.0002874782636891726,
        0.0001305415293863013,
        0.0002699098305426503,
        0.0002937223115863638,
        0.00022108564798266326,
        0.00029554162052921186,
        0.0005391682000396497,
        0.00022099247218677467,
        0.00031228907273745516,
        0.0004672694920145026,
        0.0005032299392833647,
        0.000290792898395459,
        0.00010929382543161771,
        0.00046606554614171556
    ]
}