{
    "bins": [
        0.0,
        0.7853982,
        1.570796,
        2.356194,
        3.141593,
        3.926991,
        4.712389,
        5.497787,
        6.283185
    ],
    "yvals": [
        0.0010141612242044863,
        0.0003225453394445464,
        -5.101156356395103e-05,
        -0.0006144537999157117,
        -0.0004105372053404769,
        0.0006681870847646673,
        0.0004288498315503733,
        -0.0001231528218813901
    ],
    "yerrs": [
        0.00045852993824782964,
        0.000558572202611684,
        0.0006528237120305837,
        0.00045720031433847176,
        0.0004698415343696394,
        0.0006818910659785626,
        0.0005785956700515038,
        0.00044393912052199627
    ]
}