{
    "bins": [
        0.0,
        0.7853982,
        1.570796,
        2.356194,
        3.141593,
        3.926991,
        4.712389,
        5.497787,
        6.283185
    ],
    "yvals": [
        0.0031362753314178714,
        0.0022997670734499127,
        -0.0034609433688397484,
        -0.003062757910310556,
        -0.002552728680236007,
        -0.003224184426239945,
        0.0027811542682818144,
        0.0026166516848782407
    ],
    "yerrs": [
        0.0005254969558443447,
        0.0004024206924441503,
        0.0006022289706077076,
        0.0006093884771066776,
        0.0005068172605070108,
        0.000501390940979658,
        0.00048774109581324355,
        0.0005118449372736188
    ]
}