{
    "bins": [
        -1.0,
        -0.75,
        -0.5,
        -0.25,
        0.0,
        0.25,
        0.5,
        0.75,
        1.0
    ],
    "yvals": [
        -0.00028979016,
        -0.0009053092,
        0.00039168668,
        -0.0010131696,
        0.0005410228,
        9.893304e-05,
        0.0013843336,
        0.0006991976
    ],
    "yerrs": [
        0.00029162271516464556,
        0.0005666091421782744,
        0.0009171042252655911,
        0.0011713837287584286,
        0.0010046330275279626,
        0.0009136261817614467,
        0.0006842930366443897,
        0.0003185468003292452
    ]
}