{
    "bins": [
        0.0,
        0.7853982,
        1.570796,
        2.356194,
        3.141593,
        3.926991,
        4.712389,
        5.497787,
        6.283185
    ],
    "yvals": [
        -0.0030081530617207934,
        -0.0021700175376096037,
        0.002296743816510865,
        0.002957948762348819,
        0.003427626502741284,
        0.001811327505290312,
        -0.0016926386367166714,
        -0.003715045110886456
    ],
    "yerrs": [
        0.0005498295689160719,
        0.00037140196459061316,
        0.000389309244621669,
        0.0005424163548773853,
        0.0005652279936469934,
        0.0003242114858648092,
        0.0003442544018094011,
        0.0006643949062982872
    ]
}