{
    "bins": [
        -1.0,
        -0.75,
        -0.5,
        -0.25,
        0.0,
        0.25,
        0.5,
        0.75,
        1.0
    ],
    "yvals": [
        -0.0026495156,
        -0.0018401464,
        -0.0014598108,
        -0.0036150316,
        0.00128006,
        -0.0030741164,
        -0.0021428108,
        -0.0008665256
    ],
    "yerrs": [
        0.0010446328350190797,
        0.002557142780526735,
        0.004151073114268165,
        0.004008977924608715,
        0.004155314669191733,
        0.0033829719478588646,
        0.002583699363316096,
        0.0005017556377361394
    ]
}