{
    "bins": [
        -1.0,
        -0.75,
        -0.5,
        -0.25,
        0.0,
        0.25,
        0.5,
        0.75,
        1.0
    ],
    "yvals": [
        -0.004593864,
        -0.009840332,
        -0.013381584,
        -0.004488616,
        0.004683228,
        0.012107148,
        0.013363224,
        0.004170452
    ],
    "yerrs": [
        0.0012164445897779315,
        0.001268377861680028,
        0.0009944921115825906,
        0.00035231079461180294,
        0.00035043940417709877,
        0.0009261083305963726,
        0.0013799565210541962,
        0.0011475841058501987
    ]
}