{
    "bins": [
        [
            -1.0,
            -0.75,
            -0.5,
            -0.25,
            0.0,
            0.25,
            0.5,
            0.75,
            1.0
        ],
        [
            0.0,
            0.7853982,
            1.570796,
            2.356194,
            3.141593,
            3.926991,
            4.712389,
            5.497787,
            6.283185
        ]
    ],
    "zvals": [
        0.0,
        0.0011635754518283601,
        0.0008057051329389687,
        0.0,
        0.0,
        0.0006622018390675812,
        0.001458520138834069,
        0.0,
        0.0,
        0.0028662591109880876,
        0.0015615145442183457,
        9.830025248313278e-05,
        0.00027896918505012735,
        0.0011799648076516623,
        0.002085367164163902,
        8.362099215938926e-05,
        0.0007115366447236573,
        0.001219007743591846,
        0.0013093162956870279,
        0.0007077549118346217,
        0.0010048917873485795,
        0.0012528557495690086,
        0.0008753844547605166,
        0.0009179661776576972,
        0.0004438462425811518,
        0.0003318272090907308,
        0.0003040055615114885,
        0.0003417749194995155,
        0.0004418236868441222,
        0.00047008792994125286,
        0.0005301083017782069,
        0.00042213038484946496,
        -0.00021672359320405876,
        -0.0005351260214887284,
        -0.0005058279751158013,
        -0.0005195188687533343,
        -0.0004479984415544729,
        -0.0006565741191090379,
        -0.0005448116750997585,
        -0.0005220960583041975,
        -0.0007922910951412926,
        -0.0017618052915350665,
        -0.0011930389433128174,
        -0.0011750205946276988,
        -0.0007592777165207955,
        -0.001147385147402973,
        -0.001430345888326683,
        -0.001084402048388206,
        -9.228893063416747e-05,
        -0.0017575419742708726,
        -0.0021438618382017783,
        -8.181747111977479e-05,
        -0.00028948008525613754,
        -0.0012601453021270747,
        -0.0034577964293262785,
        -7.793954148087977e-05,
        0.0,
        -0.002164141534391871,
        -0.001633366522451038,
        0.0,
        0.0,
        -0.0006350059460299111,
        -0.0016259155230851114,
        0.0
    ],
    "zerrs": [
        0.0,
        0.0005444146124573212,
        0.000480417146951755,
        0.0,
        0.0,
        0.00038289394596152193,
        0.0006171521415426851,
        0.0,
        0.0,
        0.0005737517859447579,
        0.0004291036832746529,
        9.830024199272713e-05,
        0.0001615681417842514,
        0.0004063898094787372,
        0.00047549161402542895,
        8.362097808869909e-05,
        0.00019041983342919924,
        0.00025636538804545,
        0.0002756968007579721,
        0.0001797413353955609,
        0.00023223251914393798,
        0.0002776711549554304,
        0.00020730802840599182,
        0.00020071810474497532,
        8.884034143363067e-05,
        7.947639571663521e-05,
        8.089181003547742e-05,
        7.997557618705883e-05,
        8.718781788424775e-05,
        9.833596957177958e-05,
        0.00010967416632269477,
        9.255084100273261e-05,
        6.65005560217344e-05,
        0.0001128246065954672,
        0.00010279343087491356,
        0.0001103833684123048,
        0.00010105863422458193,
        0.00012201378373210834,
        9.783794744459806e-05,
        0.0001036628159715096,
        0.00020970708109249224,
        0.00032960324824997015,
        0.0002672188401755703,
        0.00025212965966761337,
        0.00018955081581348705,
        0.00024694734747613496,
        0.00028415873860092154,
        0.0002434371652305698,
        9.228895109604403e-05,
        0.00048246623464819505,
        0.0005515002336761027,
        8.18174736202128e-05,
        0.0001681572207879438,
        0.0004036552070059062,
        0.0006651207829609733,
        7.793955055097785e-05,
        0.0,
        0.0007280814158291714,
        0.0007519772855857755,
        0.0,
        0.0,
        0.0004859535869133943,
        0.0007546519741184678,
        0.0
    ]
}