{
    "bins": [
        0.0,
        0.7853982,
        1.570796,
        2.356194,
        3.141593,
        3.926991,
        4.712389,
        5.497787,
        6.283185
    ],
    "yvals": [
        0.004822888567862773,
        -0.017284744113110578,
        -0.01664506403123003,
        0.004922985641692948,
        0.003979560681336086,
        -0.02569806645802511,
        -0.023122722492290537,
        0.004695530164324331
    ],
    "yerrs": [
        0.0008912075226578067,
        0.0035728288827954337,
        0.0036263280239317583,
        0.0010748340901670116,
        0.0009118170686600036,
        0.004769837410223865,
        0.004531911048856245,
        0.001001300023533982
    ]
}