{
    "bins": [
        -1.0,
        -0.75,
        -0.5,
        -0.25,
        0.0,
        0.25,
        0.5,
        0.75,
        1.0
    ],
    "yvals": [
        -0.10060656,
        -0.037026728,
        0.2483644,
        0.521184,
        0.5517604,
        0.26608152,
        -0.06080404,
        -0.15722
    ],
    "yerrs": [
        0.02694272740462628,
        0.009484983500249223,
        0.02005156951462902,
        0.034223739129440545,
        0.03487011327770531,
        0.020527799687253382,
        0.01225530415779225,
        0.03816727813192866
    ]
}