{
    "bins": [
        0.0,
        0.7853982,
        1.570796,
        2.356194,
        3.141593,
        3.926991,
        4.712389,
        5.497787,
        6.283185
    ],
    "yvals": [
        -5.483298790346094e-05,
        -0.0002512547144899056,
        -0.000282570365598079,
        -5.8835814662356334e-05,
        7.939824140117493e-05,
        0.0002529408019882913,
        0.00024723821552894207,
        7.078406107476721e-05
    ],
    "yerrs": [
        6.99083847341981e-06,
        2.0793297840954535e-05,
        2.239033747140236e-05,
        7.485288151925482e-06,
        8.569509301165505e-06,
        2.0931988894815583e-05,
        2.0718612637463763e-05,
        8.219197399723487e-06
    ]
}