{
    "bins": [
        -1.0,
        -0.75,
        -0.5,
        -0.25,
        0.0,
        0.25,
        0.5,
        0.75,
        1.0
    ],
    "yvals": [
        -0.0023079724,
        0.0005103552,
        -0.0014069956,
        0.0006685784,
        -0.0007579876,
        -0.0008042492,
        0.0016749372,
        -0.0020157488
    ],
    "yerrs": [
        0.001994938395038804,
        0.001950533055346666,
        0.0011888128532279588,
        0.00043926028730127654,
        0.000450414919823933,
        0.0012142462353246148,
        0.001860217621677636,
        0.0021896125684695913
    ]
}