{
    "bins": [
        0.0,
        0.7853982,
        1.570796,
        2.356194,
        3.141593,
        3.926991,
        4.712389,
        5.497787,
        6.283185
    ],
    "yvals": [
        0.00010428078393864411,
        -0.00035722687280254664,
        0.00029878100020626493,
        0.0001093018198393428,
        -0.00012299580594806706,
        -0.0007835814453309025,
        -8.450160300892034e-05,
        -9.698859686426502e-05
    ],
    "yerrs": [
        0.0002170698945264746,
        0.0004997898137720445,
        0.0004500138177932419,
        0.00025970532435263226,
        0.00030410703156394955,
        0.000610093684246957,
        0.0004987343882118271,
        0.0002309961617549619
    ]
}