{
    "bins": [
        -1.0,
        -0.75,
        -0.5,
        -0.25,
        0.0,
        0.25,
        0.5,
        0.75,
        1.0
    ],
    "yvals": [
        0.00010847468,
        -6.22596e-05,
        -0.00011169248,
        -7.771628e-06,
        -4.962248e-05,
        -0.00011191052,
        0.00017911328,
        0.00038069704
    ],
    "yerrs": [
        0.00014122719284896941,
        0.0001345994353628573,
        0.00010560912839333539,
        3.936369088385895e-05,
        4.222333004394608e-05,
        0.00010353904770665026,
        0.00016196626809308166,
        0.0001663515314026294
    ]
}