{
    "bins": [
        [
            -1.0,
            -0.75,
            -0.5,
            -0.25,
            0.0,
            0.25,
            0.5,
            0.75,
            1.0
        ],
        [
            0.0,
            0.7853982,
            1.570796,
            2.356194,
            3.141593,
            3.926991,
            4.712389,
            5.497787,
            6.283185
        ]
    ],
    "zvals": [
        -7.569424019561033e-05,
        -0.00038642741296194107,
        0.00027651346196450727,
        0.0,
        -0.00012642675433347165,
        -0.0002112336420515459,
        0.0004978397704093977,
        5.4692576247966015e-05,
        -0.0002367597481124861,
        -0.001089313466373346,
        0.0012870432570492925,
        0.0,
        -0.0003455551962189869,
        -0.0014814873478160122,
        0.0013860743215541678,
        9.974932454628101e-05,
        -0.000629612341866839,
        -0.0019943381557727814,
        0.0017466940328343086,
        0.0006460135548937546,
        -0.00024876070476369933,
        -0.0021225941497177232,
        0.0023308365949493127,
        0.00036279634019949127,
        -0.0005037518547916204,
        -0.0023373994681421314,
        0.0018794960007537584,
        0.0016667248112106079,
        -0.001449787750923735,
        -0.0012808466535438085,
        0.002416218019399082,
        0.0007493764944652267,
        -0.0008615308769487884,
        -0.0021553480287314275,
        0.0021801379682657713,
        0.0014922468706988423,
        -0.001462074515086618,
        -0.0025064581269623816,
        0.002314334897720647,
        0.0008778835698588489,
        -0.0005025082563214431,
        -0.0018104532505693292,
        0.001929902036929048,
        0.000223396006361098,
        -0.0005059823936399123,
        -0.0023409608886195282,
        0.0017433820814415117,
        0.0011698058818586249,
        -0.00034959784730853724,
        -0.0010224464596157513,
        0.0016070175885347306,
        0.0001990220002826589,
        -0.00023844023030361667,
        -0.001456261920707718,
        0.0008590447136356345,
        0.0001214567391309884,
        -1.617759246201481e-05,
        -0.0007014152573383831,
        0.0005613846737577637,
        0.0,
        -0.00020421116427594667,
        -0.000735176305516439,
        0.0007442453380324373,
        5.917504246254766e-05
    ],
    "zerrs": [
        7.569425767167485e-05,
        0.0001699998643358769,
        0.0001415495919894656,
        0.0,
        0.00010036470590218796,
        0.00012394330282608835,
        0.00016439745825525296,
        4.639872585720698e-05,
        0.00016757046772820377,
        0.00034962623230308233,
        0.0003692198749075652,
        0.0,
        0.00019970629023738904,
        0.00036858963809273767,
        0.0003526012409233865,
        9.974933499537693e-05,
        0.00028193540618353866,
        0.0004700512878988511,
        0.0004325239223830656,
        0.0002889583591121503,
        0.0001759159285748137,
        0.0004977672177147988,
        0.0004921295442009598,
        0.00020946592807017883,
        0.0002522619237992148,
        0.0004987840764941384,
        0.0004588396191499857,
        0.00046265398705159583,
        0.0004377307063843409,
        0.00040175701699444994,
        0.0004921350783113754,
        0.00030631141735452933,
        0.00032667285908416396,
        0.0004962730856147888,
        0.00047004142852606677,
        0.00043105658169740663,
        0.00044108499608235853,
        0.0005418664506858782,
        0.0005073266928604882,
        0.00033231018509691517,
        0.00025135401179658093,
        0.0004418082354003947,
        0.0004466927676539468,
        0.00015796528401849238,
        0.0002538006627006856,
        0.0005262643770402074,
        0.00043499068909462273,
        0.00039004467480349415,
        0.00020184459592199005,
        0.0002804554224865303,
        0.00035951458637326604,
        0.00014163690235360183,
        0.00016870630233749108,
        0.0003803896786062824,
        0.00030268215589825256,
        0.00012145672064518531,
        1.2037643249624205e-05,
        0.0002090576862897618,
        0.0001837565524874949,
        0.0,
        0.00012058332548230527,
        0.00022906741314961072,
        0.00022991684879403217,
        5.823045585821966e-05
    ]
}