{
    "bins": [
        [
            -1.0,
            -0.75,
            -0.5,
            -0.25,
            0.0,
            0.25,
            0.5,
            0.75,
            1.0
        ],
        [
            0.0,
            0.7853982,
            1.570796,
            2.356194,
            3.141593,
            3.926991,
            4.712389,
            5.497787,
            6.283185
        ]
    ],
    "zvals": [
        -0.0004135625979280319,
        -0.0020692759770908446,
        0.0014748792332040575,
        0.0,
        0.0,
        0.0014956620719686073,
        -0.0011302295142080832,
        0.0,
        0.0,
        -0.0032802663822078444,
        0.002686840047975676,
        0.0002666025803445128,
        0.0,
        0.003565420334658353,
        -0.0037074441238709554,
        -0.0002471694096496299,
        -0.002208643717288886,
        -0.003015183388596199,
        0.0025745071925316852,
        0.001766680629845467,
        0.0015556046743179887,
        0.0033149093835227496,
        -0.0025396530166870816,
        -0.0021195317533276125,
        -0.0012992319055480392,
        -0.001032072664323735,
        0.0007657126705186417,
        0.0014785152514836407,
        0.0011993063389517157,
        0.0008884331256254793,
        -0.0006973223766803583,
        -0.0011340976167497246,
        0.0008512588900763968,
        0.0014818294627257677,
        -0.00101079554569785,
        -0.0010185681417979905,
        -0.0011270107639693504,
        -0.0009351090784544908,
        0.0010133180884086797,
        0.001462070950015152,
        0.0013664864523499035,
        0.0034089665135298313,
        -0.0020764392066188104,
        -0.0012448643301048257,
        -0.0014362786765436117,
        -0.0025067290723938696,
        0.0031130876320031383,
        0.0015298067985912878,
        0.00024661523288441455,
        0.002547602246912329,
        -0.0032362134866653603,
        -0.0005911487027612717,
        -0.00031904965380609565,
        -0.002735861308534018,
        0.0027793271691550023,
        0.0,
        0.0,
        0.0011939213478825634,
        -0.0013852018976366128,
        0.0,
        0.0,
        -0.0010776375799276294,
        0.0016421248844534877,
        0.0
    ],
    "zerrs": [
        0.00041356261047154676,
        0.0007444647148285237,
        0.0007035039744644443,
        0.0,
        0.0,
        0.0006467360419736072,
        0.0005669950599819761,
        0.0,
        0.0,
        0.0009195675563577863,
        0.0008165074755915654,
        0.000266602577813839,
        0.0,
        0.0008786107526392615,
        0.0008472223034709003,
        0.00024716945016067023,
        0.0006798137416703533,
        0.0006412027200969981,
        0.0006147488721455422,
        0.0005937113905211406,
        0.0005561226984358491,
        0.0006416880050780723,
        0.0005440360467426971,
        0.0005925300768167017,
        0.00032678658152412884,
        0.000233533761064178,
        0.00018109327007728758,
        0.00038254628999945906,
        0.0003482464456125996,
        0.00021896787193908875,
        0.0001903617769319636,
        0.00029047084797593863,
        0.00024150782930773557,
        0.00030611857746982985,
        0.0002257332600229275,
        0.00029417791826695,
        0.00029673824452793615,
        0.00026996916553990286,
        0.0002538629965799454,
        0.0003329229317175254,
        0.0004954793225019582,
        0.0006684393806136731,
        0.0004957736717091238,
        0.00047988672642278716,
        0.0005627685390840505,
        0.000565076622881773,
        0.0006215839388172421,
        0.0005178951092550159,
        0.0002466152543728862,
        0.0007110923837953864,
        0.0008333127235278755,
        0.0004187067584603839,
        0.0003190496499583388,
        0.0007982769686156742,
        0.0007452264665657983,
        0.0,
        0.0,
        0.0005020091182371182,
        0.0006512947084581823,
        0.0,
        0.0,
        0.0006691580592978366,
        0.0006958758663347561,
        0.0
    ]
}