{
    "bins": [
        0.0,
        0.7853982,
        1.570796,
        2.356194,
        3.141593,
        3.926991,
        4.712389,
        5.497787,
        6.283185
    ],
    "yvals": [
        1.2118428588198954e-05,
        4.726067478162022e-05,
        4.21424933600544e-05,
        3.0541049835815937e-06,
        5.078502873702249e-06,
        -2.525550103259749e-05,
        -7.544661432802225e-05,
        1.2236503021398072e-05
    ],
    "yerrs": [
        1.4069970365456789e-05,
        6.102511254829756e-05,
        6.161423062203843e-05,
        1.6007217144943043e-05,
        1.646752473848908e-05,
        5.8338730994302534e-05,
        5.7871655734991244e-05,
        1.3696888718002008e-05
    ]
}