{
    "bins": [
        [
            -1.0,
            -0.75,
            -0.5,
            -0.25,
            0.0,
            0.25,
            0.5,
            0.75,
            1.0
        ],
        [
            0.0,
            0.7853982,
            1.570796,
            2.356194,
            3.141593,
            3.926991,
            4.712389,
            5.497787,
            6.283185
        ]
    ],
    "zvals": [
        0.0028803493565429613,
        0.003271417872573618,
        0.0027459097171115797,
        0.0036684655824619082,
        0.002259732263132831,
        0.004241204077423167,
        0.0026654114219796846,
        0.0036122358345704987,
        0.0007236466801171685,
        0.0024510117038779584,
        0.0019467352858041406,
        0.0009123118313112189,
        0.0008846694287482267,
        0.0025486965844068875,
        0.0015964802558702724,
        0.00042686174398203213,
        0.0002071409891186407,
        0.00176992856358905,
        0.0019343064280785032,
        9.199563533948986e-05,
        0.00034805706151530807,
        0.0010327502743831792,
        0.0013020588287721642,
        0.00024002118671043223,
        4.648401791600744e-05,
        0.0002721757560308929,
        0.00038746230573543614,
        4.622928218650648e-06,
        7.56656879696663e-05,
        0.00036443250428445207,
        0.0004441194910096538,
        7.280914899197605e-05,
        -0.00015304231662359297,
        -0.00013821719388569715,
        -0.0004561982077876441,
        -0.00015241526918165162,
        -0.00011141495140043643,
        -0.0005440716681224043,
        -0.0004876774832632628,
        -0.0002555364286641933,
        -0.0004910015836552719,
        -0.0019122029626260728,
        -0.0010800852561376527,
        -0.00045190666145487836,
        -0.00036216944784682405,
        -0.0023296799839062493,
        -0.0017879398725232306,
        -0.0002576596833707242,
        -0.0016031577357829441,
        -0.0020054993787861383,
        -0.003043048747259352,
        -0.0006946517629892577,
        -0.0017058362766393595,
        -0.002688264039378761,
        -0.0018203316025760191,
        -0.0007812064711140087,
        -0.0027961622524726947,
        -0.0021029165093154065,
        -0.003101238353038842,
        -0.002557103841486939,
        -0.0027290754496446376,
        -0.0022586892250807877,
        -0.0014728486703556672,
        -0.0027927191054726397
    ],
    "zerrs": [
        0.001026279805256171,
        0.0011623119006771657,
        0.0010402659420826173,
        0.0011696915968983158,
        0.0008580894254230612,
        0.0012360016095205833,
        0.001013234864752292,
        0.001156272584229273,
        0.00041972268085140355,
        0.0007858982700679384,
        0.0007425676039476405,
        0.00045930181047834406,
        0.00044498202339450624,
        0.0007760572008450243,
        0.0006560059686333907,
        0.0003021642887367475,
        0.00014704384782118253,
        0.0005294298442250786,
        0.0005445742969118886,
        9.199563119166719e-05,
        0.00020476413470279158,
        0.0003734949358469261,
        0.00043954551539367,
        0.0001765837742725912,
        3.4177178341642454e-05,
        0.00011672268911626595,
        0.00015046215251401135,
        4.622927948108937e-06,
        5.558770782408674e-05,
        0.00012868433633566427,
        0.00016825907199905077,
        4.5104303436279474e-05,
        8.568283824376727e-05,
        7.361461773397885e-05,
        0.00018077343850258365,
        0.0001079603158951733,
        7.882515678834054e-05,
        0.00019550383963393261,
        0.00019378612861636088,
        0.00012835475895557255,
        0.00022251960297961376,
        0.0005656007265849748,
        0.00041588083543544845,
        0.00022631869507423548,
        0.00021713746750891085,
        0.0006182548356868408,
        0.0005447743074164199,
        0.0001878470200975566,
        0.0006117482068589427,
        0.000722532981964818,
        0.0009279981078685245,
        0.00040298398593948054,
        0.0006564063828906013,
        0.0008616915285660731,
        0.0007573280049834068,
        0.00045479250549904126,
        0.001067414245688973,
        0.0009505990033633158,
        0.0011812427008979509,
        0.0010577343162451278,
        0.0011249358986430806,
        0.0010171249103936187,
        0.0008514641935217099,
        0.0010656498466607876
    ]
}