{
    "bins": [
        0.0,
        0.7853982,
        1.570796,
        2.356194,
        3.141593,
        3.926991,
        4.712389,
        5.497787,
        6.283185
    ],
    "yvals": [
        0.07431513084700218,
        0.1951091536034351,
        0.1688985711702857,
        0.06760372753212063,
        0.05058594496038949,
        0.19111520528445455,
        0.21519573515593374,
        0.06795488402058576
    ],
    "yerrs": [
        0.015368728438324314,
        0.020135933445007973,
        0.016235530099900614,
        0.0143435523419339,
        0.011086558253692163,
        0.022008159123013425,
        0.02426889933661632,
        0.014050920975690596
    ]
}