{
    "bins": [
        -1.0,
        -0.75,
        -0.5,
        -0.25,
        0.0,
        0.25,
        0.5,
        0.75,
        1.0
    ],
    "yvals": [
        0.0023603712,
        0.0011432508,
        0.0005592344,
        0.00025455836,
        -0.00024836304,
        -0.0007360812,
        -0.0013920736,
        -0.0017395244
    ],
    "yerrs": [
        0.00036371705486545447,
        0.00018923297809842764,
        0.00010328303636125344,
        4.298610007897902e-05,
        4.194016690477042e-05,
        0.00011084387578932813,
        0.00021055944528802312,
        0.0003065125119795275
    ]
}