{
    "bins": [
        -1.0,
        -0.75,
        -0.5,
        -0.25,
        0.0,
        0.25,
        0.5,
        0.75,
        1.0
    ],
    "yvals": [
        -0.0011006076,
        -0.002186084,
        -0.0006042312,
        0.0017443264,
        0.0005429268,
        -0.0009823952,
        -0.0011330736,
        0.0019188232
    ],
    "yerrs": [
        0.0011327101659294844,
        0.0016336521049476844,
        0.0015725088235046568,
        0.0014919994638068741,
        0.001472345068249967,
        0.0015614511199522065,
        0.0015918145620643128,
        0.0012319203870380586
    ]
}