{
    "bins": [
        0.0,
        0.7853982,
        1.570796,
        2.356194,
        3.141593,
        3.926991,
        4.712389,
        5.497787,
        6.283185
    ],
    "yvals": [
        -0.012540031286040634,
        0.002536999721669707,
        0.0027237489782250533,
        -0.015981418361877213,
        -0.007253185009383775,
        -0.005088634042867439,
        -0.004529792538305421,
        -0.006898828364727185
    ],
    "yerrs": [
        0.004734157130122836,
        0.00608286393036807,
        0.005663921105131841,
        0.005568880973797803,
        0.004210648519260677,
        0.007026230580701934,
        0.006828001786811915,
        0.004815663288630061
    ]
}