{
    "bins": [
        -1.0,
        -0.75,
        -0.5,
        -0.25,
        0.0,
        0.25,
        0.5,
        0.75,
        1.0
    ],
    "yvals": [
        -0.000416134,
        0.00021159716,
        -0.0016529412,
        -0.0012232864,
        -0.00038271532,
        -0.0007293032,
        0.0001752106,
        -6.626332e-05
    ],
    "yerrs": [
        0.00044319115514639953,
        0.0011071082331913173,
        0.0018304814667185242,
        0.002026966205934376,
        0.0021113851377709374,
        0.0017735320690644419,
        0.0010617290803213407,
        0.0004247320096248928
    ]
}