{
    "bins": [
        -1.0,
        -0.75,
        -0.5,
        -0.25,
        0.0,
        0.25,
        0.5,
        0.75,
        1.0
    ],
    "yvals": [
        -0.0013324052,
        -0.0011066232,
        -0.000802452,
        -0.00022911948,
        0.00027038024,
        0.0005507304,
        0.0010820976,
        0.0013392628
    ],
    "yerrs": [
        0.00022105941282831636,
        0.00013389613885396396,
        7.679676034833761e-05,
        2.4250575250908997e-05,
        2.6990662088952173e-05,
        6.165118652548384e-05,
        0.00012745295602692,
        0.0002298091033880077
    ]
}