{
    "bins": [
        [
            -1.0,
            -0.75,
            -0.5,
            -0.25,
            0.0,
            0.25,
            0.5,
            0.75,
            1.0
        ],
        [
            0.0,
            0.7853982,
            1.570796,
            2.356194,
            3.141593,
            3.926991,
            4.712389,
            5.497787,
            6.283185
        ]
    ],
    "zvals": [
        0.0,
        -0.00033059338847142176,
        0.00018013155113713052,
        0.0,
        0.0,
        -7.309109521541946e-05,
        0.0006550742426132994,
        0.0,
        -0.00026691596695790746,
        -0.003236564197149521,
        0.0017156066096425,
        0.0009834130168232963,
        -0.000595355730470411,
        -0.00593800850014897,
        0.0049187560956355895,
        0.0008003172913605588,
        -0.006473852371956034,
        -0.006370086598154464,
        0.00538362460816045,
        0.003909932658432211,
        -0.005668392331021977,
        -0.004447647689451718,
        0.004920406214428864,
        0.005579331752818318,
        -0.006599266461267672,
        -0.006327020523867013,
        0.007621521827150058,
        0.008054082065294201,
        -0.005344016664162627,
        -0.0061259794397235555,
        0.004688425995482547,
        0.0057187515119722756,
        -0.006267577389405782,
        -0.00498314968542056,
        0.005804924382287708,
        0.005908120585842356,
        -0.009807323166089036,
        -0.007102381213091962,
        0.006072600133944829,
        0.00602938637480615,
        -0.0064524008331060595,
        -0.006263944207635926,
        0.006563454452392292,
        0.006421230482850119,
        -0.0042168235722525385,
        -0.0034167074527819024,
        0.007528366509718641,
        0.004596961540518312,
        -0.0012606512212531172,
        -0.002700858087455809,
        0.00400294576762355,
        0.0005297450085879916,
        -0.0006857022808817948,
        -0.0030609856404014276,
        0.005330128164319239,
        0.001747372924300801,
        0.0,
        -0.0007184995934544253,
        0.00010923287301470085,
        0.0,
        0.0,
        0.0,
        0.0014021996490951086,
        0.0
    ],
    "zerrs": [
        0.0,
        0.00019560489443775243,
        0.00011383930547493133,
        0.0,
        0.0,
        7.30911161601643e-05,
        0.00035498594473959736,
        0.0,
        0.00026691599310015897,
        0.0009545611629653249,
        0.0006429816159898852,
        0.0005679907424498046,
        0.00043356475965107213,
        0.0014228624352018897,
        0.0011364893750428929,
        0.0004657494655450712,
        0.0013521341987544795,
        0.0013148397686612331,
        0.0012132150494112302,
        0.000984493587453734,
        0.00136490243387233,
        0.001129239768005897,
        0.0011423320245794763,
        0.0012099588197101601,
        0.0013813062467608569,
        0.0013079728119013525,
        0.0014278425273877929,
        0.0014763180488832333,
        0.0013362631359798858,
        0.0014477297208444887,
        0.0010969385340349137,
        0.0012303816909222684,
        0.00126782147735696,
        0.0012139231424789477,
        0.0012388667053855123,
        0.0012181952280168355,
        0.0017587854684923854,
        0.0015114164655859468,
        0.0013419711788331407,
        0.0012819471097681749,
        0.0013890870763079873,
        0.0013202294668063833,
        0.0012982067984721203,
        0.0013175328013717397,
        0.0011228552235789484,
        0.0010745797618151572,
        0.0015325352436272675,
        0.0010990043153513217,
        0.0006328600199270564,
        0.0008084354183984606,
        0.0009391690260754657,
        0.0003766255606887252,
        0.0004885462396089098,
        0.0009727885448676972,
        0.0012423843726432438,
        0.0007834487790970816,
        0.0,
        0.0003857852892497554,
        7.868167105236233e-05,
        0.0,
        0.0,
        0.0,
        0.0005612954050557368,
        0.0
    ]
}