{
    "bins": [
        -1.0,
        -0.75,
        -0.5,
        -0.25,
        0.0,
        0.25,
        0.5,
        0.75,
        1.0
    ],
    "yvals": [
        -0.0003605918,
        0.0007838512,
        3.9405888e-05,
        -0.00036179048,
        0.00022116232,
        -1.1975244e-05,
        -0.0002685064,
        -0.00034183164
    ],
    "yerrs": [
        0.000316016733734149,
        0.0004518730795256562,
        0.0006358056306765457,
        0.000798181833920066,
        0.0007906391338657606,
        0.000622309762096016,
        0.0005131837877408054,
        0.0003023258903898242
    ]
}