{
    "bins": [
        0.0,
        0.7853982,
        1.570796,
        2.356194,
        3.141593,
        3.926991,
        4.712389,
        5.497787,
        6.283185
    ],
    "yvals": [
        -0.0010321616474292911,
        -0.001215819677620691,
        0.0012439626787947005,
        0.000875576872392249,
        -0.0009363261683885111,
        -0.0012327911453810683,
        0.0011849837916572236,
        0.0010172867768952815
    ],
    "yerrs": [
        0.00011533558899537833,
        0.00012262583595173046,
        0.0001222981136591197,
        0.00010466788484405867,
        0.00010380226838142402,
        0.00011885241808492927,
        0.00011803299068826168,
        0.00011102852637063861
    ]
}