{
    "bins": [
        0.0,
        0.7853982,
        1.570796,
        2.356194,
        3.141593,
        3.926991,
        4.712389,
        5.497787,
        6.283185
    ],
    "yvals": [
        -0.00013592569985518174,
        0.00010473919076422164,
        0.00014866729989126536,
        8.751293291689957e-05,
        -0.0002302544697083516,
        -0.00023446991207005878,
        0.0002815997748912017,
        3.205055271340137e-05
    ],
    "yerrs": [
        0.00012580662164271268,
        0.00015526812360724162,
        0.00014554322896991357,
        0.00015358261154635222,
        0.00011562894926996874,
        0.00018069524930124084,
        0.0001358641740066844,
        6.892966851567812e-05
    ]
}