{
    "bins": [
        0.0,
        0.7853982,
        1.570796,
        2.356194,
        3.141593,
        3.926991,
        4.712389,
        5.497787,
        6.283185
    ],
    "yvals": [
        0.0013518620236206294,
        -0.008728839067285393,
        -0.006171422641768887,
        0.0017470483155695388,
        0.00225008212396772,
        -0.0071428676925584245,
        -0.008684097744073707,
        0.0017808194062118828
    ],
    "yerrs": [
        0.00030782214986479616,
        0.0013511993597432289,
        0.0011427146766544187,
        0.0003727219460465485,
        0.0004610411723624931,
        0.0012045574027798136,
        0.001290689669846639,
        0.00037677758398688767
    ]
}