{
    "bins": [
        -1.0,
        -0.75,
        -0.5,
        -0.25,
        0.0,
        0.25,
        0.5,
        0.75,
        1.0
    ],
    "yvals": [
        -0.0009729452,
        0.00088562,
        -0.001017404,
        -0.00011397408,
        0.00032350192,
        -0.0005034056,
        -0.0013675288,
        0.0002924116
    ],
    "yerrs": [
        0.0012622003644429834,
        0.0014647577274075054,
        0.001029392908465956,
        0.0003836616843001136,
        0.000394893464114057,
        0.0008959582133113129,
        0.001335178789525957,
        0.0012999513837063292
    ]
}