{
    "bins": [
        0.0,
        0.7853982,
        1.570796,
        2.356194,
        3.141593,
        3.926991,
        4.712389,
        5.497787,
        6.283185
    ],
    "yvals": [
        -0.0016163418760063366,
        -0.012137852945348204,
        -0.00913262193181037,
        -0.0019307893185501893,
        0.0016568274938311527,
        0.011030154138411356,
        0.010552537694264565,
        0.0018785010911665173
    ],
    "yerrs": [
        0.0003353368132400953,
        0.0012138809279939463,
        0.0010255223873956443,
        0.0003469698581753033,
        0.00033330249556076896,
        0.0010701273457631997,
        0.0010308425814481762,
        0.0003384116686421675
    ]
}