{
    "bins": [
        0.0,
        0.7853982,
        1.570796,
        2.356194,
        3.141593,
        3.926991,
        4.712389,
        5.497787,
        6.283185
    ],
    "yvals": [
        0.00017476765289250725,
        0.0013031880150415494,
        -0.0004103453281011667,
        4.2856318890143734e-05,
        -9.895475924308437e-05,
        -0.0001677428513950889,
        9.64617684282364e-05,
        -5.135614045362989e-05
    ],
    "yerrs": [
        0.0001417502156636802,
        0.0005378135278020792,
        0.0005642890529396285,
        0.00012722323149640794,
        0.00017942108505977373,
        0.000549162366937291,
        0.0005279731099964058,
        0.0001674483656220724
    ]
}