{
    "bins": [
        [
            -1.0,
            -0.75,
            -0.5,
            -0.25,
            0.0,
            0.25,
            0.5,
            0.75,
            1.0
        ],
        [
            0.0,
            0.7853982,
            1.570796,
            2.356194,
            3.141593,
            3.926991,
            4.712389,
            5.497787,
            6.283185
        ]
    ],
    "zvals": [
        0.0,
        0.06386872996079185,
        0.047134303881598894,
        0.0,
        0.0,
        0.017958196990570392,
        0.047199641455669614,
        0.0,
        0.005111333333842629,
        0.08829711516889911,
        0.05654763572099752,
        0.017054195383492978,
        0.012606810814389642,
        0.17840101451748036,
        0.15605545214018884,
        0.016217861517345347,
        0.10747052896225123,
        0.13777099961318964,
        0.08927066277225051,
        0.08062913245369552,
        0.1049533612257734,
        0.11119050468679577,
        0.09822459440945867,
        0.10586556115498132,
        0.10065385940533095,
        0.10466466801918721,
        0.12173435633907907,
        0.11798650112872565,
        0.07636546056903631,
        0.08649250443724076,
        0.08184874420357578,
        0.09068818611710243,
        0.10110855869035605,
        0.07087542134699129,
        0.09977906742823385,
        0.09124376272442415,
        0.13825306405160181,
        0.10315936633401156,
        0.08641025314553898,
        0.08738127675395152,
        0.11525165196457032,
        0.12243619730027255,
        0.12640556762303956,
        0.10634406206272227,
        0.07428259302926667,
        0.06253848367324594,
        0.126893880554827,
        0.09253698125027059,
        0.021777788642754717,
        0.08868468946564402,
        0.1440649454162094,
        0.009920873339538248,
        0.012741295496041492,
        0.1033209659306492,
        0.1697470072498275,
        0.02969358210741561,
        0.0,
        0.04330877422880481,
        0.02863037084382696,
        0.0,
        0.0,
        0.0,
        0.11156055910506524,
        0.0
    ],
    "zerrs": [
        0.0,
        0.032975269620936,
        0.02877137493250389,
        0.0,
        0.0,
        0.01795819603520151,
        0.02379056403606468,
        0.0,
        0.005111333289023332,
        0.023971808371240744,
        0.020301189702565677,
        0.00985950799435696,
        0.008921477867619508,
        0.03803613451941441,
        0.03364220907747957,
        0.009387619825010515,
        0.021168308533717883,
        0.02409609291233841,
        0.01961348129860453,
        0.018605289039247103,
        0.0230753490928061,
        0.023357112867471164,
        0.021065817870500603,
        0.02084044272226516,
        0.018386064885822662,
        0.018813812584101135,
        0.019766344982120012,
        0.019683139013393258,
        0.017098013093524968,
        0.01845041435732435,
        0.017084779452740728,
        0.017516144747838216,
        0.018473359690388366,
        0.01548095645545493,
        0.017644145481567845,
        0.017250794055628654,
        0.02274892689961842,
        0.020248622157703997,
        0.017666065398709276,
        0.01715138998638099,
        0.02272889615866981,
        0.022859201765715268,
        0.0220927969505176,
        0.020586266907619836,
        0.01868186031859731,
        0.018159717305805085,
        0.02458984412837233,
        0.020829499722982366,
        0.010890545998630603,
        0.02414906063879069,
        0.029895601319912084,
        0.007016427390383463,
        0.009024653354151436,
        0.030370913478958615,
        0.03691378823543544,
        0.013291375681328408,
        0.0,
        0.021707754791507026,
        0.020337015916870278,
        0.0,
        0.0,
        0.0,
        0.04279163634259647,
        0.0
    ]
}