{
    "bins": [
        -1.0,
        -0.75,
        -0.5,
        -0.25,
        0.0,
        0.25,
        0.5,
        0.75,
        1.0
    ],
    "yvals": [
        -7.768048e-05,
        -9.992948e-05,
        -0.00015519296,
        0.00017783736,
        -0.0001090958,
        -0.00019249432,
        -0.000466282,
        -0.00032524336
    ],
    "yerrs": [
        0.0005878538593902399,
        0.0005640740376936347,
        0.0005482018606316472,
        0.0006389351140765391,
        0.0006510757866792467,
        0.000702315940300375,
        0.0006803513210099617,
        0.0005278433100835891
    ]
}