{
    "bins": [
        [
            -1.0,
            -0.75,
            -0.5,
            -0.25,
            0.0,
            0.25,
            0.5,
            0.75,
            1.0
        ],
        [
            0.0,
            0.7853982,
            1.570796,
            2.356194,
            3.141593,
            3.926991,
            4.712389,
            5.497787,
            6.283185
        ]
    ],
    "zvals": [
        0.007935393791327763,
        -0.008298622685217605,
        -0.008036445216310714,
        0.007973399507766116,
        0.006211734687381428,
        -0.006301487908041529,
        -0.0072886765690770815,
        0.004214235330367534,
        0.008840830040099404,
        -0.01477737778231617,
        -0.012830004660057705,
        0.008451042081795368,
        0.010493614702354725,
        -0.020290049121591863,
        -0.019872207466787545,
        0.00654175335307704,
        0.00417107653162434,
        -0.03817368981680366,
        -0.024322679711432937,
        0.004591290796143107,
        0.0038092376094667913,
        -0.01880309346344147,
        -0.032448409596153804,
        0.0030108434195146925,
        0.0022456924398349776,
        -0.033974752666737794,
        -0.028044400418641254,
        0.003236343820147467,
        0.001879035087942673,
        -0.02750240769648001,
        -0.027951728932337497,
        0.003622194607065463,
        0.0044489162312824244,
        -0.018774659159982367,
        -0.0431716607376133,
        0.005091581731069176,
        0.0022663281546426136,
        -0.039101658012880104,
        -0.030093226618860762,
        0.0022352193410220046,
        0.002806751530624847,
        -0.02539000236568017,
        -0.018598616242974902,
        0.004389391379413521,
        0.003115486925100394,
        -0.03528441376219446,
        -0.02557479392613682,
        0.0025530042093308116,
        0.006430847435097253,
        -0.02075001992620809,
        -0.015619922637949172,
        0.007200365674007734,
        0.011222279659484741,
        -0.011704919034680508,
        -0.01663110932291654,
        0.004853381852258347,
        0.007194582315060055,
        -0.008372506263704838,
        -0.009016111576551,
        0.006214482065803497,
        0.007100389866029705,
        -0.008333583737162562,
        -0.00682112253914576,
        0.009742815744374193
    ],
    "zerrs": [
        0.0017687506379176871,
        0.002042150799325827,
        0.002033585525168563,
        0.0017750902158486445,
        0.0015579820986486082,
        0.0018881153000334773,
        0.0020203063821450794,
        0.0011604846022158293,
        0.0020944507020776294,
        0.003558087813121421,
        0.003360176495064495,
        0.0019578220577967636,
        0.0023358650868820024,
        0.0044491002877747165,
        0.0042369429559252865,
        0.001608631149721673,
        0.0012022544002313839,
        0.00690819687789203,
        0.0055589644255712055,
        0.0013907817066137406,
        0.0012216404156847017,
        0.0044133708212893965,
        0.006237762832024591,
        0.001084521125539313,
        0.0008621363957109053,
        0.006559195381547562,
        0.006028577391841698,
        0.0010932027535124678,
        0.0009183331429806476,
        0.005889377036112474,
        0.006017320024985555,
        0.0012296345481928022,
        0.0012941442636286847,
        0.005049073074834192,
        0.007664352037844923,
        0.0014156893513067588,
        0.0009355343315554786,
        0.007090533377154976,
        0.006185637493695461,
        0.0008636372019671122,
        0.0011374402973300603,
        0.005997518418803426,
        0.004745485670346586,
        0.001330642755244293,
        0.001122023306480114,
        0.006594955492658364,
        0.005196740410178585,
        0.0009680744291806418,
        0.0019305730237123109,
        0.004785707080141366,
        0.003867015231459617,
        0.0021525670732989704,
        0.0024563253177382893,
        0.0032008748427833707,
        0.00370846896598118,
        0.001740690470471923,
        0.0019791748306153068,
        0.001981233655406426,
        0.0022859315087415447,
        0.0016381908259765633,
        0.0018308922833262897,
        0.0021150919301946127,
        0.0018457273555942588,
        0.0019349847268111489
    ]
}