{
    "bins": [
        -1.0,
        -0.75,
        -0.5,
        -0.25,
        0.0,
        0.25,
        0.5,
        0.75,
        1.0
    ],
    "yvals": [
        -0.00010576132,
        -0.0006295384,
        0.0007290508,
        6.467344e-05,
        0.00016205008,
        0.00062687,
        0.0007851912,
        -0.0022764688
    ],
    "yerrs": [
        0.001160980344364193,
        0.001110490918468044,
        0.0006219118908655791,
        0.00022701464269954042,
        0.00025348293828184965,
        0.0005842667883766799,
        0.001100976148697146,
        0.0013574629276705864
    ]
}