{
    "bins": [
        [
            -1.0,
            -0.75,
            -0.5,
            -0.25,
            0.0,
            0.25,
            0.5,
            0.75,
            1.0
        ],
        [
            0.0,
            0.7853982,
            1.570796,
            2.356194,
            3.141593,
            3.926991,
            4.712389,
            5.497787,
            6.283185
        ]
    ],
    "zvals": [
        0.0,
        -0.03547141588631901,
        -0.02587313438536895,
        0.0,
        0.0,
        -0.018948354846841986,
        -0.04780340158747541,
        0.0,
        0.0,
        -0.017826889762105266,
        -0.00575528840154928,
        0.0003493869485446251,
        0.0013800320347136098,
        -0.013648234398355996,
        -0.011888397984206737,
        0.0002454849133814958,
        0.027157276398137913,
        0.04649602532627414,
        0.047860508939416714,
        0.03764327176377867,
        0.041952523433978685,
        0.03544242791552819,
        0.03731396820465548,
        0.04236139129460478,
        0.09826047475026042,
        0.06613825503458247,
        0.052709428850086205,
        0.0824784345281825,
        0.10777705061637535,
        0.09120603821247318,
        0.08935749772726696,
        0.0756651786737425,
        0.06054691747447346,
        0.07894246711666368,
        0.10300632290889461,
        0.08484528246152592,
        0.06368363555802278,
        0.10645415445417485,
        0.11696597139284799,
        0.08807865566247942,
        0.02836559085569587,
        0.054404685116255735,
        0.03962125699326966,
        0.04555924313629124,
        0.036190914670014424,
        0.04572303469069187,
        0.05024910172931432,
        0.038671700208047395,
        0.0004221384260875566,
        -0.014462785610043726,
        -0.024206234291403853,
        0.0008417102644643042,
        0.00012298702059338065,
        -0.013176366631949665,
        -0.027865321785897092,
        0.0009057568264752396,
        0.0,
        -0.06127040335483496,
        -0.05787109210871432,
        0.0,
        0.0,
        -0.022805904776941124,
        -0.05823136804524586,
        0.0
    ],
    "zerrs": [
        0.0,
        0.018111494284054626,
        0.016326370354806975,
        0.0,
        0.0,
        0.01100082850179912,
        0.021475747607178623,
        0.0,
        0.0,
        0.0067619768494299294,
        0.005036962177356945,
        0.0003493869525475372,
        0.000980980631601635,
        0.006795755956426729,
        0.005236738597111012,
        0.00024548491461215307,
        0.00721955306425033,
        0.009739632906101052,
        0.010037457781677288,
        0.009455359974289639,
        0.00957158786933803,
        0.007913654033043746,
        0.008736208190170331,
        0.009170866967059939,
        0.01717398733035822,
        0.013809658988151308,
        0.01243282732099349,
        0.015595774772217963,
        0.01772545180684245,
        0.016138108406217898,
        0.015577767245281187,
        0.014072285067763628,
        0.012918970225055736,
        0.014930905680796781,
        0.017426295160115342,
        0.015513761916853002,
        0.01329047502959943,
        0.017286474501698203,
        0.018058092292648827,
        0.015344225784364677,
        0.007465897661269181,
        0.010243921368279129,
        0.008902134369840097,
        0.009718776467288621,
        0.00890503449528378,
        0.009770426504581682,
        0.009964023000438955,
        0.008643496082014321,
        0.0004221384451613777,
        0.006466042432155428,
        0.008754201398914445,
        0.0008417104080028888,
        0.0008698966705026396,
        0.005228430565165588,
        0.009758944515171083,
        0.0009057568485829244,
        0.0,
        0.021065755513524746,
        0.0275730527257718,
        0.0,
        0.0,
        0.018996929115293007,
        0.028225136907914825,
        0.0
    ]
}