{
    "bins": [
        [
            -1.0,
            -0.75,
            -0.5,
            -0.25,
            0.0,
            0.25,
            0.5,
            0.75,
            1.0
        ],
        [
            0.0,
            0.7853982,
            1.570796,
            2.356194,
            3.141593,
            3.926991,
            4.712389,
            5.497787,
            6.283185
        ]
    ],
    "zvals": [
        0.0,
        5.953925513924281e-06,
        -2.856310813116408e-06,
        0.0,
        0.0,
        -1.2470813523843965e-05,
        1.0497902974033551e-05,
        0.0,
        0.00010122096027212692,
        6.478123569992174e-05,
        -4.436991690837004e-05,
        -0.00018686537670661667,
        -0.00013952345180405344,
        -5.4630798652403004e-05,
        6.625415394487892e-05,
        8.017489222025014e-05,
        0.00021999765214638893,
        9.366265095216717e-05,
        -9.690964326367016e-05,
        -0.00020282806573474122,
        -0.0002897335618374377,
        -0.00011652502298197858,
        7.354136374169531e-05,
        0.0002599576775087281,
        0.0002717162326065937,
        0.00010209588058433573,
        -9.346440912760156e-05,
        -0.00025299156225052494,
        -0.00015511014797593063,
        -7.850929083089084e-05,
        0.00011041112913452799,
        0.00031436815474447357,
        0.0003180493156210442,
        7.811689821387327e-05,
        -0.00012390685996144633,
        -0.00018662422539371707,
        -0.00030467778120137805,
        -7.44317658053624e-05,
        0.00017313336677709902,
        0.000257976210787397,
        0.0001460436756794197,
        9.33267702048567e-05,
        -9.931784903959523e-05,
        -0.00029841917292993753,
        -0.00013511676882294068,
        -0.0001048737073432833,
        0.00010728298264064846,
        0.0001892771817600758,
        8.329899406441217e-05,
        0.00010183221801741742,
        -4.460860353604161e-05,
        -0.000181763918721567,
        -0.00019663497997193775,
        -5.31065778115045e-05,
        3.2723536347176855e-05,
        6.946215803961814e-05,
        0.0,
        0.0,
        -6.19672064354633e-06,
        0.0,
        0.0,
        0.0,
        8.921036213486667e-06,
        0.0
    ],
    "zerrs": [
        0.0,
        4.740290904538314e-06,
        2.8563107152273005e-06,
        0.0,
        0.0,
        1.197276186207205e-05,
        9.145953727205232e-06,
        0.0,
        3.5908737797922314e-05,
        2.3383106882115e-05,
        1.9457450643892516e-05,
        5.199223827824871e-05,
        4.438870293880741e-05,
        2.204919636060386e-05,
        2.083374564172926e-05,
        3.285027403843963e-05,
        5.0555320824623974e-05,
        2.597037860576844e-05,
        2.515238242203261e-05,
        5.0866001718185954e-05,
        6.054039871076691e-05,
        2.752437507451807e-05,
        2.28864747758365e-05,
        5.557072032748029e-05,
        5.348277581882774e-05,
        2.510505143771315e-05,
        2.3427330168313975e-05,
        5.297432303755096e-05,
        4.1552408543780686e-05,
        2.4126998740593417e-05,
        2.624389096456606e-05,
        5.953364374377138e-05,
        5.92918523846716e-05,
        2.034277242740137e-05,
        2.7248017324956883e-05,
        4.5968070121837174e-05,
        5.872095867183427e-05,
        2.2609148427024398e-05,
        3.5071379809046325e-05,
        5.3900017414954375e-05,
        4.067007386118328e-05,
        2.386808225540955e-05,
        2.5250956619295213e-05,
        5.7657061477353685e-05,
        3.912227838062794e-05,
        2.743256674106521e-05,
        2.7762145452668833e-05,
        4.7437190438469905e-05,
        3.161443950633405e-05,
        2.6968233547098466e-05,
        1.7313612123459513e-05,
        4.572391887077311e-05,
        4.920846365464385e-05,
        2.0898156297470076e-05,
        1.4820892913529654e-05,
        3.11308315559239e-05,
        0.0,
        0.0,
        4.394981266162532e-06,
        0.0,
        0.0,
        0.0,
        8.921037386850358e-06,
        0.0
    ]
}