{
    "bins": [
        0.0,
        0.7853982,
        1.570796,
        2.356194,
        3.141593,
        3.926991,
        4.712389,
        5.497787,
        6.283185
    ],
    "yvals": [
        0.0034605961663777686,
        -0.009878731516691287,
        -0.008265936506077176,
        0.003318475068086412,
        0.0029287800580088045,
        -0.008544219618588285,
        -0.010419942500490201,
        0.0027597727521587786
    ],
    "yerrs": [
        0.00044204392192968183,
        0.0008426889591591258,
        0.0007499407338172031,
        0.0004283618724878318,
        0.00039401084285346473,
        0.0007683743273755037,
        0.000864581771358905,
        0.000403070803712376
    ]
}