{
    "bins": [
        -1.0,
        -0.75,
        -0.5,
        -0.25,
        0.0,
        0.25,
        0.5,
        0.75,
        1.0
    ],
    "yvals": [
        0.5965428,
        0.39146032,
        0.31684988,
        0.31008956,
        0.35413532,
        0.4267716,
        0.30081964,
        0.6811384
    ],
    "yerrs": [
        0.08864452154532733,
        0.04924086108101685,
        0.034975040243007585,
        0.031040469068620725,
        0.0327606104949221,
        0.039598363602553074,
        0.03977516612158898,
        0.0835222509275223
    ]
}