{
    "bins": [
        [
            -1.0,
            -0.75,
            -0.5,
            -0.25,
            0.0,
            0.25,
            0.5,
            0.75,
            1.0
        ],
        [
            0.0,
            0.7853982,
            1.570796,
            2.356194,
            3.141593,
            3.926991,
            4.712389,
            5.497787,
            6.283185
        ]
    ],
    "zvals": [
        -0.0008820504044954521,
        -0.0018645114615803609,
        -0.0027597595104647587,
        -0.0012339771250027057,
        0.0006010124802966137,
        0.003660784468511507,
        0.0016005933297512857,
        0.0019155011853862632,
        -0.0007785839081372989,
        -0.00306006459401847,
        -0.0009990593304286491,
        -0.00033696992229427335,
        0.0019165421862546116,
        0.0020867239285050384,
        0.004247089501119179,
        0.0008778718560526003,
        -0.00038785492505585064,
        -0.002866149103040523,
        -0.0017713088141299066,
        -0.001013820491240758,
        0.0,
        0.0013737921410545994,
        0.0017446461539245073,
        0.0,
        -8.444974791131428e-05,
        -0.000410260787590696,
        -0.000771262468200836,
        -0.0007138766410448702,
        0.0003754637521358597,
        0.000528582451190352,
        0.0011615206557694317,
        8.397912905304064e-05,
        0.0002166188819887797,
        0.0010624694899832924,
        0.00047258801270184047,
        0.0002774252068057128,
        -0.0002022980959971886,
        -0.0010560704254403501,
        -0.0009234222648899032,
        -6.508353726390952e-05,
        0.0008187429000983196,
        0.003041279718379654,
        0.0021752441437334962,
        0.00019132705796671504,
        -0.0003704629754595758,
        -0.003216688099536796,
        -0.0017940305424765538,
        -0.0002683588193501894,
        0.0005147452591564381,
        0.00237404535637864,
        0.005060078584361052,
        0.00019458359381664605,
        -0.0016112197892024166,
        -0.003233222391704589,
        -0.002958257596785325,
        -0.0016264655626828694,
        0.0006231218762660775,
        0.0030794514575925728,
        0.0008955418781305786,
        0.001162760838758389,
        -0.0007813582412993155,
        -0.0006578249498980136,
        -0.0022917216494057796,
        -0.0009108523321933594
    ],
    "zerrs": [
        0.0004456166781180816,
        0.0009870589805381158,
        0.0012001572223416443,
        0.0006240928909082106,
        0.0003403400639243108,
        0.001312054243989637,
        0.0008135158693852046,
        0.0006434002146679443,
        0.00045561961541647905,
        0.0012648266747727504,
        0.0007086607095275084,
        0.0003369698990909493,
        0.000733143467278606,
        0.0009399668555079319,
        0.0013590517592704577,
        0.00044569830372454596,
        0.00027478360660773563,
        0.0009911191700543499,
        0.0008192464640278,
        0.0005112769078293104,
        0.0,
        0.0006925679304496353,
        0.0006707846883388765,
        0.0,
        8.444975098445736e-05,
        0.000224019877049327,
        0.0003748805487276673,
        0.00027040164423563937,
        0.00017800559200997526,
        0.0002532015791211626,
        0.00036713627382615945,
        7.516981823936956e-05,
        0.00010991734817015219,
        0.00039329363441123927,
        0.0002427079635571985,
        0.00016888503179320207,
        0.00014417639589039228,
        0.0003968318016572658,
        0.00032998646319628346,
        6.508351574797928e-05,
        0.00036899750868317884,
        0.0009781636315578963,
        0.0008417033134058361,
        0.00019132705853065822,
        0.0002627069130278631,
        0.000952301260304873,
        0.0006871964833598754,
        0.00018993474362222773,
        0.0003640192178629753,
        0.0010651975356832603,
        0.0015420665645531034,
        0.00019458358998600478,
        0.0006831401344071077,
        0.0012328604809930623,
        0.001227936975819246,
        0.0006264414394023344,
        0.0003619091175369121,
        0.001261654001991657,
        0.0006346280901595411,
        0.0005825071252457845,
        0.0003546634207069694,
        0.00048353323185984,
        0.0010569299173511478,
        0.000553124448363196
    ]
}