{
    "bins": [
        0.0,
        0.7853982,
        1.570796,
        2.356194,
        3.141593,
        3.926991,
        4.712389,
        5.497787,
        6.283185
    ],
    "yvals": [
        -0.012058084676028032,
        0.0012882541815115857,
        0.0037635899251080352,
        -0.014188749922014162,
        -0.01083040445735792,
        0.004231517014303577,
        0.004025916796324922,
        -0.01264437520849302
    ],
    "yerrs": [
        0.004405261421699421,
        0.005090238257073454,
        0.00547270700147133,
        0.004601538125090872,
        0.004140344071520539,
        0.005344417086324004,
        0.005031087523591161,
        0.004701464504836369
    ]
}