{
    "bins": [
        -1.0,
        -0.75,
        -0.5,
        -0.25,
        0.0,
        0.25,
        0.5,
        0.75,
        1.0
    ],
    "yvals": [
        -0.005671488,
        -0.0034125628,
        -0.0017606228,
        -0.0005110396,
        0.000748256,
        0.0022726944,
        0.003654204,
        0.005727088
    ],
    "yerrs": [
        0.0007752167180859814,
        0.0004648156623867143,
        0.00023794375806059716,
        8.11191814554363e-05,
        0.00010199914509445656,
        0.0002778122243530691,
        0.0004704817956095645,
        0.0007814392874689626
    ]
}