{
    "bins": [
        0.0,
        0.7853982,
        1.570796,
        2.356194,
        3.141593,
        3.926991,
        4.712389,
        5.497787,
        6.283185
    ],
    "yvals": [
        0.0004764696430422173,
        0.0020020988090366436,
        0.0018467032001609378,
        0.00048227092216822283,
        -0.0005187420899976826,
        -0.0018783801333846029,
        -0.0021600487905495055,
        -0.00033734106784076367
    ],
    "yerrs": [
        5.646916880265475e-05,
        0.00015830179786216697,
        0.00014952812535292176,
        5.661693808647319e-05,
        6.0493712332970616e-05,
        0.00015320450792957933,
        0.00016481055318342758,
        4.6703522693128285e-05
    ]
}