{
    "bins": [
        [
            -1.0,
            -0.75,
            -0.5,
            -0.25,
            0.0,
            0.25,
            0.5,
            0.75,
            1.0
        ],
        [
            0.0,
            0.7853982,
            1.570796,
            2.356194,
            3.141593,
            3.926991,
            4.712389,
            5.497787,
            6.283185
        ]
    ],
    "zvals": [
        0.0,
        0.00047316465617805393,
        -0.0011816531236392251,
        0.0,
        0.0,
        -0.00016883236270018518,
        0.0003253062014418168,
        0.0,
        0.0009713482918601036,
        0.0009672871505369636,
        -0.002583923055571825,
        -0.00104045103189589,
        -0.000767608779243135,
        -0.002440823124072127,
        0.003022669780162415,
        0.0005927440609729081,
        0.004270068864430807,
        0.0028902000998729557,
        -0.002679394650864912,
        -0.003572473099660173,
        -0.005078070990758824,
        -0.002950234658096915,
        0.0032896905772614657,
        0.00490248154438896,
        0.0018755795467827658,
        0.0007927167608567276,
        -0.000890142832041844,
        -0.0015676006717604684,
        -0.002177812013781547,
        -0.0006791450958622254,
        0.0005965576688506975,
        0.0030206519497121215,
        -0.0018694262349977374,
        -0.0010029959340349566,
        0.0008664967315934089,
        0.002157058004912153,
        0.002555076025149032,
        0.0008385093926900759,
        -0.0006977180996131899,
        -0.0014836661157782427,
        -0.0035019270479611487,
        -0.0033064732292349174,
        0.0019337803253891663,
        0.004681895444226438,
        0.00411763870037866,
        0.0026234897465998133,
        -0.002654645924741342,
        -0.003819016600500639,
        -0.002048832808631341,
        -0.0017865861096122244,
        0.003470921494579819,
        0.0008392717586857126,
        0.0009206700297174168,
        0.0038178004018344846,
        -0.0021157130524905848,
        -0.0021271503110524862,
        0.0,
        -0.00018482654267684478,
        0.0005622754323285774,
        0.0,
        0.0,
        0.0008125862301661071,
        -0.00025587511045355356,
        0.0
    ],
    "zerrs": [
        0.0,
        0.0002605994302345496,
        0.0004908264788618461,
        0.0,
        0.0,
        0.0001688324053316277,
        0.0002559181864823252,
        0.0,
        0.0005617398704277848,
        0.0004147545212802553,
        0.0007599038234010611,
        0.0006015876765713607,
        0.0005431437472816139,
        0.000765664048424867,
        0.0008329903447047531,
        0.00041918996285591,
        0.0009709233773795952,
        0.000655285129505751,
        0.0005994200993625048,
        0.0008943992136297688,
        0.001101631923839801,
        0.0006560777291383586,
        0.0006961700841453393,
        0.0010456405948853773,
        0.00043310410727235383,
        0.00018345166220794216,
        0.0002293586358880976,
        0.00037283882354081064,
        0.00048819578179709974,
        0.0001811263534975056,
        0.00016686418567310213,
        0.0005562465170561299,
        0.00044097252152663105,
        0.00024271828468142853,
        0.00018404118368921282,
        0.00044119620947023015,
        0.0004907020635244607,
        0.00021370702678138347,
        0.00016233594865382905,
        0.00035134380161585546,
        0.0008868683990021957,
        0.000640972301762163,
        0.0004938195363458657,
        0.000994913893126175,
        0.001006789934811713,
        0.0005986302938797431,
        0.0005793041329640459,
        0.0009421258796792313,
        0.0008434760996084888,
        0.0006308926319422245,
        0.0008151163124711912,
        0.00048528055400356583,
        0.0005319171088048355,
        0.0008641717868152025,
        0.0005962017431497318,
        0.0008053253773383215,
        0.0,
        0.0001314760265212705,
        0.00031337483513290163,
        0.0,
        0.0,
        0.0003794871890151493,
        0.000255875107569431,
        0.0
    ]
}