{
    "bins": [
        -1.0,
        -0.75,
        -0.5,
        -0.25,
        0.0,
        0.25,
        0.5,
        0.75,
        1.0
    ],
    "yvals": [
        0.015494928,
        0.01058052,
        0.00496332,
        0.0017060544,
        -0.0014162468,
        -0.005030784,
        -0.010436024,
        -0.01677232
    ],
    "yerrs": [
        0.0013973855588204711,
        0.0009412436028999081,
        0.0004938775556754933,
        0.00019326152229556714,
        0.00016814460443320803,
        0.0005091853886356127,
        0.0009449484218728555,
        0.0014833901711956972
    ]
}