{
    "bins": [
        [
            -1.0,
            -0.75,
            -0.5,
            -0.25,
            0.0,
            0.25,
            0.5,
            0.75,
            1.0
        ],
        [
            0.0,
            0.7853982,
            1.570796,
            2.356194,
            3.141593,
            3.926991,
            4.712389,
            5.497787,
            6.283185
        ]
    ],
    "zvals": [
        4.839358175254285e-05,
        0.0003945131498967784,
        0.0003988166509209344,
        0.0,
        -8.014071846375976e-05,
        -0.0001701234278671451,
        -0.0006304080224293927,
        -4.2649856505873466e-05,
        9.349652189169773e-05,
        0.0006216656069064619,
        0.0010155202839834073,
        0.0,
        -0.00013755955579209517,
        -0.0012506138289122206,
        -0.0011491529135546567,
        -4.3639245325300046e-05,
        0.00019598094316997415,
        0.0013419309297785147,
        0.0012867570327400886,
        0.0002114338826507291,
        -7.897769029205573e-05,
        -0.0012184899885153773,
        -0.0015325916287029,
        -0.00011267291233234618,
        0.00014286230857162645,
        0.0016206319905657997,
        0.0011099233764282571,
        0.0005015135491641829,
        -0.00043312679685968115,
        -0.0007416667727699844,
        -0.0016912622644824665,
        -0.000223199498852811,
        0.00024424527583587533,
        0.0012780596024078497,
        0.0016361370922767823,
        0.0004470426369272179,
        -0.0004366654358681839,
        -0.0015092118900226386,
        -0.001586518936895689,
        -0.00025546690977058773,
        0.000161819265692231,
        0.001079647536573186,
        0.001316673584602966,
        6.834829175998442e-05,
        -0.00015371773292012454,
        -0.0014146641575354154,
        -0.0011841547852171768,
        -0.0003842936192860181,
        0.00012196646236265882,
        0.0010436820678642084,
        0.0013080359257344686,
        8.006941694603635e-05,
        -9.048752352310546e-05,
        -0.0011743055113458403,
        -0.0006781168273919721,
        -4.7234879640640806e-05,
        2.0605736045740874e-05,
        0.0007946133793601154,
        0.000638118253420559,
        0.0,
        -0.0001233333418215987,
        -0.0009238347945882218,
        -0.0008619507561771232,
        -4.3340298803918533e-05
    ],
    "zerrs": [
        4.8393580081512897e-05,
        0.00015425599696691354,
        0.0001742127834895056,
        0.0,
        5.7395006918018325e-05,
        9.827218210448583e-05,
        0.0001859822919689443,
        3.423529855850458e-05,
        6.611204779487916e-05,
        0.00019897773806160034,
        0.0002654184358758284,
        0.0,
        7.943493275365746e-05,
        0.00028167145062153487,
        0.0002603164868866224,
        4.363924345897021e-05,
        8.817070820612686e-05,
        0.0002952733638235391,
        0.0002902697703779548,
        9.462004470741614e-05,
        5.588884077637059e-05,
        0.0002681630935114618,
        0.0002987612542392269,
        6.507990888197061e-05,
        7.165800873131683e-05,
        0.0003196493535083959,
        0.000256916296249013,
        0.00013970710211330556,
        0.000131295679191928,
        0.000208357251145184,
        0.00032166394336786654,
        9.143548454273426e-05,
        9.312554021968957e-05,
        0.00027447948419636334,
        0.0003125490619239489,
        0.00012943655008924553,
        0.0001321166145338232,
        0.00030477486828476945,
        0.00031420388655532003,
        9.71781198423213e-05,
        8.104504480665018e-05,
        0.0002496665667680843,
        0.0002723006751234195,
        4.847531718425329e-05,
        7.75836242729425e-05,
        0.0002985037675580761,
        0.00027507718299780553,
        0.00012829180496316193,
        7.044637894902198e-05,
        0.00025410571108237215,
        0.00027455084681053286,
        5.6643320481878495e-05,
        6.40833928758059e-05,
        0.0002865305838028156,
        0.00021646580632289362,
        4.723488102527292e-05,
        1.4863959824103045e-05,
        0.00020115930505239574,
        0.00018097155414056288,
        0.0,
        7.205173072109505e-05,
        0.00025094318260629944,
        0.0002452868255773938,
        4.1272098575882856e-05
    ]
}