{
    "bins": [
        0.0,
        0.7853982,
        1.570796,
        2.356194,
        3.141593,
        3.926991,
        4.712389,
        5.497787,
        6.283185
    ],
    "yvals": [
        -0.007511505628609793,
        -0.0077807882833387096,
        0.008875160109906063,
        0.00671402942962749,
        -0.007453743197716314,
        -0.008315390413522826,
        0.008165364566754691,
        0.006383452720786151
    ],
    "yerrs": [
        0.0008046347714857055,
        0.0007930198094911154,
        0.0008330255501498948,
        0.0007416546326692593,
        0.0007984391317071002,
        0.0008582733802081199,
        0.0007737621946226859,
        0.0006867630576238127
    ]
}