{
    "bins": [
        0.0,
        0.7853982,
        1.570796,
        2.356194,
        3.141593,
        3.926991,
        4.712389,
        5.497787,
        6.283185
    ],
    "yvals": [
        0.0001258432601449812,
        -0.00040762986603731257,
        0.0010560212783836986,
        0.00014751750384199623,
        5.421527684053179e-05,
        0.0014504213150530053,
        -0.0011034530263637037,
        -3.236496655199021e-05
    ],
    "yerrs": [
        0.00019415386729457296,
        0.0006494150038134154,
        0.0006177402136106073,
        0.00016483955476989906,
        0.00017929165157785665,
        0.0006730771237842653,
        0.0008442699469624961,
        0.0001928951167979235
    ]
}