{
    "bins": [
        [
            -1.0,
            -0.75,
            -0.5,
            -0.25,
            0.0,
            0.25,
            0.5,
            0.75,
            1.0
        ],
        [
            0.0,
            0.7853982,
            1.570796,
            2.356194,
            3.141593,
            3.926991,
            4.712389,
            5.497787,
            6.283185
        ]
    ],
    "zvals": [
        0.0,
        0.0001298027063482989,
        -6.734083865759782e-05,
        0.0,
        0.0,
        -3.106899686528359e-05,
        0.00024217301291829118,
        0.0,
        0.0001526925322721646,
        0.0010270657748213709,
        -0.0005365570067659965,
        -0.00043644028067262627,
        -0.00036644977450922957,
        -0.001924326774450661,
        0.0015384714501437491,
        0.0004285866274169276,
        0.0037292334003311946,
        0.0017158601666569474,
        -0.0014810075910557453,
        -0.00296390547988984,
        -0.003565702484600163,
        -0.0011993511569930151,
        0.0013423492293079436,
        0.003677076335819547,
        0.0041967730509186296,
        0.0016436231423108136,
        -0.001963463110422996,
        -0.004990408696726123,
        -0.0031517513413581383,
        -0.0015782281085513336,
        0.0011655232124349695,
        0.003810211383273195,
        0.004389244589559792,
        0.0013137434303992193,
        -0.0014915062172299906,
        -0.003897031190515904,
        -0.0057936129198189945,
        -0.0017824267441475536,
        0.0015264434083101818,
        0.003698661824960085,
        0.0038674532230911656,
        0.0017398159251273684,
        -0.0018029793811545234,
        -0.0036467217299741917,
        -0.0026393802887198585,
        -0.0009430759945912775,
        0.002055314120993433,
        0.0031793312435223933,
        0.0006000248027051754,
        0.0008659402916585709,
        -0.0012500057295791436,
        -0.0002753229886974646,
        -0.000340878637327826,
        -0.0009530948640052562,
        0.001636838392763924,
        0.0007500289025436787,
        0.0,
        0.00027083900667916307,
        -4.7415272256868504e-05,
        0.0,
        0.0,
        0.0,
        0.0005309425285014732,
        0.0
    ],
    "zerrs": [
        0.0,
        7.540782939453086e-05,
        4.0963130551159504e-05,
        0.0,
        0.0,
        3.10689966373988e-05,
        0.00013126522242005916,
        0.0,
        0.00015269254443228916,
        0.0003097892204096251,
        0.0002061991332289595,
        0.00025204585298876735,
        0.00025933951549026834,
        0.00047647348845649903,
        0.00036103179438287864,
        0.000247768096286594,
        0.0007337068358394467,
        0.00036599688398246307,
        0.00034239192636998045,
        0.0006826187000585739,
        0.0007807288904350897,
        0.00032001871884136337,
        0.00032027223088494487,
        0.0007245199491709689,
        0.0007702371106465652,
        0.00035595301999072603,
        0.00037955532859495843,
        0.0008389629898373511,
        0.0007067620114462095,
        0.0003820652005634066,
        0.00028284261654972745,
        0.0007390982392463529,
        0.0008035656386918097,
        0.00032952186719867907,
        0.00032761114976913297,
        0.000740752251433151,
        0.0009546187965119636,
        0.0003900371601549314,
        0.0003436898177279519,
        0.0007280365190908542,
        0.000763079096787932,
        0.00037764832954627114,
        0.0003660994317478946,
        0.000708372974710146,
        0.0006605275585022074,
        0.0003047314184676133,
        0.00042613085469407706,
        0.0007125503193575593,
        0.0003006003825892273,
        0.00027209643921334727,
        0.000300280893977984,
        0.00019514238480736055,
        0.00024115084013278415,
        0.00030841045342304093,
        0.00039139933513052165,
        0.00033605030058852527,
        0.0,
        0.00014561274729441077,
        3.460742439693861e-05,
        0.0,
        0.0,
        0.0,
        0.00021302296686624461,
        0.0
    ]
}