{
    "bins": [
        [
            -1.0,
            -0.75,
            -0.5,
            -0.25,
            0.0,
            0.25,
            0.5,
            0.75,
            1.0
        ],
        [
            0.0,
            0.7853982,
            1.570796,
            2.356194,
            3.141593,
            3.926991,
            4.712389,
            5.497787,
            6.283185
        ]
    ],
    "zvals": [
        0.002023786660066193,
        0.0014587303402174032,
        -0.001198627956781148,
        -0.0020240866107545338,
        -0.0032960420067277983,
        -0.0012268597577279293,
        0.00041191467256091824,
        0.002449849885026446,
        0.0030987267350498127,
        0.0019418684391527452,
        -0.0020672397943463064,
        -0.004608399043034178,
        -0.004110014031102701,
        -0.0015801904257459279,
        0.00178943720253935,
        0.002752407314508059,
        0.002464740560902737,
        0.0016564563842679468,
        -0.0017442066315422249,
        -0.002366640650166349,
        -0.0029984675285651343,
        -0.0027797687287209804,
        0.0014513375384200117,
        0.003547220135523646,
        0.0031734689486174017,
        0.002689847106778247,
        -0.002716587513591836,
        -0.0018866945336064856,
        -0.0007088288994879027,
        -0.00236733019437279,
        0.0019272379099513882,
        0.002109834758937507,
        0.0021112123760915163,
        0.002696334010612202,
        -0.002121945816006662,
        -0.0019200060096842499,
        -0.00047584124227461727,
        -0.0036731725825632365,
        0.0022188062612840884,
        0.0018558911532751553,
        0.001702105250559525,
        0.0022787815295637445,
        -0.003448053598303027,
        -0.0026504428959038657,
        -0.0016505216463500029,
        -0.0022950977720849817,
        0.002763328147003176,
        0.002049079829589584,
        0.004069374235897154,
        0.001359621328198271,
        -0.002222023992930973,
        -0.0027658930047020688,
        -0.0029985515623925695,
        -0.0030773778390064664,
        0.0020512733671336067,
        0.002140905884659753,
        0.0035937984069736853,
        0.0014763586045186273,
        -0.0011991734127155917,
        -0.002304556028209865,
        -0.0017230652484472835,
        -0.001470542578412474,
        0.0014708608883648804,
        0.0025994433395552323
    ],
    "zerrs": [
        0.0005917876872889866,
        0.00036077919173087134,
        0.0003572839588740265,
        0.0005841414774467762,
        0.000726317950294824,
        0.0003472980732136499,
        0.00018871609802942061,
        0.0006685495991670664,
        0.0008012478985013826,
        0.0005081881226467094,
        0.0005530777868363706,
        0.001032466389750091,
        0.0009456772327030774,
        0.0004842368396009038,
        0.000542035878032304,
        0.0007948559472854921,
        0.0007121086273760871,
        0.0005082697811100281,
        0.0005302969062952675,
        0.0007890404059614979,
        0.0008320157561395697,
        0.0006633575009236618,
        0.0005550881670449586,
        0.0009481950819086061,
        0.0008195601148879182,
        0.0006351030017254095,
        0.0007362104674307361,
        0.0007132463500830462,
        0.0004093860217866672,
        0.0006423570425897879,
        0.0005884272511174401,
        0.0007460083177014055,
        0.0006678272064868452,
        0.0006608769319317192,
        0.0006346726385856268,
        0.0007257600633048811,
        0.00033647293456037975,
        0.0008125870331152831,
        0.000660608840259378,
        0.0007014983338303029,
        0.0006019712551735485,
        0.0005948495056968237,
        0.0008338438861654796,
        0.0008386550005903311,
        0.000624008894425514,
        0.0006212884254554223,
        0.0007329323983042386,
        0.0007246491777369072,
        0.0009122426026081862,
        0.00040874379665781154,
        0.0006033877950021383,
        0.0008342491356101002,
        0.000832780443442118,
        0.0006945274694407124,
        0.0006020786900504323,
        0.000714187800466641,
        0.0007952875202486634,
        0.00036680582299380087,
        0.00035519058670898654,
        0.0006668406300649759,
        0.0005388497692046983,
        0.00043071036137304125,
        0.000413569301225425,
        0.0006895721992837253
    ]
}