{
    "bins": [
        0.0,
        0.7853982,
        1.570796,
        2.356194,
        3.141593,
        3.926991,
        4.712389,
        5.497787,
        6.283185
    ],
    "yvals": [
        0.05565159176580746,
        0.17852329099979652,
        0.20353667821919594,
        0.07426017858438833,
        0.08195290795240118,
        0.19913241439372142,
        0.17733136575341424,
        0.06558513008691137
    ],
    "yerrs": [
        0.011352674780455515,
        0.01864459659267938,
        0.019784704567103163,
        0.013224311781978018,
        0.014124350556361005,
        0.020365298614115495,
        0.018303959286552717,
        0.013058550091966898
    ]
}