{
    "bins": [
        -1.0,
        -0.75,
        -0.5,
        -0.25,
        0.0,
        0.25,
        0.5,
        0.75,
        1.0
    ],
    "yvals": [
        -6.853484e-05,
        0.00027320924,
        -0.00033105868,
        -1.5768072e-05,
        -5.2836e-05,
        0.0004638944,
        3.3951532e-05,
        -8.28742e-05
    ],
    "yerrs": [
        0.00022267637503785623,
        0.0002530081737810065,
        0.0002557377093820933,
        0.00029363125174272577,
        0.0003180478454572519,
        0.00030101425879848286,
        0.00018756225633106464,
        0.00022286354569556682
    ]
}