{
    "bins": [
        0.0,
        0.7853982,
        1.570796,
        2.356194,
        3.141593,
        3.926991,
        4.712389,
        5.497787,
        6.283185
    ],
    "yvals": [
        0.0029018070069424654,
        -0.01709747595422345,
        -0.020757335771163163,
        0.0031245596187415574,
        0.0025634137087183814,
        -0.015333830745685631,
        -0.014666856803811574,
        0.002685051400691115
    ],
    "yerrs": [
        0.0005950616559532524,
        0.002707363343315027,
        0.0030837355629612763,
        0.0006683834734725149,
        0.0005733735471114068,
        0.0024598294543613643,
        0.00228705875796802,
        0.0005589099301716734
    ]
}