{
    "bins": [
        -1.0,
        -0.75,
        -0.5,
        -0.25,
        0.0,
        0.25,
        0.5,
        0.75,
        1.0
    ],
    "yvals": [
        0.0007214596,
        -0.0006191356,
        -0.00026590756,
        0.0007210844,
        4.716904e-05,
        0.0002038148,
        -0.0005063828,
        0.00018722636
    ],
    "yerrs": [
        0.00033380995791018576,
        0.000562526443822866,
        0.0007304049287895037,
        0.0007049750066491719,
        0.0007312326032118644,
        0.0007409387559036172,
        0.0006419709650755242,
        0.0002948205420251445
    ]
}