{
    "bins": [
        [
            -1.0,
            -0.75,
            -0.5,
            -0.25,
            0.0,
            0.25,
            0.5,
            0.75,
            1.0
        ],
        [
            0.0,
            0.7853982,
            1.570796,
            2.356194,
            3.141593,
            3.926991,
            4.712389,
            5.497787,
            6.283185
        ]
    ],
    "zvals": [
        -0.03079804868409426,
        -0.016886403297793805,
        -0.02626821051237717,
        -0.005016875753597853,
        -0.014322756105821502,
        -0.04055943610755312,
        -0.025432710549301126,
        -0.015892614954456215,
        -0.00248447628222219,
        -0.005234646697507938,
        -0.006290731578129816,
        -0.001582454268467365,
        -0.00010153832833798911,
        -0.0011379825260568529,
        -0.005998772596823522,
        -0.0022211092974517383,
        0.004133803209633025,
        0.011261340431562196,
        0.008980965064846105,
        0.007833002079197963,
        0.006247273356947686,
        0.007379499311177264,
        0.003988543388192993,
        0.0013516469356937505,
        0.009263392760513075,
        0.017658256745817214,
        0.013870170283092141,
        0.004310248930798231,
        0.0018304238106030312,
        0.029882398478223784,
        0.034714267161362784,
        0.006984621809579348,
        0.004734082150939485,
        0.005844661138597536,
        0.012262684651603394,
        0.004617431394743309,
        0.0035808820496105146,
        0.03054726902793234,
        0.009983014980939602,
        0.00209835828458947,
        0.0018892200160377246,
        0.006894936553170889,
        0.015228360652815518,
        0.0037709317175091896,
        0.002771966315167596,
        0.0041696286468771255,
        0.009520375656673434,
        0.0015407836536380282,
        -0.00036085532154262633,
        -0.0032088768264948025,
        -0.003839782632499702,
        -0.0031766350606507016,
        -0.0026278875169022573,
        -0.0007517299509293379,
        -0.0015788188918229996,
        -0.0013530266183514603,
        -0.014270162574856932,
        -0.020495295505029425,
        -0.020627778527574556,
        -0.022720191902459767,
        -0.024490681157833344,
        -0.03230300560989461,
        -0.010039241250932652,
        -0.021201210087115074
    ],
    "zerrs": [
        0.009855800044332135,
        0.00875558869660708,
        0.010158646093884586,
        0.0036221006943111893,
        0.007277113441214074,
        0.01339421555946752,
        0.010888251360976962,
        0.008170314678226761,
        0.0021978140575169823,
        0.002631379481675603,
        0.003014519518696114,
        0.0009453583570062581,
        0.0005084459381435436,
        0.0016800482996438039,
        0.0029659481185686145,
        0.001917076722561708,
        0.002128142310972606,
        0.004753022712242224,
        0.004175151636501631,
        0.00352817844656105,
        0.00263774974406763,
        0.0035644442502242497,
        0.002829976022958339,
        0.0013516468187968948,
        0.0037879249170921455,
        0.006828712440541725,
        0.006993968278665697,
        0.0030727806137112565,
        0.0018304240044015056,
        0.009717434293100147,
        0.011022869942608279,
        0.00349380827171728,
        0.0027340414696403943,
        0.0042217054882797075,
        0.006179908889853436,
        0.0032655121858866736,
        0.0025372568848722275,
        0.009861694648205748,
        0.00600743633306234,
        0.0020983585408708254,
        0.0013569333679780873,
        0.0035537169964222075,
        0.005707971414416576,
        0.0026678313836120634,
        0.0019927350937327367,
        0.0032025769319422043,
        0.0044857338243661695,
        0.0011053691666545816,
        0.00036085531650067293,
        0.001769815144420678,
        0.0028368962452315597,
        0.0019273216365234761,
        0.001998194502592339,
        0.001137696989439922,
        0.0025038642048362493,
        0.001290139664533978,
        0.00773877263537353,
        0.011021643170819374,
        0.010539062996214791,
        0.011086635235976436,
        0.01157316912310184,
        0.013615480498804651,
        0.006104945768299318,
        0.008745626875770171
    ]
}