{
    "bins": [
        [
            -1.0,
            -0.75,
            -0.5,
            -0.25,
            0.0,
            0.25,
            0.5,
            0.75,
            1.0
        ],
        [
            0.0,
            0.7853982,
            1.570796,
            2.356194,
            3.141593,
            3.926991,
            4.712389,
            5.497787,
            6.283185
        ]
    ],
    "zvals": [
        -8.495619164902593e-05,
        -0.00011213415672923962,
        8.174968614638695e-05,
        0.00010179661547824737,
        4.0409254925528196e-05,
        5.3400848996305066e-05,
        -0.000112161222717654,
        -0.0001666723877575446,
        -8.976185583313025e-05,
        -0.00011416950747761199,
        4.896385272180475e-05,
        0.00011492370120155489,
        7.431982256130011e-05,
        4.243638002643247e-05,
        -8.59019758135366e-05,
        -7.616225149542017e-05,
        0.0,
        -4.441265305301339e-05,
        9.177405595634318e-05,
        1.8621913193166786e-05,
        3.9813353229827413e-05,
        4.147389221770365e-05,
        -8.167670404049923e-05,
        -2.219640997303279e-05,
        -7.757664838040117e-06,
        -2.6025043614840786e-05,
        1.2400301503186922e-05,
        1.5851810353718303e-05,
        1.482677572390049e-05,
        6.376293293336628e-06,
        -2.1677620773162145e-05,
        -1.8917175750383887e-06,
        6.463269205353411e-06,
        4.671928543726504e-05,
        -4.413921604078443e-05,
        -1.2799736185047346e-05,
        -2.568258131546043e-05,
        -1.1037160777083724e-05,
        2.152031963412181e-05,
        4.016388633533572e-06,
        3.1147614038331126e-05,
        8.440181523299403e-05,
        -5.0334413889518445e-05,
        0.0,
        -4.537200756813742e-05,
        -9.942694022648392e-05,
        8.812927967731012e-05,
        3.206700806470096e-05,
        8.077477131982222e-05,
        3.482354037660915e-05,
        -0.00010968940588084006,
        -6.848539404812077e-05,
        -3.354064563444265e-05,
        -0.00011602718621641515,
        8.538829994474142e-05,
        0.00014099292333313813,
        0.00010699092511289177,
        5.714439230667567e-05,
        -7.999730073160361e-05,
        -8.624436751256369e-05,
        -7.761124932836598e-05,
        -3.0016638697832187e-05,
        4.2527309720676665e-05,
        0.00017236290390349864
    ],
    "zerrs": [
        4.094002047085577e-05,
        3.621650037992982e-05,
        3.244295385955585e-05,
        4.302583637190173e-05,
        2.8598229132041343e-05,
        2.6512759107619316e-05,
        3.7561832928039185e-05,
        5.930477135477663e-05,
        4.016876337132128e-05,
        3.5902135251030525e-05,
        2.2435268741770243e-05,
        4.3775788001060664e-05,
        3.7196702458746635e-05,
        2.0622932113693387e-05,
        3.158490968231804e-05,
        3.816177840819823e-05,
        0.0,
        1.5172514114062108e-05,
        2.4576481009195876e-05,
        1.3629385786224546e-05,
        1.9930129744629093e-05,
        1.807669815729768e-05,
        2.3400637498327473e-05,
        1.5941779221631398e-05,
        5.606183195211862e-06,
        9.05067951877202e-06,
        5.946541911253392e-06,
        6.737468333903743e-06,
        7.877286820870883e-06,
        3.3076564799807764e-06,
        7.801234969557637e-06,
        1.8917173058215565e-06,
        5.8293303355009944e-06,
        1.4574326824445446e-05,
        1.2429921850618978e-05,
        9.050780325044238e-06,
        1.0989733968519242e-05,
        5.050033386642323e-06,
        8.117657808891094e-06,
        3.830446097469373e-06,
        1.8559622019290184e-05,
        2.878286094622027e-05,
        1.9402944863782784e-05,
        0.0,
        2.063035771641498e-05,
        2.795726615451731e-05,
        2.337186684367179e-05,
        1.8623121193068904e-05,
        4.042531315829403e-05,
        1.996263827512763e-05,
        3.750626489206042e-05,
        3.4282230820300564e-05,
        2.375027154766008e-05,
        3.3391089180169914e-05,
        2.85035552659505e-05,
        4.473338349471218e-05,
        4.514113614941154e-05,
        2.4410485996599987e-05,
        3.2476232087896074e-05,
        4.1116237473852036e-05,
        3.884847747799286e-05,
        1.3123782208172106e-05,
        2.1622920038281607e-05,
        5.4037449544232566e-05
    ]
}