{
    "bins": [
        0.0,
        0.7853982,
        1.570796,
        2.356194,
        3.141593,
        3.926991,
        4.712389,
        5.497787,
        6.283185
    ],
    "yvals": [
        -0.0002964356169902095,
        0.0004014242209489255,
        -0.00016653925780305023,
        0.00020532952040937155,
        -0.0003350929083089083,
        9.15946182699727e-05,
        0.00010981820681998174,
        6.620159460553759e-05
    ],
    "yerrs": [
        0.0004200202663239651,
        0.0005008456400669129,
        0.0005252922081105684,
        0.00042805483950736454,
        0.00041299648531285056,
        0.00052935930822384,
        0.0004549291363217894,
        0.0004224699098142377
    ]
}