{
    "bins": [
        [
            -1.0,
            -0.75,
            -0.5,
            -0.25,
            0.0,
            0.25,
            0.5,
            0.75,
            1.0
        ],
        [
            0.0,
            0.7853982,
            1.570796,
            2.356194,
            3.141593,
            3.926991,
            4.712389,
            5.497787,
            6.283185
        ]
    ],
    "zvals": [
        0.00038117326981396187,
        0.00018499547617780444,
        -0.00014391113804720668,
        -0.0004016670252954231,
        -0.0001523933088701524,
        -0.00020948940537154415,
        0.00012080147899536289,
        0.00013322977649548386,
        0.0001075441222045072,
        0.0005333495968539764,
        -0.0002773277752171511,
        -0.00011277681789765457,
        -0.00023405967420339743,
        -0.0003511346858535419,
        0.0005654524203015542,
        0.00011681430306672544,
        0.00026460050455934323,
        0.0004351018553909879,
        -0.0004637494875209768,
        -0.0001664548083203569,
        -0.00022197856373456509,
        -0.0006860012375890952,
        0.0003631455644144753,
        5.381933745693268e-05,
        0.00041356982992830893,
        0.00039148502835123803,
        -0.000656743205355756,
        -0.00016084700897250954,
        -0.00022580836722273283,
        -0.0006559629640004179,
        0.0007022538891109986,
        0.00017197629736770406,
        0.0005162273099174405,
        0.0006252250770246618,
        -0.0007037838140662442,
        -0.0003951748347018522,
        -0.00011286603734667005,
        -0.0007724791761629138,
        0.000407440456940303,
        0.00036813834514475474,
        0.0003650624103798557,
        0.0008591523938569728,
        -0.0004665858074504902,
        -0.00028569972714505623,
        -0.00010217433708769309,
        -0.0006394796014250101,
        0.0005995569125462506,
        0.0002608168088026708,
        5.045020474964164e-05,
        0.00024470560014301033,
        -0.00031483747093830137,
        0.0,
        -0.00010295574982365626,
        -0.0003615807017588535,
        0.0003723795578802086,
        0.000155067061540773,
        0.0001982110475934373,
        0.00023594698126223424,
        -0.000292896034876585,
        -0.0002552001212122756,
        -0.0003728174505155347,
        -0.00016305180303489446,
        0.0003597775904700548,
        0.0001845114451526488
    ],
    "zerrs": [
        0.00014026201270384028,
        7.427178042861672e-05,
        6.403763894488116e-05,
        0.00015308060508455252,
        9.005993744829702e-05,
        8.067239395651051e-05,
        6.454045436308917e-05,
        9.420849943646086e-05,
        7.604550282655837e-05,
        0.00014445712801086958,
        0.0001031006295527297,
        7.977310255507708e-05,
        0.00011710952736651829,
        0.00012623049219326928,
        0.000153803481777758,
        8.261759483536595e-05,
        0.00011840720865847474,
        0.0001153569502182476,
        0.00012317066846544267,
        9.619892130552268e-05,
        0.00011112067952935762,
        0.0001620616922143767,
        0.00011297925120221793,
        5.381932715283905e-05,
        0.00014633072364471367,
        0.00012000868534326703,
        0.00015767818252516435,
        9.297967436156962e-05,
        0.00011293194698528037,
        0.00015728243912055902,
        0.00015192945325583995,
        9.938392880504714e-05,
        0.00016341579162245965,
        0.0001441069270464722,
        0.0001559246546803467,
        0.0001495583189691156,
        7.980975883443213e-05,
        0.00016931948758109613,
        0.0001241724668264404,
        0.00013919843044030215,
        0.00013805042856449143,
        0.0001773448278753701,
        0.0001314967161912562,
        0.00012779642336630673,
        7.224848711653537e-05,
        0.00015109000724456488,
        0.000145242893506784,
        0.00011668254159636425,
        5.0450204874158735e-05,
        8.946988026999063e-05,
        9.899858656595304e-05,
        0.0,
        7.281321730602626e-05,
        0.00010680021741220534,
        0.00010931769779005821,
        8.956472382685167e-05,
        9.935197927354583e-05,
        8.097261100957309e-05,
        9.250200694933822e-05,
        0.00011617075469020801,
        0.0001352611448619867,
        6.648773922827663e-05,
        0.00010464467294775442,
        9.150211041079641e-05
    ]
}