{
    "bins": [
        [
            -1.0,
            -0.75,
            -0.5,
            -0.25,
            0.0,
            0.25,
            0.5,
            0.75,
            1.0
        ],
        [
            0.0,
            0.7853982,
            1.570796,
            2.356194,
            3.141593,
            3.926991,
            4.712389,
            5.497787,
            6.283185
        ]
    ],
    "zvals": [
        0.0011122923378230304,
        0.000579395053054643,
        -0.0007121856689219989,
        -0.0027299418512119317,
        -0.0020302190736416433,
        -0.0009015790720118974,
        0.0010974792398249042,
        0.0025762790330507595,
        0.0009091811007460928,
        0.001056442480485685,
        -0.0011324831486711198,
        -0.0006019355766941389,
        -0.0010236333680503384,
        -0.0013072210522563086,
        0.0013770434862324583,
        0.001191678613900214,
        0.0004959061021530224,
        0.0006731590029918597,
        -0.0010342526973585368,
        -0.00048362485819309676,
        -0.00016029870205933804,
        -0.0006916747941807849,
        0.0012121512914471393,
        0.00020788084512565608,
        0.0004690529721101983,
        0.00036288235082909573,
        -0.00034333522621651704,
        -0.000256347410679158,
        -0.00031357691259717993,
        -0.00045152969577208,
        0.0004256123901512355,
        0.00010225694488654163,
        -5.525528324358268e-05,
        -0.0004237238759772436,
        0.0005191232979966845,
        0.0002510323542556077,
        0.00013739632644850123,
        0.0002660198778199079,
        -0.0005566334520841664,
        -3.7745306201441825e-05,
        -0.00042573802690151313,
        -0.0008067427741712544,
        0.0011950598295386546,
        0.0,
        0.000552489311151798,
        0.0005219198419145454,
        -0.0006760918667987442,
        -0.0001355983590485334,
        -0.00042581503242558995,
        -0.0016699924547789668,
        0.0012337316876284384,
        0.0009277414409745875,
        0.0008902233007978117,
        0.0007519963126975115,
        -0.0010780093659520397,
        -0.000958601880829847,
        -0.0018763078397684128,
        -0.0008295266424224768,
        0.0007891484317505266,
        0.002234152067929804,
        0.00199012526133247,
        0.0020422649408325467,
        -0.0009199076137194138,
        -0.0022456318961851193
    ],
    "zerrs": [
        0.0005566868621810916,
        0.000264213397723928,
        0.0003531564582430918,
        0.0009187506085099443,
        0.0008327427552695025,
        0.00045061797068525147,
        0.000466357135537905,
        0.0008625924479295647,
        0.0004564375850573744,
        0.0003763520370411983,
        0.00041883686751274823,
        0.0003482891992743724,
        0.0005135996252838287,
        0.0004998915524784083,
        0.0004595983601919288,
        0.0005349149417126574,
        0.00025644148287871926,
        0.00022199653561044653,
        0.0003389044661115249,
        0.00028077227279674167,
        0.0001602987055637868,
        0.00026557826719026024,
        0.0003292397062223913,
        0.0001476560523573731,
        0.00018514320665782147,
        0.00013256291455304833,
        0.0001250726685883999,
        0.00012169579433968488,
        0.00015220826534907307,
        0.0001458977447192386,
        0.00012709518300800586,
        6.318026855483782e-05,
        4.719332804607156e-05,
        0.00013472796357348282,
        0.0001634211504483657,
        0.0001285685232511614,
        8.48164587399515e-05,
        0.00010429695385510833,
        0.00016227146412927307,
        2.982764962611024e-05,
        0.0002510236255268608,
        0.00029177250428699935,
        0.0003429131852223081,
        0.0,
        0.00028077336933925997,
        0.00021350642466035335,
        0.0002549821463470312,
        0.0001355983444524661,
        0.0003013662918839172,
        0.0005112723620934592,
        0.00043293769377306986,
        0.00047019032406722216,
        0.0004474859302830354,
        0.0003317603451316516,
        0.00038782759199817237,
        0.00048250285656206617,
        0.0007706852029521539,
        0.00039091894362603243,
        0.00039590039283013797,
        0.0007765749322764153,
        0.0007550713571100951,
        0.0005793656950598548,
        0.0004317302477712885,
        0.000812208207357513
    ]
}