{
    "bins": [
        [
            -1.0,
            -0.75,
            -0.5,
            -0.25,
            0.0,
            0.25,
            0.5,
            0.75,
            1.0
        ],
        [
            0.0,
            0.7853982,
            1.570796,
            2.356194,
            3.141593,
            3.926991,
            4.712389,
            5.497787,
            6.283185
        ]
    ],
    "zvals": [
        0.0003023104967645711,
        0.0003889236766387683,
        -0.0006724610961576171,
        -0.00025307401715561135,
        0.00010636900017570705,
        0.0007372659466919958,
        -0.0007490948538193376,
        -0.00021385626141141187,
        0.00038209163198998924,
        0.002505728943982272,
        -0.0021896419395007376,
        -0.00037280933640098854,
        0.0003332131225187738,
        0.0023416402893819445,
        -0.0018101772604462963,
        -0.00035972085490413783,
        0.0014005114857660737,
        0.0024987551531211317,
        -0.004583750913549564,
        -0.0006758552022602525,
        0.0007675756750080849,
        0.003385136198462436,
        -0.003565975467215349,
        0.0,
        0.0012445208048605153,
        0.0031218284543195816,
        -0.002568623806019369,
        -0.0007314228818727805,
        0.002194773095933526,
        0.004146238212982463,
        -0.003022748211734688,
        -0.0014236028102949082,
        0.0014493865659483303,
        0.004263475145970615,
        -0.0021883534208133972,
        -0.0017280969290768132,
        0.001023556973661761,
        0.0032945553719260817,
        -0.003388734883460361,
        -0.0014524396547992231,
        0.0011945879173137905,
        0.003342464672042626,
        -0.004375786543892397,
        -0.0009478305931125454,
        0.0007855711371814034,
        0.002838990168042191,
        -0.003869332491297407,
        -0.00047672125470143815,
        0.0,
        0.0018249748089439516,
        -0.001637326807554896,
        -0.0006939092104777317,
        0.0003439883473092622,
        0.00307485173122417,
        -0.0012226682522746431,
        -0.00021245895711473678,
        0.00011540581580146224,
        0.00022575973602166952,
        -0.0009270021059386452,
        -0.0002481093049520053,
        0.0002095785321582178,
        0.0005135057639566183,
        -0.001086688277790369,
        -0.00041170749097909606
    ],
    "zerrs": [
        0.00017543188761238085,
        0.00018471382206574445,
        0.0002317472181931816,
        0.0001338582333166634,
        7.616937280620595e-05,
        0.00023609807702808946,
        0.0002588080332339381,
        0.00012448787473211885,
        0.00027041510898782867,
        0.0006507183418597306,
        0.0005929685439699642,
        0.00026377085264997263,
        0.0002357870722696491,
        0.0005676001965228552,
        0.0005072863518327847,
        0.0002562705531332415,
        0.0005720285120464862,
        0.0007156555584166439,
        0.0009490272776097536,
        0.0003904484917167788,
        0.0003839295830727209,
        0.0006908529279384613,
        0.0008126438497272,
        0.0,
        0.0005566924534228684,
        0.0007865735837978438,
        0.0007314907980519041,
        0.0004223537847403333,
        0.0006622525515003438,
        0.0008275541615160403,
        0.000739500662839829,
        0.0005814442218482635,
        0.0005922788209387389,
        0.0009582113916945907,
        0.0006912526690156008,
        0.000653694919480357,
        0.00045800439039934737,
        0.0007573047148500874,
        0.0008350142367056191,
        0.0005930096609815162,
        0.0005342915835511108,
        0.0008041231504432451,
        0.0009456275863396632,
        0.0004739434900468756,
        0.0003929091139058516,
        0.0006962401265497672,
        0.0008786720083874416,
        0.0003370995825722467,
        0.0,
        0.0005464290974538133,
        0.0005540500654225451,
        0.0004006366679096708,
        0.000243443398326697,
        0.0006986437503618521,
        0.0004700061101640649,
        0.00021245894632453824,
        6.496270990666722e-05,
        0.0001133159913580606,
        0.0003413206898730188,
        0.00015175025986568605,
        0.00014981534113114352,
        0.0002380511474445541,
        0.00030403256156276014,
        0.00021991790752448747
    ]
}