{
    "bins": [
        0.0,
        0.7853982,
        1.570796,
        2.356194,
        3.141593,
        3.926991,
        4.712389,
        5.497787,
        6.283185
    ],
    "yvals": [
        -6.749632224774643e-06,
        -2.963920958271082e-05,
        2.9736273838232344e-06,
        -1.565232448729881e-05,
        -2.7798033608438e-06,
        -3.4778965569049073e-06,
        3.421020934608951e-05,
        2.87376973203395e-05
    ],
    "yerrs": [
        3.7164896585683855e-05,
        3.812314636110674e-05,
        4.7438598404672076e-05,
        3.637149690253784e-05,
        2.612971946841691e-05,
        4.218026537173481e-05,
        4.4206402121709855e-05,
        3.3758970936757546e-05
    ]
}