{
    "bins": [
        -1.0,
        -0.75,
        -0.5,
        -0.25,
        0.0,
        0.25,
        0.5,
        0.75,
        1.0
    ],
    "yvals": [
        -0.00015595444,
        -6.703504e-05,
        3.408432e-05,
        -6.202164e-06,
        -1.173342e-05,
        3.1896852e-05,
        1.1181596e-05,
        8.258916e-05
    ],
    "yerrs": [
        8.724716155841404e-05,
        7.68927772940996e-05,
        3.962701704645456e-05,
        1.4300478313678882e-05,
        2.0922531395603163e-05,
        4.7447874557244395e-05,
        7.495214473248915e-05,
        8.027937219485464e-05
    ]
}