{
    "bins": [
        -1.0,
        -0.75,
        -0.5,
        -0.25,
        0.0,
        0.25,
        0.5,
        0.75,
        1.0
    ],
    "yvals": [
        0.00023568208,
        -0.0002354898,
        8.0687e-05,
        -4.207624e-05,
        -3.8204124e-05,
        0.00020506676,
        -0.0001923782,
        -0.00026115484
    ],
    "yerrs": [
        0.00018100819870934024,
        0.00014885079778086512,
        0.00010858537654767331,
        4.585575645434279e-05,
        4.855617777379105e-05,
        9.23112647513834e-05,
        0.00017019057553225444,
        0.00014700704745011377
    ]
}