{
    "bins": [
        [
            -1.0,
            -0.75,
            -0.5,
            -0.25,
            0.0,
            0.25,
            0.5,
            0.75,
            1.0
        ],
        [
            0.0,
            0.7853982,
            1.570796,
            2.356194,
            3.141593,
            3.926991,
            4.712389,
            5.497787,
            6.283185
        ]
    ],
    "zvals": [
        0.09448149995760112,
        0.1281979654131957,
        0.08381579785026193,
        0.1415813872948654,
        0.15968739416194078,
        0.09634401921064227,
        0.10144039073183281,
        0.1251312582919743,
        0.10558312967867764,
        0.04791300917827883,
        0.10654730467864702,
        0.06276829993417359,
        0.04939253219386857,
        0.11686482522237136,
        0.06014968207201955,
        0.07265366094642463,
        0.03143214741261184,
        0.047915896886902405,
        0.05302534511165041,
        0.04445038509089011,
        0.03034010781794707,
        0.15402662089793967,
        0.08026244018955997,
        0.026841397609874237,
        0.020722313853023852,
        0.10370036687141217,
        0.05262325597977077,
        0.038128981574970175,
        0.00862843042635708,
        0.054142536650207934,
        0.06847498975041955,
        0.01876542084395428,
        0.02557639169532092,
        0.0667247603698406,
        0.0725681501608102,
        0.023600488414169108,
        0.020754017708219264,
        0.044315198154311584,
        0.06886938851384905,
        0.030672734078772808,
        0.053493527232428076,
        0.05857256030001611,
        0.0640804789418868,
        0.04019788667925475,
        0.019361974438437575,
        0.09233142941540469,
        0.0833113911672808,
        0.03802429341556766,
        0.04924307185832613,
        0.08613362553345578,
        0.0954152162343169,
        0.051575568596344025,
        0.08388888181533437,
        0.07234436553187049,
        0.07167280792668178,
        0.06754873325371341,
        0.15309182017478523,
        0.09555687576410324,
        0.14717766024359627,
        0.10712710354864215,
        0.13848372417551352,
        0.12602787376591235,
        0.12929918334398613,
        0.14425796857134857
    ],
    "zerrs": [
        0.028863352314364755,
        0.034332228336959564,
        0.028048328049373357,
        0.03473211562201799,
        0.03902700802085592,
        0.03214735014319823,
        0.03216875693401531,
        0.032711209320630645,
        0.02430188548887578,
        0.019576567859372927,
        0.027575893522248273,
        0.018995546316897104,
        0.01751891365986061,
        0.03246899121389523,
        0.021594711713590526,
        0.019463448555273002,
        0.011908475973606163,
        0.017080744893972162,
        0.017854043990579948,
        0.014065005787578919,
        0.012449903188442957,
        0.033949610510319084,
        0.022452182424408686,
        0.010974780036253698,
        0.009300782884398813,
        0.025421072620374505,
        0.01679293936061607,
        0.012088213214715824,
        0.00610586342386394,
        0.019296603566728746,
        0.01929767888595871,
        0.00839910048002874,
        0.010457608791357044,
        0.020343320695635575,
        0.020539273819832345,
        0.009646400734291375,
        0.009310599516766226,
        0.016867547307369012,
        0.02024838517361208,
        0.010854551512294664,
        0.016965888193737146,
        0.020879113334656925,
        0.02059293841934313,
        0.013465810421555877,
        0.009716111591115958,
        0.024831208372125272,
        0.02330802685935609,
        0.013501364819237936,
        0.018790012617910756,
        0.028759118845666284,
        0.02776788614620502,
        0.01731114044824343,
        0.0217104614800309,
        0.024206932233429655,
        0.024115084013278432,
        0.020524208685593712,
        0.039760148897096226,
        0.033803698297265296,
        0.04097630868226957,
        0.03141010638853159,
        0.03507633467230247,
        0.03651647156953985,
        0.03605394659466942,
        0.036403185124200134
    ]
}