{
    "bins": [
        0.0,
        0.7853982,
        1.570796,
        2.356194,
        3.141593,
        3.926991,
        4.712389,
        5.497787,
        6.283185
    ],
    "yvals": [
        0.0033011916757639628,
        -0.01862055126714131,
        -0.012279283879001478,
        0.003560228622649125,
        0.00272049457727165,
        -0.015828471679326918,
        -0.015738058920445434,
        0.0033041782637592667
    ],
    "yerrs": [
        0.0006679346867583802,
        0.002654203663564551,
        0.0021240216117924767,
        0.0007034979169155421,
        0.0006102889570368358,
        0.0024611518033127422,
        0.002450964475748518,
        0.0006582525445901838
    ]
}