{
    "bins": [
        [
            -1.0,
            -0.75,
            -0.5,
            -0.25,
            0.0,
            0.25,
            0.5,
            0.75,
            1.0
        ],
        [
            0.0,
            0.7853982,
            1.570796,
            2.356194,
            3.141593,
            3.926991,
            4.712389,
            5.497787,
            6.283185
        ]
    ],
    "zvals": [
        0.0017619770455292614,
        0.0025285224888585123,
        0.0021738649703717102,
        0.0026272506076529256,
        0.0032899396229682265,
        0.002145891382458321,
        0.002675843330387906,
        0.0032265068156527017,
        0.0008632354899718384,
        0.0017550484607927346,
        0.0012300703592318801,
        0.0013001065700363765,
        0.001261915105462453,
        0.0014270711155363273,
        0.0013655838186499077,
        0.001764547401444873,
        0.00047701509883776156,
        0.0010389873768426648,
        0.0013050937231823868,
        0.0004438659585764688,
        0.00043428447742418477,
        0.0009396326448501272,
        0.0009858461569802828,
        0.00036624065760289693,
        0.00011689825619666559,
        0.0004346823482316859,
        0.00022118594648827734,
        0.00018680502521648234,
        9.874448368852477e-05,
        0.00043599515150280504,
        0.0003524195885398232,
        0.00011271650806342774,
        -4.052743181738894e-05,
        -0.0003644858185240651,
        -0.0004010754802023943,
        -7.456780566310881e-05,
        -2.905938645120053e-05,
        -0.0003561340874308314,
        -0.0003031439855971114,
        -5.4485802102882876e-05,
        -0.0005108649345007411,
        -0.0009837481082834712,
        -0.0012006172666597066,
        -0.0006141265777012703,
        -0.0006695036147278193,
        -0.001203119946829506,
        -0.0014572565756469972,
        -0.0003070827784129831,
        -0.0014449159674672033,
        -0.001473829949612795,
        -0.0020547620442119795,
        -0.0011963249252927492,
        -0.001087514865074777,
        -0.002217842673396164,
        -0.0021488101573979056,
        -0.0014112803954173555,
        -0.002366273821355842,
        -0.002513273146423379,
        -0.002297814356542798,
        -0.0027593190212872694,
        -0.0037494070522206564,
        -0.0018091637615578347,
        -0.0019449481664073505,
        -0.001993143348977207
    ],
    "zerrs": [
        0.0004482290554926354,
        0.0005551887648190303,
        0.000529056007561669,
        0.0005672703527238115,
        0.0006186813602540135,
        0.0005231359214284705,
        0.0005867480285691126,
        0.000617259095859097,
        0.00024160860426936532,
        0.0003860461734211298,
        0.0003310244854865522,
        0.00029455989460600924,
        0.0003098490017404385,
        0.000361001330929755,
        0.0003447175019300659,
        0.00036267280643621227,
        0.0001395341194377419,
        0.00023557642967042729,
        0.00027240567446037197,
        0.00013601265026507898,
        0.00013940549581293191,
        0.0002312953854844639,
        0.00024016372970983972,
        0.00012445955545224927,
        4.424645085871864e-05,
        0.00010516286477701427,
        7.189534134271713e-05,
        5.354423021295758e-05,
        4.080672370589299e-05,
        0.00011283927893468237,
        8.266174085724328e-05,
        4.249594303336975e-05,
        2.230763251713942e-05,
        8.371951915503572e-05,
        9.506851182152728e-05,
        3.2825113692527796e-05,
        2.1959331903321038e-05,
        9.636999964937661e-05,
        8.687279298579577e-05,
        2.978858318558707e-05,
        0.0001464141704157823,
        0.0002235775451017566,
        0.00025574750074864976,
        0.00016209533320782083,
        0.00018155438926290495,
        0.00026732408902659723,
        0.00029946600322384325,
        0.00011808254170452527,
        0.0003260698856118372,
        0.0003515783205573671,
        0.00042493074199187323,
        0.00028658661054975704,
        0.0002927146145016625,
        0.0004889986983610999,
        0.0004739592256702212,
        0.00032626941418532006,
        0.0005372155749037804,
        0.000580725704397816,
        0.0005295044181267281,
        0.0005712626870333854,
        0.0006706688661995508,
        0.0005035344949980573,
        0.0005213145712730021,
        0.0004879394646482269
    ]
}