{
    "bins": [
        -1.0,
        -0.75,
        -0.5,
        -0.25,
        0.0,
        0.25,
        0.5,
        0.75,
        1.0
    ],
    "yvals": [
        0.00032620152,
        -0.00025151536,
        -0.0007237648,
        -0.00027512684,
        0.0011350384,
        0.0007448844,
        -0.0006823912,
        -0.0010620072
    ],
    "yerrs": [
        0.0003793404803075991,
        0.0005130147756156737,
        0.000629845695388958,
        0.0006676748909461849,
        0.0006921214922251728,
        0.0006291371869473302,
        0.0006079798680877518,
        0.00044262001762233937
    ]
}