{
    "bins": [
        [
            -1.0,
            -0.75,
            -0.5,
            -0.25,
            0.0,
            0.25,
            0.5,
            0.75,
            1.0
        ],
        [
            0.0,
            0.7853982,
            1.570796,
            2.356194,
            3.141593,
            3.926991,
            4.712389,
            5.497787,
            6.283185
        ]
    ],
    "zvals": [
        0.0009519130550592044,
        0.00013084981903437978,
        -0.0005050609245248907,
        -0.00030979565800312966,
        -0.0011812298987265051,
        -0.00021095857132307446,
        0.0002549314360362517,
        0.0010499542906908345,
        0.00038472652471065,
        0.00069724412265988,
        -0.000504394408949348,
        -0.0001189010935842801,
        -9.397136229020188e-05,
        -0.0006855591687271933,
        0.0003377475369175884,
        0.0008573446838418231,
        0.00018228613205377857,
        0.00034827136006747154,
        -0.0004470226814939688,
        -4.819307893185503e-05,
        -0.00039736795866554265,
        -0.0005313346863628378,
        0.0003068356171011386,
        0.00025618659584058026,
        2.542251815703168e-05,
        9.15321637009933e-05,
        -0.00013206430370334534,
        -2.0305424376654416e-05,
        -2.9786151734534584e-05,
        -0.00014537016900985236,
        9.039590118640487e-05,
        4.023722494837013e-05,
        -0.00013557530434880037,
        -0.00010810368962072468,
        0.00017921436010786892,
        4.892185500618158e-05,
        3.234904596141064e-05,
        9.983351116249344e-05,
        -9.721786915678422e-05,
        -7.806268923526672e-05,
        -0.0005855302444034121,
        -0.0002704529602705788,
        0.00030844127436026076,
        0.0,
        0.00011826732433746963,
        0.0002908240153399933,
        -0.0004647659912553891,
        0.0,
        -0.00013561895099835982,
        -0.000543537555109016,
        0.0003793626161513017,
        0.0002934947459826152,
        0.00021025874779411196,
        0.0004794657485758814,
        -0.0006494195299707921,
        -0.00028198762920200976,
        -0.0014385660675056296,
        -0.00027319821878798236,
        0.000591440263407852,
        0.0008658381281361448,
        0.0012457403762168985,
        0.0002253918650162084,
        -0.0004828592891756792,
        -0.0009798853574875415
    ],
    "zerrs": [
        0.00040634709991842807,
        7.232782208859785e-05,
        0.00020981249011457133,
        0.00021947016102641148,
        0.0004116501623644189,
        0.0001301984723222924,
        0.00013963461183221027,
        0.0004012284876759884,
        0.00022254839291978445,
        0.00023549289988350732,
        0.00020831734852601276,
        0.00011890109855371672,
        9.397137767668856e-05,
        0.00022298276085757764,
        0.00015994754514821584,
        0.00032752143352038967,
        0.0001291006172413518,
        0.00014437736485387796,
        0.00014364129724735294,
        4.819307829552488e-05,
        0.00016635744214875606,
        0.0001614724312844778,
        0.00011645116728640523,
        0.00014917788809418628,
        2.5422518723289994e-05,
        4.156880504046348e-05,
        4.871032260019812e-05,
        1.4571634733394342e-05,
        2.105692604481854e-05,
        4.3979081670154235e-05,
        3.8815757542423946e-05,
        2.3737282645402126e-05,
        6.538261173809809e-05,
        4.107144757945186e-05,
        5.797857097762148e-05,
        3.524159547306731e-05,
        2.2367973158468243e-05,
        3.981875715191518e-05,
        4.5074409899993324e-05,
        5.236877282843783e-05,
        0.00022402699942832902,
        0.00012567342194313717,
        0.0001138403649703791,
        0.0,
        8.394272211141618e-05,
        0.00010767495108233265,
        0.00015259250425184826,
        0.0,
        0.00013561894824057124,
        0.00022531271223202124,
        0.00016501557325342698,
        0.0001695319970914109,
        0.0001498976094649143,
        0.00015640262227406375,
        0.00023672499680491187,
        0.00019940623243746043,
        0.00045288685705326885,
        0.0001045671372184432,
        0.00022381890005350645,
        0.0003411082431895015,
        0.00039850946466796715,
        0.000124621528125087,
        0.00021067806317893965,
        0.00040083336435747325
    ]
}