{
    "bins": [
        [
            -1.0,
            -0.75,
            -0.5,
            -0.25,
            0.0,
            0.25,
            0.5,
            0.75,
            1.0
        ],
        [
            0.0,
            0.7853982,
            1.570796,
            2.356194,
            3.141593,
            3.926991,
            4.712389,
            5.497787,
            6.283185
        ]
    ],
    "zvals": [
        -0.0001333623631936004,
        -4.134138394581701e-05,
        0.0003298125536352271,
        0.0007771051401898908,
        -0.0003812840878128031,
        -0.0003801672018518001,
        0.0006460001171380626,
        0.0005785128049727655,
        -0.0002433161165890118,
        -0.002152468468844705,
        0.0005319825107779751,
        0.0005069795607073603,
        -0.00023010427834040822,
        -0.0020189269644180405,
        0.0011385137217054286,
        0.00029521755848627076,
        -0.00024444975809723016,
        -0.00106395765305174,
        0.0013586242898504964,
        0.0002306351294055633,
        -0.0010658377026679462,
        -0.0011604816920847776,
        0.0016442888828339264,
        0.0007298164752138408,
        -0.0013486952223725494,
        -0.0032012913710733593,
        0.0035730225949136625,
        0.001523239525387733,
        -0.0005289807206028024,
        -0.002048482425470908,
        0.0021415761180955395,
        0.0012191958726658334,
        -0.0005474614023816198,
        -0.0018241380355279834,
        0.001166727187998951,
        0.0002457924188851781,
        -0.0016118574276990769,
        -0.002173678568063581,
        0.002024748726123571,
        0.0004971860890911361,
        -0.0005135295700957807,
        -0.0018451867321247907,
        0.0013985179488615967,
        0.0009458698063022744,
        0.0,
        -0.0011025131207362386,
        0.0017031151085182294,
        0.000870189127041322,
        0.0,
        -0.0016638248795705817,
        0.0014484737674402028,
        0.00022369913890901312,
        -0.0005633281470031752,
        -0.0017733729905092708,
        0.0011453296290543141,
        0.0006105302025215243,
        -0.0005254970026669273,
        -0.00041400314592172265,
        0.0007608733406502183,
        0.0004235982984444849,
        -0.0007551544567213055,
        -0.0006327782856589909,
        0.00017142029900763694,
        0.0005403685774600904
    ],
    "zerrs": [
        6.124025153827334e-05,
        4.0004781940826825e-05,
        0.00017134678371074754,
        0.0002816568642286867,
        0.00016742641638193992,
        0.00017712123151082288,
        0.00024375729735818245,
        0.0002462023097853688,
        0.00024331613894897829,
        0.0006096229085632955,
        0.0002505295448461912,
        0.0002930024895629914,
        0.0002301042721214574,
        0.000605233870523991,
        0.00039701033401671326,
        0.000214634125094995,
        0.00024444977901335566,
        0.0004150877192059488,
        0.0005201442536595551,
        0.00023063508382822496,
        0.0005332187255115615,
        0.0005157058198945539,
        0.0005531204623563866,
        0.00042158054124740764,
        0.0006035806250665344,
        0.0008433678152999776,
        0.0008596805067691811,
        0.0006223573678293576,
        0.0003740482297505955,
        0.0006727643009288255,
        0.0006814526005824257,
        0.0005457977356325971,
        0.0003875199870820858,
        0.0006859333038213635,
        0.0004894471617040288,
        0.00024579241111623556,
        0.000658944890212561,
        0.0007194967197028258,
        0.0006292684512026843,
        0.00035160490024498526,
        0.0003631801128009072,
        0.0006180814891421732,
        0.0005314331529746744,
        0.0004733453142739025,
        0.0,
        0.0004951412846546431,
        0.0005897809524342899,
        0.00043516235807741674,
        0.0,
        0.0005628553257187386,
        0.0005193282818888561,
        0.00022369915934581036,
        0.0003288647256806138,
        0.0005545381380499447,
        0.000396927612680282,
        0.00030686624166944047,
        0.0002120342806939946,
        0.00016183983000812025,
        0.0002889414468437261,
        0.00018908268719320696,
        0.0002767091041703968,
        0.00024592591820622956,
        8.726443467585458e-05,
        0.0002240224830524521
    ]
}