{
    "bins": [
        0.0,
        0.7853982,
        1.570796,
        2.356194,
        3.141593,
        3.926991,
        4.712389,
        5.497787,
        6.283185
    ],
    "yvals": [
        5.0829006228942205e-05,
        -0.0002645268423211779,
        0.00012870149911255188,
        -0.00016473092020743597,
        1.0626453084932733e-05,
        5.754911522565631e-05,
        0.0002204111800641204,
        0.00017512955215062941
    ],
    "yerrs": [
        0.0002924351714695717,
        0.00022301974017362785,
        0.0002396757182854124,
        0.0003445765993842711,
        0.0003411846767351728,
        0.0002558024651652624,
        0.0002476667118280522,
        0.0003506923125151128
    ]
}