{
    "bins": [
        [
            -1.0,
            -0.75,
            -0.5,
            -0.25,
            0.0,
            0.25,
            0.5,
            0.75,
            1.0
        ],
        [
            0.0,
            0.7853982,
            1.570796,
            2.356194,
            3.141593,
            3.926991,
            4.712389,
            5.497787,
            6.283185
        ]
    ],
    "zvals": [
        0.0,
        0.0004311272580595464,
        -0.0006240107563299119,
        0.0,
        -7.634284783001737e-05,
        -0.0006933203293107446,
        0.0005034266957644406,
        0.0,
        0.0,
        0.001460198131443709,
        -0.0008977934754099198,
        0.0,
        0.0,
        -0.0008730676676029225,
        0.0013086944453640067,
        0.0,
        0.0005308507200551261,
        0.0011710773826970231,
        -0.0009607495817407228,
        -0.0010703140696639542,
        -0.0005598348862614876,
        -0.0012861275429782101,
        0.0012885884608822536,
        0.0009366843307469591,
        0.001698898214943706,
        0.0011846149810962037,
        -0.001464590946246362,
        -0.001620509320740159,
        -0.0018813742841209164,
        -0.001132740852408588,
        0.0013962770467966562,
        0.0013587806436991185,
        0.001267581718420032,
        0.00207621157074797,
        -0.0017823691937081587,
        -0.0013429276074963174,
        -0.0013793322621142396,
        -0.0011990812301533747,
        0.001177067932436803,
        0.0014644437597243695,
        0.0007178483475006691,
        0.0012604771747514445,
        -0.0012644529270509988,
        -0.0006176264548337851,
        -0.0007225712314011492,
        -0.0011660401477976774,
        0.0012853834616334651,
        0.0004917351966773535,
        9.932673642491159e-05,
        0.0008333427977516615,
        -0.0005449196458356146,
        0.0,
        -0.0003607378170048815,
        -0.001817347128462258,
        0.0012558285098765215,
        0.00019263374747580212,
        0.0,
        0.0003895620283122769,
        -0.0004329189531931582,
        -8.238564092900551e-05,
        0.0,
        -0.0007619051741919385,
        0.0004524145465101771,
        0.0
    ],
    "zerrs": [
        0.0,
        0.00018108035328777655,
        0.00020032331515145455,
        0.0,
        7.634283043186528e-05,
        0.0002316639872457738,
        0.00017170238146747634,
        0.0,
        0.0,
        0.0003341251499349735,
        0.00023496117820395181,
        0.0,
        0.0,
        0.0002661502241125212,
        0.0003055109990614114,
        0.0,
        0.00023757472420656456,
        0.0002771127517835707,
        0.0002514313046519293,
        0.0003231003907808961,
        0.0002504691774654578,
        0.00032091531901549665,
        0.0003019107783027953,
        0.00031245323606531045,
        0.0004255274405121263,
        0.00026961225869604567,
        0.00030004606477587227,
        0.00040609373441851396,
        0.0004708891283078892,
        0.0002787608337763916,
        0.0002864477865593535,
        0.0003776475465424386,
        0.00036637360328542446,
        0.00037207553775357233,
        0.00033222275279610623,
        0.00037320166004182803,
        0.0003984868133567552,
        0.000316071487665013,
        0.0002808042692135149,
        0.00039182326994648055,
        0.00027163939431315397,
        0.0002997857346750993,
        0.00028930680361596714,
        0.0002525345129512095,
        0.0002951913619569006,
        0.0003076895633640539,
        0.00029400661629597555,
        0.00022008049368079692,
        9.932673020747258e-05,
        0.0002422041438299192,
        0.00019341668564185982,
        0.0,
        0.0002082942500698628,
        0.0004099791696185534,
        0.0003016177997326264,
        0.00013622815840652397,
        0.0,
        0.00015351028759285354,
        0.00017189895567580116,
        8.238562251725071e-05,
        0.0,
        0.00025419617217094557,
        0.00015380487309516212,
        0.0
    ]
}