{
    "bins": [
        0.0,
        0.7853982,
        1.570796,
        2.356194,
        3.141593,
        3.926991,
        4.712389,
        5.497787,
        6.283185
    ],
    "yvals": [
        0.11145849328404368,
        0.15022947606932435,
        0.14905054507396254,
        0.09032929759268857,
        0.10960809678659734,
        0.1549753118800914,
        0.13991835986340687,
        0.10599944232096341
    ],
    "yerrs": [
        0.01154805050452526,
        0.015282456870640853,
        0.01420105954011991,
        0.009989248611355497,
        0.010860788565438073,
        0.014488255041382998,
        0.013637123529744007,
        0.010776899863201595
    ]
}