{
    "bins": [
        0.0,
        0.7853982,
        1.570796,
        2.356194,
        3.141593,
        3.926991,
        4.712389,
        5.497787,
        6.283185
    ],
    "yvals": [
        -0.0026965658948543553,
        -0.0073567191046371655,
        -0.006486372514317584,
        -0.0019867035735976236,
        0.0019972026921382525,
        0.006468806897903994,
        0.007657357161591959,
        0.002519560783195272
    ],
    "yerrs": [
        0.00043198221877316546,
        0.0009970836082622574,
        0.0009191121248703346,
        0.00032444060316451015,
        0.00029917310144185894,
        0.0007966289194328844,
        0.000987793115374786,
        0.0004292782351895428
    ]
}