{
    "bins": [
        0.0,
        0.7853982,
        1.570796,
        2.356194,
        3.141593,
        3.926991,
        4.712389,
        5.497787,
        6.283185
    ],
    "yvals": [
        0.08476799412068935,
        0.2039361454793991,
        0.19338399130122566,
        0.0653547305255036,
        0.06402099317798107,
        0.20958940562619213,
        0.20447722046656602,
        0.04965921736495384
    ],
    "yerrs": [
        0.016090906231279237,
        0.020415261106812133,
        0.019700645003762608,
        0.013588541735352996,
        0.014119781723730556,
        0.02095480424376322,
        0.019751269771011278,
        0.01100373813819033
    ]
}