{
    "bins": [
        -1.0,
        -0.75,
        -0.5,
        -0.25,
        0.0,
        0.25,
        0.5,
        0.75,
        1.0
    ],
    "yvals": [
        8.06202e-05,
        -0.00022187016,
        0.0008780344,
        -0.0014715456,
        -0.0010434928,
        0.00010613396,
        0.00036484164,
        -3.5272612e-05
    ],
    "yerrs": [
        0.00010795831047214475,
        0.0003486020539239549,
        0.0006487155308762077,
        0.000897658465119112,
        0.0008451480343703107,
        0.000614259879855424,
        0.0003429117904068042,
        0.0001598434233867631
    ]
}