{
    "bins": [
        -1.0,
        -0.75,
        -0.5,
        -0.25,
        0.0,
        0.25,
        0.5,
        0.75,
        1.0
    ],
    "yvals": [
        -0.0009967272,
        -0.001462194,
        0.0013366944,
        0.0019874248,
        -0.0016886588,
        0.00039027324,
        0.0021247764,
        -0.00053001
    ],
    "yerrs": [
        0.0011432247722998308,
        0.0021305206875315715,
        0.002157223771424745,
        0.0021715668076299193,
        0.0022323028468377673,
        0.002086791220989776,
        0.0018105415764350732,
        0.0012822380434225151
    ]
}