{
    "bins": [
        [
            -1.0,
            -0.75,
            -0.5,
            -0.25,
            0.0,
            0.25,
            0.5,
            0.75,
            1.0
        ],
        [
            0.0,
            0.7853982,
            1.570796,
            2.356194,
            3.141593,
            3.926991,
            4.712389,
            5.497787,
            6.283185
        ]
    ],
    "zvals": [
        0.002520129024996492,
        -0.0016635473132214018,
        -0.0034312447956322788,
        0.002792338671172232,
        0.00210942783149435,
        -0.004715006659044205,
        -0.002407824822574033,
        0.0016215259015174477,
        0.0014362365485431467,
        -0.004221885011646327,
        -0.007570617699561244,
        0.0012026921348257385,
        0.0007093616230242499,
        -0.00866404549031192,
        -0.003670382659492386,
        0.0014068581789105654,
        0.0015910247820786958,
        -0.015475036981259686,
        -0.009132144466881762,
        0.0,
        0.0009538420011255437,
        -0.012488216165561922,
        -0.015907089144612037,
        0.0012742584014728841,
        0.0007211653910080263,
        -0.013092458369503962,
        -0.028220606622374904,
        0.0012815947053663173,
        0.0009663589670460069,
        -0.010356573355165153,
        -0.008792265832100415,
        0.00046959488055737354,
        0.0004079375277407053,
        -0.015196956243065614,
        -0.01690697455302917,
        0.0012176659252176284,
        0.0008424625476509996,
        -0.013457691514365967,
        -0.008764101767511506,
        0.0009182646250690734,
        0.0010917616057688952,
        -0.012423110938176805,
        -0.01248686653136372,
        0.0005832851837091721,
        0.000500114846230828,
        -0.0051202727788968155,
        -0.00922787682168786,
        0.0012731562850936725,
        0.003144088692843961,
        -0.0014506473025516498,
        -0.005091404867341146,
        0.000696518839468856,
        0.001545697340711333,
        -0.005244469682886894,
        -0.007131288849729692,
        0.0017912900211103163,
        0.0006948847094378367,
        -0.004866240267034107,
        -0.00018949393810526642,
        0.004724143015206283,
        0.0026263886589983666,
        -0.0012890565038362718,
        -0.0027665917152832073,
        0.00198525842948416
    ],
    "zerrs": [
        0.0010007561273104632,
        0.0010468161327176484,
        0.001595130606633923,
        0.0014075836998697644,
        0.0009373912117720833,
        0.0015750130221214647,
        0.0012498367900266969,
        0.0007328584301669033,
        0.0008128719862944813,
        0.0025385401865075864,
        0.0032578219586893928,
        0.000750560942034779,
        0.0005404306530829386,
        0.003289062886224828,
        0.0018924582659121155,
        0.0007772621706572276,
        0.000926950945323475,
        0.005018875008052183,
        0.004073853606142846,
        0.0,
        0.0007062112954416271,
        0.00472883473061415,
        0.0051131535289725815,
        0.000743188582668615,
        0.0006384595127839484,
        0.005152304292771318,
        0.007934282932539534,
        0.0008680226435475066,
        0.0007434804745657698,
        0.0039371552831481945,
        0.0037693441712187037,
        0.0004005718475542013,
        0.00040793750635357624,
        0.005517037506535273,
        0.005674372595148772,
        0.0007331754359475018,
        0.0004893847296568261,
        0.005480939944784558,
        0.0039225623573831536,
        0.0005960773035751437,
        0.0006652079628580505,
        0.004745449710666807,
        0.00453383286705544,
        0.0005040611920872158,
        0.0005001148273705417,
        0.002822814180068572,
        0.0036389751521167827,
        0.0007304770201416278,
        0.0013890471158249911,
        0.0010415937315541755,
        0.002579494110071786,
        0.0005521141334134449,
        0.0008969899907552631,
        0.0026818166418198343,
        0.0028588581693671095,
        0.0010944389024681639,
        0.0004450457044664204,
        0.0019899246791759803,
        0.00018949395004396987,
        0.001659286821020752,
        0.001320472629831544,
        0.0006703532025087173,
        0.0011801320704076556,
        0.0010282889024276314
    ]
}