{
    "bins": [
        0.0,
        0.7853982,
        1.570796,
        2.356194,
        3.141593,
        3.926991,
        4.712389,
        5.497787,
        6.283185
    ],
    "yvals": [
        0.0023771737699424316,
        0.008887809464197633,
        -0.008212326743892908,
        -0.0021265013069790006,
        0.0025038006208317302,
        0.008238789760096156,
        -0.008355218628007713,
        -0.0021117777228869955
    ],
    "yerrs": [
        0.00043632191365217533,
        0.000791364170847949,
        0.0007709892324983376,
        0.0004325357102054684,
        0.0004399549308155628,
        0.0007451161021243796,
        0.0008059489319253098,
        0.0004434210048426318
    ]
}