{
    "bins": [
        -1.0,
        -0.75,
        -0.5,
        -0.25,
        0.0,
        0.25,
        0.5,
        0.75,
        1.0
    ],
    "yvals": [
        0.0006658044,
        -0.008300088,
        -0.012170688,
        -0.020799368,
        -0.014753932,
        -0.013674396,
        -0.00983206,
        -0.0009475328
    ],
    "yerrs": [
        0.0010703693568110029,
        0.0019071369117082287,
        0.002269875767525615,
        0.0031412924728525357,
        0.002674220634128755,
        0.002370458858533512,
        0.0019370720172466485,
        0.001114347091349908
    ]
}