{
    "bins": [
        0.0,
        0.7853982,
        1.570796,
        2.356194,
        3.141593,
        3.926991,
        4.712389,
        5.497787,
        6.283185
    ],
    "yvals": [
        0.0009955310567302039,
        0.0021500989689556046,
        -0.002111472145332685,
        -0.0006960518157013187,
        0.0005713382259695082,
        0.002391899393683203,
        -0.0021887959989712225,
        -0.0006467869793404111
    ],
    "yerrs": [
        0.00015917617189249844,
        0.00021170258315829588,
        0.00021522415800740864,
        0.00013284603854886028,
        0.00011998506253148984,
        0.00023302650499784695,
        0.00021836489618882045,
        0.00013124836097029469
    ]
}