{
    "bins": [
        0.0,
        0.7853982,
        1.570796,
        2.356194,
        3.141593,
        3.926991,
        4.712389,
        5.497787,
        6.283185
    ],
    "yvals": [
        -0.0005795064210740488,
        -0.0009311885009099847,
        0.0010210285740478078,
        0.0006528106096391771,
        -0.0007378522736243277,
        -0.0009411528931828196,
        0.0008686010150267765,
        0.0006709235317635137
    ],
    "yerrs": [
        8.879808047783705e-05,
        0.00012770782608837543,
        0.00013159110526807225,
        9.35261875909519e-05,
        0.0001080903436385533,
        0.00013442500261641734,
        0.00012701047349052545,
        0.0001041712415434402
    ]
}