{
    "bins": [
        -1.0,
        -0.75,
        -0.5,
        -0.25,
        0.0,
        0.25,
        0.5,
        0.75,
        1.0
    ],
    "yvals": [
        0.017551296,
        0.00781494,
        0.00557514,
        0.0018365388,
        -0.001909778,
        -0.005026324,
        -0.00971986,
        -0.019781212
    ],
    "yerrs": [
        0.0024275373529566956,
        0.0011607728459952877,
        0.0007207665919005958,
        0.00025632329585896014,
        0.0002665575510091582,
        0.0006922926548794231,
        0.0013350008239697833,
        0.0027679439300679486
    ]
}