{
    "bins": [
        [
            -1.0,
            -0.75,
            -0.5,
            -0.25,
            0.0,
            0.25,
            0.5,
            0.75,
            1.0
        ],
        [
            0.0,
            0.7853982,
            1.570796,
            2.356194,
            3.141593,
            3.926991,
            4.712389,
            5.497787,
            6.283185
        ]
    ],
    "zvals": [
        -0.0001186133097834958,
        -8.338149151932944e-05,
        4.7990379399998485e-05,
        0.00014663267969528863,
        0.00022509739011303818,
        7.028553675970656e-05,
        -9.11231248360704e-05,
        -0.00019924950152661457,
        -0.00013900001298704275,
        -9.224390493581724e-05,
        7.033926747967273e-05,
        0.00021374190697976444,
        0.00018590783271666078,
        0.0001207233020710519,
        -0.0001188414027028335,
        -0.000251736062480424,
        -0.00013354428365127394,
        -0.00013935144712653893,
        0.0001615185676561438,
        0.00011957820165291782,
        0.00011835405743330129,
        0.00012361167204398283,
        -0.0001315960061013652,
        -0.00010261518363937777,
        -0.0001126720178375759,
        -0.00013293772913547757,
        0.00010841840697327981,
        0.00015481471201262036,
        8.603627714865582e-05,
        0.00015306756574373761,
        -0.00020624457918151057,
        -0.00010629046674424944,
        -6.944411128011242e-05,
        -0.0001538234000655464,
        0.0001415021683273958,
        6.481261116960934e-05,
        2.4765986162429743e-05,
        0.00016432091754753643,
        -0.00012282445333448776,
        -7.21945306710738e-05,
        -0.00014560272738083687,
        -0.00015660909668960111,
        0.00013418231266186065,
        0.00016068922929619216,
        0.0001668779905220028,
        0.00017714677144581477,
        -0.0001892840063254554,
        -8.319827654259371e-05,
        -0.0002146094554329256,
        -0.00012087739486919877,
        0.00010831680243647173,
        0.00017890697594471092,
        0.00015360573874646988,
        0.0001244775769737127,
        -0.00013781257400706395,
        -0.00021530169417289074,
        -0.00014835496185247178,
        -5.3317541760366526e-05,
        7.058729459458773e-05,
        0.00017744743754448376,
        0.0002562304462196236,
        4.1804379435649196e-05,
        -5.609064448852685e-05,
        -0.0001461184265811729
    ],
    "zerrs": [
        3.127954878239232e-05,
        2.0848853680160576e-05,
        1.37299068500178e-05,
        3.311445948497673e-05,
        4.4338769027493895e-05,
        1.9644739410132816e-05,
        2.263892277603007e-05,
        3.98862541509816e-05,
        3.8576939310325984e-05,
        2.5236994155126592e-05,
        2.1450423396951152e-05,
        4.781712831314233e-05,
        4.515689763505645e-05,
        3.2025911054686105e-05,
        3.062005520988476e-05,
        5.1434980196624275e-05,
        3.856098388248608e-05,
        3.3763589716207326e-05,
        3.5440516087792144e-05,
        3.606250041958648e-05,
        3.7432127856357605e-05,
        3.230045332114023e-05,
        3.4242870392005806e-05,
        3.42163104745964e-05,
        3.563778896500175e-05,
        3.155684407408783e-05,
        3.072733033859927e-05,
        4.1387212399182195e-05,
        3.251928853268648e-05,
        3.814421453819333e-05,
        4.450336949409622e-05,
        3.543382972580633e-05,
        2.8351541286153063e-05,
        3.649073703876871e-05,
        3.3178544113323516e-05,
        2.6463979321574898e-05,
        1.751219792147859e-05,
        4.1279592388172176e-05,
        3.478182436807417e-05,
        2.9474544034932815e-05,
        4.039468282054672e-05,
        3.6122868730575084e-05,
        3.188192483301461e-05,
        4.150498714316463e-05,
        4.460747655977369e-05,
        4.1468439759313596e-05,
        4.210291215299812e-05,
        3.144797375947913e-05,
        4.804868839566649e-05,
        3.022941301897098e-05,
        2.6274077677631152e-05,
        4.22514319477659e-05,
        4.108328309289892e-05,
        3.055604075328653e-05,
        3.272756767814019e-05,
        4.942077852650526e-05,
        3.5238926426435434e-05,
        1.516090264744133e-05,
        1.8346031077459552e-05,
        3.788458899533929e-05,
        4.734321879606082e-05,
        1.4465957004328378e-05,
        1.7451327856565433e-05,
        3.620287722671094e-05
    ]
}