{
    "bins": [
        -1.0,
        -0.75,
        -0.5,
        -0.25,
        0.0,
        0.25,
        0.5,
        0.75,
        1.0
    ],
    "yvals": [
        -7.319204e-06,
        -3.8815052e-05,
        0.00025172684,
        -0.00011969364,
        -4.671604e-05,
        6.016732e-05,
        -9.700036e-06,
        2.3288e-05
    ],
    "yerrs": [
        5.005657599157178e-05,
        8.029727766244632e-05,
        9.896126110756674e-05,
        0.00010309295999242626,
        9.973289126461742e-05,
        9.856296261781095e-05,
        8.309912153566968e-05,
        5.5897649324457284e-05
    ]
}