{
    "bins": [
        0.0,
        0.7853982,
        1.570796,
        2.356194,
        3.141593,
        3.926991,
        4.712389,
        5.497787,
        6.283185
    ],
    "yvals": [
        0.052567563816672866,
        0.04801005299480085,
        0.05185973226313285,
        0.04616710741928626,
        0.05858792612153327,
        0.047528195895584165,
        0.051006114097565836,
        0.05596065943636221
    ],
    "yerrs": [
        0.005941287984214897,
        0.007657283525414199,
        0.006642008960522956,
        0.005568904262240886,
        0.006145510596055414,
        0.0068236887831999845,
        0.007108726024070156,
        0.005997689341616867
    ]
}