{
    "bins": [
        [
            -1.0,
            -0.75,
            -0.5,
            -0.25,
            0.0,
            0.25,
            0.5,
            0.75,
            1.0
        ],
        [
            0.0,
            0.7853982,
            1.570796,
            2.356194,
            3.141593,
            3.926991,
            4.712389,
            5.497787,
            6.283185
        ]
    ],
    "zvals": [
        0.0010945831044685357,
        0.0011099679678247124,
        0.001485092653660947,
        0.001250200726000415,
        0.0009400085052419279,
        0.0006800429845759731,
        0.0013100832953483461,
        0.0011737228768089558,
        0.0004197285911783347,
        0.0006104651680969821,
        0.0006106055783182541,
        0.0007354193218988056,
        0.0006829699082503392,
        0.0005975951046475801,
        0.0006092187655176103,
        0.0005519998777689784,
        0.000232368752563986,
        0.0004916203737774666,
        0.00013687990038171733,
        0.0001246826644800923,
        0.00012878856325073396,
        0.0005068897552578438,
        0.0003403171385717815,
        4.416278625614021e-05,
        9.655998702314317e-05,
        0.00018505435080159378,
        0.00019256061258113725,
        6.43546528579741e-05,
        1.7614513915237874e-05,
        0.000172320886989781,
        0.00013565636785425991,
        0.00012014596421177547,
        -0.00016439640426983406,
        -0.00011455168323618934,
        -0.00015090071530612508,
        -2.8648205561759056e-05,
        -5.306165791102089e-05,
        -8.279868296074094e-05,
        -0.00017055709334630342,
        -4.600424243504568e-05,
        -0.00022428037140905085,
        -0.0005761462535291033,
        -0.0004023759164143531,
        -0.00011179102596259991,
        -0.0001890119404429346,
        -0.00033241734763775826,
        -0.0005287209796816392,
        -0.00025830322970010115,
        -0.00031200886378400153,
        -0.0005517901883605988,
        -0.0008814934593670981,
        -0.0007571504420046373,
        -0.0007449018204782796,
        -0.0006132304895097773,
        -0.000761469216881123,
        -0.0007291645764313126,
        -0.0009071805868666365,
        -0.0008879383160991792,
        -0.0010970840261879966,
        -0.0009217419426304337,
        -0.0011771484011927707,
        -0.0012291184851502045,
        -0.0008015981706090417,
        -0.0006789240614312745
    ],
    "zerrs": [
        0.00036581238892864577,
        0.0003709579743780462,
        0.0004135699597637578,
        0.00036472159822389846,
        0.000299193301802186,
        0.00027897327524286335,
        0.0004147493187222389,
        0.00039228496632010945,
        0.00018967696089353868,
        0.00023107161008421843,
        0.00023180971970009875,
        0.00021342127745344408,
        0.00019884533050935224,
        0.00021285626950262183,
        0.0002494638324562962,
        0.00022788514263409824,
        0.00010549047853763642,
        0.00016528285192044087,
        8.048475851802332e-05,
        6.349453870149819e-05,
        6.516826938338077e-05,
        0.0001598764352728078,
        0.00014208841493868103,
        4.416278780132912e-05,
        4.369205548277214e-05,
        7.811339739490099e-05,
        7.169902673179396e-05,
        2.9314533476693892e-05,
        1.7074642412873378e-05,
        5.388307550309754e-05,
        6.227066936112828e-05,
        5.5212517184210286e-05,
        5.956422795881816e-05,
        4.911978126685019e-05,
        6.95113750210378e-05,
        2.8648205559665766e-05,
        2.645434224447941e-05,
        3.521896391063153e-05,
        6.165329551817682e-05,
        2.561145851076511e-05,
        0.00010218956336578266,
        0.0001874193561462644,
        0.00016723745838920803,
        8.04536150029955e-05,
        7.93954776060374e-05,
        0.0001206857908579596,
        0.0001693678124681781,
        0.00010703922241488754,
        0.00015711282455058655,
        0.00022664841727747196,
        0.00031421527855754976,
        0.00024192029510288938,
        0.00021661811151329574,
        0.0002187377078636293,
        0.000255015408476914,
        0.00024506058225641004,
        0.0003228264906785914,
        0.0003360177736692232,
        0.00038829965061482725,
        0.00032864015536974436,
        0.00035852374816754086,
        0.00037416855799103654,
        0.0003034160119909671,
        0.0002787046734439635
    ]
}