{
    "bins": [
        [
            -1.0,
            -0.75,
            -0.5,
            -0.25,
            0.0,
            0.25,
            0.5,
            0.75,
            1.0
        ],
        [
            0.0,
            0.7853982,
            1.570796,
            2.356194,
            3.141593,
            3.926991,
            4.712389,
            5.497787,
            6.283185
        ]
    ],
    "zvals": [
        0.041509476339517966,
        0.05420091576523387,
        0.08267492405124538,
        0.05012480026075919,
        0.0540769902648084,
        0.09182641157731496,
        0.03643452618926965,
        0.09642296007883903,
        0.01854268573571979,
        0.049565807288994186,
        0.017774616181859392,
        0.007108147578491952,
        0.04783303751728421,
        0.037978960985385765,
        0.06784417581913885,
        0.02222088164217378,
        0.009754572903273778,
        0.051768823391152866,
        0.03205947557798722,
        0.024069966984933775,
        0.0,
        0.022279501603008924,
        0.03289990043264689,
        0.0,
        0.003989179501557299,
        0.027213022496370625,
        0.026045393545692762,
        0.03982103364022618,
        0.020643317146211215,
        0.0263080578254592,
        0.05870980063611062,
        0.007001306344044677,
        0.018770559952900324,
        0.044493839936908405,
        0.022801132674134646,
        0.012717816040000052,
        0.008456981046552191,
        0.04195758074250254,
        0.04752654323031127,
        0.0038275926345623505,
        0.022385383618144274,
        0.054491774741411286,
        0.03889165493163976,
        0.004881341076319171,
        0.01018345857768927,
        0.06420057092073066,
        0.036222317856679044,
        0.008613197385274728,
        0.013191504640575953,
        0.03812264816631775,
        0.07985515623925706,
        0.005661173492708802,
        0.04420530227986319,
        0.05270891955416236,
        0.04957944889088081,
        0.045648096888456564,
        0.028879154548609863,
        0.06652638955698628,
        0.022893330515229227,
        0.04647094788763419,
        0.06993427536102713,
        0.0270346703200161,
        0.06948370125719701,
        0.044235804012742595
    ],
    "zerrs": [
        0.02097363312320363,
        0.027338796784014577,
        0.03410438083888309,
        0.02532929759601588,
        0.027118025683272574,
        0.03268375392567581,
        0.018298131489677443,
        0.03103722235037812,
        0.010765667441195347,
        0.020436464807260357,
        0.012568570073985834,
        0.00710814568737835,
        0.01815110237773639,
        0.01709611669829845,
        0.021599635818927255,
        0.01122654580001052,
        0.006897997446370048,
        0.01738168561502429,
        0.014405859913206278,
        0.012055767919136987,
        0.0,
        0.011156197834235437,
        0.012465171460456809,
        0.0,
        0.003989179396037379,
        0.011144873301939981,
        0.011669008835142183,
        0.013287654283412251,
        0.009232623490544066,
        0.01074677395693332,
        0.015741033642397064,
        0.004951503472667133,
        0.00839957236882515,
        0.014121031908080433,
        0.010206222966717398,
        0.0073456905991600785,
        0.005980758553309225,
        0.014012495979894768,
        0.014360112240049707,
        0.003827592499684052,
        0.010016113356352874,
        0.01727278147487602,
        0.014745443392193382,
        0.004881341091755553,
        0.00720187836825843,
        0.01861057482671891,
        0.013723488757889816,
        0.006091651905219183,
        0.009331763893394601,
        0.01708259744464153,
        0.024233041832056264,
        0.00566117609308905,
        0.018146114423068883,
        0.019962230392436213,
        0.020444967909653534,
        0.01739844626527005,
        0.01673490492413042,
        0.02741987235485934,
        0.01645163007094793,
        0.02088777575200274,
        0.027434963547422257,
        0.019338858850696885,
        0.03139938034306861,
        0.022412400267503747
    ]
}