{
    "bins": [
        0.0,
        0.7853982,
        1.570796,
        2.356194,
        3.141593,
        3.926991,
        4.712389,
        5.497787,
        6.283185
    ],
    "yvals": [
        0.03925562854613112,
        0.09659581424852476,
        0.08074890692362346,
        0.04771381170589726,
        0.06383334309483851,
        0.09107367220186455,
        0.09967509466537987,
        0.05699245478088817
    ],
    "yerrs": [
        0.008504789923434761,
        0.013992874314675795,
        0.01333291230695845,
        0.009874643076712989,
        0.012040781216654358,
        0.013499176444714987,
        0.01369988877077841,
        0.011097978447050641
    ]
}