{
    "bins": [
        0.0,
        0.7853982,
        1.570796,
        2.356194,
        3.141593,
        3.926991,
        4.712389,
        5.497787,
        6.283185
    ],
    "yvals": [
        7.905207829607961e-07,
        9.39170697957137e-05,
        2.4376812775178962e-05,
        1.694034497115479e-07,
        1.7076221227963395e-05,
        -7.523432705456344e-05,
        3.0147988663072743e-05,
        1.2216078981611874e-05
    ],
    "yerrs": [
        1.8108675158155993e-05,
        5.7463656153781674e-05,
        5.053923304070913e-05,
        2.2679746217360125e-05,
        1.9883416090509804e-05,
        4.687840053093652e-05,
        4.6174336174613736e-05,
        2.118080633720232e-05
    ]
}