{
    "bins": [
        -1.0,
        -0.75,
        -0.5,
        -0.25,
        0.0,
        0.25,
        0.5,
        0.75,
        1.0
    ],
    "yvals": [
        0.021558664,
        0.012949972,
        0.007276352,
        0.0020690464,
        -0.001869154,
        -0.006809,
        -0.012003072,
        -0.0241117
    ],
    "yerrs": [
        0.0021589693837569812,
        0.0013696755820266345,
        0.0008465476241771634,
        0.00029482108472767005,
        0.00027419651347163407,
        0.0008027748874996029,
        0.001367443746557788,
        0.0023851393250709694
    ]
}