{
    "bins": [
        [
            -1.0,
            -0.75,
            -0.5,
            -0.25,
            0.0,
            0.25,
            0.5,
            0.75,
            1.0
        ],
        [
            0.0,
            0.7853982,
            1.570796,
            2.356194,
            3.141593,
            3.926991,
            4.712389,
            5.497787,
            6.283185
        ]
    ],
    "zvals": [
        0.00023984893268153657,
        0.0014007902746862799,
        -0.000989164219924166,
        0.0,
        0.0,
        -0.0010337403456591437,
        0.0007604934058910261,
        0.0,
        0.0,
        0.0031086616234473788,
        -0.0024540194907550065,
        -0.00028977082985845416,
        0.0,
        -0.003219989355715192,
        0.003586809235572284,
        0.00027509349399922083,
        0.0034563455836797183,
        0.004911420429239807,
        -0.0037773673984400277,
        -0.002718274915043182,
        -0.002575368411938914,
        -0.004932916050206394,
        0.0038825858991237572,
        0.0038136740862594514,
        0.006738202353914231,
        0.0047410771968039635,
        -0.0037597834473731798,
        -0.007372741752917944,
        -0.005081227606894846,
        -0.004255657895742032,
        0.002949275144576381,
        0.005924894130109832,
        0.006114880324401049,
        0.005794164434888918,
        -0.0046241166898820735,
        -0.005165899116245373,
        -0.0070623250886811505,
        -0.004249861598832695,
        0.004065465407347613,
        0.0076431465320767325,
        0.0023179085462635383,
        0.005295548319590404,
        -0.003401629237660397,
        -0.0020797566587174164,
        -0.002443814728328821,
        -0.0039099386553059735,
        0.005036962660969344,
        0.0026058294011443886,
        0.0002719398643898089,
        0.002470304856978209,
        -0.002959592461401736,
        -0.0006204785083759975,
        -0.00035676260953045454,
        -0.0025701033106781536,
        0.002486637348197984,
        0.0,
        0.0,
        0.0008443665108305626,
        -0.0008689810771099495,
        0.0,
        0.0,
        -0.00079996689576495,
        0.0011043776531134536,
        0.0
    ],
    "zerrs": [
        0.00023984890568377182,
        0.0005065920253049444,
        0.00047461366114722353,
        0.0,
        0.0,
        0.0004520911222457749,
        0.0003815739074776997,
        0.0,
        0.0,
        0.000866894145095788,
        0.000732242683060035,
        0.00028977079643687816,
        0.0,
        0.0007843292817891038,
        0.0008268364033464676,
        0.00027509349544273986,
        0.0010433352891354155,
        0.0010314555337986643,
        0.0008839905848863846,
        0.0009074881548181237,
        0.0009122964304348019,
        0.0009362499323966059,
        0.0008216927466430016,
        0.0010593309918029916,
        0.0014394064228811275,
        0.0009609517730552876,
        0.0008071887315796006,
        0.0015435583715829228,
        0.0013149494089460352,
        0.0009238737553807516,
        0.0007394603251039199,
        0.0012967247316500758,
        0.0013703548596688158,
        0.0010601928005354486,
        0.0009246700550195017,
        0.001258908282198861,
        0.0015823280953642957,
        0.0009586824459835532,
        0.0008706589217430129,
        0.0015019047852942468,
        0.0008202505624771376,
        0.0010108215493216377,
        0.0008279406901889089,
        0.00078674087233641,
        0.0009243868333707722,
        0.0008770161578207967,
        0.0009765592300119238,
        0.0008691362874671603,
        0.00027193987114416046,
        0.0006986494972321868,
        0.00076298529873095,
        0.0004387473124136884,
        0.0003567626125831113,
        0.0007523997107689331,
        0.0006581932132382608,
        0.0,
        0.0,
        0.0003572252040140301,
        0.0004029178110258116,
        0.0,
        0.0,
        0.0004988780919255383,
        0.0004637485756476576,
        0.0
    ]
}