{
    "bins": [
        0.0,
        0.7853982,
        1.570796,
        2.356194,
        3.141593,
        3.926991,
        4.712389,
        5.497787,
        6.283185
    ],
    "yvals": [
        -0.00027046025824861833,
        -0.00023313548879306764,
        0.00021071380370207214,
        0.00030415597677104254,
        0.00030421888010919297,
        0.00024385941904613972,
        -0.0002634541977443284,
        -0.0002941760737867935
    ],
    "yerrs": [
        2.646883911242496e-05,
        2.0897819517863825e-05,
        1.9353630425040956e-05,
        2.7431599863134824e-05,
        2.8161877202304305e-05,
        2.3016904397860592e-05,
        2.366604163384048e-05,
        2.7696536554590424e-05
    ]
}