{
    "bins": [
        [
            -1.0,
            -0.75,
            -0.5,
            -0.25,
            0.0,
            0.25,
            0.5,
            0.75,
            1.0
        ],
        [
            0.0,
            0.7853982,
            1.570796,
            2.356194,
            3.141593,
            3.926991,
            4.712389,
            5.497787,
            6.283185
        ]
    ],
    "zvals": [
        0.0049731934705223415,
        0.001796856573827938,
        -0.0015038973870572631,
        -0.006940920474815986,
        -0.002886507477737401,
        0.0,
        0.003501129363711138,
        0.003020467584587687,
        0.006313770517935997,
        0.004385712819669217,
        -0.002926607910893586,
        -0.0077328338844332625,
        -0.006760791344006476,
        -0.0037372532142939,
        0.002811596158890143,
        0.00240477923294941,
        0.0035906035944569263,
        0.003393771156476374,
        -0.005008388103865812,
        -0.003029322930128508,
        -0.007373077089577511,
        -0.0056411959286883865,
        0.00413214701336138,
        0.001674197795257946,
        0.004369029620898036,
        0.0026739738766775258,
        -0.002663966549443722,
        -0.006393000245734971,
        -0.00227802668201345,
        -0.007008731878614412,
        0.005378633508106719,
        0.003212927967731011,
        0.002552229429606536,
        0.002802159109689383,
        -0.005300746882472327,
        -0.003318575653903303,
        -0.0034841606421202997,
        -0.002420326000320857,
        0.004006266886342976,
        0.003065829044637242,
        0.0030904725781138787,
        0.002750148268813587,
        -0.002423349180924831,
        -0.009970448141645204,
        -0.004644619415888503,
        -0.0015470958673182262,
        0.003912801407693935,
        0.00150959437126145,
        0.008602851394362758,
        0.005420152692049812,
        -0.0019011400589255389,
        -0.007539439189507499,
        -0.00564776075314681,
        -0.003268626607146951,
        0.003666548679777642,
        0.006957058714180582,
        0.0022602669575764243,
        0.0021511091576778035,
        -0.000992500108225384,
        -0.005986557151205948,
        -0.006369193708158154,
        -0.0019157930119506291,
        0.0007552787249267253,
        0.00456339741124882
    ],
    "zerrs": [
        0.0019319040232909043,
        0.0009500058889186137,
        0.0009245642954207556,
        0.0023276487960061975,
        0.0013375136882658831,
        0.0,
        0.0012800957258842212,
        0.0014725421282650926,
        0.0023864782505605186,
        0.0018373126012887235,
        0.0013768568280657667,
        0.0027357098055429884,
        0.002559917586327477,
        0.001440418261857801,
        0.0012577895741201052,
        0.0013896029853658104,
        0.0017953836167301266,
        0.001615680223866174,
        0.0018542148987797304,
        0.001749479310195176,
        0.0027877990803422147,
        0.002236632064626661,
        0.0015952079252635981,
        0.0011838515555094846,
        0.001953911173694079,
        0.0013659990465804599,
        0.0014738663265861124,
        0.0026106492707146257,
        0.0016108209670236712,
        0.002453619469927474,
        0.0018595404792940274,
        0.0016066745521815546,
        0.0014736083708345685,
        0.0013985595123387185,
        0.0021838583084754057,
        0.001916024736690045,
        0.0020116125244619095,
        0.0014391825119830133,
        0.0016479906388839674,
        0.0015331300436675884,
        0.0015453193444080495,
        0.001234161165361868,
        0.0014297433366021579,
        0.0033242643251307877,
        0.002322373217982992,
        0.0011835417070091868,
        0.0015022148401828868,
        0.001067542814095494,
        0.002486639518322897,
        0.0017103068419442907,
        0.0011632871888419465,
        0.002858151745071533,
        0.002526618053489382,
        0.0014701732616193193,
        0.0014179751588444113,
        0.0022032491318294935,
        0.0010434178239516665,
        0.0008767753072374083,
        0.0006022807066857909,
        0.002201548637158485,
        0.002190015110868744,
        0.0010415710538643594,
        0.0003538740395282353,
        0.0015686999839480491
    ]
}