{
    "bins": [
        -1.0,
        -0.75,
        -0.5,
        -0.25,
        0.0,
        0.25,
        0.5,
        0.75,
        1.0
    ],
    "yvals": [
        3.6485604e-05,
        5.513484e-05,
        -3.7971652e-05,
        1.897276e-06,
        -2.5451072e-06,
        9.58134e-06,
        -1.1912912e-05,
        -5.371012e-05
    ],
    "yerrs": [
        5.830466190623182e-05,
        7.532787000838401e-05,
        5.213224721801277e-05,
        2.1236553392676506e-05,
        2.0603409426597337e-05,
        4.967582913248655e-05,
        7.127488197114043e-05,
        5.694203368338718e-05
    ]
}