{
    "bins": [
        [
            -1.0,
            -0.75,
            -0.5,
            -0.25,
            0.0,
            0.25,
            0.5,
            0.75,
            1.0
        ],
        [
            0.0,
            0.7853982,
            1.570796,
            2.356194,
            3.141593,
            3.926991,
            4.712389,
            5.497787,
            6.283185
        ]
    ],
    "zvals": [
        0.0,
        -0.0001750133244580008,
        -0.00025825708748940035,
        0.0,
        0.0,
        -0.00015120344080326158,
        -0.00036813152057937513,
        0.0,
        0.0,
        -0.00038972469747177796,
        -0.0004591229924191303,
        -1.4218602264581443e-05,
        -1.9321195113814903e-05,
        -0.0005384923312766268,
        -0.00044771160609016075,
        -1.989103104413304e-05,
        -0.00010954677512629897,
        -0.00030381215735516447,
        -0.00015949106058329667,
        -0.00014961791395201674,
        -0.00013926243764308027,
        -0.0003566882523255726,
        -0.00032244013863035054,
        -5.45193647042646e-05,
        -7.120596915042585e-05,
        -0.00011998592305708012,
        -7.946691995650614e-05,
        -6.732440453833021e-05,
        -6.826393751957603e-05,
        -8.959589914922118e-05,
        -8.786251047239746e-05,
        -5.7329048456960686e-05,
        9.343209597373662e-05,
        9.169131871772496e-05,
        9.577029735242515e-05,
        6.789995912905415e-05,
        5.9361037333937675e-05,
        9.369715736480105e-05,
        0.00010406784840297532,
        5.122131709018868e-05,
        0.00013579440339944756,
        0.0002986026189530961,
        0.00027587999969442255,
        0.00017547738156020062,
        0.0001878005800880572,
        0.0002547312827381787,
        0.00028428154897262284,
        9.616780282099015e-05,
        0.0,
        0.00042642986776891915,
        0.00043349461037588594,
        0.0,
        0.0,
        0.00032868094902202457,
        0.0003820420729362693,
        3.329629054313865e-05,
        0.0,
        0.000360854996028764,
        0.0003197631264658174,
        0.0,
        0.0,
        0.00035784853029928785,
        0.0001539678481483274,
        0.0
    ],
    "zerrs": [
        0.0,
        0.00010910798781258683,
        0.00010562980402876933,
        0.0,
        0.0,
        7.613093388577994e-05,
        0.0001328826656450364,
        0.0,
        0.0,
        9.59802160431873e-05,
        0.000100089257528128,
        1.421860196471167e-05,
        1.9321193233107792e-05,
        0.00011522005093415644,
        0.00010799850332753878,
        1.989102811476656e-05,
        3.3924341562055246e-05,
        5.896990752471071e-05,
        4.0648151708548814e-05,
        3.7710276787149275e-05,
        3.8298569232983434e-05,
        6.377239159739726e-05,
        6.025091321354449e-05,
        2.546988864254809e-05,
        1.690562875564777e-05,
        2.294463790720773e-05,
        1.6715810681896208e-05,
        1.604531835125676e-05,
        1.6056932593348802e-05,
        1.9324971932901044e-05,
        1.923190020670051e-05,
        1.5261814413427164e-05,
        1.8384498881828696e-05,
        2.0602149060012513e-05,
        2.107669970670872e-05,
        1.64689508422539e-05,
        1.4356448658025146e-05,
        2.0747505793244825e-05,
        1.9257778006265425e-05,
        1.2976908110969813e-05,
        3.731989125869457e-05,
        5.7816408689700006e-05,
        5.2407416706545404e-05,
        4.412237519831459e-05,
        4.510928616220625e-05,
        5.4477954479998335e-05,
        5.675181625581897e-05,
        3.164904362687132e-05,
        0.0,
        9.733409765110633e-05,
        0.00010222912761523342,
        0.0,
        0.0,
        9.356382967111249e-05,
        9.148814837780783e-05,
        2.3544079090214033e-05,
        0.0,
        0.0001456820596576758,
        0.00015489430701567055,
        0.0,
        0.0,
        0.00013707692931059373,
        9.111981595415982e-05,
        0.0
    ]
}