{
    "bins": [
        -1.0,
        -0.75,
        -0.5,
        -0.25,
        0.0,
        0.25,
        0.5,
        0.75,
        1.0
    ],
    "yvals": [
        0.004337044,
        0.0018601616,
        0.001272864,
        0.0004471764,
        -0.000468352,
        -0.0014279544,
        -0.00216342,
        -0.004454568
    ],
    "yerrs": [
        0.000536067010736531,
        0.0002500102397902934,
        0.0001538421008696904,
        5.486673309027976e-05,
        5.7682219097396036e-05,
        0.00016195831562473105,
        0.0002695361645493977,
        0.0005630891936451986
    ]
}