{
    "bins": [
        [
            -1.0,
            -0.75,
            -0.5,
            -0.25,
            0.0,
            0.25,
            0.5,
            0.75,
            1.0
        ],
        [
            0.0,
            0.7853982,
            1.570796,
            2.356194,
            3.141593,
            3.926991,
            4.712389,
            5.497787,
            6.283185
        ]
    ],
    "zvals": [
        0.0,
        0.000556967182744846,
        0.0010107023445437857,
        0.0,
        0.0,
        -0.0013515394742538182,
        -0.0008399843136855455,
        0.0,
        0.0014746955111432645,
        0.005787513028429669,
        0.004102521778766945,
        0.002041984265322467,
        -0.0010650014387609845,
        -0.007021392975281324,
        -0.004447250438631116,
        -0.0011269328416930017,
        0.003086498543032057,
        0.004470479545524574,
        0.0070003183099524085,
        0.0012011688326570317,
        -0.001449318689377869,
        -0.0041451416988584145,
        -0.0046630268984642195,
        -0.0017369155510963872,
        0.0006959348773653924,
        0.002195782061014176,
        0.0020131286303250078,
        0.0006842320909499504,
        -0.0006811491753225751,
        -0.0020968400734404724,
        -0.0019848993758578458,
        -0.0010119623426593908,
        -0.0005779127072101769,
        -0.0017843655788187846,
        -0.0014194362603418907,
        -0.0007227470368564259,
        0.0008693462422873496,
        0.0015314329804761411,
        0.001914217759658161,
        0.0005937799688820192,
        -0.0009557337921069846,
        -0.0043213902559951145,
        -0.004726538646647942,
        -0.0014253091740631196,
        0.0017366741448284814,
        0.006097071803085825,
        0.006650549148329893,
        0.0017788260219659337,
        -0.0020171439150229783,
        -0.005858025067042459,
        -0.006214357561389259,
        -0.0005710860339776343,
        0.0005069362539756911,
        0.006405633831509631,
        0.0030377607276820167,
        0.0013993873170036087,
        0.0,
        -0.0019836021949641313,
        -0.0007130978179216144,
        0.0,
        0.0,
        0.0,
        0.0012707452781901662,
        0.0
    ],
    "zerrs": [
        0.0,
        0.0005569673377305578,
        0.0007168296254427979,
        0.0,
        0.0,
        0.0009593231915025772,
        0.0008399843163064369,
        0.0,
        0.0005855840872919602,
        0.00151125955672818,
        0.001257435855757948,
        0.00069328126857092,
        0.00041876483765481163,
        0.0017156258936336748,
        0.0013628827437202455,
        0.0004450945681574019,
        0.0006476993165134803,
        0.0010516819224641854,
        0.001281244613667598,
        0.00036422446659896987,
        0.0004300356779122341,
        0.0009750652351814507,
        0.0011052961859955805,
        0.00046652638070776993,
        0.00020488660269403638,
        0.0004576954688263589,
        0.0004540427860832844,
        0.0001875572079187732,
        0.00018597720138488437,
        0.00045875509891730564,
        0.0004668521584090487,
        0.00024827045363805944,
        0.00016313595741111059,
        0.00044618168380573966,
        0.00033822836564025645,
        0.00018547195618074457,
        0.00022960871181433023,
        0.0003866060292491102,
        0.0004031790928363331,
        0.00016447979753416556,
        0.00036656601491371173,
        0.0010394688784479255,
        0.001123020955625332,
        0.000519654911417083,
        0.00041549343464527725,
        0.0011528560947613718,
        0.0012275270073322795,
        0.00047578582214192106,
        0.0007269800984992761,
        0.0017436894170288586,
        0.0017606574441288863,
        0.0002881425058538159,
        0.00027415830534722747,
        0.0016259929415179332,
        0.0010863530373446957,
        0.0005481628471938993,
        0.0,
        0.0014030622851423922,
        0.0007130977766560159,
        0.0,
        0.0,
        0.0,
        0.0008991108566421243,
        0.0
    ]
}