{
    "bins": [
        [
            -1.0,
            -0.75,
            -0.5,
            -0.25,
            0.0,
            0.25,
            0.5,
            0.75,
            1.0
        ],
        [
            0.0,
            0.7853982,
            1.570796,
            2.356194,
            3.141593,
            3.926991,
            4.712389,
            5.497787,
            6.283185
        ]
    ],
    "zvals": [
        0.0,
        -0.02248061810206242,
        -0.005611773903167566,
        0.0,
        0.0,
        -0.012896457592201665,
        -0.016078869566767424,
        0.0,
        -0.0015665169591679736,
        -0.004960397393524657,
        -0.0033214752265730246,
        -0.007111753389041749,
        -0.0042464437138877344,
        -0.011887623854402483,
        -0.011304979131599523,
        -0.0022048749805830934,
        0.035223803670545714,
        0.04358834211147523,
        0.04348489810261805,
        0.03207646559264781,
        0.046117932564126704,
        0.04898783037389961,
        0.02874956646184483,
        0.040617653724608425,
        0.07092142559022925,
        0.06609343698187084,
        0.06447640559308784,
        0.06434395765719081,
        0.039936607936358365,
        0.0420772907494035,
        0.07765601644007243,
        0.0771272654119313,
        0.07850422881030285,
        0.047724152015704645,
        0.07487648300606828,
        0.04758929919696868,
        0.07429817748453647,
        0.04681150193914424,
        0.09308274276226833,
        0.06569662769704024,
        0.02475937938233115,
        0.031956707798264775,
        0.031523798125281714,
        0.04972706102248666,
        0.02300545201286481,
        0.03242841463818345,
        0.0514491760865192,
        0.0316025709258236,
        -0.0005403811722512223,
        -0.01763118256761096,
        -0.004568083443044164,
        -0.0016753726449868155,
        0.0018661392058548652,
        -0.019658909240919894,
        -0.006442522135274092,
        -0.005600075375796732,
        0.0,
        0.0,
        -0.010287380410950883,
        0.0,
        0.0,
        0.0,
        -0.005127418200708432,
        0.0
    ],
    "zerrs": [
        0.0,
        0.01673641682926367,
        0.005611773225656397,
        0.0,
        0.0,
        0.009238802127272145,
        0.011477983377584962,
        0.0,
        0.0021025547631630032,
        0.004402388199178401,
        0.005671313691883413,
        0.004460925428456693,
        0.003177882911245009,
        0.006868914360245658,
        0.005942988080033877,
        0.0014309326772026967,
        0.008301952616535685,
        0.009785501772446302,
        0.009985303471901264,
        0.008194769887630482,
        0.009882682356411085,
        0.010690342239376038,
        0.007864439410999895,
        0.008957926072955858,
        0.01392462202405492,
        0.0141010107217903,
        0.01407697250206057,
        0.013425148077747464,
        0.010681949930056101,
        0.011728324364305605,
        0.01587689915131195,
        0.014598504592954094,
        0.014589929872128407,
        0.011941140819954928,
        0.014714861069040434,
        0.011667312287074764,
        0.014317159032491679,
        0.012108449270365218,
        0.01730752860182838,
        0.013713134876872445,
        0.007058251750903673,
        0.007952820545793325,
        0.007708033546681166,
        0.009857812312706807,
        0.006876157024801911,
        0.008404817909486965,
        0.011344032530644624,
        0.008130129014027727,
        0.0010366705569072518,
        0.0078314747435744,
        0.0033984340445994735,
        0.0025531333322898545,
        0.0024971859935561266,
        0.007594736185857045,
        0.004867732306369084,
        0.0045133852471367095,
        0.0,
        0.0,
        0.007453280926917798,
        0.0,
        0.0,
        0.0,
        0.005127418760315436,
        0.0
    ]
}