{
    "bins": [
        -1.0,
        -0.75,
        -0.5,
        -0.25,
        0.0,
        0.25,
        0.5,
        0.75,
        1.0
    ],
    "yvals": [
        0.4184788,
        0.26845232,
        0.23660804,
        0.13824576,
        0.1611076,
        0.17714956,
        0.28565028,
        0.4246672
    ],
    "yerrs": [
        0.06445035298584485,
        0.04157493475641303,
        0.03292183955978159,
        0.02264602040094462,
        0.023995032819314917,
        0.02774281600703144,
        0.04107331980738835,
        0.06380669557342708
    ]
}