{
    "bins": [
        [
            -1.0,
            -0.75,
            -0.5,
            -0.25,
            0.0,
            0.25,
            0.5,
            0.75,
            1.0
        ],
        [
            0.0,
            0.7853982,
            1.570796,
            2.356194,
            3.141593,
            3.926991,
            4.712389,
            5.497787,
            6.283185
        ]
    ],
    "zvals": [
        0.0,
        0.00012648942994238077,
        0.0002429736261105835,
        0.0,
        0.0,
        -0.00014024374902915467,
        -0.0003511980422664688,
        0.0,
        0.0,
        0.0004966974952056142,
        0.0005688209035418986,
        1.341542833642518e-05,
        -1.8330156175595042e-05,
        -0.0006442883735380025,
        -0.0005402000005092961,
        -1.88101217471906e-05,
        0.00010280252743130808,
        0.00045315375214954764,
        0.0002337419754060999,
        0.00014057252428383536,
        -0.00013269348788766963,
        -0.0005148457215322678,
        -0.00048096144884504427,
        -5.05398282144849e-05,
        5.159548366675655e-05,
        0.00018748012790461088,
        0.00012067670149401962,
        5.9339520422103926e-05,
        -5.673587149445247e-05,
        -0.00014134067058994298,
        -0.00013963417273789853,
        -3.7820620882660776e-05,
        -7.753549728023313e-05,
        -0.00014452895080683953,
        -0.00014820806775672974,
        -4.448800673288354e-05,
        4.71837157721308e-05,
        0.0001434711063690002,
        0.00015851168452173296,
        4.215721965169253e-05,
        -0.00012185660725985875,
        -0.000430305712595579,
        -0.0004094632784906507,
        -0.00016221380470308723,
        0.0001885756775545646,
        0.00038035956292223826,
        0.0004098583393387812,
        8.741835349720782e-05,
        0.0,
        -0.0005441838518009599,
        -0.0005354742436318912,
        0.0,
        0.0,
        0.0003801174945696323,
        0.0004890757042926008,
        3.184400265852473e-05,
        0.0,
        -0.0002759483156178945,
        -0.00020912862013908878,
        0.0,
        0.0,
        0.0003182354933422291,
        0.00012554587610358062,
        0.0
    ],
    "zerrs": [
        0.0,
        7.342592050010403e-05,
        9.940402302086498e-05,
        0.0,
        0.0,
        7.04722948683017e-05,
        0.00012474513086875322,
        0.0,
        0.0,
        0.00012164870736300129,
        0.00012358807265606335,
        1.3415429205073712e-05,
        1.8330153925872756e-05,
        0.00013706515907748463,
        0.00012959774086023743,
        1.881012635553078e-05,
        3.2422671871582535e-05,
        8.754759163210893e-05,
        5.978348893735135e-05,
        3.6393500589821706e-05,
        3.73980473916352e-05,
        9.204876790745737e-05,
        8.986794641811754e-05,
        2.405135643532376e-05,
        1.3789987519542237e-05,
        3.5914812376699455e-05,
        2.5528063824865752e-05,
        1.567435126054397e-05,
        1.4603923634247956e-05,
        3.086797176789571e-05,
        3.040169060407778e-05,
        1.1857781807801364e-05,
        1.613753370729185e-05,
        3.244811051220145e-05,
        3.3445238800177165e-05,
        1.1669828619817892e-05,
        1.2162736293031915e-05,
        3.205270395112121e-05,
        2.9157318408122184e-05,
        1.171760985013423e-05,
        3.409470794495711e-05,
        8.354344739050009e-05,
        7.79897205495957e-05,
        4.2157945073982224e-05,
        4.5339844720492584e-05,
        8.122680841173522e-05,
        8.166311998315103e-05,
        2.95298850373805e-05,
        0.0,
        0.000123283807253141,
        0.00012502336338250064,
        0.0,
        0.0,
        0.0001068170346184368,
        0.00011688454628683222,
        2.2517141459564726e-05,
        0.0,
        0.00010445786215378466,
        9.464427185142396e-05,
        0.0,
        0.0,
        0.00012067116441549033,
        7.252368590848585e-05,
        0.0
    ]
}