{
    "bins": [
        [
            -1.0,
            -0.75,
            -0.5,
            -0.25,
            0.0,
            0.25,
            0.5,
            0.75,
            1.0
        ],
        [
            0.0,
            0.7853982,
            1.570796,
            2.356194,
            3.141593,
            3.926991,
            4.712389,
            5.497787,
            6.283185
        ]
    ],
    "zvals": [
        -0.0014902646835707031,
        -0.0038046151899075852,
        -0.001443461786253594,
        -0.0010106236447971033,
        0.0003847321230764528,
        0.0040213985775364855,
        0.0034696222806780775,
        0.0016490691343751833,
        0.0,
        -0.007909082505706025,
        -0.003616691664608263,
        -0.0008041329311598309,
        0.0008582339145248648,
        0.006349932136318149,
        0.004315902001278334,
        0.0007470556329402419,
        -0.0004869583352750235,
        -0.002735221310780346,
        -0.004217478526810611,
        -0.000369309764845639,
        0.00034495254635229515,
        0.003561980040692745,
        0.0037598348862614883,
        0.0006425796857134856,
        -5.777054238219542e-05,
        -0.0017922907347079403,
        -0.0014061044209432673,
        -0.00039091055629049697,
        0.0002617606360087496,
        0.0016908777460599598,
        0.0011172648771705558,
        0.00021169068421360892,
        0.0003562591816482391,
        0.0016708592766620939,
        0.001560052864916896,
        0.00010618556937301933,
        -0.0002404760389000226,
        -0.001212722721473699,
        -0.001522370568807153,
        -0.00024029814183382188,
        0.0010602209172366323,
        0.0026949573833794796,
        0.00414614653971617,
        0.0006355714738623299,
        -0.0008430013827384329,
        -0.0028159032745181433,
        -0.00426611985260976,
        -0.0004708316038492587,
        0.0005046669065449856,
        0.0044618118359893546,
        0.005915961079605501,
        0.0005516172034851076,
        -0.0007473907496581348,
        -0.003228599003307878,
        -0.007007086852780376,
        -0.000591732089972218,
        0.0006632594778037433,
        0.00390008018866363,
        0.0017145508391923588,
        0.0006876199231218782,
        -0.0008432376960470995,
        -0.004077135414146713,
        -0.006012854629117977,
        -0.0014895153794636606
    ],
    "zerrs": [
        0.0006240987217613418,
        0.0012947055979387943,
        0.0008370657721599798,
        0.0005255455925413673,
        0.000384732132493477,
        0.0015299985335132658,
        0.0013816080470843858,
        0.0006811223227027828,
        0.0,
        0.001721890716226341,
        0.0012277734696289919,
        0.00047304262537363863,
        0.0005004821269442597,
        0.0016627993250502165,
        0.001282497746466372,
        0.00043160123732989845,
        0.00029617080905672006,
        0.0007752998282872674,
        0.000949712228356761,
        0.00021538626476483533,
        0.00025720603911077365,
        0.0010199318151735475,
        0.0010725173608047216,
        0.0003230121217559877,
        4.27508665722809e-05,
        0.0004231545344232953,
        0.00033753081607571796,
        0.00014352387255156082,
        0.00013154719362635053,
        0.00044521066751026665,
        0.00035639941432941537,
        0.00010689408063824563,
        0.00014420757851675567,
        0.00040460611402819775,
        0.00034998480900278486,
        7.046581896858432e-05,
        0.00013967715320136682,
        0.00035793975519714694,
        0.00041855353846703626,
        0.00015126597368325616,
        0.0004063845998820771,
        0.0007665140792059926,
        0.0009106611311420238,
        0.0002935843205987296,
        0.00035594892148412856,
        0.0008444370617919697,
        0.0011376931136212296,
        0.00027326956094556666,
        0.0003610443468957104,
        0.001250801142448003,
        0.001371640770677566,
        0.00031894849920693544,
        0.0004330664857673771,
        0.001155549242181756,
        0.001845068849306563,
        0.00041883067454656474,
        0.0003519972744362396,
        0.0012486579720546519,
        0.0007673903263955602,
        0.00034269271480012417,
        0.0004283815443553165,
        0.0014202749408607016,
        0.0018052216553578616,
        0.0007073255002938767
    ]
}