{
    "bins": [
        [
            -1.0,
            -0.75,
            -0.5,
            -0.25,
            0.0,
            0.25,
            0.5,
            0.75,
            1.0
        ],
        [
            0.0,
            0.7853982,
            1.570796,
            2.356194,
            3.141593,
            3.926991,
            4.712389,
            5.497787,
            6.283185
        ]
    ],
    "zvals": [
        -0.001179067637282591,
        -0.0025315553468573506,
        -0.002535523136040581,
        -0.0009173329734313388,
        0.0008919895390617238,
        0.0018526240199236569,
        0.0020775051629874286,
        0.0008514348139414668,
        -0.0013373190822184209,
        -0.00326183139295781,
        -0.002729149806849522,
        -0.0017147243630307653,
        0.001681828066789067,
        0.004129659102773372,
        0.004269124698560476,
        0.001435476026167625,
        -0.0015243946319204703,
        -0.006704357969935744,
        -0.003805809538603359,
        -0.0012444136037861012,
        0.0010314943506349644,
        0.003914128123575564,
        0.005601740773467721,
        0.001097901446145776,
        -0.0008134513167970081,
        -0.005998387059398435,
        -0.00503321577085758,
        -0.0011698369873147279,
        0.0005974204161456992,
        0.004706774399731092,
        0.004996710966923778,
        0.0008790814338717443,
        -0.001590830231085327,
        -0.003943662689149371,
        -0.007200435957310817,
        -0.0014351574168034338,
        0.0008075533678466202,
        0.0069520472422898985,
        0.005563823691937083,
        0.0008677857595766734,
        -0.0008249303347015565,
        -0.004088680666026821,
        -0.0042580123707979915,
        -0.0012408826596417872,
        0.0008359751361729973,
        0.005763671412455851,
        0.004896896095992097,
        0.0008355631157706032,
        -0.0009972811244028826,
        -0.004558756339780937,
        -0.0035680019556963483,
        -0.0007497987647043095,
        0.0017455211243216809,
        0.0029121276091866803,
        0.004034703933547068,
        0.0005030169671937032,
        -0.0008640559654962285,
        -0.0032243385453842627,
        -0.002737770658952532,
        -0.0009340246167871362,
        0.0007363446303657507,
        0.002645964975719317,
        0.0022605313484373533,
        0.0016118268699436466
    ],
    "zerrs": [
        0.00024909880648392294,
        0.0005230869659429495,
        0.0005259966780526232,
        0.00020644910781831652,
        0.00022030478091297247,
        0.00047149149452072525,
        0.0005015014489360498,
        0.0002126798679187596,
        0.0003146375666929963,
        0.0006889490010709662,
        0.0006341458269862588,
        0.0003627964456369213,
        0.00036438947076004044,
        0.0008187357698194464,
        0.0008045050950131366,
        0.00033087635676768085,
        0.0003835195158937909,
        0.0010750524335903942,
        0.0008189704911697564,
        0.00033613931877362317,
        0.00031273672742304236,
        0.0008073917931613995,
        0.0009743406060749167,
        0.00032004967929915906,
        0.0002883561545402571,
        0.0010404708969545785,
        0.000935575364516948,
        0.00033981049435352303,
        0.0002462990051561651,
        0.0009150012608929185,
        0.0009156222912442147,
        0.0002795021876592419,
        0.0004129952418027191,
        0.0008394328423425714,
        0.0011551973370281994,
        0.00037238648728325937,
        0.000287345960807221,
        0.0011007206977582857,
        0.000959238423453071,
        0.00029063702718049706,
        0.00029493692768523753,
        0.0009203223481210418,
        0.0008553163720837306,
        0.00034641634184673863,
        0.0002806320826476273,
        0.001010598020444602,
        0.0008895019161376336,
        0.000280365162578,
        0.0002952079375297937,
        0.000923964389410167,
        0.0007889357165174719,
        0.0002370693740559253,
        0.0003705474886051066,
        0.0006601475219348781,
        0.0007714385903352506,
        0.00018587208105740277,
        0.00025043074229852863,
        0.0006570688911708552,
        0.0006250490752360543,
        0.00023658231981968643,
        0.0001979613667603558,
        0.0005584587143423582,
        0.0005124726808608059,
        0.00031199291213208246
    ]
}