{
    "bins": [
        0.0,
        0.7853982,
        1.570796,
        2.356194,
        3.141593,
        3.926991,
        4.712389,
        5.497787,
        6.283185
    ],
    "yvals": [
        0.0003188997632029205,
        -0.0008977057231380071,
        0.0007380719074914886,
        -0.000616756960474867,
        0.00024586031540696555,
        0.0009299818690651112,
        -0.0007587363349537433,
        -7.213428096328233e-05
    ],
    "yerrs": [
        0.0004729451453414993,
        0.0005981818469082749,
        0.0004867199616316945,
        0.00042322349285121966,
        0.00043364742315038675,
        0.0006064994671723804,
        0.0005716307932378239,
        0.0004254349398086653
    ]
}