{
    "bins": [
        [
            -1.0,
            -0.75,
            -0.5,
            -0.25,
            0.0,
            0.25,
            0.5,
            0.75,
            1.0
        ],
        [
            0.0,
            0.7853982,
            1.570796,
            2.356194,
            3.141593,
            3.926991,
            4.712389,
            5.497787,
            6.283185
        ]
    ],
    "zvals": [
        -0.0002001827353309442,
        -0.0009932255985438206,
        0.0006022673854529807,
        0.0002584739731015701,
        0.0004888637353290941,
        0.001084367416265384,
        -0.001055782163947451,
        -0.0006486219725540429,
        -0.0004259925729394338,
        -0.0011353085022647123,
        0.002265190896844658,
        0.00046674905366571643,
        0.00021896954155727408,
        0.002088084767213566,
        -0.002095242921423279,
        0.0,
        -0.0012219686777993634,
        -0.002890588692761808,
        0.002561455975187103,
        0.0004314012622883401,
        0.0008138457189857878,
        0.0027711494045057415,
        -0.00231206802156359,
        -0.0007082635810124296,
        -0.001881967643928901,
        -0.0029666887276740524,
        0.0029142437337502775,
        0.000839354773815602,
        0.0017650826714608384,
        0.0025267403278337866,
        -0.0025168508195844664,
        -0.00117266914354251,
        -0.0014380730691768838,
        -0.003701893231684632,
        0.003495634060692796,
        0.002083750552267064,
        0.0013342137362203617,
        0.0029221103185900657,
        -0.00288379802342252,
        -0.0018793595094461664,
        -0.00021946890125289312,
        -0.0021728642479008726,
        0.0013618812372835178,
        0.0008468969275489274,
        0.0009955309282682152,
        0.0021197970965039386,
        -0.002848945884761612,
        -0.0009575333779816097,
        -0.0004449218243688361,
        -0.0027660143687695585,
        0.0019801018082551782,
        0.00042101505094862613,
        0.000787053188319807,
        0.0017948637506079723,
        -0.0020145220639726617,
        -0.000251939780849964,
        -0.0007496828997061617,
        -0.0008700946195673071,
        0.0009112052742685877,
        0.00020470054074425866,
        0.0006321014313761938,
        0.0009979429537635698,
        -0.0008732133262371436,
        0.0
    ],
    "zerrs": [
        0.0002001827270691221,
        0.00038497526647287336,
        0.0002862261216390131,
        0.0002584739504377572,
        0.0003462004366121414,
        0.0004328082341883907,
        0.0004331416466489417,
        0.00037824256553659123,
        0.00030124723528307637,
        0.00040137957696112893,
        0.0005856542177346796,
        0.00033006023672227044,
        0.00021896953032803364,
        0.0005568637998205402,
        0.0005508614024389341,
        0.0,
        0.0004991040577184576,
        0.0006291022680741734,
        0.0005635745441074968,
        0.00030508500186757025,
        0.0004070026513739551,
        0.000589528896403639,
        0.0005801370173620936,
        0.00040892679259611547,
        0.0006282706027489675,
        0.0006151322347460951,
        0.0006555518965226702,
        0.0004201358208262179,
        0.0005887189924515813,
        0.0005673433152376217,
        0.0006353221183023943,
        0.0005249578697967496,
        0.0005438372955571838,
        0.0007286839495657959,
        0.0007113154045477412,
        0.0006595999099071444,
        0.0005045196318007929,
        0.0006306504715881507,
        0.0006412555473756047,
        0.0006650289368481619,
        0.0002194689072529522,
        0.0005612118991410638,
        0.00044444895788891994,
        0.0004238745282975015,
        0.0004455986304872976,
        0.0005383002538328644,
        0.0007204939071821311,
        0.0004791261055700638,
        0.0003146122983058118,
        0.0006514422125785312,
        0.0005718996386551385,
        0.0002977066353640135,
        0.00039363290531386504,
        0.0005210796726935666,
        0.0005636981063313108,
        0.0002519397418271392,
        0.00043371687840977873,
        0.0003593891907374517,
        0.0003828854780421081,
        0.00020470052741344372,
        0.0003655564934116301,
        0.00035446806045230113,
        0.0003847456834624245,
        0.0
    ]
}