{
    "bins": [
        0.0,
        0.7853982,
        1.570796,
        2.356194,
        3.141593,
        3.926991,
        4.712389,
        5.497787,
        6.283185
    ],
    "yvals": [
        -0.0003113080727712388,
        -0.0011170720111515463,
        -0.00023929383573678573,
        0.00023819523579734632,
        0.0002473483507724745,
        -0.0005043799449451108,
        0.000193165503349894,
        0.00032856462583301724
    ],
    "yerrs": [
        0.0004087320864866183,
        0.0006114632842156318,
        0.0005147601632331812,
        0.0004112309029664561,
        0.00044329467263706616,
        0.00044729441854291104,
        0.0004952326758568268,
        0.00043431215869829323
    ]
}