{
    "bins": [
        0.0,
        0.7853982,
        1.570796,
        2.356194,
        3.141593,
        3.926991,
        4.712389,
        5.497787,
        6.283185
    ],
    "yvals": [
        1.0295944146548845e-07,
        -5.137810419127733e-06,
        -1.1336297011196875e-05,
        -4.963808204492239e-06,
        -1.9155269048304166e-06,
        4.147052831812662e-07,
        2.1455936989908304e-05,
        2.8782910065979297e-06
    ],
    "yerrs": [
        2.4110032772351137e-06,
        1.221279830462483e-05,
        1.0890780838219972e-05,
        2.6801355385378205e-06,
        2.885741219495804e-06,
        8.98373233844374e-06,
        1.1939465766624732e-05,
        2.5139577562170387e-06
    ]
}