{
    "bins": [
        0.0,
        0.7853982,
        1.570796,
        2.356194,
        3.141593,
        3.926991,
        4.712389,
        5.497787,
        6.283185
    ],
    "yvals": [
        0.0013172006251096575,
        -0.0017300150318730202,
        -0.001791029516245267,
        0.0012968987737443007,
        0.0012342189565035812,
        -0.0016358292228908148,
        -0.0019358376262735586,
        0.0012326771904181068
    ],
    "yerrs": [
        0.00013635283285017127,
        0.00015677841670771127,
        0.0001556583445573394,
        0.00013518270314614878,
        0.00013702899997372544,
        0.00016401888867323077,
        0.00017136298991419122,
        0.00013093697593303218
    ]
}