{
    "bins": [
        0.0,
        0.7853982,
        1.570796,
        2.356194,
        3.141593,
        3.926991,
        4.712389,
        5.497787,
        6.283185
    ],
    "yvals": [
        0.0017493228275796914,
        0.00534924340251526,
        -0.0046574284630212974,
        -0.0027035608652417435,
        0.002094412005123516,
        0.005187214635127669,
        -0.0041293560716986815,
        -0.0022000781769243114
    ],
    "yerrs": [
        0.0003687804919775667,
        0.0006194554677944847,
        0.000605140757513133,
        0.0004933333842702345,
        0.0004042525367483571,
        0.0006021615347600817,
        0.000558581637856209,
        0.0004382769960206429
    ]
}