{
    "bins": [
        [
            -1.0,
            -0.75,
            -0.5,
            -0.25,
            0.0,
            0.25,
            0.5,
            0.75,
            1.0
        ],
        [
            0.0,
            0.7853982,
            1.570796,
            2.356194,
            3.141593,
            3.926991,
            4.712389,
            5.497787,
            6.283185
        ]
    ],
    "zvals": [
        0.05213136470137059,
        0.07668628559947584,
        0.1601260507411529,
        0.04923641104712382,
        0.024836722273293275,
        0.14299399794753745,
        0.1360153705509818,
        0.03813887990547469,
        0.014683165813214239,
        0.12674586050533881,
        0.12443423589059308,
        0.014040287802760126,
        0.011149531829721997,
        0.12563179432593413,
        0.11347459504607858,
        0.01399321617829432,
        0.028768382713380294,
        0.08648142380841911,
        0.14246967779393382,
        0.015076988893543284,
        0.016067318735214497,
        0.1228069844842997,
        0.11263766905441575,
        0.0,
        0.020346830435822236,
        0.08976668893139247,
        0.06374689011176501,
        0.011990374319295033,
        0.037468590447136345,
        0.09748962946175062,
        0.08415819749986633,
        0.02384481753200289,
        0.02492336753509239,
        0.1064566261835722,
        0.05081133387148937,
        0.02889529016461697,
        0.017545891382458316,
        0.074199425004902,
        0.07491075862174339,
        0.024430910188210312,
        0.026868826539200114,
        0.1169430828555924,
        0.13085966605466276,
        0.0209150610072078,
        0.016733910705145665,
        0.09198531190555619,
        0.11252689719097836,
        0.00971901125289344,
        0.0,
        0.11650926447718594,
        0.0839024800165012,
        0.0186709837929511,
        0.013752589133152868,
        0.15473790358518869,
        0.051238072926083345,
        0.006890407156626323,
        0.08012068273138391,
        0.08099472649401361,
        0.18939890348587599,
        0.04892772718070688,
        0.025262468200835747,
        0.08611745891891756,
        0.2106333858756962,
        0.08064395376611605
    ],
    "zerrs": [
        0.026328435104466395,
        0.031512711318277306,
        0.044940241730443066,
        0.024678701237072744,
        0.017581283307961205,
        0.03924013548931717,
        0.040251757982987864,
        0.02203426892721501,
        0.0104040280639162,
        0.03017563430013261,
        0.030452698074645516,
        0.009935126454934282,
        0.007899127240153316,
        0.02765989397690125,
        0.026155234185255373,
        0.010033414074250999,
        0.011779920340351328,
        0.021088190150929855,
        0.027002767101000226,
        0.008710460583095532,
        0.008058247746239509,
        0.02287346596384499,
        0.023093933673784085,
        0.0,
        0.009100068404712856,
        0.01959879476153918,
        0.016465860939952004,
        0.006923499790608389,
        0.011299529798757021,
        0.018428639185744475,
        0.017954866459567054,
        0.009736351519021103,
        0.010181450926944929,
        0.02130858413753848,
        0.01467264585875707,
        0.010924905998864821,
        0.00785012388102871,
        0.0161970357036761,
        0.017203658982648206,
        0.00997778436662838,
        0.012048900911009318,
        0.025036949444184737,
        0.026807602634474414,
        0.010507589751616165,
        0.008413214120445725,
        0.020135206131553986,
        0.02357003157714946,
        0.006873921633439951,
        0.0,
        0.0304571133429688,
        0.026792363912603142,
        0.010780718793336834,
        0.00975791452714097,
        0.03187244531268877,
        0.019610518742839596,
        0.006890404948460313,
        0.0401213160841272,
        0.03677127734798626,
        0.05632621813447433,
        0.028420693396823706,
        0.017960023067085787,
        0.033573643326728346,
        0.05548404526663485,
        0.037088246103076226
    ]
}