{
    "bins": [
        [
            -1.0,
            -0.75,
            -0.5,
            -0.25,
            0.0,
            0.25,
            0.5,
            0.75,
            1.0
        ],
        [
            0.0,
            0.7853982,
            1.570796,
            2.356194,
            3.141593,
            3.926991,
            4.712389,
            5.497787,
            6.283185
        ]
    ],
    "zvals": [
        -0.023181046251442895,
        -0.019215785936757143,
        -0.017370775072001715,
        -0.02907299856506056,
        -0.023270148383367408,
        0.0,
        -0.040313242457964,
        -0.017510128622685573,
        -0.0021695231794521554,
        -0.0018665792035577383,
        -0.0032602008153827747,
        -0.0011869747733317716,
        -0.0032185623085365625,
        -0.005513316815168871,
        0.0012379063863162375,
        -0.000768225027310994,
        0.004279442962818097,
        0.00851882192692671,
        0.012708664906200425,
        0.0031229186693642343,
        0.008404217988841323,
        0.01104132172478158,
        0.009127932589591521,
        0.0023679622306142876,
        0.007753458054780364,
        0.009530263517417543,
        0.013245045187280848,
        0.01181460124089794,
        0.004341882204945771,
        0.027197171370438943,
        0.021871321291880047,
        0.0059499922332371625,
        0.004891896620083927,
        0.011904739228961424,
        0.016039480620016863,
        0.005865446734717004,
        0.006467513286257411,
        0.01170267303965633,
        0.0112831761730995,
        0.0061399188691593325,
        0.0028801583706201516,
        0.009812072302723537,
        0.006706923114140858,
        0.013344962242121521,
        0.005801216707962076,
        0.004658733533826163,
        0.009585932227991416,
        0.0020681779174380383,
        -0.002549726240778245,
        -0.0064516401752080284,
        -0.0038756829021718933,
        -0.006565518927322291,
        -0.002682740215788682,
        -0.0069414386081961005,
        -0.003168689505193546,
        -0.002634705970730764,
        -0.017098725207162428,
        -0.022321269552830425,
        -0.009341628066279773,
        -0.029250340272905875,
        -0.042816752780119115,
        -0.015550205118933333,
        -0.019726477531137085,
        -0.024460123402402355
    ],
    "zerrs": [
        0.00944366112350396,
        0.008794607955082696,
        0.009180656247504576,
        0.009944943260256234,
        0.010694109656684178,
        0.0,
        0.013647107678239977,
        0.008530772096550867,
        0.0010746738636874715,
        0.0017415579430823617,
        0.0026788345911697826,
        0.0017418739777811845,
        0.0017897502256529678,
        0.00291788386895158,
        0.0011072100412500999,
        0.0006518249702291213,
        0.002250354457996009,
        0.0039524497663833945,
        0.004598625493021736,
        0.0019620510424061643,
        0.003309353810760703,
        0.00398753210241143,
        0.0033227544912475785,
        0.0016744206289259387,
        0.003468800157016128,
        0.004833950431964289,
        0.005978954111084622,
        0.0048301350190115945,
        0.0030724042229108802,
        0.008660796938756536,
        0.007039685681630213,
        0.0029801593615326563,
        0.002825569669462475,
        0.005424777618753563,
        0.006587448943876419,
        0.003387123739485836,
        0.0037344486095025114,
        0.005889057720008118,
        0.004637082471577192,
        0.0030772581023410187,
        0.0014983494381997943,
        0.004180033824212295,
        0.003534431151778008,
        0.004622788799013655,
        0.002930350398888674,
        0.0033149605731866284,
        0.0036002632817925518,
        0.0014798541119808867,
        0.0017046914622317636,
        0.0029494464107014027,
        0.0023471028496172244,
        0.0033191027470638053,
        0.001851674191639959,
        0.0033065953038573046,
        0.0019111026710886163,
        0.0015384707041032127,
        0.007908506065316557,
        0.008779987745359931,
        0.005643293006742197,
        0.010778329392806967,
        0.014035324324291332,
        0.00794676937195409,
        0.00917339514517687,
        0.00873047604426653
    ]
}