{
    "bins": [
        -1.0,
        -0.75,
        -0.5,
        -0.25,
        0.0,
        0.25,
        0.5,
        0.75,
        1.0
    ],
    "yvals": [
        -0.0009976052,
        -0.0034488188,
        -0.005660344,
        -0.006109772,
        -0.006694904,
        -0.00723956,
        -0.0037780136,
        -0.0015869592
    ],
    "yerrs": [
        0.0003102951111442138,
        0.0005631694593992114,
        0.0007800027692258534,
        0.0008224605036109637,
        0.0008848898688537461,
        0.0008865180426815914,
        0.0005746793192729316,
        0.00034671943700923376
    ]
}