{
    "bins": [
        [
            -1.0,
            -0.75,
            -0.5,
            -0.25,
            0.0,
            0.25,
            0.5,
            0.75,
            1.0
        ],
        [
            0.0,
            0.7853982,
            1.570796,
            2.356194,
            3.141593,
            3.926991,
            4.712389,
            5.497787,
            6.283185
        ]
    ],
    "zvals": [
        -0.0208937122595901,
        -0.00988885377575542,
        -0.023439092027226965,
        -0.03616666178592028,
        -0.018906679161393325,
        -0.011401648590905504,
        -0.014794262272121909,
        -0.03265901364658429,
        -0.0028515848393846585,
        0.0014860382853122327,
        -0.0063533647908448985,
        -0.0014179218460935142,
        -0.0011865118067527543,
        -0.0023019926203020637,
        -0.00435384403830924,
        0.0,
        0.0011518304982109711,
        0.022868075260715014,
        0.006446698361849662,
        0.0,
        0.0011437874809968956,
        0.007847017690393917,
        0.015907231747470715,
        0.004608802161451902,
        0.0062310710668804685,
        0.014822995429831861,
        0.009422926974603962,
        0.0017306556285403981,
        0.009457304449463836,
        0.008717378959457501,
        0.02722378717541935,
        0.00549664246662202,
        0.0023053085683160464,
        0.023172394931587532,
        0.013151569013417404,
        0.0019755629940959945,
        0.003782733849589634,
        0.01307626961107617,
        0.013160390018818488,
        0.002095665127744151,
        0.0011253613771969428,
        0.0053020367513125196,
        0.012638825156162867,
        0.0031527027663646122,
        0.004963127993705101,
        0.009460110670004254,
        0.014214016333120283,
        0.002210491496031312,
        -0.0002304912845483985,
        -0.0019750124077251045,
        -0.007018230247594215,
        -0.0009580277031165051,
        -0.0027464694333318895,
        -0.003800148205113841,
        -0.002620066259399694,
        -0.0051632624478290005,
        -0.0283682391938255,
        -0.030192608128008506,
        -0.027951902092951605,
        -0.03367810756061569,
        -0.022999584923822054,
        -0.01673060028164065,
        -0.015297660549173798,
        -0.03519055561638813
    ],
    "zerrs": [
        0.010023040862130303,
        0.007042837080170329,
        0.01005989924046736,
        0.012659379025204587,
        0.007498655680784452,
        0.006775642039448751,
        0.007752283668272847,
        0.012882205234900041,
        0.0016093452958296445,
        0.001378323182097319,
        0.0037842092306608803,
        0.0014619672840619502,
        0.0012524033092466754,
        0.0023802728384213065,
        0.002714725474068804,
        0.0,
        0.0011518306237555639,
        0.007208408733472415,
        0.003282972643955026,
        0.0,
        0.0011437872582992332,
        0.0033204231190769903,
        0.004940935133621988,
        0.0024111770931377853,
        0.003598699722193223,
        0.006709139995251272,
        0.004735776268138874,
        0.0017306554886289632,
        0.004237739955194008,
        0.004367721664779672,
        0.008249190139349003,
        0.003176591811081577,
        0.0023053087207533496,
        0.008261483732171969,
        0.005962282810971156,
        0.0019755628723743686,
        0.0026749412707874625,
        0.005876871129530833,
        0.005905109990349894,
        0.002095665160569181,
        0.001125361288670677,
        0.00272480385425764,
        0.0052618896182462255,
        0.0019509432860290391,
        0.0025699705144689618,
        0.003941941896524384,
        0.005151391692036481,
        0.0016593639662573255,
        0.0007541403383551961,
        0.001791425973390974,
        0.0032896428656822786,
        0.0016591852091410264,
        0.002027546667308163,
        0.0021598440925794,
        0.0016524788867562697,
        0.0027600921272996556,
        0.010739796116437925,
        0.010685994889739486,
        0.011221751773572465,
        0.012769254438679826,
        0.010054801782736666,
        0.007772745179328865,
        0.007747127620932587,
        0.012512220312932379
    ]
}