{
    "bins": [
        -1.0,
        -0.75,
        -0.5,
        -0.25,
        0.0,
        0.25,
        0.5,
        0.75,
        1.0
    ],
    "yvals": [
        0.0033103364,
        0.0035726292,
        0.0031165764,
        0.0010733848,
        -0.0011226704,
        -0.0028176732,
        -0.0034885328,
        -0.0025412796
    ],
    "yerrs": [
        0.0006513311907163666,
        0.0004045180836501627,
        0.0002600780498235097,
        9.23018526357949e-05,
        9.351293386478686e-05,
        0.00024558374539044724,
        0.0004157335685267669,
        0.0005484980218742817
    ]
}