{
    "bins": [
        0.0,
        0.7853982,
        1.570796,
        2.356194,
        3.141593,
        3.926991,
        4.712389,
        5.497787,
        6.283185
    ],
    "yvals": [
        1.2434418617205897e-05,
        -1.6335301677697592e-05,
        4.988468267044225e-06,
        4.055648148266041e-05,
        -2.557899307102895e-05,
        3.3830669291238336e-05,
        -2.5545888835978706e-05,
        3.974881525035716e-05
    ],
    "yerrs": [
        4.578316729872022e-05,
        7.283579060878813e-05,
        7.075837076905649e-05,
        5.2342882323108464e-05,
        6.777528580590308e-05,
        7.058855743521e-05,
        7.063846796059818e-05,
        6.340885095819411e-05
    ]
}