{
    "bins": [
        -1.0,
        -0.75,
        -0.5,
        -0.25,
        0.0,
        0.25,
        0.5,
        0.75,
        1.0
    ],
    "yvals": [
        0.0032122796,
        0.006404132,
        0.006282176,
        0.0025805072,
        -0.0031012832,
        -0.00733842,
        -0.007194932,
        -0.004758276
    ],
    "yerrs": [
        0.0008065821222913386,
        0.0007644329663220968,
        0.0005117735436694633,
        0.000200260230699957,
        0.00022941309465677846,
        0.0005688098452031223,
        0.0008574200370880074,
        0.0010829446523253161
    ]
}