{
    "bins": [
        [
            -1.0,
            -0.75,
            -0.5,
            -0.25,
            0.0,
            0.25,
            0.5,
            0.75,
            1.0
        ],
        [
            0.0,
            0.7853982,
            1.570796,
            2.356194,
            3.141593,
            3.926991,
            4.712389,
            5.497787,
            6.283185
        ]
    ],
    "zvals": [
        -0.0033300188363049464,
        -0.000886620767208668,
        0.0029350235167392843,
        0.005750172842084087,
        0.0037343374951298567,
        0.0012854552723587278,
        -0.003189656199786606,
        -0.0053060180952841755,
        -0.004228791968201607,
        -0.002616920495575618,
        0.0023580839268752918,
        0.004122520145811237,
        0.004405759627602819,
        0.0020645593698990833,
        -0.0015340502522288065,
        -0.001190391113804721,
        -0.0017260166880952873,
        -0.001743998773615103,
        0.0006193323639734251,
        0.0009256838880619915,
        0.001329009241174538,
        0.002827813159697377,
        0.0,
        -0.0016398529153371923,
        -0.0014554013492773473,
        -0.0005742954716705343,
        0.00043392109478251797,
        0.0013939223248310734,
        0.00048804076404574477,
        0.0007813118953702455,
        -0.0005655446028637711,
        -0.0012068449372165454,
        0.00028031569209096733,
        0.0008449318294499933,
        -0.0002787280843597769,
        -0.0003863903570032557,
        -0.00044096491205732616,
        -0.0004972170542833061,
        0.00025234492575738676,
        0.0006207960804585702,
        0.0018803755852763605,
        0.0005797673484697818,
        -0.002491519968219935,
        -0.0017814430626980683,
        -0.002932614037723548,
        -0.0005241276397444354,
        0.0013206578066152451,
        0.0047709380466973445,
        0.0031751409667096255,
        0.0022731400571786675,
        -0.0034941586304014023,
        -0.004273213487666778,
        -0.004032731430433995,
        -0.0008633839149068372,
        0.0032495218984514864,
        0.0033554080860913834,
        0.0038088485560572967,
        0.001534807456807238,
        -0.002108012498121972,
        -0.00305384549763878,
        -0.005895329501730331,
        -0.0010256338824392221,
        0.0007922118467324848,
        0.005156987922047167
    ],
    "zerrs": [
        0.0017746199830969826,
        0.000886620947767942,
        0.0012684036199871512,
        0.0022028872298201878,
        0.0016882864128046093,
        0.0006796519279221636,
        0.0014915010035771845,
        0.002747033818131312,
        0.0021629175386116083,
        0.0012671804718481865,
        0.0011170011446571633,
        0.0018466951175156471,
        0.001807551432696372,
        0.0008994698078152162,
        0.0011173430261790561,
        0.0011903910587935291,
        0.0010214816888791177,
        0.000919446681395343,
        0.00048387621164886353,
        0.0006559873403290285,
        0.0007882992801903865,
        0.0010412059120236251,
        0.0,
        0.0011903933467071624,
        0.0006465672080539109,
        0.0003109643426549317,
        0.0002075622400636271,
        0.0006094292044191309,
        0.00025742730119677847,
        0.0003599283691576991,
        0.00026451273130880285,
        0.0006424186187975906,
        0.00019839016087131668,
        0.00027724062911152757,
        0.00018639555914019756,
        0.00038639037994398547,
        0.00025002882171378096,
        0.00022328099049699968,
        0.00014331242513770243,
        0.0003592694162528578,
        0.0009595354427414751,
        0.0004444143160611474,
        0.0011186764671373306,
        0.001031457352717319,
        0.0013397371723427173,
        0.00042695328621348834,
        0.0006462286979504687,
        0.0018146000069924507,
        0.001601583853209542,
        0.000984197328334142,
        0.0014097543922901707,
        0.0021486370333599,
        0.002026851892941665,
        0.0005119508390753352,
        0.0013359036925545947,
        0.0016803817485429953,
        0.0017187816295987151,
        0.000925232829387119,
        0.0008575617864988416,
        0.001797947215407545,
        0.0024544914568572045,
        0.0007334761358020924,
        0.0006433675592505364,
        0.0020041949707726354
    ]
}