{
    "bins": [
        [
            -1.0,
            -0.75,
            -0.5,
            -0.25,
            0.0,
            0.25,
            0.5,
            0.75,
            1.0
        ],
        [
            0.0,
            0.7853982,
            1.570796,
            2.356194,
            3.141593,
            3.926991,
            4.712389,
            5.497787,
            6.283185
        ]
    ],
    "zvals": [
        0.00559449206784533,
        -0.0016339617961751355,
        -0.0047534055345188056,
        0.0018185294353570605,
        0.0023760096155070417,
        -0.006999396484330239,
        -0.005656082648542524,
        0.002089840819559001,
        0.00341676617033245,
        -0.009381381002085822,
        -0.005676994339175808,
        0.0034549807168076352,
        0.0018487039691977819,
        -0.009282957175852246,
        -0.008347507887720622,
        0.004528358870279783,
        0.0011390487016649643,
        -0.016403050785219923,
        -0.007346583515618834,
        0.003908317173818658,
        0.004064511496082239,
        -0.009595379667378834,
        -0.005686222781315971,
        0.0010520806011729087,
        0.0038486821080058495,
        -0.01774832575288599,
        -0.014273710908354748,
        0.001457440103692518,
        0.00016843093565300645,
        -0.03072419333891862,
        -0.03878410181844111,
        0.003019947084153513,
        0.0016016996219242671,
        -0.006623985959726396,
        -0.008613650658646955,
        0.000607324430003094,
        0.0008230955515547529,
        -0.03218044863877933,
        -0.01051173035836608,
        0.00043501806727289864,
        0.0016806898717109358,
        -0.004906977330468712,
        -0.019473357456983597,
        0.0013751822958776368,
        0.0015027835568718019,
        -0.004451419025767828,
        -0.012403520253425655,
        0.002004453792854069,
        0.0007357256484672361,
        -0.009953585304160515,
        -0.0033772242862854258,
        0.004564613909617914,
        0.003744675183792165,
        -0.0058348607966916145,
        -0.010321248589886914,
        0.00179375093901436,
        0.0012744500815000594,
        -0.0024877019008711252,
        -0.0030653406298462695,
        0.0025055534830067264,
        0.001390035115953949,
        -0.0037236432993208546,
        -0.0007804832709021415,
        0.00385866834394791
    ],
    "zerrs": [
        0.0018824126485817876,
        0.0010000008233405438,
        0.002289441246943474,
        0.0012966432667505887,
        0.0012286844119444064,
        0.0026460141210771387,
        0.0030857331786524637,
        0.0011874341227276779,
        0.0016458782251135915,
        0.004129045944759506,
        0.003075523766618632,
        0.0017950321326518615,
        0.0013085904610949937,
        0.004862032421608349,
        0.004024026346734327,
        0.002118778776153433,
        0.0006029287885872378,
        0.0077735947297037505,
        0.004129037669118761,
        0.0018475636412333125,
        0.0017587191020955381,
        0.005548376477195306,
        0.0044992546332600445,
        0.0010520803891434548,
        0.0016114701612853226,
        0.007612522920202196,
        0.008068435381949542,
        0.0011641012811847435,
        0.0001684309458193498,
        0.0116161312481452,
        0.012884937255595497,
        0.0015732555023952404,
        0.0009699185068528577,
        0.005095124583877684,
        0.005460170126650734,
        0.00046716101272249673,
        0.000727839471493573,
        0.011466537306390311,
        0.007452579651861039,
        0.0004350180879410436,
        0.001188698783844629,
        0.003470837471695872,
        0.008699916343855937,
        0.0009728507639564049,
        0.0011581381469580496,
        0.004338412149425405,
        0.006062722510300097,
        0.0014174704719114293,
        0.0007357255030680626,
        0.005207920097746028,
        0.002074671191017495,
        0.0023226187543091458,
        0.0021349245320964375,
        0.0036134378902764205,
        0.004904913734447713,
        0.0011725028633552477,
        0.0007747410232175236,
        0.0016382827854812042,
        0.0019361867709849273,
        0.0015010028257404747,
        0.0007280728583918573,
        0.0020740391017047537,
        0.0005257623912959608,
        0.001728343573630405
    ]
}