{
    "bins": [
        -1.0,
        -0.75,
        -0.5,
        -0.25,
        0.0,
        0.25,
        0.5,
        0.75,
        1.0
    ],
    "yvals": [
        0.32186548,
        0.18749992,
        0.0979186,
        0.1561444,
        0.13811336,
        0.14367776,
        0.22706004,
        0.27349504
    ],
    "yerrs": [
        0.05351041767730841,
        0.032380502775590125,
        0.01986366330765803,
        0.02352762461448244,
        0.021978418505433917,
        0.02443924385082321,
        0.03539853104296844,
        0.04675004171121134
    ]
}