{
    "bins": [
        [
            -1.0,
            -0.75,
            -0.5,
            -0.25,
            0.0,
            0.25,
            0.5,
            0.75,
            1.0
        ],
        [
            0.0,
            0.7853982,
            1.570796,
            2.356194,
            3.141593,
            3.926991,
            4.712389,
            5.497787,
            6.283185
        ]
    ],
    "zvals": [
        -0.0001605750560671007,
        -0.0010109394245820399,
        -0.0007491997687796507,
        -0.00027951306278719483,
        0.00040392763923513927,
        0.0009465458277204681,
        0.0003348304935841447,
        0.0003087088584386516,
        -0.00028567857680346094,
        -0.0008639102375891554,
        -0.0010266636787972469,
        -0.0006153346260945074,
        0.00048798993631254457,
        0.0007305320359868501,
        0.0010765099987522253,
        0.0003136267217385326,
        -0.0002249028327286719,
        -0.0005267348597105823,
        -0.0006479991036391741,
        -0.0001865378998445376,
        0.000249535038286321,
        0.0008380917700325187,
        0.0003529774712948086,
        0.00030886042490558933,
        -9.78697430169817e-05,
        -0.00032418955082379907,
        -0.0002638826174754711,
        -5.949373503149355e-05,
        2.4847198490446875e-05,
        0.00022198717083567827,
        0.0002526194871899343,
        5.752293741517041e-05,
        6.669111286478629e-05,
        0.00022500037560583948,
        0.00020318671552512234,
        5.2227110042156925e-05,
        -1.1195556902360328e-05,
        -0.0002860046498717848,
        -0.00018330772423662912,
        -4.146603378159864e-05,
        0.00013253200733080365,
        0.0006019894631739482,
        0.0007279585636836357,
        0.0002212858941760812,
        -0.00014616854130007967,
        -0.0006664132070618975,
        -0.0007642255264209995,
        -0.00018612555672410682,
        0.00045990163970327405,
        0.0008929986816871654,
        0.0009490566566250489,
        0.00021153818632313004,
        -0.00034495565305743065,
        -0.001502484090868579,
        -0.0010275381398984974,
        -0.0002068599614462986,
        0.00041332348355267425,
        0.0010259937066286664,
        0.0007612660078075067,
        0.0003227790715292482,
        -0.0001818977384714501,
        -0.0007646360189356227,
        -0.0009339417721970265,
        -0.00021268121385590498
    ],
    "zerrs": [
        5.3686734374351946e-05,
        0.00022297764116286254,
        0.0001965800460350711,
        8.645072403056504e-05,
        9.902757329752931e-05,
        0.00022431881005955683,
        0.00013392393165430168,
        9.156690321261617e-05,
        8.188830223055415e-05,
        0.00021167228739905024,
        0.00025058948364922647,
        0.0001449852555097266,
        0.00012106017674787627,
        0.0002059320292720529,
        0.000264777509055606,
        9.630859984436683e-05,
        6.643687015504036e-05,
        0.00014750574818833781,
        0.0001708357243544341,
        6.358157342852051e-05,
        7.073937048035819e-05,
        0.00018908855220198337,
        0.00012169095105983966,
        8.433871300857604e-05,
        2.9260725464929765e-05,
        7.619642578321809e-05,
        7.353855743842868e-05,
        2.615850304296668e-05,
        1.5138744877610816e-05,
        6.562439540427368e-05,
        7.555054419914342e-05,
        2.5326631358508755e-05,
        2.2485908220355617e-05,
        5.989845587322781e-05,
        6.472299638217031e-05,
        2.1839849859401933e-05,
        9.024649042921024e-06,
        6.964332655054567e-05,
        5.666944235227364e-05,
        1.8970968950659216e-05,
        4.7358169616628275e-05,
        0.00015209274590900038,
        0.0001716274368324254,
        7.302578572551122e-05,
        5.587006461614016e-05,
        0.00016516027864721587,
        0.00018937468864655113,
        6.821839722027734e-05,
        0.00011089185864161014,
        0.00022650457443423446,
        0.00023980494810138794,
        7.498609813130541e-05,
        9.99043379377127e-05,
        0.0003049954688491478,
        0.0002613641976394867,
        7.33658058101336e-05,
        0.0001000471500356294,
        0.00023334170016704855,
        0.00020083037176375497,
        9.625974421040977e-05,
        6.83509094674629e-05,
        0.0002034799431858476,
        0.00023584839321094689,
        6.555257817705167e-05
    ]
}