{
    "bins": [
        0.0,
        0.7853982,
        1.570796,
        2.356194,
        3.141593,
        3.926991,
        4.712389,
        5.497787,
        6.283185
    ],
    "yvals": [
        0.009024755849962478,
        0.011556738508816805,
        -0.012900096511577573,
        -0.008868985063642811,
        0.006947192378895794,
        0.014149348483189418,
        -0.010923157431009503,
        -0.008507830424829197
    ],
    "yerrs": [
        0.0009613559301085595,
        0.0011252421313028397,
        0.0013371279326240357,
        0.001077090350045712,
        0.0008586649415058852,
        0.0013367010981951077,
        0.0012525758957140963,
        0.0010648090140565113
    ]
}