{
    "bins": [
        [
            -1.0,
            -0.75,
            -0.5,
            -0.25,
            0.0,
            0.25,
            0.5,
            0.75,
            1.0
        ],
        [
            0.0,
            0.7853982,
            1.570796,
            2.356194,
            3.141593,
            3.926991,
            4.712389,
            5.497787,
            6.283185
        ]
    ],
    "zvals": [
        0.000806112873698972,
        -0.003709656940724815,
        -0.00065223950150115,
        0.001685324274668035,
        0.000545579693352924,
        -0.0015697238852148852,
        -0.0015995227897193528,
        0.0016100377133631614,
        0.0003987776900940185,
        -0.006563889025408525,
        -0.0038167308803943993,
        0.0003304055136306514,
        0.0005467673714473425,
        -0.006983822214978903,
        -0.007240115202737977,
        0.00035466981072017004,
        0.0006437376607178371,
        -0.011237311843756119,
        -0.007481195521251647,
        0.0007806915975192227,
        0.00025654305205768274,
        -0.008501177746823905,
        -0.011079401781007848,
        0.0008695764440449302,
        0.000808544761116081,
        -0.01218032950945368,
        -0.011865683386003023,
        0.00027834473942543855,
        0.0007866101008660575,
        -0.010064812999269162,
        -0.007057339081586663,
        0.0003598760883017274,
        0.0010807159985851762,
        -0.00978330216865899,
        -0.014274133623971544,
        0.0008388633038748459,
        0.0008854364284095449,
        -0.009620314795810533,
        -0.00909577055200039,
        0.0008397974020814926,
        0.00019842556298193704,
        -0.010337294043859047,
        -0.004722986816875012,
        0.00017834145447091226,
        0.0013325457920697528,
        -0.010257505112057839,
        -0.011907649370128268,
        0.0005622525140120042,
        0.00027995429579543216,
        -0.004810353173894808,
        -0.005629487215399073,
        0.000130875491310786,
        0.00022926169916399065,
        -0.00763187581328193,
        -0.006977435644093824,
        0.0005151237971066899,
        0.0011904570191273675,
        -0.00505658712056489,
        -0.0027142814216486425,
        0.002265671333933453,
        0.0,
        -0.0021945062248694296,
        -0.0028156063549945386,
        0.0009793429573286413
    ],
    "zerrs": [
        0.0004133661279861166,
        0.001240413828202876,
        0.00043116284248454704,
        0.0007117034753378409,
        0.0002853474210280238,
        0.0008591298432526778,
        0.0006705468349295833,
        0.0006504209450142871,
        0.00020396415919483388,
        0.0022068926932200966,
        0.001698420584729081,
        0.00025827055890898805,
        0.0003370697649436744,
        0.0022071524511650337,
        0.002142135829391955,
        0.0002583662287622566,
        0.0003834169719594639,
        0.0030249368887716533,
        0.002343788473676445,
        0.00033999939991319935,
        0.00018414389818458351,
        0.0026968356523348245,
        0.002800837730498748,
        0.0004134939386983234,
        0.0004922209081604101,
        0.003441000281976038,
        0.0031147915816535617,
        0.00026119480173905586,
        0.00039740309048937045,
        0.0027883647181793847,
        0.0023730468550202718,
        0.000342270013303768,
        0.0005866716175440844,
        0.002944796289045874,
        0.0037929770760794,
        0.00044517295802623194,
        0.0005157805048928417,
        0.0026464753006103566,
        0.0024369807295327632,
        0.000386696794287773,
        0.00017328380570233863,
        0.003248723238019383,
        0.002073246686040319,
        0.00012876414860884738,
        0.0005376850560968024,
        0.00287694636271756,
        0.0032101023486802724,
        0.0003791556797829172,
        0.00027995429731445556,
        0.0021380670512695533,
        0.0019682136173412956,
        0.00013087546902268332,
        0.0002292616970270155,
        0.002174188414796203,
        0.0021433995928858553,
        0.00034146200896314685,
        0.0006450522266987051,
        0.001837957657464266,
        0.0012906742457568195,
        0.0007944877338940774,
        0.0,
        0.000987254745903903,
        0.0010849884779574838,
        0.0005671883074602448
    ]
}