{
    "bins": [
        -1.0,
        -0.75,
        -0.5,
        -0.25,
        0.0,
        0.25,
        0.5,
        0.75,
        1.0
    ],
    "yvals": [
        -0.0001742906,
        0.0005846784,
        0.00053253,
        -0.00017852592,
        3.8741328e-05,
        -0.00032512708,
        -0.00013235428,
        -4.817152e-05
    ],
    "yerrs": [
        0.00011577193442281251,
        0.0004165513653800693,
        0.0004343957642519089,
        0.00019150151957621642,
        0.00017148658256551736,
        0.0004515317929005664,
        0.00037825477128517496,
        7.597730187365171e-05
    ]
}