{
    "bins": [
        [
            -1.0,
            -0.75,
            -0.5,
            -0.25,
            0.0,
            0.25,
            0.5,
            0.75,
            1.0
        ],
        [
            0.0,
            0.7853982,
            1.570796,
            2.356194,
            3.141593,
            3.926991,
            4.712389,
            5.497787,
            6.283185
        ]
    ],
    "zvals": [
        -0.00022043004427562985,
        -0.00047387410558063695,
        -0.0002768467961466671,
        -0.0002995106436346367,
        7.111349914310958e-05,
        0.0,
        0.0007231615053768919,
        0.0001559580747595487,
        -0.00018423968886101342,
        -0.0005035802748619871,
        -0.0006611048156476081,
        -0.00032036679445733953,
        0.0002708319094268128,
        0.0007651279987980617,
        0.0005321989615456114,
        0.00014640057652298583,
        -0.00012233575274300348,
        -0.00028379106740558733,
        -0.0007754519364704267,
        -0.00011660788974775879,
        0.00023707577559402995,
        0.0005751320986302487,
        0.0005562275432328579,
        3.284400520500435e-05,
        -3.267367304890691e-05,
        -0.00012479877076304518,
        -0.00022176201110774414,
        -7.687185748899604e-05,
        9.669762337057132e-06,
        0.0002825054303677881,
        0.00022365272129544516,
        5.0118100631781605e-05,
        1.0341984486340814e-05,
        0.00011900374561782577,
        9.829528468368906e-05,
        3.983017039746676e-05,
        -2.167752909989584e-05,
        -7.525056086213615e-05,
        -9.678995872156539e-05,
        -3.4576808191515646e-05,
        0.00010784363906105209,
        0.0003783041918375631,
        0.00028336945090259977,
        0.00025729551476383344,
        -0.00016820022459950238,
        -0.0001084568588155305,
        -0.00045998742039068106,
        -3.566901367204908e-05,
        0.00033239561791712787,
        0.0008661572517773795,
        0.0003041953251727151,
        0.00021502609501667308,
        -0.00014457123649410866,
        -0.0008884091887170583,
        -0.0004913176758789813,
        -0.0002596436965716745,
        8.002834740390289e-05,
        0.0004980843083594071,
        0.0003038643337518049,
        0.00033580164986204465,
        -0.0003352889617747943,
        -0.00033548600836773215,
        -0.00031062778362053386,
        -0.00021751438124364977
    ],
    "zerrs": [
        9.379652399248658e-05,
        0.00021872857330724593,
        0.0001540782209827941,
        0.0001065454480253846,
        4.3941812064063825e-05,
        0.0,
        0.0002391638691820431,
        8.505431006118383e-05,
        8.092718182016573e-05,
        0.00021220931013636547,
        0.0002744837612544275,
        0.00012592619980248584,
        0.00011928034550496837,
        0.0002900554976248671,
        0.00022378018965265835,
        8.654490374947297e-05,
        6.302522591698826e-05,
        0.00013051018188206252,
        0.0002657640625096689,
        6.908674416723624e-05,
        9.458767518840991e-05,
        0.00021002841506621354,
        0.00020513507936759163,
        2.3629711820905666e-05,
        1.5451526601409683e-05,
        6.485738770088545e-05,
        0.00010283943360843802,
        3.8663790757862645e-05,
        6.8481631340537275e-06,
        0.00010484798877457653,
        8.493284892122243e-05,
        2.832625912254441e-05,
        9.00109681929995e-06,
        5.550857383431349e-05,
        4.930359134730275e-05,
        2.4361419623209982e-05,
        1.4145643630300011e-05,
        4.484505767101403e-05,
        4.871995989201052e-05,
        2.1754240196059317e-05,
        5.471574513291537e-05,
        0.0001619458146351997,
        0.00014877920006862953,
        8.971355901128042e-05,
        8.466523551235859e-05,
        7.790566420797483e-05,
        0.00017087747289884923,
        2.5948304947333545e-05,
        0.00011199387879136674,
        0.00026734050601910154,
        0.00017694797746502109,
        9.969720067027947e-05,
        8.678005019463503e-05,
        0.0003151748516536732,
        0.00019068919482051643,
        9.272734815303667e-05,
        4.428260302457609e-05,
        0.00019383857308894752,
        0.0001770911348368874,
        0.0001329794150973307,
        0.00013247134533514156,
        0.00016980715842821774,
        0.0001591328834497762,
        8.9895534837461e-05
    ]
}