{
    "bins": [
        [
            -1.0,
            -0.75,
            -0.5,
            -0.25,
            0.0,
            0.25,
            0.5,
            0.75,
            1.0
        ],
        [
            0.0,
            0.7853982,
            1.570796,
            2.356194,
            3.141593,
            3.926991,
            4.712389,
            5.497787,
            6.283185
        ]
    ],
    "zvals": [
        -0.0011263188532899615,
        -0.0002811802630463187,
        0.0006575667368646217,
        0.001814742315689223,
        0.0015303115108518223,
        0.000291119763482973,
        -0.0003613609405677122,
        -0.0013529924955245623,
        -0.00095537932223425,
        -0.0005039639785087252,
        0.0007671244388195541,
        0.0009523042428116156,
        0.0007362784218956501,
        0.0003599353194176711,
        -0.0006465083944700651,
        0.0,
        -0.00016045022766795236,
        -0.0006122105256724681,
        0.0003252763567006792,
        0.0,
        0.0001186866276715754,
        0.0004217789706620084,
        -0.0007431366008062157,
        -0.0005163746278956657,
        -0.0001789065470228987,
        -0.00012867619440747096,
        0.0001315851580981872,
        7.307445005659544e-05,
        0.00016711012760409368,
        0.00017254441697075882,
        -0.0002663311085589727,
        -0.0001311814901489436,
        1.8331149727615876e-05,
        0.0002309310772197223,
        -9.332985314452038e-05,
        -2.7040502980013984e-05,
        -7.453769935752317e-05,
        -0.00011593912895118147,
        5.290774868283343e-05,
        2.702515667215858e-05,
        0.00014747540801595928,
        0.0004745336439699729,
        -0.00033964537724822324,
        -0.0004185783277034985,
        -0.0005199106694949565,
        -0.0005213107239896206,
        0.0005494223310983732,
        0.00027646151378027454,
        0.00041188569059618415,
        0.0005547619308330122,
        -0.0009201001275786292,
        -0.0010166868050506812,
        -0.0013029735242513982,
        -0.0008747091283654913,
        0.0004932333924965432,
        0.0013262035299300486,
        0.0018538372000343264,
        0.001268794488601827,
        -0.0010694822242990182,
        -0.0017552347278262386,
        -0.0014964209228951432,
        -0.0008151464607753014,
        0.0005453072200336647,
        0.002240236415167852
    ],
    "zerrs": [
        0.0005140969588270829,
        0.00022688587584067556,
        0.0003354798009006472,
        0.0006156948079722985,
        0.0005812521440198488,
        0.00017158526609008408,
        0.0002334178284216457,
        0.0005269812677198137,
        0.000478238974488514,
        0.0002701008778152854,
        0.0003082009658911806,
        0.0004275462704877413,
        0.00036950463475160457,
        0.0001947987336995266,
        0.0002998085426888232,
        0.0,
        0.00016045025120962891,
        0.00023554526776918091,
        0.00017828485592359748,
        0.0,
        0.00011868660445308,
        0.0001954600523823196,
        0.00025384874288701486,
        0.00026478235814879776,
        0.0001071505822442624,
        8.164757567498353e-05,
        8.297929588688531e-05,
        7.30744663095559e-05,
        8.053698236899686e-05,
        8.929710710608943e-05,
        9.956882498005575e-05,
        8.709304289166682e-05,
        1.833114684673715e-05,
        0.0001060707309468135,
        5.2386650093676085e-05,
        2.7040504953725953e-05,
        6.365687694481584e-05,
        6.014435545108204e-05,
        3.2212631006192673e-05,
        2.7025153671222455e-05,
        0.00014747541572899457,
        0.0002383069650825792,
        0.00016490873038264557,
        0.00024594785858531785,
        0.0002642707545625937,
        0.00022358891530587324,
        0.00021398630531510918,
        0.00019915938796371117,
        0.0002933923511138095,
        0.00029284173212287915,
        0.0003611424542388702,
        0.00045882343239432165,
        0.0005346976606387597,
        0.00035948911725123785,
        0.0002872137776006645,
        0.0005439292388426785,
        0.0006625852159176961,
        0.0004493855914321257,
        0.000418282078879328,
        0.000650173218394102,
        0.0006142763374486447,
        0.0003673738993644361,
        0.00028735485209803696,
        0.000722625949977252
    ]
}