{
    "bins": [
        -1.0,
        -0.75,
        -0.5,
        -0.25,
        0.0,
        0.25,
        0.5,
        0.75,
        1.0
    ],
    "yvals": [
        -5.310388e-05,
        0.00012298036,
        -0.00024679684,
        0.00015675796,
        -9.049012e-05,
        -4.2019e-05,
        0.000186113,
        -1.6222024e-05
    ],
    "yerrs": [
        7.23378407197782e-05,
        0.00016945498517305415,
        0.00018526348803798336,
        0.00010052670888873266,
        9.045248918631261e-05,
        0.00017642058836768456,
        0.00016434412675845768,
        0.00010078166499914555
    ]
}