{
    "bins": [
        0.0,
        0.7853982,
        1.570796,
        2.356194,
        3.141593,
        3.926991,
        4.712389,
        5.497787,
        6.283185
    ],
    "yvals": [
        0.00010352371574062685,
        0.0005160783490862847,
        0.00045867980310619594,
        -1.0278156707609763e-05,
        2.6716874756492874e-05,
        0.0006441324016613234,
        -0.0002882523255725124,
        8.461206929480341e-05
    ],
    "yerrs": [
        0.00014702972428895576,
        0.00033991636792725496,
        0.0003012253711290812,
        5.202607663995435e-05,
        0.0001507665941451713,
        0.0002995917309160489,
        0.00034931825532331186,
        0.00016977133451148718
    ]
}