{
    "bins": [
        -1.0,
        -0.75,
        -0.5,
        -0.25,
        0.0,
        0.25,
        0.5,
        0.75,
        1.0
    ],
    "yvals": [
        4.969288e-05,
        -0.0019754036,
        -0.0004237712,
        0.0008082248,
        -1.3283956e-05,
        0.0011610368,
        0.0029235012,
        -5.441388e-05
    ],
    "yerrs": [
        0.0003573945718670053,
        0.0016223129167950306,
        0.0013071954712283852,
        0.00047721307609913626,
        0.0004766884097605059,
        0.0011363505797068085,
        0.0015443574715719155,
        0.0002154779988769155
    ]
}