{
    "bins": [
        [
            -1.0,
            -0.75,
            -0.5,
            -0.25,
            0.0,
            0.25,
            0.5,
            0.75,
            1.0
        ],
        [
            0.0,
            0.7853982,
            1.570796,
            2.356194,
            3.141593,
            3.926991,
            4.712389,
            5.497787,
            6.283185
        ]
    ],
    "zvals": [
        3.1096098768751954e-05,
        2.4456696975723637e-05,
        -1.3488941912253408e-05,
        -6.396590777426506e-05,
        -6.019073132348183e-05,
        -1.4841672629673111e-05,
        1.2681193484067954e-05,
        4.756851430739575e-05,
        8.782734668859694e-05,
        1.1777491609984137e-05,
        -4.4430176802079975e-05,
        -5.1526676249906104e-05,
        -4.218659584058018e-05,
        -3.938754109381487e-05,
        2.2607630780827052e-05,
        6.397790674282339e-05,
        3.634977009114612e-05,
        3.413865941564899e-05,
        -3.170174102811569e-05,
        -4.928697388206505e-05,
        -3.414389647032459e-05,
        -7.392919258770714e-05,
        4.6675922271256106e-05,
        2.8143061225009493e-05,
        2.744474331619298e-05,
        6.633998720139016e-05,
        -3.9005278852250715e-05,
        -4.953045776732591e-05,
        -1.1431294706632812e-05,
        -2.3952370645201546e-05,
        4.917789451972123e-05,
        2.4503194558682356e-05,
        3.4798837073983616e-05,
        5.4147439679612036e-05,
        -4.469735853669096e-05,
        -2.96077993478474e-05,
        -2.7654620969241064e-05,
        -2.832901535272563e-05,
        3.602776681376831e-05,
        4.0194831155668855e-05,
        5.872511548918752e-05,
        3.362102618571124e-05,
        -3.505350408328008e-05,
        -4.400871404216201e-05,
        -2.0933131991678097e-05,
        -5.378725181373012e-05,
        4.1779775349568005e-05,
        3.996806205261537e-05,
        3.8804168382356875e-05,
        3.057460054000661e-05,
        -3.965078087797525e-05,
        -4.248629804723459e-05,
        -7.388539313825599e-05,
        -2.3147015907858185e-05,
        2.114032885237804e-05,
        5.3672558371679084e-05,
        6.131264370099142e-05,
        1.1776676736298471e-05,
        -1.879823478032794e-05,
        -4.134105594735925e-05,
        -5.722449000379424e-05,
        -1.7273861150652285e-05,
        2.982168021818238e-05,
        6.386963042941288e-05
    ],
    "zerrs": [
        1.0302554174525512e-05,
        7.265384446549125e-06,
        5.585852656480988e-06,
        1.592327296128608e-05,
        1.5213595907284263e-05,
        6.222495812924373e-06,
        4.646447977533257e-06,
        1.2678113661254421e-05,
        2.0165508927026356e-05,
        5.4889120787854385e-06,
        1.1845392214624403e-05,
        1.5545848484217312e-05,
        1.492437719888698e-05,
        1.2023833923293385e-05,
        8.790753040857829e-06,
        1.7102919988091804e-05,
        1.3741680156666881e-05,
        1.2332317631608197e-05,
        1.0951154476895687e-05,
        1.5588642370561332e-05,
        1.3939689012392785e-05,
        1.853185037399295e-05,
        1.3276956945292159e-05,
        1.1490651744916016e-05,
        1.227611953245833e-05,
        1.7424111432785367e-05,
        1.2635370137939884e-05,
        1.566573391949008e-05,
        8.083156889606059e-06,
        1.0108355334248393e-05,
        1.4194963658239247e-05,
        1.095864005381971e-05,
        1.4207122715703423e-05,
        1.6888813112921742e-05,
        1.3543625597178205e-05,
        1.2087870964273105e-05,
        1.2367747919290882e-05,
        1.1183020578346865e-05,
        1.1943859203581684e-05,
        1.4211872412611028e-05,
        1.8570575672225337e-05,
        1.2817425559418108e-05,
        1.1733523763471461e-05,
        1.467215340080843e-05,
        1.04691336390331e-05,
        1.509905237141595e-05,
        1.2237042565038894e-05,
        1.4134830099399361e-05,
        1.4679648871927537e-05,
        1.1050001539529071e-05,
        1.1806105681751577e-05,
        1.4171535244315943e-05,
        1.9082591755178e-05,
        8.952564782619344e-06,
        8.255276902361283e-06,
        1.6229671762712995e-05,
        1.630198478663604e-05,
        5.0053475188921366e-06,
        6.4567033985822845e-06,
        1.2482872913827274e-05,
        1.4723900183774928e-05,
        6.253185461111593e-06,
        8.939021266715364e-06,
        1.6225156224345114e-05
    ]
}