{
    "bins": [
        -1.0,
        -0.75,
        -0.5,
        -0.25,
        0.0,
        0.25,
        0.5,
        0.75,
        1.0
    ],
    "yvals": [
        1.0920016,
        0.9100084,
        0.61163,
        0.4789124,
        0.5178788,
        0.5728188,
        0.8858668,
        1.1668396
    ],
    "yerrs": [
        0.09204372873802973,
        0.06980742653901517,
        0.05110683711598674,
        0.042446088158981155,
        0.04433853403079538,
        0.05009565250598099,
        0.06981196459060582,
        0.09650475635946655
    ]
}