{
    "bins": [
        0.0,
        0.7853982,
        1.570796,
        2.356194,
        3.141593,
        3.926991,
        4.712389,
        5.497787,
        6.283185
    ],
    "yvals": [
        0.1925022237127612,
        0.31465239653077715,
        0.2565640605145417,
        0.22705465629571722,
        0.23611341001632286,
        0.2839068854262426,
        0.24363341897993124,
        0.23053980274968874
    ],
    "yerrs": [
        0.018056372039995747,
        0.025639224909669023,
        0.022000298106855384,
        0.019811565755945268,
        0.020623462714849283,
        0.02373670076419018,
        0.020915063547497153,
        0.0201025938199323
    ]
}