{
    "bins": [
        0.0,
        0.7853982,
        1.570796,
        2.356194,
        3.141593,
        3.926991,
        4.712389,
        5.497787,
        6.283185
    ],
    "yvals": [
        -0.005226930746721854,
        -0.006531965075532424,
        0.006466846108597171,
        0.005096158767709152,
        -0.005243682820684542,
        -0.006016653976709899,
        0.0062139157471753186,
        0.005295782520454599
    ],
    "yerrs": [
        0.0005401702573145316,
        0.0006195632805070136,
        0.0006059797576758488,
        0.0004987807207587434,
        0.0005124685051982056,
        0.0005851280178514423,
        0.0005870490270811774,
        0.0005079317301978001
    ]
}