{
    "bins": [
        -1.0,
        -0.75,
        -0.5,
        -0.25,
        0.0,
        0.25,
        0.5,
        0.75,
        1.0
    ],
    "yvals": [
        0.013599564,
        0.010248552,
        0.005078008,
        0.0015183024,
        -0.0016874532,
        -0.004742048,
        -0.0099471,
        -0.014512328
    ],
    "yerrs": [
        0.0011476140117652799,
        0.0007910574189020669,
        0.00043030854046834815,
        0.00015815673238910824,
        0.00016213530152314146,
        0.0004234923375930195,
        0.0007883539306681993,
        0.0012019281842106874
    ]
}